{
  "voc_eval_res": {
    "precision": 57.8125,
    "recall": 59.6774,
    "f-score": 58.7302
  },
  "KL_res": {
    "KL divergence": 1.999613168525044,
    "Euclidean Dist.": 0.14127416736248008,
    "WER": 0.6027397260273972,
    "CER": 0.22014051522248243,
    "Cosine Dist.": 0.35888112566122987
  },
  "occ_eval_res": {
    "precision": 53.5211,
    "recall": 52.0548,
    "f-score": 52.7778
  },
  "clean_eval": {
    "f-score": 38.759689922480625,
    "precision": 37.3134328358209,
    "recall": 40.32258064516129,
    "tp": 25,
    "fp": 42,
    "fn": 37
  },
  "jaccard": [
    0.37329286798179057
  ],
  "braycurtis": [
    0.2373453318335208
  ],
  "dice": [
    0.2294776119402985
  ],
  "cosinus": [
    0.1312900100959522
  ]
}