{
  "voc_eval_res": {
    "precision": 64.375,
    "recall": 65.1899,
    "f-score": 64.7799
  },
  "KL_res": {
    "KL divergence": 1.1374895533593505,
    "Euclidean Dist.": 0.08392119110051656,
    "WER": 0.39669421487603307,
    "CER": 0.11838989739542226,
    "Cosine Dist.": 0.15357365996997518
  },
  "occ_eval_res": {
    "precision": 67.623,
    "recall": 68.1818,
    "f-score": 67.9012
  },
  "clean_eval": {
    "f-score": 59.9099099099099,
    "precision": 59.375,
    "recall": 60.45454545454545,
    "tp": 133,
    "fp": 91,
    "fn": 87
  },
  "jaccard": [
    0.3491928632115548
  ],
  "braycurtis": [
    0.18738265114532482
  ],
  "dice": [
    0.21152856407617088
  ],
  "cosinus": [
    0.0725035852381043
  ]
}