{
  "voc_eval_res": {
    "precision": 59.4595,
    "recall": 60.274,
    "f-score": 59.8639
  },
  "KL_res": {
    "KL divergence": 1.8167486020230423,
    "Euclidean Dist.": 0.13772377374593095,
    "WER": 0.5578947368421052,
    "CER": 0.16666666666666666,
    "Cosine Dist.": 0.32765318534758137
  },
  "occ_eval_res": {
    "precision": 52.9412,
    "recall": 56.8421,
    "f-score": 54.8223
  },
  "clean_eval": {
    "f-score": 50.810810810810814,
    "precision": 49.473684210526315,
    "recall": 52.22222222222223,
    "tp": 47,
    "fp": 48,
    "fn": 43
  },
  "jaccard": [
    0.4393139841688654
  ],
  "braycurtis": [
    0.26090828138913624
  ],
  "dice": [
    0.28148774302620455
  ],
  "cosinus": [
    0.1197861307066298
  ]
}