{
  "voc_eval_res": {
    "precision": 63.3484,
    "recall": 68.2927,
    "f-score": 65.7277
  },
  "KL_res": {
    "KL divergence": 0.7744297786890864,
    "Euclidean Dist.": 0.053442199836545544,
    "WER": 0.3409090909090909,
    "CER": 0.10752688172043011,
    "Cosine Dist.": 0.07513234890560361
  },
  "occ_eval_res": {
    "precision": 73.5294,
    "recall": 71.0227,
    "f-score": 72.2543
  },
  "clean_eval": {
    "f-score": 62.499999999999986,
    "precision": 61.04651162790697,
    "recall": 64.02439024390245,
    "tp": 210,
    "fp": 134,
    "fn": 118
  },
  "jaccard": [
    0.38168449197860965
  ],
  "braycurtis": [
    0.17542503863987635
  ],
  "dice": [
    0.23585295332507228
  ],
  "cosinus": [
    0.04632534232345309
  ]
}