{
  "voc_eval_res": {
    "precision": 56.2992,
    "recall": 59.5833,
    "f-score": 57.8947
  },
  "KL_res": {
    "KL divergence": 0.9811145612391241,
    "Euclidean Dist.": 0.0700151020751837,
    "WER": 0.3801295896328294,
    "CER": 0.12247529007305544,
    "Cosine Dist.": 0.11780482212805887
  },
  "occ_eval_res": {
    "precision": 71.2644,
    "recall": 66.9546,
    "f-score": 69.0423
  },
  "clean_eval": {
    "f-score": 60.0,
    "precision": 59.56416464891041,
    "recall": 60.44226044226044,
    "tp": 246,
    "fp": 167,
    "fn": 161
  },
  "jaccard": [
    0.3806853582554517
  ],
  "braycurtis": [
    0.18806771263418662
  ],
  "dice": [
    0.23509041939207387
  ],
  "cosinus": [
    0.08495792939074398
  ]
}