{
  "voc_eval_res": {
    "precision": 52.0,
    "recall": 56.1151,
    "f-score": 53.9792
  },
  "KL_res": {
    "KL divergence": 1.1994791911307316,
    "Euclidean Dist.": 0.07630691517637363,
    "WER": 0.4302788844621514,
    "CER": 0.12852664576802508,
    "Cosine Dist.": 0.11387316205838827
  },
  "occ_eval_res": {
    "precision": 66.39,
    "recall": 63.745,
    "f-score": 65.0407
  },
  "clean_eval": {
    "f-score": 58.333333333333336,
    "precision": 57.327586206896555,
    "recall": 59.375,
    "tp": 133,
    "fp": 99,
    "fn": 91
  },
  "jaccard": [
    0.40440528634361234
  ],
  "braycurtis": [
    0.21415129845690628
  ],
  "dice": [
    0.2534511319712866
  ],
  "cosinus": [
    0.08199855126821554
  ]
}