{
  "voc_eval_res": {
    "precision": 45.8333,
    "recall": 40.7407,
    "f-score": 43.1373
  },
  "KL_res": {
    "KL divergence": 3.8644236425578984,
    "Euclidean Dist.": 0.23700742743879782,
    "WER": 0.7878787878787878,
    "CER": 0.32298136645962733,
    "Cosine Dist.": 0.48058761358023405
  },
  "occ_eval_res": {
    "precision": 45.8333,
    "recall": 33.3333,
    "f-score": 38.5965
  },
  "clean_eval": {
    "f-score": 35.294117647058826,
    "precision": 33.33333333333333,
    "recall": 37.5,
    "tp": 9,
    "fp": 18,
    "fn": 15
  },
  "jaccard": [
    0.5526315789473685
  ],
  "braycurtis": [
    0.4276315789473684
  ],
  "dice": [
    0.38181818181818183
  ],
  "cosinus": [
    0.32902658847514665
  ]
}