{
  "voc_eval_res": {
    "precision": 68.6047,
    "recall": 75.641,
    "f-score": 71.9512
  },
  "KL_res": {
    "KL divergence": 0.8512176924144189,
    "Euclidean Dist.": 0.08352417956237758,
    "WER": 0.38461538461538464,
    "CER": 0.14624505928853754,
    "Cosine Dist.": 0.0897783739043887
  },
  "occ_eval_res": {
    "precision": 70.9091,
    "recall": 75.0,
    "f-score": 72.8972
  },
  "clean_eval": {
    "f-score": 65.67164179104478,
    "precision": 68.04123711340206,
    "recall": 63.46153846153846,
    "tp": 66,
    "fp": 31,
    "fn": 38
  },
  "jaccard": [
    0.3871866295264624
  ],
  "braycurtis": [
    0.20612061206120613
  ],
  "dice": [
    0.24006908462867013
  ],
  "cosinus": [
    0.0641627797972758
  ]
}