{
  "voc_eval_res": {
    "precision": 100.0,
    "recall": 60.0,
    "f-score": 75.0
  },
  "KL_res": {
    "KL divergence": 2.315906221573749,
    "Euclidean Dist.": 0.43204937989385733,
    "WER": 0.4,
    "CER": 0.375,
    "Cosine Dist.": 0.13397459621556163
  },
  "occ_eval_res": {
    "precision": 100.0,
    "recall": 60.0,
    "f-score": 75.0
  },
  "clean_eval": {
    "f-score": 60.0,
    "precision": 48.38709677419355,
    "recall": 78.94736842105263,
    "tp": 30,
    "fp": 32,
    "fn": 8
  },
  "jaccard": [
    0.4067796610169492
  ],
  "braycurtis": [
    0.2653061224489796
  ],
  "dice": [
    0.2553191489361702
  ],
  "cosinus": [
    0.2174892969532608
  ]
}