{
  "voc_eval_res": {
    "precision": 36.3636,
    "recall": 40.0,
    "f-score": 38.0952
  },
  "KL_res": {
    "KL divergence": 4.002018420983099,
    "Euclidean Dist.": 0.362859017617954,
    "WER": 1.0,
    "CER": 0.6129032258064516,
    "Cosine Dist.": 0.49604736932103044
  },
  "occ_eval_res": {
    "precision": 33.3333,
    "recall": 40.0,
    "f-score": 36.3636
  },
  "clean_eval": {
    "f-score": 70.0507614213198,
    "precision": 70.40816326530613,
    "recall": 69.6969696969697,
    "tp": 69,
    "fp": 29,
    "fn": 30
  },
  "jaccard": [
    0.6111111111111112
  ],
  "braycurtis": [
    0.49645390070921985
  ],
  "dice": [
    0.44
  ],
  "cosinus": [
    0.44732428763382215
  ]
}