{
  "voc_eval_res": {
    "precision": 50.0,
    "recall": 50.0,
    "f-score": 50.0
  },
  "KL_res": {
    "KL divergence": 5.430181479330861,
    "Euclidean Dist.": 0.881917103688197,
    "WER": 0.6666666666666666,
    "CER": 0.6111111111111112,
    "Cosine Dist.": 0.45566894604818264
  },
  "occ_eval_res": {
    "precision": 33.3333,
    "recall": 33.3333,
    "f-score": 33.3333
  },
  "clean_eval": {
    "f-score": 40.74074074074074,
    "precision": 28.947368421052634,
    "recall": 68.75,
    "tp": 11,
    "fp": 27,
    "fn": 5
  },
  "jaccard": [
    0.6451612903225806
  ],
  "braycurtis": [
    0.6451612903225806
  ],
  "dice": [
    0.47619047619047616
  ],
  "cosinus": [
    0.5686274509803924
  ]
}