{
  "voc_eval_res": {
    "precision": 0,
    "recall": 0,
    "f-score": 0
  },
  "KL_res": {
    "KL divergence": 10.126444709698603,
    "Euclidean Dist.": 1.118033988749895,
    "WER": 1.0,
    "CER": 0.7692307692307693,
    "Cosine Dist.": 1.0
  },
  "occ_eval_res": {
    "precision": 0,
    "recall": 0,
    "f-score": 0
  },
  "clean_eval": {
    "f-score": 38.46153846153846,
    "precision": 26.31578947368421,
    "recall": 71.42857142857143,
    "tp": 10,
    "fp": 28,
    "fn": 4
  },
  "jaccard": [
    0.88
  ],
  "braycurtis": [
    0.7857142857142857
  ],
  "dice": [
    0.7857142857142857
  ],
  "cosinus": [
    0.7202485575279058
  ]
}