{
  "voc_eval_res": {
    "precision": 31.25,
    "recall": 45.4545,
    "f-score": 37.037
  },
  "KL_res": {
    "KL divergence": 3.548592961332222,
    "Euclidean Dist.": 0.31721647391381497,
    "WER": 1.0,
    "CER": 0.796875,
    "Cosine Dist.": 0.454455274410019
  },
  "occ_eval_res": {
    "precision": 31.25,
    "recall": 45.4545,
    "f-score": 37.037
  },
  "clean_eval": {
    "f-score": 56.84931506849315,
    "precision": 75.45454545454545,
    "recall": 45.604395604395606,
    "tp": 83,
    "fp": 27,
    "fn": 99
  },
  "jaccard": [
    0.6636771300448431
  ],
  "braycurtis": [
    0.4943181818181818
  ],
  "dice": [
    0.4966442953020134
  ],
  "cosinus": [
    0.41490254689515793
  ]
}