{
  "voc_eval_res": {
    "precision": 27.2727,
    "recall": 30.0,
    "f-score": 28.5714
  },
  "KL_res": {
    "KL divergence": 4.27682593223754,
    "Euclidean Dist.": 0.3377802546910296,
    "WER": 0.9090909090909091,
    "CER": 0.7377049180327869,
    "Cosine Dist.": 0.3844129887489076
  },
  "occ_eval_res": {
    "precision": 33.3333,
    "recall": 36.3636,
    "f-score": 34.7826
  },
  "clean_eval": {
    "f-score": 41.803278688524586,
    "precision": 52.04081632653062,
    "recall": 34.93150684931507,
    "tp": 51,
    "fp": 47,
    "fn": 95
  },
  "jaccard": [
    0.772972972972973
  ],
  "braycurtis": [
    0.5899280575539568
  ],
  "dice": [
    0.6299559471365639
  ],
  "cosinus": [
    0.4218830398680895
  ]
}