{
  "voc_eval_res": {
    "precision": 0,
    "recall": 0,
    "f-score": 0
  },
  "KL_res": {
    "KL divergence": 10.818098156044007,
    "Euclidean Dist.": 0.7905694150420949,
    "WER": 4.0,
    "CER": 2.6363636363636362,
    "Cosine Dist.": 1.0
  },
  "occ_eval_res": {
    "precision": 0,
    "recall": 0,
    "f-score": 0
  },
  "clean_eval": {
    "f-score": 38.0,
    "precision": 73.07692307692307,
    "recall": 25.675675675675674,
    "tp": 19,
    "fp": 7,
    "fn": 55
  },
  "jaccard": [
    0.8961038961038961
  ],
  "braycurtis": [
    0.8222222222222222
  ],
  "dice": [
    0.8117647058823529
  ],
  "cosinus": [
    0.7196029919359801
  ]
}