{
  "voc_eval_res": {
    "precision": 40.0,
    "recall": 47.0588,
    "f-score": 43.2432
  },
  "KL_res": {
    "KL divergence": 2.059713742929816,
    "Euclidean Dist.": 0.23780236172716238,
    "WER": 0.625,
    "CER": 0.5523809523809524,
    "Cosine Dist.": 0.18746659987678715
  },
  "occ_eval_res": {
    "precision": 47.8261,
    "recall": 45.8333,
    "f-score": 46.8085
  },
  "clean_eval": {
    "f-score": 69.58762886597938,
    "precision": 69.58762886597938,
    "recall": 69.58762886597938,
    "tp": 135,
    "fp": 59,
    "fn": 59
  },
  "jaccard": [
    0.549618320610687
  ],
  "braycurtis": [
    0.4256198347107438
  ],
  "dice": [
    0.37894736842105264
  ],
  "cosinus": [
    0.32559360663798154
  ]
}