{
  "voc_eval_res": {
    "precision": 63.6364,
    "recall": 63.6364,
    "f-score": 63.6364
  },
  "KL_res": {
    "KL divergence": 1.8560116579491486,
    "Euclidean Dist.": 0.27019021969889406,
    "WER": 0.6666666666666666,
    "CER": 0.5178571428571429,
    "Cosine Dist.": 0.23019964108049906
  },
  "occ_eval_res": {
    "precision": 63.6364,
    "recall": 58.3333,
    "f-score": 60.8696
  },
  "clean_eval": {
    "f-score": 55.73770491803278,
    "precision": 50.74626865671642,
    "recall": 61.81818181818181,
    "tp": 68,
    "fp": 66,
    "fn": 42
  },
  "jaccard": [
    0.6060606060606061
  ],
  "braycurtis": [
    0.45794392523364486
  ],
  "dice": [
    0.43478260869565216
  ],
  "cosinus": [
    0.35670627045568737
  ]
}