{
  "voc_eval_res": {
    "precision": 35.2941,
    "recall": 37.5,
    "f-score": 36.3636
  },
  "KL_res": {
    "KL divergence": 3.3828627257393,
    "Euclidean Dist.": 0.2664350846284844,
    "WER": 0.8888888888888888,
    "CER": 0.7475728155339806,
    "Cosine Dist.": 0.36307024470151794
  },
  "occ_eval_res": {
    "precision": 38.8889,
    "recall": 38.8889,
    "f-score": 38.8889
  },
  "clean_eval": {
    "f-score": 66.49484536082474,
    "precision": 62.62135922330098,
    "recall": 70.87912087912088,
    "tp": 129,
    "fp": 77,
    "fn": 53
  },
  "jaccard": [
    0.6707317073170732
  ],
  "braycurtis": [
    0.5
  ],
  "dice": [
    0.5045871559633027
  ],
  "cosinus": [
    0.3733392710557413
  ]
}