{
  "voc_eval_res": {
    "precision": 50.0,
    "recall": 64.2857,
    "f-score": 56.25
  },
  "KL_res": {
    "KL divergence": 1.1969490993923344,
    "Euclidean Dist.": 0.21957276827763256,
    "WER": 0.7272727272727273,
    "CER": 0.6551724137931034,
    "Cosine Dist.": 0.09996874837230141
  },
  "occ_eval_res": {
    "precision": 59.2593,
    "recall": 72.7273,
    "f-score": 65.3061
  },
  "clean_eval": {
    "f-score": 42.05128205128205,
    "precision": 47.953216374269005,
    "recall": 37.44292237442922,
    "tp": 82,
    "fp": 89,
    "fn": 137
  },
  "jaccard": [
    0.5754716981132075
  ],
  "braycurtis": [
    0.4009216589861751
  ],
  "dice": [
    0.40397350993377484
  ],
  "cosinus": [
    0.24477730384559204
  ]
}