{
  "voc_eval_res": {
    "precision": 38.0952,
    "recall": 57.1429,
    "f-score": 45.7143
  },
  "KL_res": {
    "KL divergence": 1.8676911179465112,
    "Euclidean Dist.": 0.2235294882085257,
    "WER": 0.7777777777777778,
    "CER": 0.71875,
    "Cosine Dist.": 0.17580448580810937
  },
  "occ_eval_res": {
    "precision": 48.0,
    "recall": 66.6667,
    "f-score": 55.814
  },
  "clean_eval": {
    "f-score": 37.5,
    "precision": 44.11764705882353,
    "recall": 32.608695652173914,
    "tp": 75,
    "fp": 95,
    "fn": 155
  },
  "jaccard": [
    0.6392857142857142
  ],
  "braycurtis": [
    0.47107438016528924
  ],
  "dice": [
    0.46981627296587924
  ],
  "cosinus": [
    0.3410521222343156
  ]
}