{
  "voc_eval_res": {
    "precision": 38.4615,
    "recall": 45.4545,
    "f-score": 41.6667
  },
  "KL_res": {
    "KL divergence": 0.9765255578927952,
    "Euclidean Dist.": 0.1553164717444798,
    "WER": 0.4117647058823529,
    "CER": 0.4,
    "Cosine Dist.": 0.025495269564030698
  },
  "occ_eval_res": {
    "precision": 71.0526,
    "recall": 79.4118,
    "f-score": 75.0
  },
  "clean_eval": {
    "f-score": 47.241379310344826,
    "precision": 51.50375939849624,
    "recall": 43.63057324840764,
    "tp": 137,
    "fp": 129,
    "fn": 177
  },
  "jaccard": [
    0.6298342541436464
  ],
  "braycurtis": [
    0.2801418439716312
  ],
  "dice": [
    0.4596774193548387
  ],
  "cosinus": [
    0.07732929149873424
  ]
}