{
  "voc_eval_res": {
    "precision": 25.0,
    "recall": 100.0,
    "f-score": 40.0
  },
  "KL_res": {
    "KL divergence": 0.9161030406950483,
    "Euclidean Dist.": 1.14564392373896,
    "WER": 1.5,
    "CER": 1.3636363636363635,
    "Cosine Dist.": 0.3675444679663241
  },
  "occ_eval_res": {
    "precision": 25.0,
    "recall": 50.0,
    "f-score": 33.3333
  },
  "clean_eval": {
    "f-score": 30.769230769230777,
    "precision": 46.15384615384615,
    "recall": 23.076923076923077,
    "tp": 12,
    "fp": 14,
    "fn": 40
  },
  "jaccard": [
    0.8301886792452831
  ],
  "braycurtis": [
    0.75
  ],
  "dice": [
    0.7096774193548387
  ],
  "cosinus": [
    0.6373923127205305
  ]
}