{
  "voc_eval_res": {
    "precision": 0,
    "recall": 0,
    "f-score": 0
  },
  "KL_res": {
    "KL divergence": 10.472578087392396,
    "Euclidean Dist.": 0.8416254115301731,
    "WER": 1.0,
    "CER": 0.7407407407407407,
    "Cosine Dist.": 1.0
  },
  "occ_eval_res": {
    "precision": 0,
    "recall": 0,
    "f-score": 0
  },
  "clean_eval": {
    "f-score": 65.9090909090909,
    "precision": 57.99999999999999,
    "recall": 76.31578947368422,
    "tp": 29,
    "fp": 21,
    "fn": 9
  },
  "jaccard": [
    0.890625
  ],
  "braycurtis": [
    0.8409090909090909
  ],
  "dice": [
    0.8028169014084507
  ],
  "cosinus": [
    0.6845141951217453
  ]
}