{
  "voc_eval_res": {
    "precision": 30.7692,
    "recall": 50.0,
    "f-score": 38.0952
  },
  "KL_res": {
    "KL divergence": 1.7719457211984133,
    "Euclidean Dist.": 0.2758645486070515,
    "WER": 0.8461538461538461,
    "CER": 1.3333333333333333,
    "Cosine Dist.": 0.10667499942616254
  },
  "occ_eval_res": {
    "precision": 50.0,
    "recall": 69.2308,
    "f-score": 58.0645
  },
  "clean_eval": {
    "f-score": 46.721311475409834,
    "precision": 66.27906976744185,
    "recall": 36.075949367088604,
    "tp": 57,
    "fp": 29,
    "fn": 101
  },
  "jaccard": [
    0.7763157894736842
  ],
  "braycurtis": [
    0.5666666666666667
  ],
  "dice": [
    0.6344086021505376
  ],
  "cosinus": [
    0.3590203277273878
  ]
}