{
  "voc_eval_res": {
    "precision": 33.3333,
    "recall": 50.0,
    "f-score": 40.0
  },
  "KL_res": {
    "KL divergence": 2.130448837192389,
    "Euclidean Dist.": 0.2604945636034934,
    "WER": 0.9473684210526315,
    "CER": 1.123456790123457,
    "Cosine Dist.": 0.23218769181246224
  },
  "occ_eval_res": {
    "precision": 41.6667,
    "recall": 52.6316,
    "f-score": 46.5116
  },
  "clean_eval": {
    "f-score": 8.715596330275229,
    "precision": 11.176470588235295,
    "recall": 7.142857142857142,
    "tp": 19,
    "fp": 151,
    "fn": 247
  },
  "jaccard": [
    0.751937984496124
  ],
  "braycurtis": [
    0.5278969957081545
  ],
  "dice": [
    0.6024844720496895
  ],
  "cosinus": [
    0.32233543234974615
  ]
}