{
  "voc_eval_res": {
    "precision": 40.0,
    "recall": 40.0,
    "f-score": 40.0
  },
  "KL_res": {
    "KL divergence": 1.5778104491236913,
    "Euclidean Dist.": 0.16000841181040837,
    "WER": 0.45,
    "CER": 0.47058823529411764,
    "Cosine Dist.": 0.03918601665974608
  },
  "occ_eval_res": {
    "precision": 65.8537,
    "recall": 67.5,
    "f-score": 66.6667
  },
  "clean_eval": {
    "f-score": 39.17197452229299,
    "precision": 42.41379310344828,
    "recall": 36.3905325443787,
    "tp": 123,
    "fp": 167,
    "fn": 215
  },
  "jaccard": [
    0.6587677725118484
  ],
  "braycurtis": [
    0.367601246105919
  ],
  "dice": [
    0.4911660777385159
  ],
  "cosinus": [
    0.12543265012312
  ]
}