{
  "voc_eval_res": {
    "precision": 20.0,
    "recall": 18.75,
    "f-score": 19.3548
  },
  "KL_res": {
    "KL divergence": 6.397478845484661,
    "Euclidean Dist.": 0.3465831684592888,
    "WER": 0.8421052631578947,
    "CER": 0.5294117647058824,
    "Cosine Dist.": 0.7525641703473033
  },
  "occ_eval_res": {
    "precision": 18.75,
    "recall": 15.7895,
    "f-score": 17.1429
  },
  "clean_eval": {
    "f-score": 61.17647058823529,
    "precision": 53.608247422680414,
    "recall": 71.23287671232876,
    "tp": 104,
    "fp": 90,
    "fn": 42
  },
  "jaccard": [
    0.7234848484848485
  ],
  "braycurtis": [
    0.6097560975609756
  ],
  "dice": [
    0.5667655786350149
  ],
  "cosinus": [
    0.5710370011624781
  ]
}