{
  "voc_eval_res": {
    "precision": 41.1765,
    "recall": 38.8889,
    "f-score": 40.0
  },
  "KL_res": {
    "KL divergence": 1.727900375703861,
    "Euclidean Dist.": 0.20350445326822703,
    "WER": 0.59375,
    "CER": 0.4825174825174825,
    "Cosine Dist.": 0.07422566154521215
  },
  "occ_eval_res": {
    "precision": 60.0,
    "recall": 46.875,
    "f-score": 52.6316
  },
  "clean_eval": {
    "f-score": 38.70967741935483,
    "precision": 36.09022556390977,
    "recall": 41.73913043478261,
    "tp": 96,
    "fp": 170,
    "fn": 134
  },
  "jaccard": [
    0.5917602996254682
  ],
  "braycurtis": [
    0.40145985401459855
  ],
  "dice": [
    0.42021276595744683
  ],
  "cosinus": [
    0.19618485176810352
  ]
}