{
  "voc_eval_res": {
    "precision": 58.3333,
    "recall": 46.6667,
    "f-score": 51.8519
  },
  "KL_res": {
    "KL divergence": 3.4099991333844866,
    "Euclidean Dist.": 0.3028846153846154,
    "WER": 0.625,
    "CER": 0.46835443037974683,
    "Cosine Dist.": 0.3600000000000003
  },
  "occ_eval_res": {
    "precision": 53.8462,
    "recall": 43.75,
    "f-score": 48.2759
  },
  "clean_eval": {
    "f-score": 59.374999999999986,
    "precision": 56.71641791044776,
    "recall": 62.295081967213115,
    "tp": 76,
    "fp": 58,
    "fn": 46
  },
  "jaccard": [
    0.5780346820809249
  ],
  "braycurtis": [
    0.425
  ],
  "dice": [
    0.4065040650406504
  ],
  "cosinus": [
    0.357389922918693
  ]
}