{
  "voc_eval_res": {
    "precision": 48.0,
    "recall": 70.5882,
    "f-score": 57.1429
  },
  "KL_res": {
    "KL divergence": 2.0590955898590746,
    "Euclidean Dist.": 0.2518276389980131,
    "WER": 0.75,
    "CER": 0.411214953271028,
    "Cosine Dist.": 0.34883720930232565
  },
  "occ_eval_res": {
    "precision": 46.1538,
    "recall": 60.0,
    "f-score": 52.1739
  },
  "clean_eval": {
    "f-score": 52.9126213592233,
    "precision": 59.89010989010989,
    "recall": 47.391304347826086,
    "tp": 109,
    "fp": 73,
    "fn": 121
  },
  "jaccard": [
    0.47924528301886793
  ],
  "braycurtis": [
    0.35294117647058826
  ],
  "dice": [
    0.315136476426799
  ],
  "cosinus": [
    0.3383044947130813
  ]
}