{
  "voc_eval_res": {
    "precision": 31.8182,
    "recall": 63.6364,
    "f-score": 42.4242
  },
  "KL_res": {
    "KL divergence": 1.8022797698014084,
    "Euclidean Dist.": 0.31052292958156624,
    "WER": 1.2142857142857142,
    "CER": 1.6615384615384616,
    "Cosine Dist.": 0.2619750335768918
  },
  "occ_eval_res": {
    "precision": 36.0,
    "recall": 64.2857,
    "f-score": 46.1538
  },
  "clean_eval": {
    "f-score": 27.0,
    "precision": 44.26229508196721,
    "recall": 19.424460431654676,
    "tp": 54,
    "fp": 68,
    "fn": 224
  },
  "jaccard": [
    0.7558139534883721
  ],
  "braycurtis": [
    0.5851528384279476
  ],
  "dice": [
    0.6074766355140186
  ],
  "cosinus": [
    0.3494280034225433
  ]
}