{
  "voc_eval_res": {
    "precision": 100.0,
    "recall": 50.0,
    "f-score": 66.6667
  },
  "KL_res": {
    "KL divergence": 1.9408171055553474,
    "Euclidean Dist.": 0.5773502691896258,
    "WER": 0.6666666666666666,
    "CER": 0.7222222222222222,
    "Cosine Dist.": 0.057190958417936755
  },
  "occ_eval_res": {
    "precision": 100.0,
    "recall": 33.3333,
    "f-score": 50.0
  },
  "clean_eval": {
    "f-score": 46.15384615384615,
    "precision": 31.57894736842105,
    "recall": 85.71428571428571,
    "tp": 12,
    "fp": 26,
    "fn": 2
  },
  "jaccard": [
    0.7083333333333334
  ],
  "braycurtis": [
    0.65
  ],
  "dice": [
    0.5483870967741935
  ],
  "cosinus": [
    0.2590414263650517
  ]
}