{
  "voc_eval_res": {
    "precision": 0,
    "recall": 0,
    "f-score": 0
  },
  "KL_res": {
    "KL divergence": 11.51246881997814,
    "Euclidean Dist.": 1.224744871391589,
    "WER": 2.0,
    "CER": 1.6,
    "Cosine Dist.": 1.0
  },
  "occ_eval_res": {
    "precision": 0,
    "recall": 0,
    "f-score": 0
  },
  "clean_eval": {
    "f-score": 55.00000000000001,
    "precision": 78.57142857142857,
    "recall": 42.30769230769231,
    "tp": 11,
    "fp": 3,
    "fn": 15
  },
  "jaccard": [
    0.88
  ],
  "braycurtis": [
    0.7857142857142857
  ],
  "dice": [
    0.7857142857142857
  ],
  "cosinus": [
    0.7525641703473033
  ]
}