{
  "voc_eval_res": {
    "precision": 38.4615,
    "recall": 50.0,
    "f-score": 43.4783
  },
  "KL_res": {
    "KL divergence": 2.5318504609023993,
    "Euclidean Dist.": 0.30929478706587094,
    "WER": 0.8333333333333334,
    "CER": 0.6571428571428571,
    "Cosine Dist.": 0.29289321881345265
  },
  "occ_eval_res": {
    "precision": 42.8571,
    "recall": 50.0,
    "f-score": 46.1538
  },
  "clean_eval": {
    "f-score": 51.49253731343284,
    "precision": 51.49253731343284,
    "recall": 51.49253731343284,
    "tp": 69,
    "fp": 65,
    "fn": 65
  },
  "jaccard": [
    0.7032967032967034
  ],
  "braycurtis": [
    0.5136986301369864
  ],
  "dice": [
    0.5423728813559322
  ],
  "cosinus": [
    0.3649289099526065
  ]
}