{
  "voc_eval_res": {
    "precision": 20.0,
    "recall": 14.2857,
    "f-score": 16.6667
  },
  "KL_res": {
    "KL divergence": 6.618998567666113,
    "Euclidean Dist.": 0.3801181341614306,
    "WER": 0.8571428571428571,
    "CER": 0.620253164556962,
    "Cosine Dist.": 0.7113248654051871
  },
  "occ_eval_res": {
    "precision": 20.0,
    "recall": 14.2857,
    "f-score": 16.6667
  },
  "clean_eval": {
    "f-score": 53.90625,
    "precision": 43.67088607594937,
    "recall": 70.40816326530613,
    "tp": 69,
    "fp": 89,
    "fn": 29
  },
  "jaccard": [
    0.7909090909090909
  ],
  "braycurtis": [
    0.6597222222222222
  ],
  "dice": [
    0.6541353383458647
  ],
  "cosinus": [
    0.5902644612938338
  ]
}