{
  "voc_eval_res": {
    "precision": 55.0,
    "recall": 78.5714,
    "f-score": 64.7059
  },
  "KL_res": {
    "KL divergence": 0.7600191623223024,
    "Euclidean Dist.": 0.20483662259967564,
    "WER": 0.5,
    "CER": 0.49,
    "Cosine Dist.": 0.0660735091022907
  },
  "occ_eval_res": {
    "precision": 65.3846,
    "recall": 77.2727,
    "f-score": 70.8333
  },
  "clean_eval": {
    "f-score": 46.875,
    "precision": 50.970873786407765,
    "recall": 43.388429752066116,
    "tp": 105,
    "fp": 101,
    "fn": 137
  },
  "jaccard": [
    0.4343891402714932
  ],
  "braycurtis": [
    0.2818181818181818
  ],
  "dice": [
    0.2774566473988439
  ],
  "cosinus": [
    0.16311338039826073
  ]
}