{
  "voc_eval_res": {
    "precision": 43.75,
    "recall": 38.8889,
    "f-score": 41.1765
  },
  "KL_res": {
    "KL divergence": 2.5701862749373476,
    "Euclidean Dist.": 0.23199018178458425,
    "WER": 0.6,
    "CER": 0.44881889763779526,
    "Cosine Dist.": 0.17214486197484058
  },
  "occ_eval_res": {
    "precision": 58.3333,
    "recall": 46.6667,
    "f-score": 51.8519
  },
  "clean_eval": {
    "f-score": 30.66037735849057,
    "precision": 29.81651376146789,
    "recall": 31.55339805825243,
    "tp": 65,
    "fp": 153,
    "fn": 141
  },
  "jaccard": [
    0.6682464454976303
  ],
  "braycurtis": [
    0.39325842696629215
  ],
  "dice": [
    0.501779359430605
  ],
  "cosinus": [
    0.20034336957788923
  ]
}