{
  "voc_eval_res": {
    "precision": 45.4545,
    "recall": 52.6316,
    "f-score": 48.7805
  },
  "KL_res": {
    "KL divergence": 3.1255168093347265,
    "Euclidean Dist.": 0.2518647308708027,
    "WER": 0.7619047619047619,
    "CER": 0.5981308411214953,
    "Cosine Dist.": 0.4187618062809033
  },
  "occ_eval_res": {
    "precision": 45.4545,
    "recall": 47.619,
    "f-score": 46.5116
  },
  "clean_eval": {
    "f-score": 40.95744680851064,
    "precision": 45.294117647058826,
    "recall": 37.37864077669903,
    "tp": 77,
    "fp": 93,
    "fn": 129
  },
  "jaccard": [
    0.5925925925925926
  ],
  "braycurtis": [
    0.44
  ],
  "dice": [
    0.42105263157894735
  ],
  "cosinus": [
    0.38769977574244674
  ]
}