{
  "voc_eval_res": {
    "precision": 50.0,
    "recall": 43.4783,
    "f-score": 46.5116
  },
  "KL_res": {
    "KL divergence": 3.6060894781891366,
    "Euclidean Dist.": 0.2791184145833165,
    "WER": 0.75,
    "CER": 0.5606060606060606,
    "Cosine Dist.": 0.4190172920250792
  },
  "occ_eval_res": {
    "precision": 54.5455,
    "recall": 37.5,
    "f-score": 44.4444
  },
  "clean_eval": {
    "f-score": 35.24027459954234,
    "precision": 35.321100917431195,
    "recall": 35.15981735159817,
    "tp": 77,
    "fp": 141,
    "fn": 142
  },
  "jaccard": [
    0.6768060836501901
  ],
  "braycurtis": [
    0.5390625
  ],
  "dice": [
    0.5114942528735632
  ],
  "cosinus": [
    0.4594782466371937
  ]
}