{
  "voc_eval_res": {
    "precision": 26.9231,
    "recall": 36.8421,
    "f-score": 31.1111
  },
  "KL_res": {
    "KL divergence": 2.294497856705613,
    "Euclidean Dist.": 0.2191727548496611,
    "WER": 0.7419354838709677,
    "CER": 0.6717557251908397,
    "Cosine Dist.": 0.14751872212960626
  },
  "occ_eval_res": {
    "precision": 42.8571,
    "recall": 48.3871,
    "f-score": 45.4545
  },
  "clean_eval": {
    "f-score": 31.55963302752293,
    "precision": 35.390946502057616,
    "recall": 28.47682119205298,
    "tp": 86,
    "fp": 157,
    "fn": 216
  },
  "jaccard": [
    0.7708333333333334
  ],
  "braycurtis": [
    0.568561872909699
  ],
  "dice": [
    0.6271186440677966
  ],
  "cosinus": [
    0.3551956628837416
  ]
}