{
  "voc_eval_res": {
    "precision": 57.1429,
    "recall": 66.6667,
    "f-score": 61.5385
  },
  "KL_res": {
    "KL divergence": 1.6662382231157162,
    "Euclidean Dist.": 0.3030457633656632,
    "WER": 0.6428571428571429,
    "CER": 0.48936170212765956,
    "Cosine Dist.": 0.2893309454812987
  },
  "occ_eval_res": {
    "precision": 57.1429,
    "recall": 57.1429,
    "f-score": 57.1429
  },
  "clean_eval": {
    "f-score": 73.5294117647059,
    "precision": 73.52941176470588,
    "recall": 73.52941176470588,
    "tp": 125,
    "fp": 45,
    "fn": 45
  },
  "jaccard": [
    0.5238095238095238
  ],
  "braycurtis": [
    0.3631578947368421
  ],
  "dice": [
    0.3548387096774194
  ],
  "cosinus": [
    0.26432333985889434
  ]
}