{
  "voc_eval_res": {
    "precision": 100.0,
    "recall": 12.5,
    "f-score": 22.2222
  },
  "KL_res": {
    "KL divergence": 7.739566895041584,
    "Euclidean Dist.": 1.3052600138300812,
    "WER": 0.8888888888888888,
    "CER": 0.8571428571428571,
    "Cosine Dist.": 0.591751709536137
  },
  "occ_eval_res": {
    "precision": 100.0,
    "recall": 11.1111,
    "f-score": 20.0
  },
  "clean_eval": {
    "f-score": 31.57894736842105,
    "precision": 19.35483870967742,
    "recall": 85.71428571428571,
    "tp": 12,
    "fp": 50,
    "fn": 2
  },
  "jaccard": [
    0.8870967741935484
  ],
  "braycurtis": [
    0.8372093023255814
  ],
  "dice": [
    0.7971014492753623
  ],
  "cosinus": [
    0.757464374963667
  ]
}