{
  "voc_eval_res": {
    "precision": 45.4545,
    "recall": 38.4615,
    "f-score": 41.6667
  },
  "KL_res": {
    "KL divergence": 3.4163591238026623,
    "Euclidean Dist.": 0.2282777401403795,
    "WER": 0.7352941176470589,
    "CER": 0.51875,
    "Cosine Dist.": 0.3440702000678545
  },
  "occ_eval_res": {
    "precision": 52.0,
    "recall": 38.2353,
    "f-score": 44.0678
  },
  "clean_eval": {
    "f-score": 9.774436090225564,
    "precision": 9.352517985611511,
    "recall": 10.236220472440944,
    "tp": 26,
    "fp": 252,
    "fn": 228
  },
  "jaccard": [
    0.5434083601286174
  ],
  "braycurtis": [
    0.4095238095238095
  ],
  "dice": [
    0.3730684326710817
  ],
  "cosinus": [
    0.31483697105831465
  ]
}