{
  "voc_eval_res": {
    "precision": 0,
    "recall": 0,
    "f-score": 0
  },
  "KL_res": {
    "KL divergence": 10.414113905708417,
    "Euclidean Dist.": 1.1547005383792515,
    "WER": 1.0,
    "CER": 1.0,
    "Cosine Dist.": 1.0
  },
  "occ_eval_res": {
    "precision": 0,
    "recall": 0,
    "f-score": 0
  },
  "clean_eval": {
    "f-score": 55.00000000000001,
    "precision": 42.30769230769231,
    "recall": 78.57142857142857,
    "tp": 11,
    "fp": 15,
    "fn": 3
  },
  "jaccard": [
    1.0
  ],
  "braycurtis": [
    1.0
  ],
  "dice": [
    1.0
  ],
  "cosinus": [
    1.0
  ]
}