{
  "voc_eval_res": {
    "precision": 100.0,
    "recall": 100.0,
    "f-score": 100.0
  },
  "KL_res": {
    "KL divergence": 0.0,
    "Euclidean Dist.": 0.0,
    "WER": 0.0,
    "CER": 0.0,
    "Cosine Dist.": 0.0
  },
  "occ_eval_res": {
    "precision": 100.0,
    "recall": 100.0,
    "f-score": 100.0
  },
  "clean_eval": {
    "f-score": 78.57142857142857,
    "precision": 78.57142857142857,
    "recall": 78.57142857142857,
    "tp": 11,
    "fp": 3,
    "fn": 3
  },
  "jaccard": [
    0.0
  ],
  "braycurtis": [
    0.0
  ],
  "dice": [
    0.0
  ],
  "cosinus": [
    3.3306690738754696e-16
  ]
}