{
  "voc_eval_res": {
    "precision": 50.0,
    "recall": 50.0,
    "f-score": 50.0
  },
  "KL_res": {
    "KL divergence": 3.60649658630429,
    "Euclidean Dist.": 0.7071067811865476,
    "WER": 0.5,
    "CER": 0.08333333333333333,
    "Cosine Dist.": 0.33333333333333337
  },
  "occ_eval_res": {
    "precision": 50.0,
    "recall": 50.0,
    "f-score": 50.0
  },
  "clean_eval": {
    "f-score": 84.61538461538461,
    "precision": 84.61538461538461,
    "recall": 84.61538461538461,
    "tp": 22,
    "fp": 4,
    "fn": 4
  },
  "jaccard": [
    0.17391304347826086
  ],
  "braycurtis": [
    0.09523809523809523
  ],
  "dice": [
    0.09523809523809523
  ],
  "cosinus": [
    0.09523809523809479
  ]
}