{
  "voc_eval_res": {
    "precision": 30.7692,
    "recall": 28.5714,
    "f-score": 29.6296
  },
  "KL_res": {
    "KL divergence": 4.108207435296455,
    "Euclidean Dist.": 0.34353980932595857,
    "WER": 0.875,
    "CER": 0.7638888888888888,
    "Cosine Dist.": 0.5008658015153783
  },
  "occ_eval_res": {
    "precision": 30.7692,
    "recall": 25.0,
    "f-score": 27.5862
  },
  "clean_eval": {
    "f-score": 57.14285714285714,
    "precision": 59.70149253731343,
    "recall": 54.794520547945204,
    "tp": 80,
    "fp": 54,
    "fn": 66
  },
  "jaccard": [
    0.7854077253218884
  ],
  "braycurtis": [
    0.6707317073170732
  ],
  "dice": [
    0.6466431095406361
  ],
  "cosinus": [
    0.5990613116777519
  ]
}