{
  "voc_eval_res": {
    "precision": 28.5714,
    "recall": 44.4444,
    "f-score": 34.7826
  },
  "KL_res": {
    "KL divergence": 3.737537107535498,
    "Euclidean Dist.": 0.354042984495166,
    "WER": 1.2222222222222223,
    "CER": 1.2291666666666667,
    "Cosine Dist.": 0.4770236396315093
  },
  "occ_eval_res": {
    "precision": 28.5714,
    "recall": 44.4444,
    "f-score": 34.7826
  },
  "clean_eval": {
    "f-score": 45.08196721311475,
    "precision": 56.12244897959183,
    "recall": 37.67123287671233,
    "tp": 55,
    "fp": 43,
    "fn": 91
  },
  "jaccard": [
    0.7904761904761904
  ],
  "braycurtis": [
    0.6643356643356644
  ],
  "dice": [
    0.6535433070866141
  ],
  "cosinus": [
    0.5500279471019947
  ]
}