{
  "voc_eval_res": {
    "precision": 56.5217,
    "recall": 44.8276,
    "f-score": 50.0
  },
  "KL_res": {
    "KL divergence": 2.4703503649543066,
    "Euclidean Dist.": 0.31020888350645126,
    "WER": 0.7272727272727273,
    "CER": 0.5956284153005464,
    "Cosine Dist.": 0.466566742649677
  },
  "occ_eval_res": {
    "precision": 59.2593,
    "recall": 36.3636,
    "f-score": 45.0704
  },
  "clean_eval": {
    "f-score": 35.472972972972975,
    "precision": 33.43949044585987,
    "recall": 37.76978417266187,
    "tp": 105,
    "fp": 209,
    "fn": 173
  },
  "jaccard": [
    0.5840978593272171
  ],
  "braycurtis": [
    0.4704225352112676
  ],
  "dice": [
    0.41252699784017277
  ],
  "cosinus": [
    0.45642767021986186
  ]
}