{
  "voc_eval_res": {
    "precision": 27.2727,
    "recall": 75.0,
    "f-score": 40.0
  },
  "KL_res": {
    "KL divergence": 1.994734060188684,
    "Euclidean Dist.": 0.5295990998968656,
    "WER": 2.0,
    "CER": 2.5294117647058822,
    "Cosine Dist.": 0.3939084732686734
  },
  "occ_eval_res": {
    "precision": 27.2727,
    "recall": 75.0,
    "f-score": 40.0
  },
  "clean_eval": {
    "f-score": 43.24324324324324,
    "precision": 84.21052631578947,
    "recall": 29.09090909090909,
    "tp": 32,
    "fp": 6,
    "fn": 78
  },
  "jaccard": [
    0.7757009345794392
  ],
  "braycurtis": [
    0.6621621621621622
  ],
  "dice": [
    0.6335877862595419
  ],
  "cosinus": [
    0.4786688338208973
  ]
}