{
  "voc_eval_res": {
    "precision": 55.5556,
    "recall": 55.5556,
    "f-score": 55.5556
  },
  "KL_res": {
    "KL divergence": 2.68808405354452,
    "Euclidean Dist.": 0.23523023814173993,
    "WER": 0.7368421052631579,
    "CER": 0.5151515151515151,
    "Cosine Dist.": 0.3211557666978694
  },
  "occ_eval_res": {
    "precision": 55.5556,
    "recall": 52.6316,
    "f-score": 54.0541
  },
  "clean_eval": {
    "f-score": 64.77272727272727,
    "precision": 62.637362637362635,
    "recall": 67.05882352941175,
    "tp": 114,
    "fp": 68,
    "fn": 56
  },
  "jaccard": [
    0.603448275862069
  ],
  "braycurtis": [
    0.4264705882352941
  ],
  "dice": [
    0.43209876543209874
  ],
  "cosinus": [
    0.31971500952998166
  ]
}