{
  "voc_eval_res": {
    "precision": 48.0,
    "recall": 60.0,
    "f-score": 53.3333
  },
  "KL_res": {
    "KL divergence": 1.6728775367516382,
    "Euclidean Dist.": 0.18613168099690455,
    "WER": 0.6451612903225806,
    "CER": 0.5238095238095238,
    "Cosine Dist.": 0.12199385617530945
  },
  "occ_eval_res": {
    "precision": 57.5758,
    "recall": 61.2903,
    "f-score": 59.375
  },
  "clean_eval": {
    "f-score": 50.71942446043166,
    "precision": 55.51181102362205,
    "recall": 46.688741721854306,
    "tp": 141,
    "fp": 113,
    "fn": 161
  },
  "jaccard": [
    0.6038461538461538
  ],
  "braycurtis": [
    0.3951048951048951
  ],
  "dice": [
    0.4325068870523416
  ],
  "cosinus": [
    0.2152809691426557
  ]
}