{
  "voc_eval_res": {
    "precision": 57.1429,
    "recall": 27.5862,
    "f-score": 37.2093
  },
  "KL_res": {
    "KL divergence": 4.330479987175086,
    "Euclidean Dist.": 0.3286043299717738,
    "WER": 0.7441860465116279,
    "CER": 0.6594594594594595,
    "Cosine Dist.": 0.34558948707283854
  },
  "occ_eval_res": {
    "precision": 68.4211,
    "recall": 30.2326,
    "f-score": 41.9355
  },
  "clean_eval": {
    "f-score": 33.064516129032256,
    "precision": 25.153374233128833,
    "recall": 48.23529411764706,
    "tp": 82,
    "fp": 244,
    "fn": 88
  },
  "jaccard": [
    0.7627118644067796
  ],
  "braycurtis": [
    0.629757785467128
  ],
  "dice": [
    0.6164383561643836
  ],
  "cosinus": [
    0.4874465757354919
  ]
}