{
  "voc_eval_res": {
    "precision": 52.6316,
    "recall": 47.619,
    "f-score": 50.0
  },
  "KL_res": {
    "KL divergence": 2.7695139605097308,
    "Euclidean Dist.": 0.21400201046292805,
    "WER": 0.6153846153846154,
    "CER": 0.5564516129032258,
    "Cosine Dist.": 0.2343360553274788
  },
  "occ_eval_res": {
    "precision": 59.0909,
    "recall": 50.0,
    "f-score": 54.1667
  },
  "clean_eval": {
    "f-score": 19.130434782608695,
    "precision": 19.130434782608695,
    "recall": 19.130434782608695,
    "tp": 44,
    "fp": 186,
    "fn": 186
  },
  "jaccard": [
    0.615916955017301
  ],
  "braycurtis": [
    0.4566929133858268
  ],
  "dice": [
    0.445
  ],
  "cosinus": [
    0.3395784543325525
  ]
}