{
  "voc_eval_res": {
    "precision": 53.3333,
    "recall": 80.0,
    "f-score": 64.0
  },
  "KL_res": {
    "KL divergence": 1.2222172159026377,
    "Euclidean Dist.": 0.26130681200458594,
    "WER": 0.8,
    "CER": 0.6226415094339622,
    "Cosine Dist.": 0.21216140284166451
  },
  "occ_eval_res": {
    "precision": 50.0,
    "recall": 80.0,
    "f-score": 61.5385
  },
  "clean_eval": {
    "f-score": 68.10344827586208,
    "precision": 80.61224489795919,
    "recall": 58.95522388059702,
    "tp": 79,
    "fp": 19,
    "fn": 55
  },
  "jaccard": [
    0.5375
  ],
  "braycurtis": [
    0.362962962962963
  ],
  "dice": [
    0.36752136752136755
  ],
  "cosinus": [
    0.26820708768258794
  ]
}