{
  "voc_eval_res": {
    "precision": 33.3333,
    "recall": 35.2941,
    "f-score": 34.2857
  },
  "KL_res": {
    "KL divergence": 4.165247935308884,
    "Euclidean Dist.": 0.27427627788702336,
    "WER": 1.0,
    "CER": 0.6371681415929203,
    "Cosine Dist.": 0.4892460815447508
  },
  "occ_eval_res": {
    "precision": 33.3333,
    "recall": 35.2941,
    "f-score": 34.2857
  },
  "clean_eval": {
    "f-score": 52.65957446808511,
    "precision": 54.395604395604394,
    "recall": 51.03092783505154,
    "tp": 99,
    "fp": 83,
    "fn": 95
  },
  "jaccard": [
    0.7048611111111112
  ],
  "braycurtis": [
    0.5391304347826087
  ],
  "dice": [
    0.5442359249329759
  ],
  "cosinus": [
    0.41547248750974997
  ]
}