{
  "voc_eval_res": {
    "precision": 52.1739,
    "recall": 60.0,
    "f-score": 55.814
  },
  "KL_res": {
    "KL divergence": 1.6765703043573366,
    "Euclidean Dist.": 0.22337378071817074,
    "WER": 0.6538461538461539,
    "CER": 0.6532258064516129,
    "Cosine Dist.": 0.26354030568134146
  },
  "occ_eval_res": {
    "precision": 53.5714,
    "recall": 57.6923,
    "f-score": 55.5556
  },
  "clean_eval": {
    "f-score": 40.97744360902256,
    "precision": 45.04132231404959,
    "recall": 37.58620689655172,
    "tp": 109,
    "fp": 133,
    "fn": 181
  },
  "jaccard": [
    0.5763888888888888
  ],
  "braycurtis": [
    0.426056338028169
  ],
  "dice": [
    0.40487804878048783
  ],
  "cosinus": [
    0.3009068347741596
  ]
}