{
  "voc_eval_res": {
    "precision": 45.8333,
    "recall": 73.3333,
    "f-score": 56.4103
  },
  "KL_res": {
    "KL divergence": 1.2519954153363477,
    "Euclidean Dist.": 0.23746047516223895,
    "WER": 0.8421052631578947,
    "CER": 1.0,
    "Cosine Dist.": 0.18665843527615
  },
  "occ_eval_res": {
    "precision": 48.3871,
    "recall": 78.9474,
    "f-score": 60.0
  },
  "clean_eval": {
    "f-score": 40.67796610169492,
    "precision": 52.74725274725275,
    "recall": 33.10344827586207,
    "tp": 96,
    "fp": 86,
    "fn": 194
  },
  "jaccard": [
    0.5808823529411765
  ],
  "braycurtis": [
    0.4641509433962264
  ],
  "dice": [
    0.40932642487046633
  ],
  "cosinus": [
    0.33722956448307007
  ]
}