{
  "voc_eval_res": {
    "precision": 0,
    "recall": 0,
    "f-score": 0
  },
  "KL_res": {
    "KL divergence": 10.413899680523176,
    "Euclidean Dist.": 0.9428090415820634,
    "WER": 1.0,
    "CER": 1.0769230769230769,
    "Cosine Dist.": 1.0
  },
  "occ_eval_res": {
    "precision": 0,
    "recall": 0,
    "f-score": 0
  },
  "clean_eval": {
    "f-score": 37.03703703703704,
    "precision": 26.31578947368421,
    "recall": 62.5,
    "tp": 10,
    "fp": 28,
    "fn": 6
  },
  "jaccard": [
    1.0
  ],
  "braycurtis": [
    1.0
  ],
  "dice": [
    1.0
  ],
  "cosinus": [
    1.0
  ]
}