{
  "voc_eval_res": {
    "precision": 45.0,
    "recall": 52.9412,
    "f-score": 48.6486
  },
  "KL_res": {
    "KL divergence": 1.2896979141025453,
    "Euclidean Dist.": 0.2027189560355313,
    "WER": 0.5483870967741935,
    "CER": 0.5035971223021583,
    "Cosine Dist.": 0.056986289134817625
  },
  "occ_eval_res": {
    "precision": 62.069,
    "recall": 58.0645,
    "f-score": 60.0
  },
  "clean_eval": {
    "f-score": 9.022556390977442,
    "precision": 9.022556390977442,
    "recall": 9.022556390977442,
    "tp": 24,
    "fp": 242,
    "fn": 242
  },
  "jaccard": [
    0.5579710144927537
  ],
  "braycurtis": [
    0.39285714285714285
  ],
  "dice": [
    0.3869346733668342
  ],
  "cosinus": [
    0.20499697001980866
  ]
}