{
  "voc_eval_res": {
    "precision": 16.6667,
    "recall": 15.3846,
    "f-score": 16.0
  },
  "KL_res": {
    "KL divergence": 6.722756513369787,
    "Euclidean Dist.": 0.3760849761650313,
    "WER": 0.9285714285714286,
    "CER": 0.5432098765432098,
    "Cosine Dist.": 0.7480236846605153
  },
  "occ_eval_res": {
    "precision": 16.6667,
    "recall": 14.2857,
    "f-score": 15.3846
  },
  "clean_eval": {
    "f-score": 67.14285714285715,
    "precision": 64.38356164383562,
    "recall": 70.1492537313433,
    "tp": 94,
    "fp": 52,
    "fn": 40
  },
  "jaccard": [
    0.6923076923076923
  ],
  "braycurtis": [
    0.5670731707317073
  ],
  "dice": [
    0.5294117647058824
  ],
  "cosinus": [
    0.47659574468085075
  ]
}