{
  "voc_eval_res": {
    "precision": 40.0,
    "recall": 44.4444,
    "f-score": 42.1053
  },
  "KL_res": {
    "KL divergence": 1.9562636800001751,
    "Euclidean Dist.": 0.23108734397239863,
    "WER": 0.5714285714285714,
    "CER": 0.9318181818181818,
    "Cosine Dist.": 0.09240492863870076
  },
  "occ_eval_res": {
    "precision": 60.0,
    "recall": 64.2857,
    "f-score": 62.069
  },
  "clean_eval": {
    "f-score": 66.37931034482759,
    "precision": 78.57142857142857,
    "recall": 57.46268656716418,
    "tp": 77,
    "fp": 21,
    "fn": 57
  },
  "jaccard": [
    0.7763157894736842
  ],
  "braycurtis": [
    0.5546218487394958
  ],
  "dice": [
    0.6344086021505376
  ],
  "cosinus": [
    0.35616581782034284
  ]
}