{
  "voc_eval_res": {
    "precision": 33.3333,
    "recall": 35.7143,
    "f-score": 34.4828
  },
  "KL_res": {
    "KL divergence": 4.311383074556167,
    "Euclidean Dist.": 0.3194333699165204,
    "WER": 0.9411764705882353,
    "CER": 0.5714285714285714,
    "Cosine Dist.": 0.5180684026585007
  },
  "occ_eval_res": {
    "precision": 33.3333,
    "recall": 29.4118,
    "f-score": 31.25
  },
  "clean_eval": {
    "f-score": 62.65822784810127,
    "precision": 62.65822784810127,
    "recall": 62.65822784810127,
    "tp": 99,
    "fp": 59,
    "fn": 59
  },
  "jaccard": [
    0.6108597285067874
  ],
  "braycurtis": [
    0.4329896907216495
  ],
  "dice": [
    0.43973941368078173
  ],
  "cosinus": [
    0.31267736836915105
  ]
}