{
  "voc_eval_res": {
    "precision": 20.0,
    "recall": 33.3333,
    "f-score": 25.0
  },
  "KL_res": {
    "KL divergence": 5.009749100074786,
    "Euclidean Dist.": 0.4570436400267363,
    "WER": 1.3333333333333333,
    "CER": 0.8857142857142857,
    "Cosine Dist.": 0.5917517095361371
  },
  "occ_eval_res": {
    "precision": 20.0,
    "recall": 33.3333,
    "f-score": 25.0
  },
  "clean_eval": {
    "f-score": 49.999999999999986,
    "precision": 74.0,
    "recall": 37.755102040816325,
    "tp": 37,
    "fp": 13,
    "fn": 61
  },
  "jaccard": [
    0.6495726495726496
  ],
  "braycurtis": [
    0.5368421052631579
  ],
  "dice": [
    0.4810126582278481
  ],
  "cosinus": [
    0.5108335902257417
  ]
}