{
  "voc_eval_res": {
    "precision": 57.8947,
    "recall": 64.7059,
    "f-score": 61.1111
  },
  "KL_res": {
    "KL divergence": 1.1854728981894893,
    "Euclidean Dist.": 0.16970562748477142,
    "WER": 0.52,
    "CER": 0.5981308411214953,
    "Cosine Dist.": 0.07232900406312759
  },
  "occ_eval_res": {
    "precision": 68.0,
    "recall": 68.0,
    "f-score": 68.0
  },
  "clean_eval": {
    "f-score": 48.30508474576271,
    "precision": 52.293577981651374,
    "recall": 44.881889763779526,
    "tp": 114,
    "fp": 104,
    "fn": 140
  },
  "jaccard": [
    0.54
  ],
  "braycurtis": [
    0.37130801687763715
  ],
  "dice": [
    0.3698630136986301
  ],
  "cosinus": [
    0.2308861535135882
  ]
}