{
  "voc_eval_res": {
    "precision": 27.2727,
    "recall": 20.0,
    "f-score": 23.0769
  },
  "KL_res": {
    "KL divergence": 6.003193912201091,
    "Euclidean Dist.": 0.3599332037434513,
    "WER": 0.8125,
    "CER": 0.5384615384615384,
    "Cosine Dist.": 0.6500728938881173
  },
  "occ_eval_res": {
    "precision": 27.2727,
    "recall": 18.75,
    "f-score": 22.2222
  },
  "clean_eval": {
    "f-score": 68.75,
    "precision": 65.67164179104478,
    "recall": 72.1311475409836,
    "tp": 88,
    "fp": 46,
    "fn": 34
  },
  "jaccard": [
    0.7038834951456311
  ],
  "braycurtis": [
    0.5503355704697986
  ],
  "dice": [
    0.5430711610486891
  ],
  "cosinus": [
    0.4935950306016348
  ]
}