{
  "voc_eval_res": {
    "precision": 33.3333,
    "recall": 100.0,
    "f-score": 50.0
  },
  "KL_res": {
    "KL divergence": 0.9161621381195402,
    "Euclidean Dist.": 1.1989578808281798,
    "WER": 1.5,
    "CER": 1.3636363636363635,
    "Cosine Dist.": 0.4654775161751512
  },
  "occ_eval_res": {
    "precision": 25.0,
    "recall": 50.0,
    "f-score": 33.3333
  },
  "clean_eval": {
    "f-score": 74.07407407407408,
    "precision": 76.92307692307693,
    "recall": 71.42857142857143,
    "tp": 20,
    "fp": 6,
    "fn": 8
  },
  "jaccard": [
    0.7272727272727273
  ],
  "braycurtis": [
    0.7
  ],
  "dice": [
    0.5714285714285714
  ],
  "cosinus": [
    0.64909242935479
  ]
}