{
  "voc_eval_res": {
    "precision": 30.7692,
    "recall": 44.4444,
    "f-score": 36.3636
  },
  "KL_res": {
    "KL divergence": 2.02497744342286,
    "Euclidean Dist.": 0.20435762584009728,
    "WER": 0.8620689655172413,
    "CER": 0.7155172413793104,
    "Cosine Dist.": 0.11573674663285238
  },
  "occ_eval_res": {
    "precision": 45.0,
    "recall": 62.069,
    "f-score": 52.1739
  },
  "clean_eval": {
    "f-score": 33.80281690140845,
    "precision": 39.66942148760331,
    "recall": 29.447852760736197,
    "tp": 96,
    "fp": 146,
    "fn": 230
  },
  "jaccard": [
    0.7229299363057324
  ],
  "braycurtis": [
    0.5
  ],
  "dice": [
    0.5660847880299252
  ],
  "cosinus": [
    0.28108878350633626
  ]
}