{
  "voc_eval_res": {
    "precision": 47.3684,
    "recall": 60.0,
    "f-score": 52.9412
  },
  "KL_res": {
    "KL divergence": 2.679370352209599,
    "Euclidean Dist.": 0.2597763322714718,
    "WER": 0.6818181818181818,
    "CER": 0.6309523809523809,
    "Cosine Dist.": 0.3059779062114327
  },
  "occ_eval_res": {
    "precision": 52.381,
    "recall": 50.0,
    "f-score": 51.1628
  },
  "clean_eval": {
    "f-score": 60.349127182044896,
    "precision": 58.7378640776699,
    "recall": 62.05128205128205,
    "tp": 121,
    "fp": 85,
    "fn": 74
  },
  "jaccard": [
    0.6650717703349283
  ],
  "braycurtis": [
    0.505
  ],
  "dice": [
    0.4982078853046595
  ],
  "cosinus": [
    0.42685681346028703
  ]
}