{
  "voc_eval_res": {
    "precision": 41.1765,
    "recall": 53.8462,
    "f-score": 46.6667
  },
  "KL_res": {
    "KL divergence": 2.6291908010329914,
    "Euclidean Dist.": 0.3089576061850279,
    "WER": 0.8571428571428571,
    "CER": 0.8571428571428571,
    "Cosine Dist.": 0.42710810076845385
  },
  "occ_eval_res": {
    "precision": 36.8421,
    "recall": 50.0,
    "f-score": 42.4242
  },
  "clean_eval": {
    "f-score": 61.36363636363637,
    "precision": 68.35443037974683,
    "recall": 55.670103092783506,
    "tp": 108,
    "fp": 50,
    "fn": 86
  },
  "jaccard": [
    0.6883116883116883
  ],
  "braycurtis": [
    0.5677083333333334
  ],
  "dice": [
    0.5247524752475248
  ],
  "cosinus": [
    0.48200567324013033
  ]
}