{
  "voc_eval_res": {
    "precision": 35.7143,
    "recall": 29.4118,
    "f-score": 32.2581
  },
  "KL_res": {
    "KL divergence": 3.521722908992014,
    "Euclidean Dist.": 0.25029316552250236,
    "WER": 0.6363636363636364,
    "CER": 0.6095238095238096,
    "Cosine Dist.": 0.23862829528418206
  },
  "occ_eval_res": {
    "precision": 50.0,
    "recall": 40.9091,
    "f-score": 45.0
  },
  "clean_eval": {
    "f-score": 60.79545454545454,
    "precision": 58.791208791208796,
    "recall": 62.94117647058823,
    "tp": 107,
    "fp": 75,
    "fn": 63
  },
  "jaccard": [
    0.7095435684647303
  ],
  "braycurtis": [
    0.4925373134328358
  ],
  "dice": [
    0.5498392282958199
  ],
  "cosinus": [
    0.3471755410255557
  ]
}