{
  "voc_eval_res": {
    "precision": 37.5,
    "recall": 37.5,
    "f-score": 37.5
  },
  "KL_res": {
    "KL divergence": 4.287448294869519,
    "Euclidean Dist.": 0.39528470752104744,
    "WER": 0.875,
    "CER": 0.5964912280701754,
    "Cosine Dist.": 0.4545454545454546
  },
  "occ_eval_res": {
    "precision": 37.5,
    "recall": 37.5,
    "f-score": 37.5
  },
  "clean_eval": {
    "f-score": 72.09302325581395,
    "precision": 72.09302325581395,
    "recall": 72.09302325581395,
    "tp": 62,
    "fp": 24,
    "fn": 24
  },
  "jaccard": [
    0.5789473684210527
  ],
  "braycurtis": [
    0.4444444444444444
  ],
  "dice": [
    0.4074074074074074
  ],
  "cosinus": [
    0.38842589868454747
  ]
}