{
  "voc_eval_res": {
    "precision": 50.0,
    "recall": 50.0,
    "f-score": 50.0
  },
  "KL_res": {
    "KL divergence": 3.60649658630429,
    "Euclidean Dist.": 0.7071067811865476,
    "WER": 0.5,
    "CER": 0.16666666666666666,
    "Cosine Dist.": 0.33333333333333337
  },
  "occ_eval_res": {
    "precision": 50.0,
    "recall": 50.0,
    "f-score": 50.0
  },
  "clean_eval": {
    "f-score": 76.92307692307693,
    "precision": 76.92307692307693,
    "recall": 76.92307692307693,
    "tp": 20,
    "fp": 6,
    "fn": 6
  },
  "jaccard": [
    0.4166666666666667
  ],
  "braycurtis": [
    0.2631578947368421
  ],
  "dice": [
    0.2631578947368421
  ],
  "cosinus": [
    0.2590414263650518
  ]
}