{
  "voc_eval_res": {
    "precision": 17.2414,
    "recall": 31.25,
    "f-score": 22.2222
  },
  "KL_res": {
    "KL divergence": 3.71733931316991,
    "Euclidean Dist.": 0.34760428933646026,
    "WER": 1.5,
    "CER": 1.1346153846153846,
    "Cosine Dist.": 0.5837184020652718
  },
  "occ_eval_res": {
    "precision": 18.1818,
    "recall": 30.0,
    "f-score": 22.6415
  },
  "clean_eval": {
    "f-score": 26.209677419354833,
    "precision": 33.50515463917525,
    "recall": 21.52317880794702,
    "tp": 65,
    "fp": 129,
    "fn": 237
  },
  "jaccard": [
    0.7570621468926554
  ],
  "braycurtis": [
    0.6163934426229508
  ],
  "dice": [
    0.6090909090909091
  ],
  "cosinus": [
    0.4477941908922425
  ]
}