{
  "voc_eval_res": {
    "precision": 23.8095,
    "recall": 33.3333,
    "f-score": 27.7778
  },
  "KL_res": {
    "KL divergence": 3.036971069645431,
    "Euclidean Dist.": 0.22030282189144407,
    "WER": 0.88,
    "CER": 0.5945945945945946,
    "Cosine Dist.": 0.14604943467633058
  },
  "occ_eval_res": {
    "precision": 40.0,
    "recall": 48.0,
    "f-score": 43.6364
  },
  "clean_eval": {
    "f-score": 33.02752293577982,
    "precision": 37.11340206185567,
    "recall": 29.75206611570248,
    "tp": 72,
    "fp": 122,
    "fn": 170
  },
  "jaccard": [
    0.6655405405405406
  ],
  "braycurtis": [
    0.4797047970479705
  ],
  "dice": [
    0.49873417721518987
  ],
  "cosinus": [
    0.3008712075457287
  ]
}