{
  "voc_eval_res": {
    "precision": 0,
    "recall": 0,
    "f-score": 0
  },
  "KL_res": {
    "KL divergence": 10.126444709698603,
    "Euclidean Dist.": 1.118033988749895,
    "WER": 1.0,
    "CER": 0.9230769230769231,
    "Cosine Dist.": 1.0
  },
  "occ_eval_res": {
    "precision": 0,
    "recall": 0,
    "f-score": 0
  },
  "clean_eval": {
    "f-score": 37.73584905660377,
    "precision": 26.31578947368421,
    "recall": 66.66666666666666,
    "tp": 10,
    "fp": 28,
    "fn": 5
  },
  "jaccard": [
    0.9722222222222222
  ],
  "braycurtis": [
    0.9565217391304348
  ],
  "dice": [
    0.9459459459459459
  ],
  "cosinus": [
    0.9674355195487082
  ]
}