{
  "voc_eval_res": {
    "precision": 46.1538,
    "recall": 60.0,
    "f-score": 52.1739
  },
  "KL_res": {
    "KL divergence": 2.820720634080433,
    "Euclidean Dist.": 0.3205583129142204,
    "WER": 1.0,
    "CER": 0.7368421052631579,
    "Cosine Dist.": 0.357635945162427
  },
  "occ_eval_res": {
    "precision": 42.8571,
    "recall": 54.5455,
    "f-score": 48.0
  },
  "clean_eval": {
    "f-score": 53.84615384615385,
    "precision": 65.11627906976744,
    "recall": 45.90163934426229,
    "tp": 56,
    "fp": 30,
    "fn": 66
  },
  "jaccard": [
    0.7218934911242604
  ],
  "braycurtis": [
    0.5902777777777778
  ],
  "dice": [
    0.5648148148148148
  ],
  "cosinus": [
    0.5406032598161814
  ]
}