{
  "voc_eval_res": {
    "precision": 45.4545,
    "recall": 55.5556,
    "f-score": 50.0
  },
  "KL_res": {
    "KL divergence": 2.7799514612292575,
    "Euclidean Dist.": 0.3157712420944234,
    "WER": 1.0,
    "CER": 0.6730769230769231,
    "Cosine Dist.": 0.26279021922551427
  },
  "occ_eval_res": {
    "precision": 46.1538,
    "recall": 54.5455,
    "f-score": 50.0
  },
  "clean_eval": {
    "f-score": 50.96153846153847,
    "precision": 61.627906976744185,
    "recall": 43.44262295081967,
    "tp": 53,
    "fp": 33,
    "fn": 69
  },
  "jaccard": [
    0.6382978723404256
  ],
  "braycurtis": [
    0.49557522123893805
  ],
  "dice": [
    0.46875
  ],
  "cosinus": [
    0.4728646661469258
  ]
}