{
  "voc_eval_res": {
    "precision": 36.3636,
    "recall": 44.4444,
    "f-score": 40.0
  },
  "KL_res": {
    "KL divergence": 3.648248573793942,
    "Euclidean Dist.": 0.3504919509676257,
    "WER": 0.8888888888888888,
    "CER": 0.5686274509803921,
    "Cosine Dist.": 0.42710810076845374
  },
  "occ_eval_res": {
    "precision": 36.3636,
    "recall": 44.4444,
    "f-score": 40.0
  },
  "clean_eval": {
    "f-score": 60.57692307692308,
    "precision": 73.25581395348837,
    "recall": 51.63934426229508,
    "tp": 63,
    "fp": 23,
    "fn": 59
  },
  "jaccard": [
    0.6941176470588235
  ],
  "braycurtis": [
    0.5384615384615384
  ],
  "dice": [
    0.5315315315315315
  ],
  "cosinus": [
    0.47335661260611306
  ]
}