{
  "voc_eval_res": {
    "precision": 48.2759,
    "recall": 34.1463,
    "f-score": 40.0
  },
  "KL_res": {
    "KL divergence": 3.458227746613019,
    "Euclidean Dist.": 0.20207290536223588,
    "WER": 0.7446808510638298,
    "CER": 0.4851190476190476,
    "Cosine Dist.": 0.4245725794251187
  },
  "occ_eval_res": {
    "precision": 46.6667,
    "recall": 29.7872,
    "f-score": 36.3636
  },
  "clean_eval": {
    "f-score": 14.165666266506605,
    "precision": 11.6600790513834,
    "recall": 18.04281345565749,
    "tp": 59,
    "fp": 447,
    "fn": 268
  },
  "jaccard": [
    0.5805084745762712
  ],
  "braycurtis": [
    0.40530973451327434
  ],
  "dice": [
    0.408955223880597
  ],
  "cosinus": [
    0.19533342010044707
  ]
}