{
  "voc_eval_res": {
    "precision": 35.0,
    "recall": 29.1667,
    "f-score": 31.8182
  },
  "KL_res": {
    "KL divergence": 4.3637343046900785,
    "Euclidean Dist.": 0.24645781859347035,
    "WER": 0.7692307692307693,
    "CER": 0.6081871345029239,
    "Cosine Dist.": 0.4495181174368196
  },
  "occ_eval_res": {
    "precision": 38.0952,
    "recall": 30.7692,
    "f-score": 34.0426
  },
  "clean_eval": {
    "f-score": 11.394891944990176,
    "precision": 9.965635738831615,
    "recall": 13.302752293577983,
    "tp": 29,
    "fp": 262,
    "fn": 189
  },
  "jaccard": [
    0.688622754491018
  ],
  "braycurtis": [
    0.5342465753424658
  ],
  "dice": [
    0.5251141552511416
  ],
  "cosinus": [
    0.3728128542129907
  ]
}