{
  "voc_eval_res": {
    "precision": 50.0,
    "recall": 60.0,
    "f-score": 54.5455
  },
  "KL_res": {
    "KL divergence": 2.547837863990949,
    "Euclidean Dist.": 0.41231056256176607,
    "WER": 0.8,
    "CER": 0.5769230769230769,
    "Cosine Dist.": 0.29289321881345265
  },
  "occ_eval_res": {
    "precision": 50.0,
    "recall": 60.0,
    "f-score": 54.5455
  },
  "clean_eval": {
    "f-score": 64.51612903225806,
    "precision": 64.51612903225806,
    "recall": 64.51612903225806,
    "tp": 40,
    "fp": 22,
    "fn": 22
  },
  "jaccard": [
    0.539568345323741
  ],
  "braycurtis": [
    0.375
  ],
  "dice": [
    0.3694581280788177
  ],
  "cosinus": [
    0.3573653051441681
  ]
}