{
  "voc_eval_res": {
    "precision": 33.3333,
    "recall": 33.3333,
    "f-score": 33.3333
  },
  "KL_res": {
    "KL divergence": 5.206922269619368,
    "Euclidean Dist.": 0.6666666666666666,
    "WER": 0.6666666666666666,
    "CER": 0.9444444444444444,
    "Cosine Dist.": 0.5
  },
  "occ_eval_res": {
    "precision": 33.3333,
    "recall": 33.3333,
    "f-score": 33.3333
  },
  "clean_eval": {
    "f-score": 73.68421052631578,
    "precision": 73.68421052631578,
    "recall": 73.68421052631578,
    "tp": 28,
    "fp": 10,
    "fn": 10
  },
  "jaccard": [
    0.8235294117647058
  ],
  "braycurtis": [
    0.7073170731707317
  ],
  "dice": [
    0.7
  ],
  "cosinus": [
    0.6891517350917732
  ]
}