{
  "voc_eval_res": {
    "precision": 31.5789,
    "recall": 28.5714,
    "f-score": 30.0
  },
  "KL_res": {
    "KL divergence": 4.681984685631129,
    "Euclidean Dist.": 0.265190858474412,
    "WER": 0.9523809523809523,
    "CER": 0.5364238410596026,
    "Cosine Dist.": 0.5381197846482993
  },
  "occ_eval_res": {
    "precision": 31.5789,
    "recall": 28.5714,
    "f-score": 30.0
  },
  "clean_eval": {
    "f-score": 66.50485436893204,
    "precision": 62.84403669724771,
    "recall": 70.61855670103093,
    "tp": 137,
    "fp": 81,
    "fn": 57
  },
  "jaccard": [
    0.5136054421768708
  ],
  "braycurtis": [
    0.37050359712230213
  ],
  "dice": [
    0.34553775743707094
  ],
  "cosinus": [
    0.27184184468043004
  ]
}