{
  "voc_eval_res": {
    "precision": 53.3333,
    "recall": 64.0,
    "f-score": 58.1818
  },
  "KL_res": {
    "KL divergence": 1.4464014838798536,
    "Euclidean Dist.": 0.1740567692696019,
    "WER": 0.53125,
    "CER": 0.26666666666666666,
    "Cosine Dist.": 0.18765061885025502
  },
  "occ_eval_res": {
    "precision": 57.1429,
    "recall": 62.5,
    "f-score": 59.7015
  },
  "clean_eval": {
    "f-score": 23.94736842105263,
    "precision": 25.13812154696133,
    "recall": 22.8643216080402,
    "tp": 91,
    "fp": 271,
    "fn": 307
  },
  "jaccard": [
    0.39528795811518325
  ],
  "braycurtis": [
    0.22868217054263565
  ],
  "dice": [
    0.2463295269168026
  ],
  "cosinus": [
    0.09287714576718065
  ]
}