{
  "voc_eval_res": {
    "precision": 44.4444,
    "recall": 36.3636,
    "f-score": 40.0
  },
  "KL_res": {
    "KL divergence": 4.203744429957026,
    "Euclidean Dist.": 0.3504919509676257,
    "WER": 0.8181818181818182,
    "CER": 0.6097560975609756,
    "Cosine Dist.": 0.42710810076845385
  },
  "occ_eval_res": {
    "precision": 44.4444,
    "recall": 36.3636,
    "f-score": 40.0
  },
  "clean_eval": {
    "f-score": 56.65236051502145,
    "precision": 53.65853658536586,
    "recall": 60.0,
    "tp": 66,
    "fp": 57,
    "fn": 44
  },
  "jaccard": [
    0.5913978494623656
  ],
  "braycurtis": [
    0.43537414965986393
  ],
  "dice": [
    0.4198473282442748
  ],
  "cosinus": [
    0.3598386072234725
  ]
}