{
  "voc_eval_res": {
    "precision": 57.5,
    "recall": 65.7143,
    "f-score": 61.3333
  },
  "KL_res": {
    "KL divergence": 1.2078409870134152,
    "Euclidean Dist.": 0.14812486568890684,
    "WER": 0.6,
    "CER": 0.5114285714285715,
    "Cosine Dist.": 0.15889610554339229
  },
  "occ_eval_res": {
    "precision": 62.9032,
    "recall": 65.0,
    "f-score": 63.9344
  },
  "clean_eval": {
    "f-score": 7.550335570469799,
    "precision": 7.950530035335689,
    "recall": 7.188498402555911,
    "tp": 45,
    "fp": 521,
    "fn": 581
  },
  "jaccard": [
    0.3924050632911392
  ],
  "braycurtis": [
    0.26740947075208915
  ],
  "dice": [
    0.2440944881889764
  ],
  "cosinus": [
    0.12708685352172344
  ]
}