{
  "voc_eval_res": {
    "precision": 42.8571,
    "recall": 50.0,
    "f-score": 46.1538
  },
  "KL_res": {
    "KL divergence": 3.141966660751471,
    "Euclidean Dist.": 0.24678764160583797,
    "WER": 0.8421052631578947,
    "CER": 0.45454545454545453,
    "Cosine Dist.": 0.3999999999999999
  },
  "occ_eval_res": {
    "precision": 42.8571,
    "recall": 47.3684,
    "f-score": 45.0
  },
  "clean_eval": {
    "f-score": 50.5,
    "precision": 55.494505494505496,
    "recall": 46.330275229357795,
    "tp": 101,
    "fp": 81,
    "fn": 117
  },
  "jaccard": [
    0.36619718309859156
  ],
  "braycurtis": [
    0.2671009771986971
  ],
  "dice": [
    0.22413793103448276
  ],
  "cosinus": [
    0.19748903263862738
  ]
}