{
  "voc_eval_res": {
    "precision": 80.0,
    "recall": 74.0741,
    "f-score": 76.9231
  },
  "KL_res": {
    "KL divergence": 1.082158156717843,
    "Euclidean Dist.": 0.14594941633002326,
    "WER": 0.44680851063829785,
    "CER": 0.38095238095238093,
    "Cosine Dist.": 0.10279340461811792
  },
  "occ_eval_res": {
    "precision": 80.9524,
    "recall": 72.3404,
    "f-score": 76.4045
  },
  "clean_eval": {
    "f-score": 16.097560975609756,
    "precision": 15.207373271889402,
    "recall": 17.098445595854923,
    "tp": 66,
    "fp": 368,
    "fn": 320
  },
  "jaccard": [
    0.3576923076923077
  ],
  "braycurtis": [
    0.28085106382978725
  ],
  "dice": [
    0.21779859484777517
  ],
  "cosinus": [
    0.18576757121957255
  ]
}