{
  "voc_eval_res": {
    "precision": 37.5,
    "recall": 42.8571,
    "f-score": 40.0
  },
  "KL_res": {
    "KL divergence": 2.700129210363823,
    "Euclidean Dist.": 0.31875529528402335,
    "WER": 0.6666666666666666,
    "CER": 0.5245901639344263,
    "Cosine Dist.": 0.19980239594610338
  },
  "occ_eval_res": {
    "precision": 50.0,
    "recall": 55.5556,
    "f-score": 52.6316
  },
  "clean_eval": {
    "f-score": 67.24137931034484,
    "precision": 70.9090909090909,
    "recall": 63.934426229508205,
    "tp": 78,
    "fp": 32,
    "fn": 44
  },
  "jaccard": [
    0.5584415584415584
  ],
  "braycurtis": [
    0.3712121212121212
  ],
  "dice": [
    0.38738738738738737
  ],
  "cosinus": [
    0.27167127143361913
  ]
}