{
  "voc_eval_res": {
    "precision": 73.3333,
    "recall": 56.4103,
    "f-score": 63.7681
  },
  "KL_res": {
    "KL divergence": 1.5597384179269578,
    "Euclidean Dist.": 0.13344902388293683,
    "WER": 0.5166666666666667,
    "CER": 0.37922705314009664,
    "Cosine Dist.": 0.10448513403639781
  },
  "occ_eval_res": {
    "precision": 82.2222,
    "recall": 61.6667,
    "f-score": 70.4762
  },
  "clean_eval": {
    "f-score": 6.050129645635264,
    "precision": 5.384615384615385,
    "recall": 6.903353057199212,
    "tp": 35,
    "fp": 615,
    "fn": 472
  },
  "jaccard": [
    0.4080604534005038
  ],
  "braycurtis": [
    0.20430107526881722
  ],
  "dice": [
    0.2563291139240506
  ],
  "cosinus": [
    0.0708036917952316
  ]
}