{
  "voc_eval_res": {
    "precision": 0,
    "recall": 0,
    "f-score": 0
  },
  "KL_res": {
    "KL divergence": 9.903103094458567,
    "Euclidean Dist.": 0.8366600265340756,
    "WER": 1.0,
    "CER": 0.8421052631578947,
    "Cosine Dist.": 1.0
  },
  "occ_eval_res": {
    "precision": 0,
    "recall": 0,
    "f-score": 0
  },
  "clean_eval": {
    "f-score": 47.368421052631575,
    "precision": 36.0,
    "recall": 69.23076923076923,
    "tp": 18,
    "fp": 32,
    "fn": 8
  },
  "jaccard": [
    0.984375
  ],
  "braycurtis": [
    0.9696969696969697
  ],
  "dice": [
    0.9692307692307692
  ],
  "cosinus": [
    0.970575505683175
  ]
}