{
  "voc_eval_res": {
    "precision": 38.8889,
    "recall": 41.1765,
    "f-score": 40.0
  },
  "KL_res": {
    "KL divergence": 3.292047124090066,
    "Euclidean Dist.": 0.25547719084357084,
    "WER": 0.85,
    "CER": 0.7348484848484849,
    "Cosine Dist.": 0.3389309694901602
  },
  "occ_eval_res": {
    "precision": 40.9091,
    "recall": 45.0,
    "f-score": 42.8571
  },
  "clean_eval": {
    "f-score": 29.50108459869848,
    "precision": 29.565217391304348,
    "recall": 29.43722943722944,
    "tp": 68,
    "fp": 162,
    "fn": 163
  },
  "jaccard": [
    0.6287878787878788
  ],
  "braycurtis": [
    0.4306049822064057
  ],
  "dice": [
    0.4585635359116022
  ],
  "cosinus": [
    0.2577374865210842
  ]
}