{
  "voc_eval_res": {
    "precision": 41.6667,
    "recall": 35.7143,
    "f-score": 38.4615
  },
  "KL_res": {
    "KL divergence": 4.420113381352604,
    "Euclidean Dist.": 0.32360813064912664,
    "WER": 0.6666666666666666,
    "CER": 0.46715328467153283,
    "Cosine Dist.": 0.4829123100049809
  },
  "occ_eval_res": {
    "precision": 41.6667,
    "recall": 33.3333,
    "f-score": 37.037
  },
  "clean_eval": {
    "f-score": 55.08196721311476,
    "precision": 46.15384615384615,
    "recall": 68.29268292682927,
    "tp": 84,
    "fp": 98,
    "fn": 39
  },
  "jaccard": [
    0.46835443037974683
  ],
  "braycurtis": [
    0.3682008368200837
  ],
  "dice": [
    0.30578512396694213
  ],
  "cosinus": [
    0.2572585943013346
  ]
}