{
  "voc_eval_res": {
    "precision": 87.5,
    "recall": 87.5,
    "f-score": 87.5
  },
  "KL_res": {
    "KL divergence": 0.6288452624637022,
    "Euclidean Dist.": 0.1767766952966369,
    "WER": 0.125,
    "CER": 0.03125,
    "Cosine Dist.": 0.06666666666666665
  },
  "occ_eval_res": {
    "precision": 87.5,
    "recall": 87.5,
    "f-score": 87.5
  },
  "clean_eval": {
    "f-score": 78.43137254901961,
    "precision": 78.43137254901961,
    "recall": 78.43137254901961,
    "tp": 40,
    "fp": 11,
    "fn": 11
  },
  "jaccard": [
    0.01694915254237288
  ],
  "braycurtis": [
    0.016666666666666666
  ],
  "dice": [
    0.008547008547008548
  ],
  "cosinus": [
    0.015376733953360366
  ]
}