{
  "voc_eval_res": {
    "precision": 50.0,
    "recall": 48.2759,
    "f-score": 49.1228
  },
  "KL_res": {
    "KL divergence": 2.908206746206964,
    "Euclidean Dist.": 0.27811248790817,
    "WER": 0.9743589743589743,
    "CER": 0.5871212121212122,
    "Cosine Dist.": 0.536984477203452
  },
  "occ_eval_res": {
    "precision": 40.9091,
    "recall": 46.1538,
    "f-score": 43.3735
  },
  "clean_eval": {
    "f-score": 13.06532663316583,
    "precision": 13.06532663316583,
    "recall": 13.06532663316583,
    "tp": 52,
    "fp": 346,
    "fn": 346
  },
  "jaccard": [
    0.4584527220630373
  ],
  "braycurtis": [
    0.3302919708029197
  ],
  "dice": [
    0.29739776951672864
  ],
  "cosinus": [
    0.22848073295785998
  ]
}