{
  "voc_eval_res": {
    "precision": 50.0,
    "recall": 60.0,
    "f-score": 54.5455
  },
  "KL_res": {
    "KL divergence": 2.1404644466998475,
    "Euclidean Dist.": 0.21507192165441968,
    "WER": 1.1304347826086956,
    "CER": 0.7525252525252525,
    "Cosine Dist.": 0.2706750425105272
  },
  "occ_eval_res": {
    "precision": 50.0,
    "recall": 60.8696,
    "f-score": 54.902
  },
  "clean_eval": {
    "f-score": 24.29906542056075,
    "precision": 25.390625,
    "recall": 23.297491039426525,
    "tp": 65,
    "fp": 191,
    "fn": 214
  },
  "jaccard": [
    0.42038216560509556
  ],
  "braycurtis": [
    0.28361858190709044
  ],
  "dice": [
    0.2661290322580645
  ],
  "cosinus": [
    0.16150961717401735
  ]
}