{
  "voc_eval_res": {
    "precision": 27.7778,
    "recall": 35.7143,
    "f-score": 31.25
  },
  "KL_res": {
    "KL divergence": 3.7689869967133554,
    "Euclidean Dist.": 0.2966164020375978,
    "WER": 0.9411764705882353,
    "CER": 0.6312056737588653,
    "Cosine Dist.": 0.39752476687122207
  },
  "occ_eval_res": {
    "precision": 31.5789,
    "recall": 35.2941,
    "f-score": 33.3333
  },
  "clean_eval": {
    "f-score": 25.882352941176467,
    "precision": 28.205128205128204,
    "recall": 23.91304347826087,
    "tp": 55,
    "fp": 140,
    "fn": 175
  },
  "jaccard": [
    0.6015325670498084
  ],
  "braycurtis": [
    0.3737024221453287
  ],
  "dice": [
    0.4301369863013699
  ],
  "cosinus": [
    0.215263138143036
  ]
}