{
  "voc_eval_res": {
    "precision": 28.5714,
    "recall": 28.5714,
    "f-score": 28.5714
  },
  "KL_res": {
    "KL divergence": 3.5662219702317186,
    "Euclidean Dist.": 0.21281272564944775,
    "WER": 0.9090909090909091,
    "CER": 0.5991902834008097,
    "Cosine Dist.": 0.370156133074794
  },
  "occ_eval_res": {
    "precision": 33.3333,
    "recall": 30.303,
    "f-score": 31.746
  },
  "clean_eval": {
    "f-score": 12.078651685393261,
    "precision": 11.497326203208557,
    "recall": 12.721893491124261,
    "tp": 43,
    "fp": 331,
    "fn": 295
  },
  "jaccard": [
    0.5816091954022988
  ],
  "braycurtis": [
    0.394
  ],
  "dice": [
    0.4100486223662885
  ],
  "cosinus": [
    0.20902475940023324
  ]
}