{
  "voc_eval_res": {
    "precision": 52.1739,
    "recall": 42.8571,
    "f-score": 47.0588
  },
  "KL_res": {
    "KL divergence": 2.9635760350252442,
    "Euclidean Dist.": 0.20690116986171286,
    "WER": 0.6153846153846154,
    "CER": 0.3269230769230769,
    "Cosine Dist.": 0.2692159047581302
  },
  "occ_eval_res": {
    "precision": 59.2593,
    "recall": 41.0256,
    "f-score": 48.4848
  },
  "clean_eval": {
    "f-score": 15.680473372781067,
    "precision": 13.730569948186528,
    "recall": 18.275862068965516,
    "tp": 53,
    "fp": 333,
    "fn": 237
  },
  "jaccard": [
    0.44808743169398907
  ],
  "braycurtis": [
    0.288135593220339
  ],
  "dice": [
    0.2887323943661972
  ],
  "cosinus": [
    0.15542760689370838
  ]
}