{
  "voc_eval_res": {
    "precision": 69.2308,
    "recall": 36.0,
    "f-score": 47.3684
  },
  "KL_res": {
    "KL divergence": 3.6648702690777837,
    "Euclidean Dist.": 0.2920533151479176,
    "WER": 0.6875,
    "CER": 0.5888888888888889,
    "Cosine Dist.": 0.29179947217182955
  },
  "occ_eval_res": {
    "precision": 73.3333,
    "recall": 34.375,
    "f-score": 46.8085
  },
  "clean_eval": {
    "f-score": 42.857142857142854,
    "precision": 33.10344827586207,
    "recall": 60.75949367088608,
    "tp": 96,
    "fp": 194,
    "fn": 62
  },
  "jaccard": [
    0.6907216494845361
  ],
  "braycurtis": [
    0.5087108013937283
  ],
  "dice": [
    0.5275590551181102
  ],
  "cosinus": [
    0.3112413077093218
  ]
}