{
  "voc_eval_res": {
    "precision": 40.9091,
    "recall": 45.0,
    "f-score": 42.8571
  },
  "KL_res": {
    "KL divergence": 2.897015618248352,
    "Euclidean Dist.": 0.2351586048142603,
    "WER": 0.7083333333333334,
    "CER": 0.5608108108108109,
    "Cosine Dist.": 0.3490132230346119
  },
  "occ_eval_res": {
    "precision": 43.4783,
    "recall": 41.6667,
    "f-score": 42.5532
  },
  "clean_eval": {
    "f-score": 40.25423728813559,
    "precision": 37.40157480314961,
    "recall": 43.57798165137615,
    "tp": 95,
    "fp": 159,
    "fn": 123
  },
  "jaccard": [
    0.6440677966101694
  ],
  "braycurtis": [
    0.5018587360594795
  ],
  "dice": [
    0.475
  ],
  "cosinus": [
    0.36545720171314944
  ]
}