{
  "voc_eval_res": {
    "precision": 33.3333,
    "recall": 33.3333,
    "f-score": 33.3333
  },
  "KL_res": {
    "KL divergence": 5.206922269619368,
    "Euclidean Dist.": 0.6666666666666666,
    "WER": 0.6666666666666666,
    "CER": 0.5,
    "Cosine Dist.": 0.5
  },
  "occ_eval_res": {
    "precision": 33.3333,
    "recall": 33.3333,
    "f-score": 33.3333
  },
  "clean_eval": {
    "f-score": 81.57894736842104,
    "precision": 81.57894736842105,
    "recall": 81.57894736842105,
    "tp": 31,
    "fp": 7,
    "fn": 7
  },
  "jaccard": [
    0.7142857142857143
  ],
  "braycurtis": [
    0.5555555555555556
  ],
  "dice": [
    0.5555555555555556
  ],
  "cosinus": [
    0.5540042613295517
  ]
}