{
  "voc_eval_res": {
    "precision": 66.6667,
    "recall": 50.0,
    "f-score": 57.1429
  },
  "KL_res": {
    "KL divergence": 3.2890308487358006,
    "Euclidean Dist.": 0.5137011669140813,
    "WER": 0.75,
    "CER": 0.5666666666666667,
    "Cosine Dist.": 0.26970325665977857
  },
  "occ_eval_res": {
    "precision": 66.6667,
    "recall": 50.0,
    "f-score": 57.1429
  },
  "clean_eval": {
    "f-score": 65.9090909090909,
    "precision": 57.99999999999999,
    "recall": 76.31578947368422,
    "tp": 29,
    "fp": 21,
    "fn": 9
  },
  "jaccard": [
    0.5
  ],
  "braycurtis": [
    0.3617021276595745
  ],
  "dice": [
    0.3333333333333333
  ],
  "cosinus": [
    0.3171258803176179
  ]
}