{
  "voc_eval_res": {
    "precision": 50.0,
    "recall": 36.3636,
    "f-score": 42.1053
  },
  "KL_res": {
    "KL divergence": 4.1787697823943315,
    "Euclidean Dist.": 0.3600677163126104,
    "WER": 0.8181818181818182,
    "CER": 0.7528089887640449,
    "Cosine Dist.": 0.40371520600005606
  },
  "occ_eval_res": {
    "precision": 50.0,
    "recall": 36.3636,
    "f-score": 42.1053
  },
  "clean_eval": {
    "f-score": 61.206896551724135,
    "precision": 52.98507462686567,
    "recall": 72.44897959183673,
    "tp": 71,
    "fp": 63,
    "fn": 27
  },
  "jaccard": [
    0.628140703517588
  ],
  "braycurtis": [
    0.4868421052631579
  ],
  "dice": [
    0.45787545787545786
  ],
  "cosinus": [
    0.4441396161639687
  ]
}