{
  "voc_eval_res": {
    "precision": 37.5,
    "recall": 50.0,
    "f-score": 42.8571
  },
  "KL_res": {
    "KL divergence": 2.70730350112796,
    "Euclidean Dist.": 0.36748688580286426,
    "WER": 0.7142857142857143,
    "CER": 0.6037735849056604,
    "Cosine Dist.": 0.24853085069782066
  },
  "occ_eval_res": {
    "precision": 44.4444,
    "recall": 57.1429,
    "f-score": 50.0
  },
  "clean_eval": {
    "f-score": 57.14285714285714,
    "precision": 65.11627906976744,
    "recall": 50.90909090909091,
    "tp": 56,
    "fp": 30,
    "fn": 54
  },
  "jaccard": [
    0.5244755244755245
  ],
  "braycurtis": [
    0.3524590163934426
  ],
  "dice": [
    0.35545023696682465
  ],
  "cosinus": [
    0.25573896126821305
  ]
}