{
  "voc_eval_res": {
    "precision": 31.5789,
    "recall": 28.5714,
    "f-score": 30.0
  },
  "KL_res": {
    "KL divergence": 4.5590930074763065,
    "Euclidean Dist.": 0.28840215568307825,
    "WER": 0.8695652173913043,
    "CER": 0.63125,
    "Cosine Dist.": 0.5783629786442162
  },
  "occ_eval_res": {
    "precision": 26.087,
    "recall": 26.087,
    "f-score": 26.087
  },
  "clean_eval": {
    "f-score": 39.43661971830986,
    "precision": 36.84210526315789,
    "recall": 42.42424242424242,
    "tp": 98,
    "fp": 168,
    "fn": 133
  },
  "jaccard": [
    0.6158730158730159
  ],
  "braycurtis": [
    0.4542483660130719
  ],
  "dice": [
    0.44495412844036697
  ],
  "cosinus": [
    0.2967355079160878
  ]
}