{
  "voc_eval_res": {
    "precision": 37.5,
    "recall": 16.6667,
    "f-score": 23.0769
  },
  "KL_res": {
    "KL divergence": 5.045892777681722,
    "Euclidean Dist.": 0.3698932111492734,
    "WER": 0.8,
    "CER": 0.5703125,
    "Cosine Dist.": 0.40891953671095127
  },
  "occ_eval_res": {
    "precision": 44.4444,
    "recall": 20.0,
    "f-score": 27.5862
  },
  "clean_eval": {
    "f-score": 47.36842105263159,
    "precision": 34.95145631067961,
    "recall": 73.46938775510205,
    "tp": 72,
    "fp": 134,
    "fn": 26
  },
  "jaccard": [
    0.665158371040724
  ],
  "braycurtis": [
    0.4869109947643979
  ],
  "dice": [
    0.49830508474576274
  ],
  "cosinus": [
    0.2952535843759566
  ]
}