{
  "voc_eval_res": {
    "precision": 100.0,
    "recall": 33.3333,
    "f-score": 50.0
  },
  "KL_res": {
    "KL divergence": 5.063325551875169,
    "Euclidean Dist.": 1.0540925533894598,
    "WER": 0.6666666666666666,
    "CER": 0.68,
    "Cosine Dist.": 0.29289321881345254
  },
  "occ_eval_res": {
    "precision": 100.0,
    "recall": 33.3333,
    "f-score": 50.0
  },
  "clean_eval": {
    "f-score": 46.15384615384615,
    "precision": 31.57894736842105,
    "recall": 85.71428571428571,
    "tp": 12,
    "fp": 26,
    "fn": 2
  },
  "jaccard": [
    0.6976744186046512
  ],
  "braycurtis": [
    0.5666666666666667
  ],
  "dice": [
    0.5357142857142857
  ],
  "cosinus": [
    0.36423604679424915
  ]
}