{
  "voc_eval_res": {
    "precision": 80.0,
    "recall": 80.0,
    "f-score": 80.0
  },
  "KL_res": {
    "KL divergence": 1.1003263735377582,
    "Euclidean Dist.": 0.28284271247461906,
    "WER": 0.2,
    "CER": 0.047619047619047616,
    "Cosine Dist.": 0.11111111111111116
  },
  "occ_eval_res": {
    "precision": 80.0,
    "recall": 80.0,
    "f-score": 80.0
  },
  "clean_eval": {
    "f-score": 87.09677419354838,
    "precision": 87.09677419354838,
    "recall": 87.09677419354838,
    "tp": 54,
    "fp": 8,
    "fn": 8
  },
  "jaccard": [
    0.2235294117647059
  ],
  "braycurtis": [
    0.12345679012345678
  ],
  "dice": [
    0.12582781456953643
  ],
  "cosinus": [
    0.10633240760079998
  ]
}