{
  "voc_eval_res": {
    "precision": 27.7778,
    "recall": 26.3158,
    "f-score": 27.027
  },
  "KL_res": {
    "KL divergence": 5.144178500608788,
    "Euclidean Dist.": 0.2879793373932097,
    "WER": 0.9,
    "CER": 0.4391891891891892,
    "Cosine Dist.": 0.598713823047436
  },
  "occ_eval_res": {
    "precision": 27.7778,
    "recall": 25.0,
    "f-score": 26.3158
  },
  "clean_eval": {
    "f-score": 64.8936170212766,
    "precision": 62.88659793814433,
    "recall": 67.03296703296702,
    "tp": 122,
    "fp": 72,
    "fn": 60
  },
  "jaccard": [
    0.5268456375838926
  ],
  "braycurtis": [
    0.3835125448028674
  ],
  "dice": [
    0.357630979498861
  ],
  "cosinus": [
    0.311114226666637
  ]
}