{
  "voc_eval_res": {
    "precision": 50.0,
    "recall": 33.3333,
    "f-score": 40.0
  },
  "KL_res": {
    "KL divergence": 4.775423382000247,
    "Euclidean Dist.": 0.5137011669140814,
    "WER": 0.6666666666666666,
    "CER": 0.43137254901960786,
    "Cosine Dist.": 0.4226497308103744
  },
  "occ_eval_res": {
    "precision": 50.0,
    "recall": 33.3333,
    "f-score": 40.0
  },
  "clean_eval": {
    "f-score": 49.557522123893804,
    "precision": 37.83783783783784,
    "recall": 71.7948717948718,
    "tp": 28,
    "fp": 46,
    "fn": 11
  },
  "jaccard": [
    0.5727272727272728
  ],
  "braycurtis": [
    0.4024390243902439
  ],
  "dice": [
    0.4012738853503185
  ],
  "cosinus": [
    0.36898217657163623
  ]
}