{
  "voc_eval_res": {
    "precision": 58.3333,
    "recall": 50.0,
    "f-score": 53.8462
  },
  "KL_res": {
    "KL divergence": 2.9377421199806033,
    "Euclidean Dist.": 0.2791576509480624,
    "WER": 0.65,
    "CER": 0.42735042735042733,
    "Cosine Dist.": 0.2788897449072023
  },
  "occ_eval_res": {
    "precision": 61.5385,
    "recall": 40.0,
    "f-score": 48.4848
  },
  "clean_eval": {
    "f-score": 55.2901023890785,
    "precision": 47.647058823529406,
    "recall": 65.85365853658537,
    "tp": 81,
    "fp": 89,
    "fn": 42
  },
  "jaccard": [
    0.5454545454545454
  ],
  "braycurtis": [
    0.39906103286384975
  ],
  "dice": [
    0.375
  ],
  "cosinus": [
    0.2678175429681565
  ]
}