{
  "voc_eval_res": {
    "precision": 15.3846,
    "recall": 10.0,
    "f-score": 12.1212
  },
  "KL_res": {
    "KL divergence": 5.769624245888497,
    "Euclidean Dist.": 0.35429016788634,
    "WER": 0.8888888888888888,
    "CER": 0.7007874015748031,
    "Cosine Dist.": 0.3486610527210704
  },
  "occ_eval_res": {
    "precision": 29.4118,
    "recall": 18.5185,
    "f-score": 22.7273
  },
  "clean_eval": {
    "f-score": 54.794520547945204,
    "precision": 47.05882352941176,
    "recall": 65.57377049180327,
    "tp": 120,
    "fp": 135,
    "fn": 63
  },
  "jaccard": [
    0.82
  ],
  "braycurtis": [
    0.7010309278350515
  ],
  "dice": [
    0.6949152542372882
  ],
  "cosinus": [
    0.5195296206015927
  ]
}