{
  "voc_eval_res": {
    "precision": 79.1667,
    "recall": 63.3333,
    "f-score": 70.3704
  },
  "KL_res": {
    "KL divergence": 1.2269362836610282,
    "Euclidean Dist.": 0.18106949011288417,
    "WER": 0.5,
    "CER": 0.4528301886792453,
    "Cosine Dist.": 0.16581640075003523
  },
  "occ_eval_res": {
    "precision": 85.0,
    "recall": 54.8387,
    "f-score": 66.6667
  },
  "clean_eval": {
    "f-score": 27.802690582959638,
    "precision": 22.878228782287824,
    "recall": 35.42857142857142,
    "tp": 124,
    "fp": 418,
    "fn": 226
  },
  "jaccard": [
    0.43944636678200694
  ],
  "braycurtis": [
    0.36608863198458574
  ],
  "dice": [
    0.28159645232815966
  ],
  "cosinus": [
    0.20596889069178093
  ]
}