{
  "voc_eval_res": {
    "precision": 62.5,
    "recall": 60.0,
    "f-score": 61.2245
  },
  "KL_res": {
    "KL divergence": 2.029107793456582,
    "Euclidean Dist.": 0.18474032724962466,
    "WER": 0.5454545454545454,
    "CER": 0.3784860557768924,
    "Cosine Dist.": 0.20236447588771622
  },
  "occ_eval_res": {
    "precision": 65.5172,
    "recall": 57.5758,
    "f-score": 61.2903
  },
  "clean_eval": {
    "f-score": 20.85714285714286,
    "precision": 20.165745856353592,
    "recall": 21.597633136094675,
    "tp": 73,
    "fp": 289,
    "fn": 265
  },
  "jaccard": [
    0.4958904109589041
  ],
  "braycurtis": [
    0.28663793103448276
  ],
  "dice": [
    0.3296903460837887
  ],
  "cosinus": [
    0.13526958694042146
  ]
}