{
  "voc_eval_res": {
    "precision": 33.3333,
    "recall": 14.2857,
    "f-score": 20.0
  },
  "KL_res": {
    "KL divergence": 7.117311095500671,
    "Euclidean Dist.": 0.6459361888690731,
    "WER": 0.8571428571428571,
    "CER": 0.5957446808510638,
    "Cosine Dist.": 0.6464466094067263
  },
  "occ_eval_res": {
    "precision": 33.3333,
    "recall": 14.2857,
    "f-score": 20.0
  },
  "clean_eval": {
    "f-score": 43.56435643564357,
    "precision": 29.72972972972973,
    "recall": 81.48148148148148,
    "tp": 22,
    "fp": 52,
    "fn": 5
  },
  "jaccard": [
    0.7333333333333333
  ],
  "braycurtis": [
    0.5797101449275363
  ],
  "dice": [
    0.5789473684210527
  ],
  "cosinus": [
    0.5237652290811652
  ]
}