{
  "voc_eval_res": {
    "precision": 63.1579,
    "recall": 70.5882,
    "f-score": 66.6667
  },
  "KL_res": {
    "KL divergence": 0.8816511401087861,
    "Euclidean Dist.": 0.15219859665566274,
    "WER": 0.7058823529411765,
    "CER": 0.5928753180661578,
    "Cosine Dist.": 0.15603384180960433
  },
  "occ_eval_res": {
    "precision": 69.6429,
    "recall": 57.3529,
    "f-score": 62.9032
  },
  "clean_eval": {
    "f-score": 15.134255492270137,
    "precision": 14.285714285714285,
    "recall": 16.089965397923876,
    "tp": 93,
    "fp": 558,
    "fn": 485
  },
  "jaccard": [
    0.36650485436893204
  ],
  "braycurtis": [
    0.3076923076923077
  ],
  "dice": [
    0.22436849925705796
  ],
  "cosinus": [
    0.14704234666713978
  ]
}