{
  "voc_eval_res": {
    "precision": 51.5152,
    "recall": 51.5152,
    "f-score": 51.5152
  },
  "KL_res": {
    "KL divergence": 2.3622190039818807,
    "Euclidean Dist.": 0.18617531814643093,
    "WER": 0.675,
    "CER": 0.47547169811320755,
    "Cosine Dist.": 0.2860628027949438
  },
  "occ_eval_res": {
    "precision": 51.3514,
    "recall": 47.5,
    "f-score": 49.3506
  },
  "clean_eval": {
    "f-score": 32.18934911242603,
    "precision": 30.493273542600896,
    "recall": 34.08521303258145,
    "tp": 136,
    "fp": 310,
    "fn": 263
  },
  "jaccard": [
    0.5112219451371571
  ],
  "braycurtis": [
    0.34442270058708413
  ],
  "dice": [
    0.34338358458961477
  ],
  "cosinus": [
    0.179718220661787
  ]
}