{
  "voc_eval_res": {
    "precision": 53.5714,
    "recall": 51.7241,
    "f-score": 52.6316
  },
  "KL_res": {
    "KL divergence": 2.1645888718087902,
    "Euclidean Dist.": 0.19752659276686818,
    "WER": 0.6388888888888888,
    "CER": 0.4767932489451477,
    "Cosine Dist.": 0.2537958570297022
  },
  "occ_eval_res": {
    "precision": 51.4286,
    "recall": 50.0,
    "f-score": 50.7042
  },
  "clean_eval": {
    "f-score": 44.13265306122449,
    "precision": 43.46733668341709,
    "recall": 44.81865284974093,
    "tp": 173,
    "fp": 225,
    "fn": 213
  },
  "jaccard": [
    0.4849315068493151
  ],
  "braycurtis": [
    0.3269230769230769
  ],
  "dice": [
    0.32007233273056057
  ],
  "cosinus": [
    0.15988143410137967
  ]
}