{
  "voc_eval_res": {
    "precision": 44.4444,
    "recall": 52.1739,
    "f-score": 48.0
  },
  "KL_res": {
    "KL divergence": 1.9791759226038317,
    "Euclidean Dist.": 0.1811021343707162,
    "WER": 0.5862068965517241,
    "CER": 0.43119266055045874,
    "Cosine Dist.": 0.1807228915662652
  },
  "occ_eval_res": {
    "precision": 51.5152,
    "recall": 58.6207,
    "f-score": 54.8387
  },
  "clean_eval": {
    "f-score": 25.30120481927711,
    "precision": 26.751592356687897,
    "recall": 24.0,
    "tp": 84,
    "fp": 230,
    "fn": 266
  },
  "jaccard": [
    0.43646408839779005
  ],
  "braycurtis": [
    0.2675438596491228
  ],
  "dice": [
    0.2791519434628975
  ],
  "cosinus": [
    0.1216806331076421
  ]
}