{
  "voc_eval_res": {
    "precision": 70.0,
    "recall": 53.8462,
    "f-score": 60.8696
  },
  "KL_res": {
    "KL divergence": 2.613689829229032,
    "Euclidean Dist.": 0.2909460708071989,
    "WER": 0.46153846153846156,
    "CER": 0.390625,
    "Cosine Dist.": 0.25399615340774906
  },
  "occ_eval_res": {
    "precision": 63.6364,
    "recall": 53.8462,
    "f-score": 58.3333
  },
  "clean_eval": {
    "f-score": 76.01809954751133,
    "precision": 76.36363636363637,
    "recall": 75.67567567567568,
    "tp": 84,
    "fp": 26,
    "fn": 27
  },
  "jaccard": [
    0.5486111111111112
  ],
  "braycurtis": [
    0.3865546218487395
  ],
  "dice": [
    0.37799043062200954
  ],
  "cosinus": [
    0.30318104916247757
  ]
}