{
  "voc_eval_res": {
    "precision": 75.7576,
    "recall": 67.5676,
    "f-score": 71.4286
  },
  "KL_res": {
    "KL divergence": 1.3215999060817145,
    "Euclidean Dist.": 0.12801073174305264,
    "WER": 0.43902439024390244,
    "CER": 0.3549618320610687,
    "Cosine Dist.": 0.14224960755722427
  },
  "occ_eval_res": {
    "precision": 77.1429,
    "recall": 65.8537,
    "f-score": 71.0526
  },
  "clean_eval": {
    "f-score": 34.92884864165588,
    "precision": 32.846715328467155,
    "recall": 37.29281767955801,
    "tp": 135,
    "fp": 276,
    "fn": 227
  },
  "jaccard": [
    0.3288409703504043
  ],
  "braycurtis": [
    0.21
  ],
  "dice": [
    0.1967741935483871
  ],
  "cosinus": [
    0.10275596242375018
  ]
}