{
  "voc_eval_res": {
    "precision": 50.0,
    "recall": 61.5385,
    "f-score": 55.1724
  },
  "KL_res": {
    "KL divergence": 1.5166522994090115,
    "Euclidean Dist.": 0.22842602318801478,
    "WER": 0.5555555555555556,
    "CER": 0.3884297520661157,
    "Cosine Dist.": 0.16774962142352123
  },
  "occ_eval_res": {
    "precision": 57.8947,
    "recall": 61.1111,
    "f-score": 59.4595
  },
  "clean_eval": {
    "f-score": 65.38461538461539,
    "precision": 61.34020618556701,
    "recall": 70.0,
    "tp": 119,
    "fp": 75,
    "fn": 51
  },
  "jaccard": [
    0.5394736842105263
  ],
  "braycurtis": [
    0.3794642857142857
  ],
  "dice": [
    0.36936936936936937
  ],
  "cosinus": [
    0.2192412746307364
  ]
}