{
  "voc_eval_res": {
    "precision": 50.0,
    "recall": 33.3333,
    "f-score": 40.0
  },
  "KL_res": {
    "KL divergence": 4.572599465661606,
    "Euclidean Dist.": 0.41943524640393054,
    "WER": 0.8888888888888888,
    "CER": 0.7323943661971831,
    "Cosine Dist.": 0.42264973081037427
  },
  "occ_eval_res": {
    "precision": 50.0,
    "recall": 33.3333,
    "f-score": 40.0
  },
  "clean_eval": {
    "f-score": 32.60869565217391,
    "precision": 27.27272727272727,
    "recall": 40.54054054054054,
    "tp": 30,
    "fp": 80,
    "fn": 44
  },
  "jaccard": [
    0.7295597484276729
  ],
  "braycurtis": [
    0.5636363636363636
  ],
  "dice": [
    0.5742574257425742
  ],
  "cosinus": [
    0.49867778617030056
  ]
}