{
  "voc_eval_res": {
    "precision": 44.4444,
    "recall": 47.0588,
    "f-score": 45.7143
  },
  "KL_res": {
    "KL divergence": 2.938355109975713,
    "Euclidean Dist.": 0.2545875386086578,
    "WER": 0.7222222222222222,
    "CER": 0.5178571428571429,
    "Cosine Dist.": 0.36597704169128775
  },
  "occ_eval_res": {
    "precision": 44.4444,
    "recall": 44.4444,
    "f-score": 44.4444
  },
  "clean_eval": {
    "f-score": 60.51282051282051,
    "precision": 57.00483091787439,
    "recall": 64.48087431693989,
    "tp": 118,
    "fp": 89,
    "fn": 65
  },
  "jaccard": [
    0.4626334519572954
  ],
  "braycurtis": [
    0.2898089171974522
  ],
  "dice": [
    0.30092592592592593
  ],
  "cosinus": [
    0.15550250778394348
  ]
}