{
  "voc_eval_res": {
    "precision": 60.0,
    "recall": 35.2941,
    "f-score": 44.4444
  },
  "KL_res": {
    "KL divergence": 3.9250356828330615,
    "Euclidean Dist.": 0.3182361359543363,
    "WER": 0.6842105263157895,
    "CER": 0.5345911949685535,
    "Cosine Dist.": 0.3812815664617709
  },
  "occ_eval_res": {
    "precision": 60.0,
    "recall": 31.5789,
    "f-score": 41.3793
  },
  "clean_eval": {
    "f-score": 47.647058823529406,
    "precision": 37.15596330275229,
    "recall": 66.39344262295081,
    "tp": 81,
    "fp": 137,
    "fn": 41
  },
  "jaccard": [
    0.5564516129032258
  ],
  "braycurtis": [
    0.4448979591836735
  ],
  "dice": [
    0.3854748603351955
  ],
  "cosinus": [
    0.2762847197195457
  ]
}