{
  "voc_eval_res": {
    "precision": 34.6154,
    "recall": 42.8571,
    "f-score": 38.2979
  },
  "KL_res": {
    "KL divergence": 2.84398235345597,
    "Euclidean Dist.": 0.20713587690735744,
    "WER": 0.875,
    "CER": 0.5027624309392266,
    "Cosine Dist.": 0.28625357285367004
  },
  "occ_eval_res": {
    "precision": 41.3793,
    "recall": 50.0,
    "f-score": 45.283
  },
  "clean_eval": {
    "f-score": 32.31597845601436,
    "precision": 33.83458646616541,
    "recall": 30.927835051546392,
    "tp": 90,
    "fp": 176,
    "fn": 201
  },
  "jaccard": [
    0.5602409638554217
  ],
  "braycurtis": [
    0.34120734908136485
  ],
  "dice": [
    0.3891213389121339
  ],
  "cosinus": [
    0.17518458008434012
  ]
}