{
  "voc_eval_res": {
    "precision": 66.6667,
    "recall": 33.3333,
    "f-score": 44.4444
  },
  "KL_res": {
    "KL divergence": 4.737057497065784,
    "Euclidean Dist.": 0.5773502691896258,
    "WER": 0.6666666666666666,
    "CER": 0.5185185185185185,
    "Cosine Dist.": 0.36754446796632423
  },
  "occ_eval_res": {
    "precision": 66.6667,
    "recall": 33.3333,
    "f-score": 44.4444
  },
  "clean_eval": {
    "f-score": 51.78571428571428,
    "precision": 39.189189189189186,
    "recall": 76.31578947368422,
    "tp": 29,
    "fp": 45,
    "fn": 9
  },
  "jaccard": [
    0.5922330097087378
  ],
  "braycurtis": [
    0.45569620253164556
  ],
  "dice": [
    0.4206896551724138
  ],
  "cosinus": [
    0.3702597143128119
  ]
}