{
  "voc_eval_res": {
    "precision": 50.0,
    "recall": 40.0,
    "f-score": 44.4444
  },
  "KL_res": {
    "KL divergence": 4.185636317884414,
    "Euclidean Dist.": 0.5049752469181039,
    "WER": 0.6,
    "CER": 0.2558139534883721,
    "Cosine Dist.": 0.38278660015163235
  },
  "occ_eval_res": {
    "precision": 50.0,
    "recall": 40.0,
    "f-score": 44.4444
  },
  "clean_eval": {
    "f-score": 57.42574257425742,
    "precision": 46.774193548387096,
    "recall": 74.35897435897436,
    "tp": 29,
    "fp": 33,
    "fn": 10
  },
  "jaccard": [
    0.3793103448275862
  ],
  "braycurtis": [
    0.25675675675675674
  ],
  "dice": [
    0.23404255319148937
  ],
  "cosinus": [
    0.22866716559372768
  ]
}