{
  "voc_eval_res": {
    "precision": 62.5,
    "recall": 62.5,
    "f-score": 62.5
  },
  "KL_res": {
    "KL divergence": 1.5909279836661658,
    "Euclidean Dist.": 0.17046310287314817,
    "WER": 0.42857142857142855,
    "CER": 0.2621359223300971,
    "Cosine Dist.": 0.16725438164236706
  },
  "occ_eval_res": {
    "precision": 62.069,
    "recall": 64.2857,
    "f-score": 63.1579
  },
  "clean_eval": {
    "f-score": 19.426751592356688,
    "precision": 18.711656441717793,
    "recall": 20.198675496688743,
    "tp": 61,
    "fp": 265,
    "fn": 241
  },
  "jaccard": [
    0.3860759493670886
  ],
  "braycurtis": [
    0.23205741626794257
  ],
  "dice": [
    0.23921568627450981
  ],
  "cosinus": [
    0.10667950250967795
  ]
}