{
  "voc_eval_res": {
    "precision": 41.3793,
    "recall": 57.1429,
    "f-score": 48.0
  },
  "KL_res": {
    "KL divergence": 2.003372311816188,
    "Euclidean Dist.": 0.2093255538628765,
    "WER": 0.76,
    "CER": 0.3709677419354839,
    "Cosine Dist.": 0.2757544144743205
  },
  "occ_eval_res": {
    "precision": 43.75,
    "recall": 56.0,
    "f-score": 49.1228
  },
  "clean_eval": {
    "f-score": 13.08089500860585,
    "precision": 14.901960784313726,
    "recall": 11.65644171779141,
    "tp": 38,
    "fp": 217,
    "fn": 288
  },
  "jaccard": [
    0.4796511627906977
  ],
  "braycurtis": [
    0.29927007299270075
  ],
  "dice": [
    0.3154875717017208
  ],
  "cosinus": [
    0.13528414034126723
  ]
}