{
  "voc_eval_res": {
    "precision": 50.0,
    "recall": 25.0,
    "f-score": 33.3333
  },
  "KL_res": {
    "KL divergence": 5.980920399791161,
    "Euclidean Dist.": 0.75,
    "WER": 0.75,
    "CER": 0.6666666666666666,
    "Cosine Dist.": 0.4836022205056778
  },
  "occ_eval_res": {
    "precision": 50.0,
    "recall": 25.0,
    "f-score": 33.3333
  },
  "clean_eval": {
    "f-score": 33.84615384615385,
    "precision": 22.0,
    "recall": 73.33333333333333,
    "tp": 11,
    "fp": 39,
    "fn": 4
  },
  "jaccard": [
    0.71875
  ],
  "braycurtis": [
    0.5476190476190477
  ],
  "dice": [
    0.5609756097560976
  ],
  "cosinus": [
    0.45687636988253477
  ]
}