{
  "voc_eval_res": {
    "precision": 40.0,
    "recall": 34.7826,
    "f-score": 37.2093
  },
  "KL_res": {
    "KL divergence": 3.3808398861538214,
    "Euclidean Dist.": 0.2420279215150587,
    "WER": 0.7692307692307693,
    "CER": 0.4587628865979381,
    "Cosine Dist.": 0.3877551020408164
  },
  "occ_eval_res": {
    "precision": 40.0,
    "recall": 38.4615,
    "f-score": 39.2157
  },
  "clean_eval": {
    "f-score": 29.136690647482013,
    "precision": 27.93103448275862,
    "recall": 30.451127819548873,
    "tp": 81,
    "fp": 209,
    "fn": 185
  },
  "jaccard": [
    0.5184049079754601
  ],
  "braycurtis": [
    0.3791208791208791
  ],
  "dice": [
    0.3498964803312629
  ],
  "cosinus": [
    0.287876611037984
  ]
}