{
  "voc_eval_res": {
    "precision": 0,
    "recall": 0,
    "f-score": 0
  },
  "KL_res": {
    "KL divergence": 10.413277337857604,
    "Euclidean Dist.": 0.7302967433402215,
    "WER": 1.6666666666666667,
    "CER": 0.7916666666666666,
    "Cosine Dist.": 1.0
  },
  "occ_eval_res": {
    "precision": 0,
    "recall": 0,
    "f-score": 0
  },
  "clean_eval": {
    "f-score": 54.0,
    "precision": 71.05263157894737,
    "recall": 43.54838709677419,
    "tp": 27,
    "fp": 11,
    "fn": 35
  },
  "jaccard": [
    0.7195121951219512
  ],
  "braycurtis": [
    0.5636363636363636
  ],
  "dice": [
    0.5619047619047619
  ],
  "cosinus": [
    0.5561226455426476
  ]
}