{
  "voc_eval_res": {
    "precision": 85.0,
    "recall": 80.9524,
    "f-score": 82.9268
  },
  "KL_res": {
    "KL divergence": 0.5599714725252779,
    "Euclidean Dist.": 0.1258230590542157,
    "WER": 0.3902439024390244,
    "CER": 0.4150197628458498,
    "Cosine Dist.": 0.06178356918943795
  },
  "occ_eval_res": {
    "precision": 86.1111,
    "recall": 75.6098,
    "f-score": 80.5195
  },
  "clean_eval": {
    "f-score": 47.429906542056074,
    "precision": 48.1042654028436,
    "recall": 46.774193548387096,
    "tp": 203,
    "fp": 219,
    "fn": 231
  },
  "jaccard": [
    0.38831615120274915
  ],
  "braycurtis": [
    0.250996015936255
  ],
  "dice": [
    0.24093816631130063
  ],
  "cosinus": [
    0.11444831393036958
  ]
}