{
  "voc_eval_res": {
    "precision": 100.0,
    "recall": 41.6667,
    "f-score": 58.8235
  },
  "KL_res": {
    "KL divergence": 3.5473133876049268,
    "Euclidean Dist.": 0.42979323194092095,
    "WER": 0.75,
    "CER": 0.7741935483870968,
    "Cosine Dist.": 0.2330350111526296
  },
  "occ_eval_res": {
    "precision": 100.0,
    "recall": 41.6667,
    "f-score": 58.8235
  },
  "clean_eval": {
    "f-score": 37.49999999999999,
    "precision": 26.71232876712329,
    "recall": 62.903225806451616,
    "tp": 39,
    "fp": 107,
    "fn": 23
  },
  "jaccard": [
    0.64375
  ],
  "braycurtis": [
    0.5163934426229508
  ],
  "dice": [
    0.47465437788018433
  ],
  "cosinus": [
    0.35012565894879155
  ]
}