{
  "voc_eval_res": {
    "precision": 47.3684,
    "recall": 56.25,
    "f-score": 51.4286
  },
  "KL_res": {
    "KL divergence": 2.259770931251935,
    "Euclidean Dist.": 0.2746826641528646,
    "WER": 0.7222222222222222,
    "CER": 0.46153846153846156,
    "Cosine Dist.": 0.35069053028894925
  },
  "occ_eval_res": {
    "precision": 47.3684,
    "recall": 50.0,
    "f-score": 48.6486
  },
  "clean_eval": {
    "f-score": 63.07692307692307,
    "precision": 56.42201834862385,
    "recall": 71.51162790697676,
    "tp": 123,
    "fp": 95,
    "fn": 49
  },
  "jaccard": [
    0.4711864406779661
  ],
  "braycurtis": [
    0.3238993710691824
  ],
  "dice": [
    0.3082039911308204
  ],
  "cosinus": [
    0.19884016237355584
  ]
}