{
  "voc_eval_res": {
    "precision": 100.0,
    "recall": 60.0,
    "f-score": 75.0
  },
  "KL_res": {
    "KL divergence": 2.315906221573749,
    "Euclidean Dist.": 0.43204937989385733,
    "WER": 0.4,
    "CER": 0.3235294117647059,
    "Cosine Dist.": 0.13397459621556163
  },
  "occ_eval_res": {
    "precision": 100.0,
    "recall": 60.0,
    "f-score": 75.0
  },
  "clean_eval": {
    "f-score": 53.57142857142857,
    "precision": 48.38709677419355,
    "recall": 60.0,
    "tp": 30,
    "fp": 32,
    "fn": 20
  },
  "jaccard": [
    0.39705882352941174
  ],
  "braycurtis": [
    0.24561403508771928
  ],
  "dice": [
    0.24770642201834864
  ],
  "cosinus": [
    0.21751841030335395
  ]
}