{
  "voc_eval_res": {
    "precision": 55.5556,
    "recall": 47.619,
    "f-score": 51.2821
  },
  "KL_res": {
    "KL divergence": 3.1003969778091784,
    "Euclidean Dist.": 0.24550335218939803,
    "WER": 0.6538461538461539,
    "CER": 0.38509316770186336,
    "Cosine Dist.": 0.31966394858339076
  },
  "occ_eval_res": {
    "precision": 54.5455,
    "recall": 46.1538,
    "f-score": 50.0
  },
  "clean_eval": {
    "f-score": 29.067245119305856,
    "precision": 27.685950413223143,
    "recall": 30.59360730593607,
    "tp": 67,
    "fp": 175,
    "fn": 152
  },
  "jaccard": [
    0.516245487364621
  ],
  "braycurtis": [
    0.3377926421404682
  ],
  "dice": [
    0.34793187347931875
  ],
  "cosinus": [
    0.2109863150618625
  ]
}