{
  "voc_eval_res": {
    "precision": 41.6667,
    "recall": 29.4118,
    "f-score": 34.4828
  },
  "KL_res": {
    "KL divergence": 4.283604341081876,
    "Euclidean Dist.": 0.3081062974589876,
    "WER": 0.7619047619047619,
    "CER": 0.5354330708661418,
    "Cosine Dist.": 0.4065575739437918
  },
  "occ_eval_res": {
    "precision": 46.1538,
    "recall": 28.5714,
    "f-score": 35.2941
  },
  "clean_eval": {
    "f-score": 42.27129337539432,
    "precision": 34.5360824742268,
    "recall": 54.47154471544715,
    "tp": 67,
    "fp": 127,
    "fn": 56
  },
  "jaccard": [
    0.6550218340611353
  ],
  "braycurtis": [
    0.463768115942029
  ],
  "dice": [
    0.487012987012987
  ],
  "cosinus": [
    0.2980450282755027
  ]
}