{
  "voc_eval_res": {
    "precision": 66.6667,
    "recall": 33.3333,
    "f-score": 44.4444
  },
  "KL_res": {
    "KL divergence": 4.737057497065784,
    "Euclidean Dist.": 0.5773502691896258,
    "WER": 0.6666666666666666,
    "CER": 0.47058823529411764,
    "Cosine Dist.": 0.36754446796632423
  },
  "occ_eval_res": {
    "precision": 66.6667,
    "recall": 33.3333,
    "f-score": 44.4444
  },
  "clean_eval": {
    "f-score": 37.5,
    "precision": 28.37837837837838,
    "recall": 55.26315789473685,
    "tp": 21,
    "fp": 53,
    "fn": 17
  },
  "jaccard": [
    0.54
  ],
  "braycurtis": [
    0.3684210526315789
  ],
  "dice": [
    0.3698630136986301
  ],
  "cosinus": [
    0.32134890693688845
  ]
}