{
  "voc_eval_res": {
    "precision": 70.3704,
    "recall": 73.0769,
    "f-score": 71.6981
  },
  "KL_res": {
    "KL divergence": 1.438995528091005,
    "Euclidean Dist.": 0.16487144819179922,
    "WER": 0.45161290322580644,
    "CER": 0.32608695652173914,
    "Cosine Dist.": 0.17877615588042162
  },
  "occ_eval_res": {
    "precision": 72.4138,
    "recall": 67.7419,
    "f-score": 70.0
  },
  "clean_eval": {
    "f-score": 8.98876404494382,
    "precision": 8.83977900552486,
    "recall": 9.142857142857142,
    "tp": 32,
    "fp": 330,
    "fn": 318
  },
  "jaccard": [
    0.33430232558139533
  ],
  "braycurtis": [
    0.2356828193832599
  ],
  "dice": [
    0.2006980802792321
  ],
  "cosinus": [
    0.1414610634257909
  ]
}