{
  "voc_eval_res": {
    "precision": 0,
    "recall": 0,
    "f-score": 0
  },
  "KL_res": {
    "KL divergence": 10.125821005765951,
    "Euclidean Dist.": 0.7071067811865476,
    "WER": 1.0,
    "CER": 0.7692307692307693,
    "Cosine Dist.": 1.0
  },
  "occ_eval_res": {
    "precision": 0,
    "recall": 0,
    "f-score": 0
  },
  "clean_eval": {
    "f-score": 72.0,
    "precision": 72.0,
    "recall": 72.0,
    "tp": 36,
    "fp": 14,
    "fn": 14
  },
  "jaccard": [
    0.8641975308641975
  ],
  "braycurtis": [
    0.7708333333333334
  ],
  "dice": [
    0.7608695652173914
  ],
  "cosinus": [
    0.7691880855661539
  ]
}