{
  "voc_eval_res": {
    "precision": 52.0,
    "recall": 54.1667,
    "f-score": 53.0612
  },
  "KL_res": {
    "KL divergence": 2.1744442370225565,
    "Euclidean Dist.": 0.19945054841238902,
    "WER": 0.6296296296296297,
    "CER": 0.418848167539267,
    "Cosine Dist.": 0.27536843217334983
  },
  "occ_eval_res": {
    "precision": 51.8519,
    "recall": 51.8519,
    "f-score": 51.8519
  },
  "clean_eval": {
    "f-score": 46.93251533742331,
    "precision": 46.93251533742331,
    "recall": 46.93251533742331,
    "tp": 153,
    "fp": 173,
    "fn": 173
  },
  "jaccard": [
    0.5122699386503068
  ],
  "braycurtis": [
    0.3238341968911917
  ],
  "dice": [
    0.3443298969072165
  ],
  "cosinus": [
    0.17612327125888194
  ]
}