{
  "voc_eval_res": {
    "precision": 50.0,
    "recall": 16.6667,
    "f-score": 25.0
  },
  "KL_res": {
    "KL divergence": 6.8809903947533275,
    "Euclidean Dist.": 0.7817359599705717,
    "WER": 0.8333333333333334,
    "CER": 0.6666666666666666,
    "Cosine Dist.": 0.5635642195280153
  },
  "occ_eval_res": {
    "precision": 50.0,
    "recall": 16.6667,
    "f-score": 25.0
  },
  "clean_eval": {
    "f-score": 42.0,
    "precision": 28.37837837837838,
    "recall": 80.76923076923077,
    "tp": 21,
    "fp": 53,
    "fn": 5
  },
  "jaccard": [
    0.7352941176470589
  ],
  "braycurtis": [
    0.6142857142857143
  ],
  "dice": [
    0.5813953488372093
  ],
  "cosinus": [
    0.4791182193075244
  ]
}