{
  "voc_eval_res": {
    "precision": 48.3871,
    "recall": 46.875,
    "f-score": 47.619
  },
  "KL_res": {
    "KL divergence": 2.536053526523879,
    "Euclidean Dist.": 0.20989590473500716,
    "WER": 0.7105263157894737,
    "CER": 0.39543726235741444,
    "Cosine Dist.": 0.32608695652173936
  },
  "occ_eval_res": {
    "precision": 47.2222,
    "recall": 44.7368,
    "f-score": 45.9459
  },
  "clean_eval": {
    "f-score": 31.806615776081426,
    "precision": 29.620853080568722,
    "recall": 34.34065934065934,
    "tp": 125,
    "fp": 297,
    "fn": 239
  },
  "jaccard": [
    0.46949602122015915
  ],
  "braycurtis": [
    0.30425963488843816
  ],
  "dice": [
    0.30675909878682844
  ],
  "cosinus": [
    0.14164149073866028
  ]
}