{
  "voc_eval_res": {
    "precision": 66.6667,
    "recall": 32.0,
    "f-score": 43.2432
  },
  "KL_res": {
    "KL divergence": 4.019708319215952,
    "Euclidean Dist.": 0.2934334630104555,
    "WER": 0.7037037037037037,
    "CER": 0.5238095238095238,
    "Cosine Dist.": 0.33424971406431725
  },
  "occ_eval_res": {
    "precision": 69.2308,
    "recall": 33.3333,
    "f-score": 45.0
  },
  "clean_eval": {
    "f-score": 28.35820895522388,
    "precision": 22.265625,
    "recall": 39.04109589041096,
    "tp": 57,
    "fp": 199,
    "fn": 89
  },
  "jaccard": [
    0.548951048951049
  ],
  "braycurtis": [
    0.3841059602649007
  ],
  "dice": [
    0.3783132530120482
  ],
  "cosinus": [
    0.2616161084708275
  ]
}