{
  "voc_eval_res": {
    "precision": 37.931,
    "recall": 36.6667,
    "f-score": 37.2881
  },
  "KL_res": {
    "KL divergence": 3.790238004495601,
    "Euclidean Dist.": 0.2716182600302943,
    "WER": 0.972972972972973,
    "CER": 0.7228915662650602,
    "Cosine Dist.": 0.5769679805522463
  },
  "occ_eval_res": {
    "precision": 29.7297,
    "recall": 29.7297,
    "f-score": 29.7297
  },
  "clean_eval": {
    "f-score": 12.07865168539326,
    "precision": 10.804020100502512,
    "recall": 13.694267515923567,
    "tp": 43,
    "fp": 355,
    "fn": 271
  },
  "jaccard": [
    0.5407608695652174
  ],
  "braycurtis": [
    0.4575569358178054
  ],
  "dice": [
    0.37057728119180633
  ],
  "cosinus": [
    0.31092240053156595
  ]
}