{
  "voc_eval_res": {
    "precision": 62.5,
    "recall": 45.4545,
    "f-score": 52.6316
  },
  "KL_res": {
    "KL divergence": 3.329672449845876,
    "Euclidean Dist.": 0.3287608213974871,
    "WER": 0.8181818181818182,
    "CER": 0.6,
    "Cosine Dist.": 0.3066247547184636
  },
  "occ_eval_res": {
    "precision": 62.5,
    "recall": 45.4545,
    "f-score": 52.6316
  },
  "clean_eval": {
    "f-score": 41.30434782608695,
    "precision": 38.775510204081634,
    "recall": 44.18604651162791,
    "tp": 38,
    "fp": 60,
    "fn": 48
  },
  "jaccard": [
    0.6148148148148148
  ],
  "braycurtis": [
    0.4563106796116505
  ],
  "dice": [
    0.44385026737967914
  ],
  "cosinus": [
    0.3952807730333676
  ]
}