{
  "voc_eval_res": {
    "precision": 22.5806,
    "recall": 26.9231,
    "f-score": 24.5614
  },
  "KL_res": {
    "KL divergence": 5.016556327984426,
    "Euclidean Dist.": 0.2927839629822505,
    "WER": 1.2571428571428571,
    "CER": 0.7112970711297071,
    "Cosine Dist.": 0.7142986709682919
  },
  "occ_eval_res": {
    "precision": 18.0,
    "recall": 25.7143,
    "f-score": 21.1765
  },
  "clean_eval": {
    "f-score": 4.266666666666666,
    "precision": 4.733727810650888,
    "recall": 3.8834951456310676,
    "tp": 16,
    "fp": 322,
    "fn": 396
  },
  "jaccard": [
    0.610079575596817
  ],
  "braycurtis": [
    0.44954128440366975
  ],
  "dice": [
    0.4389312977099237
  ],
  "cosinus": [
    0.3175413840232265
  ]
}