{
  "voc_eval_res": {
    "precision": 100.0,
    "recall": 57.1429,
    "f-score": 72.7273
  },
  "KL_res": {
    "KL divergence": 2.443369751637241,
    "Euclidean Dist.": 0.3912303982179758,
    "WER": 0.42857142857142855,
    "CER": 0.41379310344827586,
    "Cosine Dist.": 0.14719713457755845
  },
  "occ_eval_res": {
    "precision": 100.0,
    "recall": 57.1429,
    "f-score": 72.7273
  },
  "clean_eval": {
    "f-score": 57.35294117647059,
    "precision": 45.348837209302324,
    "recall": 78.0,
    "tp": 39,
    "fp": 47,
    "fn": 11
  },
  "jaccard": [
    0.41
  ],
  "braycurtis": [
    0.2808988764044944
  ],
  "dice": [
    0.2578616352201258
  ],
  "cosinus": [
    0.1849123874748474
  ]
}