{
  "voc_eval_res": {
    "precision": 57.1429,
    "recall": 40.0,
    "f-score": 47.0588
  },
  "KL_res": {
    "KL divergence": 3.067535843005306,
    "Euclidean Dist.": 0.24825781849610384,
    "WER": 0.7083333333333334,
    "CER": 0.5214285714285715,
    "Cosine Dist.": 0.26500606367496216
  },
  "occ_eval_res": {
    "precision": 62.5,
    "recall": 41.6667,
    "f-score": 50.0
  },
  "clean_eval": {
    "f-score": 57.446808510638306,
    "precision": 49.54128440366973,
    "recall": 68.35443037974683,
    "tp": 108,
    "fp": 110,
    "fn": 50
  },
  "jaccard": [
    0.5650406504065041
  ],
  "braycurtis": [
    0.3483606557377049
  ],
  "dice": [
    0.3937677053824363
  ],
  "cosinus": [
    0.21367063109936102
  ]
}