{
  "voc_eval_res": {
    "precision": 55.5556,
    "recall": 47.619,
    "f-score": 51.2821
  },
  "KL_res": {
    "KL divergence": 2.9391782685644263,
    "Euclidean Dist.": 0.22539755367572545,
    "WER": 0.6521739130434783,
    "CER": 0.44571428571428573,
    "Cosine Dist.": 0.2949760120893674
  },
  "occ_eval_res": {
    "precision": 57.8947,
    "recall": 47.8261,
    "f-score": 52.381
  },
  "clean_eval": {
    "f-score": 50.9433962264151,
    "precision": 46.95652173913044,
    "recall": 55.670103092783506,
    "tp": 108,
    "fp": 122,
    "fn": 86
  },
  "jaccard": [
    0.5085324232081911
  ],
  "braycurtis": [
    0.3191489361702128
  ],
  "dice": [
    0.34096109839816935
  ],
  "cosinus": [
    0.18823706282464914
  ]
}