{
  "voc_eval_res": {
    "precision": 42.1053,
    "recall": 42.1053,
    "f-score": 42.1053
  },
  "KL_res": {
    "KL divergence": 3.2733647754528112,
    "Euclidean Dist.": 0.2501107787802234,
    "WER": 0.7,
    "CER": 0.4530386740331492,
    "Cosine Dist.": 0.39697731084447285
  },
  "occ_eval_res": {
    "precision": 42.1053,
    "recall": 40.0,
    "f-score": 41.0256
  },
  "clean_eval": {
    "f-score": 32.071269487750556,
    "precision": 31.16883116883117,
    "recall": 33.02752293577982,
    "tp": 72,
    "fp": 159,
    "fn": 146
  },
  "jaccard": [
    0.5108359133126935
  ],
  "braycurtis": [
    0.3433734939759036
  ],
  "dice": [
    0.34303534303534305
  ],
  "cosinus": [
    0.18473320819734695
  ]
}