{
  "voc_eval_res": {
    "precision": 50.0,
    "recall": 50.0,
    "f-score": 50.0
  },
  "KL_res": {
    "KL divergence": 3.3753636746863984,
    "Euclidean Dist.": 0.5,
    "WER": 0.75,
    "CER": 0.4166666666666667,
    "Cosine Dist.": 0.33333333333333337
  },
  "occ_eval_res": {
    "precision": 50.0,
    "recall": 50.0,
    "f-score": 50.0
  },
  "clean_eval": {
    "f-score": 67.41573033707866,
    "precision": 60.0,
    "recall": 76.92307692307693,
    "tp": 30,
    "fp": 20,
    "fn": 9
  },
  "jaccard": [
    0.4578313253012048
  ],
  "braycurtis": [
    0.31343283582089554
  ],
  "dice": [
    0.296875
  ],
  "cosinus": [
    0.287403741779367
  ]
}