{
  "voc_eval_res": {
    "precision": 50.0,
    "recall": 16.6667,
    "f-score": 25.0
  },
  "KL_res": {
    "KL divergence": 6.8809903947533275,
    "Euclidean Dist.": 0.7817359599705717,
    "WER": 0.8333333333333334,
    "CER": 0.5897435897435898,
    "Cosine Dist.": 0.5635642195280153
  },
  "occ_eval_res": {
    "precision": 50.0,
    "recall": 16.6667,
    "f-score": 25.0
  },
  "clean_eval": {
    "f-score": 45.45454545454545,
    "precision": 32.25806451612903,
    "recall": 76.92307692307693,
    "tp": 20,
    "fp": 42,
    "fn": 6
  },
  "jaccard": [
    0.6111111111111112
  ],
  "braycurtis": [
    0.46153846153846156
  ],
  "dice": [
    0.44
  ],
  "cosinus": [
    0.3885186586438183
  ]
}