{
  "voc_eval_res": {
    "precision": 11.1111,
    "recall": 7.6923,
    "f-score": 9.0909
  },
  "KL_res": {
    "KL divergence": 6.302287287996911,
    "Euclidean Dist.": 0.3916991468079038,
    "WER": 0.8888888888888888,
    "CER": 0.6944444444444444,
    "Cosine Dist.": 0.4347331362808051
  },
  "occ_eval_res": {
    "precision": 27.2727,
    "recall": 16.6667,
    "f-score": 20.6897
  },
  "clean_eval": {
    "f-score": 54.889589905362776,
    "precision": 44.61538461538462,
    "recall": 71.31147540983606,
    "tp": 87,
    "fp": 108,
    "fn": 35
  },
  "jaccard": [
    0.901840490797546
  ],
  "braycurtis": [
    0.8017241379310345
  ],
  "dice": [
    0.8212290502793296
  ],
  "cosinus": [
    0.6636075374494497
  ]
}