{
  "voc_eval_res": {
    "precision": 61.5385,
    "recall": 61.5385,
    "f-score": 61.5385
  },
  "KL_res": {
    "KL divergence": 2.4564876273423755,
    "Euclidean Dist.": 0.26624266900188387,
    "WER": 0.5,
    "CER": 0.34782608695652173,
    "Cosine Dist.": 0.287303354900202
  },
  "occ_eval_res": {
    "precision": 61.5385,
    "recall": 57.1429,
    "f-score": 59.2593
  },
  "clean_eval": {
    "f-score": 59.374999999999986,
    "precision": 62.295081967213115,
    "recall": 56.71641791044776,
    "tp": 76,
    "fp": 46,
    "fn": 58
  },
  "jaccard": [
    0.43902439024390244
  ],
  "braycurtis": [
    0.31216931216931215
  ],
  "dice": [
    0.28125
  ],
  "cosinus": [
    0.2727045475850215
  ]
}