{
  "voc_eval_res": {
    "precision": 43.75,
    "recall": 53.8462,
    "f-score": 48.2759
  },
  "KL_res": {
    "KL divergence": 2.1977140882858257,
    "Euclidean Dist.": 0.25037009642763886,
    "WER": 0.6111111111111112,
    "CER": 0.4084507042253521,
    "Cosine Dist.": 0.21568627450980415
  },
  "occ_eval_res": {
    "precision": 50.0,
    "recall": 55.5556,
    "f-score": 52.6316
  },
  "clean_eval": {
    "f-score": 34.78260869565218,
    "precision": 36.69724770642202,
    "recall": 33.057851239669425,
    "tp": 80,
    "fp": 138,
    "fn": 162
  },
  "jaccard": [
    0.4834123222748815
  ],
  "braycurtis": [
    0.28169014084507044
  ],
  "dice": [
    0.31875
  ],
  "cosinus": [
    0.14682436598106152
  ]
}