{
  "voc_eval_res": {
    "precision": 80.0,
    "recall": 57.1429,
    "f-score": 66.6667
  },
  "KL_res": {
    "KL divergence": 2.5002126897604673,
    "Euclidean Dist.": 0.3568570284799085,
    "WER": 0.42857142857142855,
    "CER": 0.3103448275862069,
    "Cosine Dist.": 0.19596974779263032
  },
  "occ_eval_res": {
    "precision": 80.0,
    "recall": 57.1429,
    "f-score": 66.6667
  },
  "clean_eval": {
    "f-score": 66.21621621621621,
    "precision": 56.97674418604651,
    "recall": 79.03225806451613,
    "tp": 49,
    "fp": 37,
    "fn": 13
  },
  "jaccard": [
    0.31
  ],
  "braycurtis": [
    0.2
  ],
  "dice": [
    0.1834319526627219
  ],
  "cosinus": [
    0.13815235883918608
  ]
}