{
  "voc_eval_res": {
    "precision": 20.0,
    "recall": 33.3333,
    "f-score": 25.0
  },
  "KL_res": {
    "KL divergence": 5.3567345834744575,
    "Euclidean Dist.": 0.6463573143221771,
    "WER": 1.3333333333333333,
    "CER": 0.5714285714285714,
    "Cosine Dist.": 0.5917517095361371
  },
  "occ_eval_res": {
    "precision": 20.0,
    "recall": 33.3333,
    "f-score": 25.0
  },
  "clean_eval": {
    "f-score": 58.00000000000001,
    "precision": 76.31578947368422,
    "recall": 46.774193548387096,
    "tp": 29,
    "fp": 9,
    "fn": 33
  },
  "jaccard": [
    0.7941176470588235
  ],
  "braycurtis": [
    0.6666666666666666
  ],
  "dice": [
    0.6585365853658537
  ],
  "cosinus": [
    0.6582957332488639
  ]
}