{
  "voc_eval_res": {
    "precision": 42.4242,
    "recall": 50.0,
    "f-score": 45.9016
  },
  "KL_res": {
    "KL divergence": 3.1659238927154845,
    "Euclidean Dist.": 0.2645918751809239,
    "WER": 1.0512820512820513,
    "CER": 0.6046511627906976,
    "Cosine Dist.": 0.5616900905398541
  },
  "occ_eval_res": {
    "precision": 36.1702,
    "recall": 43.5897,
    "f-score": 39.5349
  },
  "clean_eval": {
    "f-score": 11.557788944723619,
    "precision": 12.299465240641712,
    "recall": 10.90047393364929,
    "tp": 46,
    "fp": 328,
    "fn": 376
  },
  "jaccard": [
    0.48484848484848486
  ],
  "braycurtis": [
    0.3683241252302026
  ],
  "dice": [
    0.32
  ],
  "cosinus": [
    0.26556791231833743
  ]
}