{
  "voc_eval_res": {
    "precision": 44.4444,
    "recall": 80.0,
    "f-score": 57.1429
  },
  "KL_res": {
    "KL divergence": 0.8806667671884764,
    "Euclidean Dist.": 0.20253029037286874,
    "WER": 1.1666666666666667,
    "CER": 0.832579185520362,
    "Cosine Dist.": 0.148652992889874
  },
  "occ_eval_res": {
    "precision": 48.3333,
    "recall": 80.5556,
    "f-score": 60.4167
  },
  "clean_eval": {
    "f-score": 12.445414847161572,
    "precision": 16.28571428571429,
    "recall": 10.070671378091872,
    "tp": 57,
    "fp": 293,
    "fn": 509
  },
  "jaccard": [
    0.5186246418338109
  ],
  "braycurtis": [
    0.3462897526501767
  ],
  "dice": [
    0.35009671179883944
  ],
  "cosinus": [
    0.1405317502184884
  ]
}