{
  "voc_eval_res": {
    "precision": 50.0,
    "recall": 33.3333,
    "f-score": 40.0
  },
  "KL_res": {
    "KL divergence": 5.122094222398647,
    "Euclidean Dist.": 0.7264831572567789,
    "WER": 0.6666666666666666,
    "CER": 0.3333333333333333,
    "Cosine Dist.": 0.42264973081037427
  },
  "occ_eval_res": {
    "precision": 50.0,
    "recall": 33.3333,
    "f-score": 40.0
  },
  "clean_eval": {
    "f-score": 71.875,
    "precision": 60.526315789473685,
    "recall": 88.46153846153845,
    "tp": 23,
    "fp": 15,
    "fn": 3
  },
  "jaccard": [
    0.4166666666666667
  ],
  "braycurtis": [
    0.2631578947368421
  ],
  "dice": [
    0.2631578947368421
  ],
  "cosinus": [
    0.2503286263576677
  ]
}