{
  "voc_eval_res": {
    "precision": 43.4783,
    "recall": 37.037,
    "f-score": 40.0
  },
  "KL_res": {
    "KL divergence": 3.799277679391801,
    "Euclidean Dist.": 0.23034361518045238,
    "WER": 0.7333333333333333,
    "CER": 0.49038461538461536,
    "Cosine Dist.": 0.45289879556780677
  },
  "occ_eval_res": {
    "precision": 43.4783,
    "recall": 33.3333,
    "f-score": 37.7358
  },
  "clean_eval": {
    "f-score": 45.51724137931034,
    "precision": 39.053254437869825,
    "recall": 54.54545454545454,
    "tp": 132,
    "fp": 206,
    "fn": 110
  },
  "jaccard": [
    0.5348189415041783
  ],
  "braycurtis": [
    0.38016528925619836
  ],
  "dice": [
    0.3650190114068441
  ],
  "cosinus": [
    0.2676055017756064
  ]
}