{
  "voc_eval_res": {
    "precision": 45.1613,
    "recall": 45.1613,
    "f-score": 45.1613
  },
  "KL_res": {
    "KL divergence": 2.7002458132479417,
    "Euclidean Dist.": 0.18633899812498247,
    "WER": 0.6388888888888888,
    "CER": 0.3861788617886179,
    "Cosine Dist.": 0.31899477539300125
  },
  "occ_eval_res": {
    "precision": 47.2222,
    "recall": 47.2222,
    "f-score": 47.2222
  },
  "clean_eval": {
    "f-score": 46.25668449197861,
    "precision": 44.81865284974093,
    "recall": 47.790055248618785,
    "tp": 173,
    "fp": 213,
    "fn": 189
  },
  "jaccard": [
    0.48729792147806006
  ],
  "braycurtis": [
    0.3623481781376518
  ],
  "dice": [
    0.32213740458015266
  ],
  "cosinus": [
    0.23490651516688876
  ]
}