{
  "voc_eval_res": {
    "precision": 26.087,
    "recall": 20.0,
    "f-score": 22.6415
  },
  "KL_res": {
    "KL divergence": 4.830203628157632,
    "Euclidean Dist.": 0.24078318714120503,
    "WER": 0.8888888888888888,
    "CER": 0.6328125,
    "Cosine Dist.": 0.4963547512530613
  },
  "occ_eval_res": {
    "precision": 32.0,
    "recall": 22.2222,
    "f-score": 26.2295
  },
  "clean_eval": {
    "f-score": 25.3125,
    "precision": 23.142857142857142,
    "recall": 27.93103448275862,
    "tp": 81,
    "fp": 269,
    "fn": 209
  },
  "jaccard": [
    0.671264367816092
  ],
  "braycurtis": [
    0.487964989059081
  ],
  "dice": [
    0.5051903114186851
  ],
  "cosinus": [
    0.3143219535623505
  ]
}