{
  "voc_eval_res": {
    "precision": 37.5,
    "recall": 50.0,
    "f-score": 42.8571
  },
  "KL_res": {
    "KL divergence": 3.4074421288525727,
    "Euclidean Dist.": 0.33933074938017493,
    "WER": 0.8235294117647058,
    "CER": 0.4132231404958678,
    "Cosine Dist.": 0.43494206878238684
  },
  "occ_eval_res": {
    "precision": 36.8421,
    "recall": 41.1765,
    "f-score": 38.8889
  },
  "clean_eval": {
    "f-score": 19.19642857142857,
    "precision": 19.724770642201836,
    "recall": 18.695652173913043,
    "tp": 43,
    "fp": 175,
    "fn": 187
  },
  "jaccard": [
    0.4784688995215311
  ],
  "braycurtis": [
    0.3373493975903614
  ],
  "dice": [
    0.31446540880503143
  ],
  "cosinus": [
    0.1885552717224055
  ]
}