{
  "voc_eval_res": {
    "precision": 63.6364,
    "recall": 70.0,
    "f-score": 66.6667
  },
  "KL_res": {
    "KL divergence": 0.9649760197938324,
    "Euclidean Dist.": 0.13416323367455493,
    "WER": 0.7959183673469388,
    "CER": 0.6894409937888198,
    "Cosine Dist.": 0.11619314831599559
  },
  "occ_eval_res": {
    "precision": 67.3077,
    "recall": 71.4286,
    "f-score": 69.3069
  },
  "clean_eval": {
    "f-score": 13.81118881118881,
    "precision": 14.575645756457565,
    "recall": 13.122923588039868,
    "tp": 79,
    "fp": 463,
    "fn": 523
  },
  "jaccard": [
    0.32275132275132273
  ],
  "braycurtis": [
    0.24561403508771928
  ],
  "dice": [
    0.19242902208201892
  ],
  "cosinus": [
    0.1201947054067225
  ]
}