{
  "voc_eval_res": {
    "precision": 44.4444,
    "recall": 41.3793,
    "f-score": 42.8571
  },
  "KL_res": {
    "KL divergence": 3.255339821650361,
    "Euclidean Dist.": 0.2071427107067657,
    "WER": 0.7142857142857143,
    "CER": 0.6454545454545455,
    "Cosine Dist.": 0.36401116934565036
  },
  "occ_eval_res": {
    "precision": 48.2759,
    "recall": 40.0,
    "f-score": 43.75
  },
  "clean_eval": {
    "f-score": 24.375,
    "precision": 22.285714285714285,
    "recall": 26.89655172413793,
    "tp": 78,
    "fp": 272,
    "fn": 212
  },
  "jaccard": [
    0.5738916256157636
  ],
  "braycurtis": [
    0.41866028708133973
  ],
  "dice": [
    0.40241796200345425
  ],
  "cosinus": [
    0.2969870337153564
  ]
}