{
  "voc_eval_res": {
    "precision": 21.4286,
    "recall": 13.6364,
    "f-score": 16.6667
  },
  "KL_res": {
    "KL divergence": 5.949613927996295,
    "Euclidean Dist.": 0.30754403478743225,
    "WER": 0.875,
    "CER": 0.5284090909090909,
    "Cosine Dist.": 0.5708808760887092
  },
  "occ_eval_res": {
    "precision": 26.6667,
    "recall": 16.6667,
    "f-score": 20.5128
  },
  "clean_eval": {
    "f-score": 52.57731958762886,
    "precision": 42.14876033057851,
    "recall": 69.86301369863014,
    "tp": 102,
    "fp": 140,
    "fn": 44
  },
  "jaccard": [
    0.609271523178808
  ],
  "braycurtis": [
    0.4489795918367347
  ],
  "dice": [
    0.4380952380952381
  ],
  "cosinus": [
    0.3048878019740906
  ]
}