{
  "voc_eval_res": {
    "precision": 40.0,
    "recall": 41.3793,
    "f-score": 40.678
  },
  "KL_res": {
    "KL divergence": 3.209180513329464,
    "Euclidean Dist.": 0.22206597736724795,
    "WER": 0.8055555555555556,
    "CER": 0.4826086956521739,
    "Cosine Dist.": 0.4551704742825978
  },
  "occ_eval_res": {
    "precision": 38.2353,
    "recall": 36.1111,
    "f-score": 37.1429
  },
  "clean_eval": {
    "f-score": 11.602209944751381,
    "precision": 10.24390243902439,
    "recall": 13.375796178343949,
    "tp": 42,
    "fp": 368,
    "fn": 272
  },
  "jaccard": [
    0.5653409090909091
  ],
  "braycurtis": [
    0.4075829383886256
  ],
  "dice": [
    0.3940594059405941
  ],
  "cosinus": [
    0.24875772166463905
  ]
}