{
  "voc_eval_res": {
    "precision": 38.4615,
    "recall": 22.7273,
    "f-score": 28.5714
  },
  "KL_res": {
    "KL divergence": 4.964243490494871,
    "Euclidean Dist.": 0.29951775298593153,
    "WER": 0.8333333333333334,
    "CER": 0.4943181818181818,
    "Cosine Dist.": 0.45566894604818264
  },
  "occ_eval_res": {
    "precision": 42.8571,
    "recall": 25.0,
    "f-score": 31.5789
  },
  "clean_eval": {
    "f-score": 27.76349614395887,
    "precision": 22.31404958677686,
    "recall": 36.734693877551024,
    "tp": 54,
    "fp": 188,
    "fn": 93
  },
  "jaccard": [
    0.5719063545150501
  ],
  "braycurtis": [
    0.4129692832764505
  ],
  "dice": [
    0.40046838407494145
  ],
  "cosinus": [
    0.2987675912125528
  ]
}