{
  "voc_eval_res": {
    "precision": 44.4444,
    "recall": 80.0,
    "f-score": 57.1429
  },
  "KL_res": {
    "KL divergence": 1.2656740688130215,
    "Euclidean Dist.": 0.4547418206595806,
    "WER": 0.8333333333333334,
    "CER": 0.8837209302325582,
    "Cosine Dist.": 0.28388512596056714
  },
  "occ_eval_res": {
    "precision": 44.4444,
    "recall": 66.6667,
    "f-score": 53.3333
  },
  "clean_eval": {
    "f-score": 69.56521739130434,
    "precision": 86.48648648648648,
    "recall": 58.18181818181818,
    "tp": 64,
    "fp": 10,
    "fn": 46
  },
  "jaccard": [
    0.5955882352941176
  ],
  "braycurtis": [
    0.5043478260869565
  ],
  "dice": [
    0.42408376963350786
  ],
  "cosinus": [
    0.4172052443212735
  ]
}