{
  "voc_eval_res": {
    "precision": 33.3333,
    "recall": 33.3333,
    "f-score": 33.3333
  },
  "KL_res": {
    "KL divergence": 5.206922269619368,
    "Euclidean Dist.": 0.6666666666666666,
    "WER": 0.6666666666666666,
    "CER": 0.38461538461538464,
    "Cosine Dist.": 0.5
  },
  "occ_eval_res": {
    "precision": 33.3333,
    "recall": 33.3333,
    "f-score": 33.3333
  },
  "clean_eval": {
    "f-score": 81.57894736842104,
    "precision": 81.57894736842105,
    "recall": 81.57894736842105,
    "tp": 31,
    "fp": 7,
    "fn": 7
  },
  "jaccard": [
    0.5573770491803278
  ],
  "braycurtis": [
    0.4489795918367347
  ],
  "dice": [
    0.38636363636363635
  ],
  "cosinus": [
    0.3825610516698308
  ]
}