{
  "voc_eval_res": {
    "precision": 42.4242,
    "recall": 41.1765,
    "f-score": 41.791
  },
  "KL_res": {
    "KL divergence": 3.3119167202662156,
    "Euclidean Dist.": 0.23499951039998238,
    "WER": 0.925,
    "CER": 0.73828125,
    "Cosine Dist.": 0.5582925343260909
  },
  "occ_eval_res": {
    "precision": 35.8974,
    "recall": 35.0,
    "f-score": 35.443
  },
  "clean_eval": {
    "f-score": 9.296482412060302,
    "precision": 8.767772511848342,
    "recall": 9.893048128342247,
    "tp": 37,
    "fp": 385,
    "fn": 337
  },
  "jaccard": [
    0.5686274509803921
  ],
  "braycurtis": [
    0.40980392156862744
  ],
  "dice": [
    0.3972602739726027
  ],
  "cosinus": [
    0.23778121603016844
  ]
}