{
  "voc_eval_res": {
    "precision": 59.2593,
    "recall": 66.6667,
    "f-score": 62.7451
  },
  "KL_res": {
    "KL divergence": 1.7110018195060535,
    "Euclidean Dist.": 0.22861036891040004,
    "WER": 0.8780487804878049,
    "CER": 0.842741935483871,
    "Cosine Dist.": 0.2805944463995056
  },
  "occ_eval_res": {
    "precision": 50.0,
    "recall": 60.9756,
    "f-score": 54.9451
  },
  "clean_eval": {
    "f-score": 6.0728744939271255,
    "precision": 7.109004739336493,
    "recall": 5.30035335689046,
    "tp": 30,
    "fp": 392,
    "fn": 536
  },
  "jaccard": [
    0.4646153846153846
  ],
  "braycurtis": [
    0.42158516020236086
  ],
  "dice": [
    0.3026052104208417
  ],
  "cosinus": [
    0.2993539544112753
  ]
}