{
  "voc_eval_res": {
    "precision": 67.5676,
    "recall": 59.5238,
    "f-score": 63.2911
  },
  "KL_res": {
    "KL divergence": 1.4546404126195098,
    "Euclidean Dist.": 0.14502421040963562,
    "WER": 0.609375,
    "CER": 0.4198895027624309,
    "Cosine Dist.": 0.17996486226586395
  },
  "occ_eval_res": {
    "precision": 73.3333,
    "recall": 51.5625,
    "f-score": 60.5505
  },
  "clean_eval": {
    "f-score": 11.254612546125461,
    "precision": 9.744408945686901,
    "recall": 13.318777292576419,
    "tp": 61,
    "fp": 565,
    "fn": 397
  },
  "jaccard": [
    0.43488372093023253
  ],
  "braycurtis": [
    0.29439252336448596
  ],
  "dice": [
    0.27786032689450224
  ],
  "cosinus": [
    0.13544048616605697
  ]
}