{
  "voc_eval_res": {
    "precision": 66.6667,
    "recall": 40.0,
    "f-score": 50.0
  },
  "KL_res": {
    "KL divergence": 4.126713076928858,
    "Euclidean Dist.": 0.5497474167490214,
    "WER": 0.8,
    "CER": 0.6285714285714286,
    "Cosine Dist.": 0.3238765962171868
  },
  "occ_eval_res": {
    "precision": 66.6667,
    "recall": 40.0,
    "f-score": 50.0
  },
  "clean_eval": {
    "f-score": 58.00000000000001,
    "precision": 46.774193548387096,
    "recall": 76.31578947368422,
    "tp": 29,
    "fp": 33,
    "fn": 9
  },
  "jaccard": [
    0.5588235294117647
  ],
  "braycurtis": [
    0.4230769230769231
  ],
  "dice": [
    0.3877551020408163
  ],
  "cosinus": [
    0.34240405077857083
  ]
}