{
  "voc_eval_res": {
    "precision": 52.381,
    "recall": 50.0,
    "f-score": 51.1628
  },
  "KL_res": {
    "KL divergence": 2.3908514296695897,
    "Euclidean Dist.": 0.20728331342923165,
    "WER": 0.6296296296296297,
    "CER": 0.37745098039215685,
    "Cosine Dist.": 0.24580028884845384
  },
  "occ_eval_res": {
    "precision": 53.8462,
    "recall": 51.8519,
    "f-score": 52.8302
  },
  "clean_eval": {
    "f-score": 58.0226904376013,
    "precision": 54.90797546012271,
    "recall": 61.512027491408936,
    "tp": 179,
    "fp": 147,
    "fn": 112
  },
  "jaccard": [
    0.47634069400630913
  ],
  "braycurtis": [
    0.28883495145631066
  ],
  "dice": [
    0.31262939958592134
  ],
  "cosinus": [
    0.13720422274781852
  ]
}