{
  "voc_eval_res": {
    "precision": 21.7391,
    "recall": 33.3333,
    "f-score": 26.3158
  },
  "KL_res": {
    "KL divergence": 3.701407795459803,
    "Euclidean Dist.": 0.2766238883814424,
    "WER": 1.105263157894737,
    "CER": 0.6338028169014085,
    "Cosine Dist.": 0.4073622420102462
  },
  "occ_eval_res": {
    "precision": 28.0,
    "recall": 36.8421,
    "f-score": 31.8182
  },
  "clean_eval": {
    "f-score": 10.526315789473685,
    "precision": 11.570247933884298,
    "recall": 9.655172413793103,
    "tp": 28,
    "fp": 214,
    "fn": 262
  },
  "jaccard": [
    0.6056338028169014
  ],
  "braycurtis": [
    0.42950819672131146
  ],
  "dice": [
    0.43434343434343436
  ],
  "cosinus": [
    0.24631178725667802
  ]
}