{
  "voc_eval_res": {
    "precision": 0,
    "recall": 0,
    "f-score": 0
  },
  "KL_res": {
    "KL divergence": 10.126232183440985,
    "Euclidean Dist.": 0.8660254037844386,
    "WER": 1.0,
    "CER": 0.7142857142857143,
    "Cosine Dist.": 1.0
  },
  "occ_eval_res": {
    "precision": 0,
    "recall": 0,
    "f-score": 0
  },
  "clean_eval": {
    "f-score": 47.368421052631575,
    "precision": 36.0,
    "recall": 69.23076923076923,
    "tp": 18,
    "fp": 32,
    "fn": 8
  },
  "jaccard": [
    0.75
  ],
  "braycurtis": [
    0.6136363636363636
  ],
  "dice": [
    0.6
  ],
  "cosinus": [
    0.5402715001850829
  ]
}