{
  "voc_eval_res": {
    "precision": 44.0,
    "recall": 52.381,
    "f-score": 47.8261
  },
  "KL_res": {
    "KL divergence": 2.2884339640049207,
    "Euclidean Dist.": 0.20636828361142517,
    "WER": 0.7083333333333334,
    "CER": 0.5130890052356021,
    "Cosine Dist.": 0.2686896590264739
  },
  "occ_eval_res": {
    "precision": 46.4286,
    "recall": 54.1667,
    "f-score": 50.0
  },
  "clean_eval": {
    "f-score": 5.517241379310345,
    "precision": 5.755395683453238,
    "recall": 5.298013245033113,
    "tp": 16,
    "fp": 262,
    "fn": 286
  },
  "jaccard": [
    0.5413105413105413
  ],
  "braycurtis": [
    0.34673366834170855
  ],
  "dice": [
    0.37109375
  ],
  "cosinus": [
    0.16752979787858147
  ]
}