{
  "voc_eval_res": {
    "precision": 35.4839,
    "recall": 35.4839,
    "f-score": 35.4839
  },
  "KL_res": {
    "KL divergence": 3.3433751853340845,
    "Euclidean Dist.": 0.18991868413067498,
    "WER": 0.717948717948718,
    "CER": 0.5607843137254902,
    "Cosine Dist.": 0.3113134448794057
  },
  "occ_eval_res": {
    "precision": 44.4444,
    "recall": 41.0256,
    "f-score": 42.6667
  },
  "clean_eval": {
    "f-score": 12.060301507537687,
    "precision": 11.059907834101383,
    "recall": 13.259668508287293,
    "tp": 48,
    "fp": 386,
    "fn": 314
  },
  "jaccard": [
    0.5857142857142857
  ],
  "braycurtis": [
    0.3830227743271222
  ],
  "dice": [
    0.41414141414141414
  ],
  "cosinus": [
    0.23020437824596485
  ]
}