{
  "voc_eval_res": {
    "precision": 46.1538,
    "recall": 37.5,
    "f-score": 41.3793
  },
  "KL_res": {
    "KL divergence": 3.9200239137647284,
    "Euclidean Dist.": 0.2880606188258701,
    "WER": 0.75,
    "CER": 0.5474452554744526,
    "Cosine Dist.": 0.41306081434657804
  },
  "occ_eval_res": {
    "precision": 46.1538,
    "recall": 37.5,
    "f-score": 41.3793
  },
  "clean_eval": {
    "f-score": 64.24242424242424,
    "precision": 57.92349726775956,
    "recall": 72.10884353741497,
    "tp": 106,
    "fp": 77,
    "fn": 41
  },
  "jaccard": [
    0.5736434108527132
  ],
  "braycurtis": [
    0.4008438818565401
  ],
  "dice": [
    0.40217391304347827
  ],
  "cosinus": [
    0.26629010653651797
  ]
}