{
  "voc_eval_res": {
    "precision": 37.5,
    "recall": 33.3333,
    "f-score": 35.2941
  },
  "KL_res": {
    "KL divergence": 4.282194885029879,
    "Euclidean Dist.": 0.2769083616302345,
    "WER": 0.8333333333333334,
    "CER": 0.49645390070921985,
    "Cosine Dist.": 0.4777670321329064
  },
  "occ_eval_res": {
    "precision": 37.5,
    "recall": 33.3333,
    "f-score": 35.2941
  },
  "clean_eval": {
    "f-score": 57.14285714285715,
    "precision": 53.608247422680414,
    "recall": 61.1764705882353,
    "tp": 104,
    "fp": 90,
    "fn": 66
  },
  "jaccard": [
    0.5232974910394266
  ],
  "braycurtis": [
    0.36220472440944884
  ],
  "dice": [
    0.35436893203883496
  ],
  "cosinus": [
    0.27966852750831017
  ]
}