{
  "voc_eval_res": {
    "precision": 64.0,
    "recall": 55.1724,
    "f-score": 59.2593
  },
  "KL_res": {
    "KL divergence": 1.973074092037316,
    "Euclidean Dist.": 0.18977217779711655,
    "WER": 0.5833333333333334,
    "CER": 0.3716475095785441,
    "Cosine Dist.": 0.25057803476795204
  },
  "occ_eval_res": {
    "precision": 64.2857,
    "recall": 50.0,
    "f-score": 56.25
  },
  "clean_eval": {
    "f-score": 20.786516853932582,
    "precision": 19.170984455958546,
    "recall": 22.699386503067483,
    "tp": 74,
    "fp": 312,
    "fn": 252
  },
  "jaccard": [
    0.3732590529247911
  ],
  "braycurtis": [
    0.22792607802874743
  ],
  "dice": [
    0.22945205479452055
  ],
  "cosinus": [
    0.10278155774411979
  ]
}