{
  "voc_eval_res": {
    "precision": 55.0,
    "recall": 47.8261,
    "f-score": 51.1628
  },
  "KL_res": {
    "KL divergence": 3.0810801409199593,
    "Euclidean Dist.": 0.22376202636829254,
    "WER": 0.75,
    "CER": 0.42857142857142855,
    "Cosine Dist.": 0.3504075451067582
  },
  "occ_eval_res": {
    "precision": 55.0,
    "recall": 45.8333,
    "f-score": 50.0
  },
  "clean_eval": {
    "f-score": 13.392857142857142,
    "precision": 12.396694214876034,
    "recall": 14.563106796116504,
    "tp": 30,
    "fp": 212,
    "fn": 176
  },
  "jaccard": [
    0.42592592592592593
  ],
  "braycurtis": [
    0.3101449275362319
  ],
  "dice": [
    0.27058823529411763
  ],
  "cosinus": [
    0.20872338053276673
  ]
}