{
  "voc_eval_res": {
    "precision": 50.0,
    "recall": 41.6667,
    "f-score": 45.4545
  },
  "KL_res": {
    "KL divergence": 2.471810424400129,
    "Euclidean Dist.": 0.21299442957812753,
    "WER": 0.5666666666666667,
    "CER": 0.32489451476793246,
    "Cosine Dist.": 0.23186479630517742
  },
  "occ_eval_res": {
    "precision": 51.7241,
    "recall": 50.0,
    "f-score": 50.8475
  },
  "clean_eval": {
    "f-score": 18.098159509202453,
    "precision": 16.857142857142858,
    "recall": 19.5364238410596,
    "tp": 59,
    "fp": 291,
    "fn": 243
  },
  "jaccard": [
    0.46932515337423314
  ],
  "braycurtis": [
    0.30242825607064017
  ],
  "dice": [
    0.3066132264529058
  ],
  "cosinus": [
    0.1773160315112119
  ]
}