{
  "voc_eval_res": {
    "precision": 30.0,
    "recall": 28.125,
    "f-score": 29.0323
  },
  "KL_res": {
    "KL divergence": 4.588661282120241,
    "Euclidean Dist.": 0.23548572175504578,
    "WER": 0.9444444444444444,
    "CER": 0.6090909090909091,
    "Cosine Dist.": 0.6220355269907727
  },
  "occ_eval_res": {
    "precision": 27.2727,
    "recall": 25.0,
    "f-score": 26.087
  },
  "clean_eval": {
    "f-score": 43.71428571428571,
    "precision": 42.26519337016575,
    "recall": 45.26627218934911,
    "tp": 153,
    "fp": 209,
    "fn": 185
  },
  "jaccard": [
    0.5844504021447721
  ],
  "braycurtis": [
    0.42409638554216866
  ],
  "dice": [
    0.4128787878787879
  ],
  "cosinus": [
    0.27285639571857356
  ]
}