{
  "voc_eval_res": {
    "precision": 40.9091,
    "recall": 31.0345,
    "f-score": 35.2941
  },
  "KL_res": {
    "KL divergence": 4.347040481351029,
    "Euclidean Dist.": 0.25065842488547413,
    "WER": 0.9166666666666666,
    "CER": 0.6919642857142857,
    "Cosine Dist.": 0.5390584891954382
  },
  "occ_eval_res": {
    "precision": 39.1304,
    "recall": 25.0,
    "f-score": 30.5085
  },
  "clean_eval": {
    "f-score": 7.931034482758621,
    "precision": 6.804733727810651,
    "recall": 9.50413223140496,
    "tp": 23,
    "fp": 315,
    "fn": 219
  },
  "jaccard": [
    0.5202492211838006
  ],
  "braycurtis": [
    0.385
  ],
  "dice": [
    0.35157894736842105
  ],
  "cosinus": [
    0.21925564171871947
  ]
}