{
  "voc_eval_res": {
    "precision": 50.0,
    "recall": 16.6667,
    "f-score": 25.0
  },
  "KL_res": {
    "KL divergence": 6.8809903947533275,
    "Euclidean Dist.": 0.7817359599705717,
    "WER": 0.8333333333333334,
    "CER": 0.851063829787234,
    "Cosine Dist.": 0.5635642195280153
  },
  "occ_eval_res": {
    "precision": 50.0,
    "recall": 16.6667,
    "f-score": 25.0
  },
  "clean_eval": {
    "f-score": 40.0,
    "precision": 27.027027027027028,
    "recall": 76.92307692307693,
    "tp": 20,
    "fp": 54,
    "fn": 6
  },
  "jaccard": [
    0.8764044943820225
  ],
  "braycurtis": [
    0.7924528301886793
  ],
  "dice": [
    0.78
  ],
  "cosinus": [
    0.6976284215926181
  ]
}