{
  "voc_eval_res": {
    "precision": 29.4118,
    "recall": 42.8571,
    "f-score": 34.8837
  },
  "KL_res": {
    "KL divergence": 2.556449405560577,
    "Euclidean Dist.": 0.18374079020301687,
    "WER": 1.0,
    "CER": 0.6947040498442367,
    "Cosine Dist.": 0.28388512596056725
  },
  "occ_eval_res": {
    "precision": 37.5,
    "recall": 47.0588,
    "f-score": 41.7391
  },
  "clean_eval": {
    "f-score": 24.47844228094576,
    "precision": 26.74772036474164,
    "recall": 22.564102564102566,
    "tp": 88,
    "fp": 241,
    "fn": 302
  },
  "jaccard": [
    0.5711743772241993
  ],
  "braycurtis": [
    0.3870541611624835
  ],
  "dice": [
    0.39975093399750933
  ],
  "cosinus": [
    0.21472407684904904
  ]
}