{
  "voc_eval_res": {
    "precision": 48.9796,
    "recall": 60.0,
    "f-score": 53.9326
  },
  "KL_res": {
    "KL divergence": 1.2510896640764892,
    "Euclidean Dist.": 0.14507228778554268,
    "WER": 1.0615384615384615,
    "CER": 0.7014925373134329,
    "Cosine Dist.": 0.13639400198392904
  },
  "occ_eval_res": {
    "precision": 51.1905,
    "recall": 66.1538,
    "f-score": 57.7181
  },
  "clean_eval": {
    "f-score": 13.62962962962963,
    "precision": 12.849162011173185,
    "recall": 14.511041009463725,
    "tp": 46,
    "fp": 312,
    "fn": 271
  },
  "jaccard": [
    0.4215500945179584
  ],
  "braycurtis": [
    0.265466816647919
  ],
  "dice": [
    0.26706586826347306
  ],
  "cosinus": [
    0.10964871818693667
  ]
}