{
  "voc_eval_res": {
    "precision": 48.3871,
    "recall": 48.3871,
    "f-score": 48.3871
  },
  "KL_res": {
    "KL divergence": 2.3033998305132535,
    "Euclidean Dist.": 0.17428606649812034,
    "WER": 0.6170212765957447,
    "CER": 0.42388059701492536,
    "Cosine Dist.": 0.21396481809683443
  },
  "occ_eval_res": {
    "precision": 54.7619,
    "recall": 48.9362,
    "f-score": 51.6854
  },
  "clean_eval": {
    "f-score": 25.236593059936908,
    "precision": 23.52941176470588,
    "recall": 27.2108843537415,
    "tp": 80,
    "fp": 260,
    "fn": 214
  },
  "jaccard": [
    0.5024509803921569
  ],
  "braycurtis": [
    0.29185185185185186
  ],
  "dice": [
    0.3355155482815057
  ],
  "cosinus": [
    0.1198046994688653
  ]
}