{
  "voc_eval_res": {
    "precision": 27.027,
    "recall": 22.2222,
    "f-score": 24.3902
  },
  "KL_res": {
    "KL divergence": 4.95473804384545,
    "Euclidean Dist.": 0.20262716067633288,
    "WER": 0.8235294117647058,
    "CER": 0.5683453237410072,
    "Cosine Dist.": 0.5764131289563212
  },
  "occ_eval_res": {
    "precision": 27.5,
    "recall": 21.5686,
    "f-score": 24.1758
  },
  "clean_eval": {
    "f-score": 33.11258278145694,
    "precision": 29.94011976047904,
    "recall": 37.03703703703704,
    "tp": 100,
    "fp": 234,
    "fn": 170
  },
  "jaccard": [
    0.6349809885931559
  ],
  "braycurtis": [
    0.4676258992805755
  ],
  "dice": [
    0.46518105849582175
  ],
  "cosinus": [
    0.2625162566504198
  ]
}