{
  "voc_eval_res": {
    "precision": 52.7778,
    "recall": 67.8571,
    "f-score": 59.375
  },
  "KL_res": {
    "KL divergence": 1.6117765825239,
    "Euclidean Dist.": 0.16659992030621726,
    "WER": 0.8275862068965517,
    "CER": 0.5027624309392266,
    "Cosine Dist.": 0.23078084188734127
  },
  "occ_eval_res": {
    "precision": 47.619,
    "recall": 68.9655,
    "f-score": 56.338
  },
  "clean_eval": {
    "f-score": 29.383886255924175,
    "precision": 29.951690821256037,
    "recall": 28.837209302325583,
    "tp": 62,
    "fp": 145,
    "fn": 153
  },
  "jaccard": [
    0.44533333333333336
  ],
  "braycurtis": [
    0.2981651376146789
  ],
  "dice": [
    0.2864493996569468
  ],
  "cosinus": [
    0.12956786857199076
  ]
}