{
  "voc_eval_res": {
    "precision": 14.2857,
    "recall": 33.3333,
    "f-score": 20.0
  },
  "KL_res": {
    "KL divergence": 5.475943468213409,
    "Euclidean Dist.": 0.6459361888690731,
    "WER": 2.0,
    "CER": 0.8095238095238095,
    "Cosine Dist.": 0.6464466094067263
  },
  "occ_eval_res": {
    "precision": 14.2857,
    "recall": 33.3333,
    "f-score": 20.0
  },
  "clean_eval": {
    "f-score": 59.70149253731344,
    "precision": 52.63157894736842,
    "recall": 68.96551724137932,
    "tp": 20,
    "fp": 18,
    "fn": 9
  },
  "jaccard": [
    0.7380952380952381
  ],
  "braycurtis": [
    0.6071428571428571
  ],
  "dice": [
    0.5849056603773585
  ],
  "cosinus": [
    0.6178965891394688
  ]
}