{
  "voc_eval_res": {
    "precision": 23.8095,
    "recall": 45.4545,
    "f-score": 31.25
  },
  "KL_res": {
    "KL divergence": 3.755532815619076,
    "Euclidean Dist.": 0.35064543716206015,
    "WER": 2.0,
    "CER": 2.358974358974359,
    "Cosine Dist.": 0.6095655952784848
  },
  "occ_eval_res": {
    "precision": 19.2308,
    "recall": 45.4545,
    "f-score": 27.027
  },
  "clean_eval": {
    "f-score": 49.76958525345623,
    "precision": 72.0,
    "recall": 38.028169014084504,
    "tp": 54,
    "fp": 21,
    "fn": 88
  },
  "jaccard": [
    0.7909836065573771
  ],
  "braycurtis": [
    0.7204301075268817
  ],
  "dice": [
    0.6542372881355932
  ],
  "cosinus": [
    0.6839657799980206
  ]
}