{
  "voc_eval_res": {
    "precision": 77.2727,
    "recall": 97.1429,
    "f-score": 86.0759
  },
  "KL_res": {
    "KL divergence": 0.18997068197355216,
    "Euclidean Dist.": 0.0953330378643828,
    "WER": 0.3541666666666667,
    "CER": 0.23225806451612904,
    "Cosine Dist.": 0.06987604677850845
  },
  "occ_eval_res": {
    "precision": 75.8065,
    "recall": 97.9167,
    "f-score": 85.4545
  },
  "clean_eval": {
    "f-score": 47.93893129770993,
    "precision": 50.645161290322584,
    "recall": 45.507246376811594,
    "tp": 157,
    "fp": 153,
    "fn": 188
  },
  "jaccard": [
    0.18848167539267016
  ],
  "braycurtis": [
    0.12769010043041606
  ],
  "dice": [
    0.10404624277456648
  ],
  "cosinus": [
    0.05082070572945585
  ]
}