{
  "voc_eval_res": {
    "precision": 46.6667,
    "recall": 59.5745,
    "f-score": 52.3364
  },
  "KL_res": {
    "KL divergence": 1.602600335092522,
    "Euclidean Dist.": 0.12344308765458775,
    "WER": 0.8225806451612904,
    "CER": 0.5191256830601093,
    "Cosine Dist.": 0.17025309963950164
  },
  "occ_eval_res": {
    "precision": 51.25,
    "recall": 66.129,
    "f-score": 57.7465
  },
  "clean_eval": {
    "f-score": 38.17427385892117,
    "precision": 39.6551724137931,
    "recall": 36.8,
    "tp": 184,
    "fp": 280,
    "fn": 316
  },
  "jaccard": [
    0.4631217838765009
  ],
  "braycurtis": [
    0.29062870699881377
  ],
  "dice": [
    0.3013392857142857
  ],
  "cosinus": [
    0.12950676819765028
  ]
}