{
  "voc_eval_res": {
    "precision": 14.2857,
    "recall": 25.0,
    "f-score": 18.1818
  },
  "KL_res": {
    "KL divergence": 6.209429497823482,
    "Euclidean Dist.": 0.576981943621554,
    "WER": 1.5,
    "CER": 0.5,
    "Cosine Dist.": 0.683772233983162
  },
  "occ_eval_res": {
    "precision": 14.2857,
    "recall": 25.0,
    "f-score": 18.1818
  },
  "clean_eval": {
    "f-score": 75.24752475247524,
    "precision": 76.0,
    "recall": 74.50980392156863,
    "tp": 38,
    "fp": 12,
    "fn": 13
  },
  "jaccard": [
    0.6354166666666666
  ],
  "braycurtis": [
    0.45714285714285713
  ],
  "dice": [
    0.46564885496183206
  ],
  "cosinus": [
    0.42121887293026816
  ]
}