{
  "voc_eval_res": {
    "precision": 12.5,
    "recall": 33.3333,
    "f-score": 18.1818
  },
  "KL_res": {
    "KL divergence": 5.526843118167393,
    "Euclidean Dist.": 0.6468406123441677,
    "WER": 2.3333333333333335,
    "CER": 1.12,
    "Cosine Dist.": 0.6666666666666667
  },
  "occ_eval_res": {
    "precision": 12.5,
    "recall": 33.3333,
    "f-score": 18.1818
  },
  "clean_eval": {
    "f-score": 54.90196078431372,
    "precision": 73.68421052631578,
    "recall": 43.75,
    "tp": 28,
    "fp": 10,
    "fn": 36
  },
  "jaccard": [
    0.8411214953271028
  ],
  "braycurtis": [
    0.7384615384615385
  ],
  "dice": [
    0.7258064516129032
  ],
  "cosinus": [
    0.6628203855309509
  ]
}