{
  "voc_eval_res": {
    "precision": 47.0588,
    "recall": 100.0,
    "f-score": 64.0
  },
  "KL_res": {
    "KL divergence": 0.3312923397646684,
    "Euclidean Dist.": 0.26864253652121567,
    "WER": 0.9090909090909091,
    "CER": 0.6301369863013698,
    "Cosine Dist.": 0.10482858988006372
  },
  "occ_eval_res": {
    "precision": 52.381,
    "recall": 100.0,
    "f-score": 68.75
  },
  "clean_eval": {
    "f-score": 59.3984962406015,
    "precision": 78.21782178217822,
    "recall": 47.878787878787875,
    "tp": 79,
    "fp": 22,
    "fn": 86
  },
  "jaccard": [
    0.43333333333333335
  ],
  "braycurtis": [
    0.27319587628865977
  ],
  "dice": [
    0.2765957446808511
  ],
  "cosinus": [
    0.1498346384417707
  ]
}