{
  "voc_eval_res": {
    "precision": 25.0,
    "recall": 45.4545,
    "f-score": 32.2581
  },
  "KL_res": {
    "KL divergence": 3.683380616290518,
    "Euclidean Dist.": 0.32222620571308774,
    "WER": 1.1111111111111112,
    "CER": 0.8585858585858586,
    "Cosine Dist.": 0.42770691088834456
  },
  "occ_eval_res": {
    "precision": 30.4348,
    "recall": 38.8889,
    "f-score": 34.1463
  },
  "clean_eval": {
    "f-score": 61.48867313915859,
    "precision": 70.37037037037037,
    "recall": 54.59770114942529,
    "tp": 95,
    "fp": 40,
    "fn": 79
  },
  "jaccard": [
    0.6264591439688716
  ],
  "braycurtis": [
    0.44649446494464945
  ],
  "dice": [
    0.45609065155807366
  ],
  "cosinus": [
    0.3569296363085439
  ]
}