{
  "voc_eval_res": {
    "precision": 60.9756,
    "recall": 78.125,
    "f-score": 68.4932
  },
  "KL_res": {
    "KL divergence": 0.9820474937333221,
    "Euclidean Dist.": 0.15741197319613534,
    "WER": 0.6976744186046512,
    "CER": 0.3125,
    "Cosine Dist.": 0.19983668469769644
  },
  "occ_eval_res": {
    "precision": 59.2593,
    "recall": 74.4186,
    "f-score": 65.9794
  },
  "clean_eval": {
    "f-score": 38.069705093833775,
    "precision": 36.69250645994832,
    "recall": 39.55431754874652,
    "tp": 142,
    "fp": 245,
    "fn": 217
  },
  "jaccard": [
    0.38461538461538464
  ],
  "braycurtis": [
    0.2173202614379085
  ],
  "dice": [
    0.23809523809523808
  ],
  "cosinus": [
    0.10715339595009388
  ]
}