{
  "voc_eval_res": {
    "precision": 50.0,
    "recall": 65.0,
    "f-score": 56.5217
  },
  "KL_res": {
    "KL divergence": 1.1885545076559305,
    "Euclidean Dist.": 0.1420767492169183,
    "WER": 0.7413793103448276,
    "CER": 0.504225352112676,
    "Cosine Dist.": 0.1604029099280484
  },
  "occ_eval_res": {
    "precision": 52.7027,
    "recall": 67.2414,
    "f-score": 59.0909
  },
  "clean_eval": {
    "f-score": 42.44031830238727,
    "precision": 40.50632911392405,
    "recall": 44.56824512534819,
    "tp": 160,
    "fp": 235,
    "fn": 199
  },
  "jaccard": [
    0.43021032504780116
  ],
  "braycurtis": [
    0.2858866103739445
  ],
  "dice": [
    0.2740560292326431
  ],
  "cosinus": [
    0.10246481866332025
  ]
}