{
  "voc_eval_res": {
    "precision": 54.5455,
    "recall": 64.2857,
    "f-score": 59.0164
  },
  "KL_res": {
    "KL divergence": 1.7326298364743977,
    "Euclidean Dist.": 0.18523977227553526,
    "WER": 0.7,
    "CER": 0.31527093596059114,
    "Cosine Dist.": 0.2716043165649191
  },
  "occ_eval_res": {
    "precision": 51.3514,
    "recall": 63.3333,
    "f-score": 56.7164
  },
  "clean_eval": {
    "f-score": 45.64705882352941,
    "precision": 40.92827004219409,
    "recall": 51.59574468085106,
    "tp": 97,
    "fp": 140,
    "fn": 91
  },
  "jaccard": [
    0.4125
  ],
  "braycurtis": [
    0.2623318385650224
  ],
  "dice": [
    0.25984251968503935
  ],
  "cosinus": [
    0.14425162831131622
  ]
}