{
  "voc_eval_res": {
    "precision": 55.0,
    "recall": 70.9677,
    "f-score": 61.9718
  },
  "KL_res": {
    "KL divergence": 1.0032464018510743,
    "Euclidean Dist.": 0.12905717756746815,
    "WER": 0.6136363636363636,
    "CER": 0.358974358974359,
    "Cosine Dist.": 0.11993924630423791
  },
  "occ_eval_res": {
    "precision": 61.1111,
    "recall": 75.0,
    "f-score": 67.3469
  },
  "clean_eval": {
    "f-score": 16.434108527131784,
    "precision": 17.845117845117844,
    "recall": 15.229885057471265,
    "tp": 53,
    "fp": 244,
    "fn": 295
  },
  "jaccard": [
    0.37017994858611825
  ],
  "braycurtis": [
    0.21528861154446177
  ],
  "dice": [
    0.22712933753943218
  ],
  "cosinus": [
    0.09969737178522864
  ]
}