{
  "voc_eval_res": {
    "precision": 45.1613,
    "recall": 56.0,
    "f-score": 50.0
  },
  "KL_res": {
    "KL divergence": 1.8835511419125646,
    "Euclidean Dist.": 0.13805040840968003,
    "WER": 0.7333333333333333,
    "CER": 0.4875,
    "Cosine Dist.": 0.21031725657598432
  },
  "occ_eval_res": {
    "precision": 50.0,
    "recall": 54.6667,
    "f-score": 52.2293
  },
  "clean_eval": {
    "f-score": 27.419354838709676,
    "precision": 28.21576763485477,
    "recall": 26.666666666666668,
    "tp": 136,
    "fp": 346,
    "fn": 374
  },
  "jaccard": [
    0.495114006514658
  ],
  "braycurtis": [
    0.3256880733944954
  ],
  "dice": [
    0.329004329004329
  ],
  "cosinus": [
    0.16146450491989017
  ]
}