{
  "voc_eval_res": {
    "precision": 50.0,
    "recall": 60.0,
    "f-score": 54.5455
  },
  "KL_res": {
    "KL divergence": 2.0006352565372807,
    "Euclidean Dist.": 0.26980053024308315,
    "WER": 0.8823529411764706,
    "CER": 0.5729166666666666,
    "Cosine Dist.": 0.31781349918064106
  },
  "occ_eval_res": {
    "precision": 42.3077,
    "recall": 64.7059,
    "f-score": 51.1628
  },
  "clean_eval": {
    "f-score": 61.15702479338844,
    "precision": 78.72340425531915,
    "recall": 50.0,
    "tp": 74,
    "fp": 20,
    "fn": 74
  },
  "jaccard": [
    0.5350553505535055
  ],
  "braycurtis": [
    0.3763837638376384
  ],
  "dice": [
    0.36523929471032746
  ],
  "cosinus": [
    0.27136886694932283
  ]
}