{
  "voc_eval_res": {
    "precision": 31.0345,
    "recall": 56.25,
    "f-score": 40.0
  },
  "KL_res": {
    "KL divergence": 2.203468651323509,
    "Euclidean Dist.": 0.24741463890786627,
    "WER": 1.2105263157894737,
    "CER": 0.9105691056910569,
    "Cosine Dist.": 0.302775839214822
  },
  "occ_eval_res": {
    "precision": 33.3333,
    "recall": 57.8947,
    "f-score": 42.3077
  },
  "clean_eval": {
    "f-score": 62.25165562913908,
    "precision": 62.66666666666667,
    "recall": 61.8421052631579,
    "tp": 94,
    "fp": 56,
    "fn": 58
  },
  "jaccard": [
    0.6715542521994134
  ],
  "braycurtis": [
    0.48148148148148145
  ],
  "dice": [
    0.5055187637969095
  ],
  "cosinus": [
    0.28055192215572833
  ]
}