{
  "voc_eval_res": {
    "precision": 43.5897,
    "recall": 77.2727,
    "f-score": 55.7377
  },
  "KL_res": {
    "KL divergence": 0.9917710008926302,
    "Euclidean Dist.": 0.20538427973664528,
    "WER": 0.9375,
    "CER": 0.71875,
    "Cosine Dist.": 0.2069094446454245
  },
  "occ_eval_res": {
    "precision": 45.283,
    "recall": 75.0,
    "f-score": 56.4706
  },
  "clean_eval": {
    "f-score": 41.35021097046413,
    "precision": 52.68817204301075,
    "recall": 34.02777777777778,
    "tp": 98,
    "fp": 88,
    "fn": 190
  },
  "jaccard": [
    0.5097560975609756
  ],
  "braycurtis": [
    0.3542074363992172
  ],
  "dice": [
    0.34206219312602293
  ],
  "cosinus": [
    0.21069840000077822
  ]
}