{
  "voc_eval_res": {
    "precision": 19.1489,
    "recall": 26.4706,
    "f-score": 22.2222
  },
  "KL_res": {
    "KL divergence": 4.782929085885159,
    "Euclidean Dist.": 0.20877424578498135,
    "WER": 1.3428571428571427,
    "CER": 0.8557692307692307,
    "Cosine Dist.": 0.5951795476236319
  },
  "occ_eval_res": {
    "precision": 16.6667,
    "recall": 25.7143,
    "f-score": 20.2247
  },
  "clean_eval": {
    "f-score": 19.30783242258652,
    "precision": 19.850187265917604,
    "recall": 18.79432624113475,
    "tp": 53,
    "fp": 214,
    "fn": 229
  },
  "jaccard": [
    0.700374531835206
  ],
  "braycurtis": [
    0.5397412199630314
  ],
  "dice": [
    0.5389048991354467
  ],
  "cosinus": [
    0.30044525324592297
  ]
}