{
  "voc_eval_res": {
    "precision": 21.0526,
    "recall": 40.0,
    "f-score": 27.5862
  },
  "KL_res": {
    "KL divergence": 2.5999986849535066,
    "Euclidean Dist.": 0.34005972856646105,
    "WER": 1.0588235294117647,
    "CER": 1.0945945945945945,
    "Cosine Dist.": 0.29835358455437655
  },
  "occ_eval_res": {
    "precision": 29.1667,
    "recall": 41.1765,
    "f-score": 34.1463
  },
  "clean_eval": {
    "f-score": 29.1044776119403,
    "precision": 38.23529411764706,
    "recall": 23.49397590361446,
    "tp": 39,
    "fp": 63,
    "fn": 127
  },
  "jaccard": [
    0.831275720164609
  ],
  "braycurtis": [
    0.6448598130841121
  ],
  "dice": [
    0.7112676056338029
  ],
  "cosinus": [
    0.43908803854900724
  ]
}