{
  "voc_eval_res": {
    "precision": 38.4615,
    "recall": 68.9655,
    "f-score": 49.3827
  },
  "KL_res": {
    "KL divergence": 1.4380549528761377,
    "Euclidean Dist.": 0.22377209370944023,
    "WER": 1.25,
    "CER": 0.810077519379845,
    "Cosine Dist.": 0.3301055311655372
  },
  "occ_eval_res": {
    "precision": 35.2941,
    "recall": 62.5,
    "f-score": 45.1128
  },
  "clean_eval": {
    "f-score": 31.365935919055644,
    "precision": 39.075630252100844,
    "recall": 26.197183098591548,
    "tp": 93,
    "fp": 145,
    "fn": 262
  },
  "jaccard": [
    0.5011037527593819
  ],
  "braycurtis": [
    0.4241573033707865
  ],
  "dice": [
    0.33431516936671574
  ],
  "cosinus": [
    0.2711749474965246
  ]
}