{
  "voc_eval_res": {
    "precision": 28.3333,
    "recall": 40.4762,
    "f-score": 33.3333
  },
  "KL_res": {
    "KL divergence": 3.137667148741792,
    "Euclidean Dist.": 0.18683271926677764,
    "WER": 1.3673469387755102,
    "CER": 1.0220820189274449,
    "Cosine Dist.": 0.5189164849330083
  },
  "occ_eval_res": {
    "precision": 26.3158,
    "recall": 40.8163,
    "f-score": 32.0
  },
  "clean_eval": {
    "f-score": 8.893709327548809,
    "precision": 9.73871733966746,
    "recall": 8.183632734530939,
    "tp": 41,
    "fp": 380,
    "fn": 460
  },
  "jaccard": [
    0.6477272727272727
  ],
  "braycurtis": [
    0.4932279909706546
  ],
  "dice": [
    0.4789915966386555
  ],
  "cosinus": [
    0.28326361003669165
  ]
}