{
  "voc_eval_res": {
    "precision": 37.931,
    "recall": 66.6667,
    "f-score": 48.3516
  },
  "KL_res": {
    "KL divergence": 1.6273669733152365,
    "Euclidean Dist.": 0.16870391125942616,
    "WER": 1.1063829787234043,
    "CER": 0.803448275862069,
    "Cosine Dist.": 0.22573097610228443
  },
  "occ_eval_res": {
    "precision": 43.0556,
    "recall": 65.9574,
    "f-score": 52.1008
  },
  "clean_eval": {
    "f-score": 34.285714285714285,
    "precision": 36.10315186246418,
    "recall": 32.64248704663213,
    "tp": 126,
    "fp": 223,
    "fn": 260
  },
  "jaccard": [
    0.518783542039356
  ],
  "braycurtis": [
    0.38762626262626265
  ],
  "dice": [
    0.3502415458937198
  ],
  "cosinus": [
    0.2157346810444425
  ]
}