{
  "voc_eval_res": {
    "precision": 54.5455,
    "recall": 70.5882,
    "f-score": 61.5385
  },
  "KL_res": {
    "KL divergence": 1.3138831029294638,
    "Euclidean Dist.": 0.14684684747564863,
    "WER": 0.8260869565217391,
    "CER": 0.5536332179930796,
    "Cosine Dist.": 0.1864609843237094
  },
  "occ_eval_res": {
    "precision": 52.5424,
    "recall": 67.3913,
    "f-score": 59.0476
  },
  "clean_eval": {
    "f-score": 29.22077922077922,
    "precision": 30.405405405405407,
    "recall": 28.125,
    "tp": 90,
    "fp": 206,
    "fn": 230
  },
  "jaccard": [
    0.4181360201511335
  ],
  "braycurtis": [
    0.2711864406779661
  ],
  "dice": [
    0.2643312101910828
  ],
  "cosinus": [
    0.09567035972967886
  ]
}