{
  "voc_eval_res": {
    "precision": 32.0513,
    "recall": 39.0625,
    "f-score": 35.2113
  },
  "KL_res": {
    "KL divergence": 3.2037455666562473,
    "Euclidean Dist.": 0.18040416012176538,
    "WER": 1.032967032967033,
    "CER": 0.6211849192100538,
    "Cosine Dist.": 0.45933294179543716
  },
  "occ_eval_res": {
    "precision": 29.8246,
    "recall": 37.3626,
    "f-score": 33.1707
  },
  "clean_eval": {
    "f-score": 14.972419227738376,
    "precision": 17.790262172284642,
    "recall": 12.925170068027212,
    "tp": 95,
    "fp": 439,
    "fn": 640
  },
  "jaccard": [
    0.5485636114911081
  ],
  "braycurtis": [
    0.39093041438623927
  ],
  "dice": [
    0.37794533459000945
  ],
  "cosinus": [
    0.26587850471629637
  ]
}