{
  "voc_eval_res": {
    "precision": 28.169,
    "recall": 57.1429,
    "f-score": 37.7358
  },
  "KL_res": {
    "KL divergence": 2.162693368442751,
    "Euclidean Dist.": 0.1773955377624083,
    "WER": 1.5238095238095237,
    "CER": 1.2692307692307692,
    "Cosine Dist.": 0.33863841530914895
  },
  "occ_eval_res": {
    "precision": 29.0698,
    "recall": 59.5238,
    "f-score": 39.0625
  },
  "clean_eval": {
    "f-score": 33.87850467289719,
    "precision": 47.540983606557376,
    "recall": 26.31578947368421,
    "tp": 145,
    "fp": 160,
    "fn": 406
  },
  "jaccard": [
    0.6158940397350994
  ],
  "braycurtis": [
    0.49135802469135803
  ],
  "dice": [
    0.4449760765550239
  ],
  "cosinus": [
    0.2332502955006136
  ]
}