{
  "voc_eval_res": {
    "precision": 42.8571,
    "recall": 75.0,
    "f-score": 54.5455
  },
  "KL_res": {
    "KL divergence": 1.0272866963738514,
    "Euclidean Dist.": 0.18595608304655573,
    "WER": 0.8571428571428571,
    "CER": 0.7763975155279503,
    "Cosine Dist.": 0.13945460966732237
  },
  "occ_eval_res": {
    "precision": 48.9362,
    "recall": 82.1429,
    "f-score": 61.3333
  },
  "clean_eval": {
    "f-score": 40.43478260869565,
    "precision": 54.70588235294118,
    "recall": 32.068965517241374,
    "tp": 93,
    "fp": 77,
    "fn": 197
  },
  "jaccard": [
    0.5631067961165048
  ],
  "braycurtis": [
    0.36721991701244816
  ],
  "dice": [
    0.3918918918918919
  ],
  "cosinus": [
    0.18764308385800943
  ]
}