{
  "voc_eval_res": {
    "precision": 37.2093,
    "recall": 45.7143,
    "f-score": 41.0256
  },
  "KL_res": {
    "KL divergence": 2.5435562354716112,
    "Euclidean Dist.": 0.19155991197389197,
    "WER": 1.0,
    "CER": 0.5884057971014492,
    "Cosine Dist.": 0.3318252504392527
  },
  "occ_eval_res": {
    "precision": 37.8788,
    "recall": 49.0196,
    "f-score": 42.735
  },
  "clean_eval": {
    "f-score": 24.528301886792455,
    "precision": 29.449838187702266,
    "recall": 21.016166281755197,
    "tp": 91,
    "fp": 218,
    "fn": 342
  },
  "jaccard": [
    0.5146443514644351
  ],
  "braycurtis": [
    0.342534504391468
  ],
  "dice": [
    0.3464788732394366
  ],
  "cosinus": [
    0.16239376005564754
  ]
}