{
  "voc_eval_res": {
    "precision": 34.375,
    "recall": 46.8085,
    "f-score": 39.6396
  },
  "KL_res": {
    "KL divergence": 3.021458850578176,
    "Euclidean Dist.": 0.1783843963466365,
    "WER": 0.9393939393939394,
    "CER": 0.6389684813753582,
    "Cosine Dist.": 0.42435032439893805
  },
  "occ_eval_res": {
    "precision": 36.3636,
    "recall": 42.4242,
    "f-score": 39.1608
  },
  "clean_eval": {
    "f-score": 9.227467811158798,
    "precision": 11.082474226804123,
    "recall": 7.904411764705882,
    "tp": 43,
    "fp": 345,
    "fn": 501
  },
  "jaccard": [
    0.5870967741935483
  ],
  "braycurtis": [
    0.41245593419506466
  ],
  "dice": [
    0.4155251141552511
  ],
  "cosinus": [
    0.2740453840816932
  ]
}