{
  "voc_eval_res": {
    "precision": 29.5455,
    "recall": 38.2353,
    "f-score": 33.3333
  },
  "KL_res": {
    "KL divergence": 3.3776496622962524,
    "Euclidean Dist.": 0.19665004578578024,
    "WER": 0.9069767441860465,
    "CER": 0.5559701492537313,
    "Cosine Dist.": 0.4312777689622509
  },
  "occ_eval_res": {
    "precision": 32.6531,
    "recall": 37.2093,
    "f-score": 34.7826
  },
  "clean_eval": {
    "f-score": 21.745788667687595,
    "precision": 21.25748502994012,
    "recall": 22.25705329153605,
    "tp": 71,
    "fp": 263,
    "fn": 248
  },
  "jaccard": [
    0.5539714867617108
  ],
  "braycurtis": [
    0.36593591905564926
  ],
  "dice": [
    0.38309859154929576
  ],
  "cosinus": [
    0.21955002746640706
  ]
}