{
  "voc_eval_res": {
    "precision": 31.1111,
    "recall": 32.5581,
    "f-score": 31.8182
  },
  "KL_res": {
    "KL divergence": 3.5917098322062113,
    "Euclidean Dist.": 0.18799069602540097,
    "WER": 0.8548387096774194,
    "CER": 0.5355191256830601,
    "Cosine Dist.": 0.3426905225626822
  },
  "occ_eval_res": {
    "precision": 35.0,
    "recall": 33.871,
    "f-score": 34.4262
  },
  "clean_eval": {
    "f-score": 28.137931034482754,
    "precision": 29.059829059829063,
    "recall": 27.27272727272727,
    "tp": 102,
    "fp": 249,
    "fn": 272
  },
  "jaccard": [
    0.5360443622920518
  ],
  "braycurtis": [
    0.39248704663212436
  ],
  "dice": [
    0.3661616161616162
  ],
  "cosinus": [
    0.23478079276526775
  ]
}