{
  "voc_eval_res": {
    "precision": 73.8095,
    "recall": 93.9394,
    "f-score": 82.6667
  },
  "KL_res": {
    "KL divergence": 0.4428376249722126,
    "Euclidean Dist.": 0.13959534661103337,
    "WER": 0.6590909090909091,
    "CER": 0.40625,
    "Cosine Dist.": 0.1386087722422491
  },
  "occ_eval_res": {
    "precision": 62.5,
    "recall": 90.9091,
    "f-score": 74.0741
  },
  "clean_eval": {
    "f-score": 47.352024922118375,
    "precision": 49.35064935064935,
    "recall": 45.50898203592814,
    "tp": 152,
    "fp": 156,
    "fn": 182
  },
  "jaccard": [
    0.23670212765957446
  ],
  "braycurtis": [
    0.18768768768768768
  ],
  "dice": [
    0.13423831070889894
  ],
  "cosinus": [
    0.07781730947584808
  ]
}