{
  "voc_eval_res": {
    "precision": 21.9512,
    "recall": 81.8182,
    "f-score": 34.6154
  },
  "KL_res": {
    "KL divergence": 2.110146196660258,
    "Euclidean Dist.": 0.3765464436214874,
    "WER": 4.166666666666667,
    "CER": 3.5606060606060606,
    "Cosine Dist.": 0.607723089392266
  },
  "occ_eval_res": {
    "precision": 15.5172,
    "recall": 75.0,
    "f-score": 25.7143
  },
  "clean_eval": {
    "f-score": 12.903225806451612,
    "precision": 34.66666666666667,
    "recall": 7.926829268292683,
    "tp": 26,
    "fp": 49,
    "fn": 302
  },
  "jaccard": [
    0.7416666666666667
  ],
  "braycurtis": [
    0.7227722772277227
  ],
  "dice": [
    0.5894039735099338
  ],
  "cosinus": [
    0.5640574044744002
  ]
}