{
  "voc_eval_res": {
    "precision": 43.4783,
    "recall": 52.6316,
    "f-score": 47.619
  },
  "KL_res": {
    "KL divergence": 2.0731251568399625,
    "Euclidean Dist.": 0.22406115764867393,
    "WER": 0.75,
    "CER": 0.4365079365079365,
    "Cosine Dist.": 0.25904142636505145
  },
  "occ_eval_res": {
    "precision": 46.1538,
    "recall": 50.0,
    "f-score": 48.0
  },
  "clean_eval": {
    "f-score": 33.77483443708609,
    "precision": 30.538922155688624,
    "recall": 37.77777777777778,
    "tp": 51,
    "fp": 116,
    "fn": 84
  },
  "jaccard": [
    0.4942084942084942
  ],
  "braycurtis": [
    0.3333333333333333
  ],
  "dice": [
    0.3282051282051282
  ],
  "cosinus": [
    0.20313033259038127
  ]
}