{
  "voc_eval_res": {
    "precision": 42.1053,
    "recall": 72.7273,
    "f-score": 53.3333
  },
  "KL_res": {
    "KL divergence": 1.5576404904962045,
    "Euclidean Dist.": 0.2803030303030303,
    "WER": 1.0833333333333333,
    "CER": 0.5882352941176471,
    "Cosine Dist.": 0.25934392018195873
  },
  "occ_eval_res": {
    "precision": 40.9091,
    "recall": 75.0,
    "f-score": 52.9412
  },
  "clean_eval": {
    "f-score": 65.74394463667821,
    "precision": 76.61290322580645,
    "recall": 57.57575757575758,
    "tp": 95,
    "fp": 29,
    "fn": 70
  },
  "jaccard": [
    0.47619047619047616
  ],
  "braycurtis": [
    0.3411214953271028
  ],
  "dice": [
    0.3125
  ],
  "cosinus": [
    0.26418631709067597
  ]
}