{
  "voc_eval_res": {
    "precision": 16.2162,
    "recall": 60.0,
    "f-score": 25.5319
  },
  "KL_res": {
    "KL divergence": 2.9594895996632418,
    "Euclidean Dist.": 0.3552612967030853,
    "WER": 3.5,
    "CER": 3.6545454545454548,
    "Cosine Dist.": 0.5404274849909709
  },
  "occ_eval_res": {
    "precision": 14.6341,
    "recall": 60.0,
    "f-score": 23.5294
  },
  "clean_eval": {
    "f-score": 14.860681114551083,
    "precision": 31.57894736842105,
    "recall": 9.7165991902834,
    "tp": 24,
    "fp": 52,
    "fn": 223
  },
  "jaccard": [
    0.76
  ],
  "braycurtis": [
    0.7232142857142857
  ],
  "dice": [
    0.6129032258064516
  ],
  "cosinus": [
    0.5088093117819257
  ]
}