{
  "voc_eval_res": {
    "precision": 21.4286,
    "recall": 24.3243,
    "f-score": 22.7848
  },
  "KL_res": {
    "KL divergence": 4.897228185740435,
    "Euclidean Dist.": 0.20197800980821146,
    "WER": 1.0526315789473684,
    "CER": 0.7663551401869159,
    "Cosine Dist.": 0.6131410283506686
  },
  "occ_eval_res": {
    "precision": 20.0,
    "recall": 23.6842,
    "f-score": 21.6867
  },
  "clean_eval": {
    "f-score": 30.25830258302583,
    "precision": 28.373702422145332,
    "recall": 32.41106719367589,
    "tp": 82,
    "fp": 207,
    "fn": 171
  },
  "jaccard": [
    0.6711281070745698
  ],
  "braycurtis": [
    0.4940944881889764
  ],
  "dice": [
    0.5050359712230216
  ],
  "cosinus": [
    0.2853072763098604
  ]
}