{
  "voc_eval_res": {
    "precision": 38.0952,
    "recall": 64.8649,
    "f-score": 48.0
  },
  "KL_res": {
    "KL divergence": 1.499377699620196,
    "Euclidean Dist.": 0.17682300724053623,
    "WER": 1.2653061224489797,
    "CER": 0.7244897959183674,
    "Cosine Dist.": 0.29286368198369905
  },
  "occ_eval_res": {
    "precision": 38.2716,
    "recall": 63.2653,
    "f-score": 47.6923
  },
  "clean_eval": {
    "f-score": 33.04347826086957,
    "precision": 35.0,
    "recall": 31.294117647058822,
    "tp": 133,
    "fp": 247,
    "fn": 292
  },
  "jaccard": [
    0.4388888888888889
  ],
  "braycurtis": [
    0.2939936775553214
  ],
  "dice": [
    0.28113879003558717
  ],
  "cosinus": [
    0.09718441781820308
  ]
}