{
  "voc_eval_res": {
    "precision": 44.7368,
    "recall": 50.0,
    "f-score": 47.2222
  },
  "KL_res": {
    "KL divergence": 2.3178870617187495,
    "Euclidean Dist.": 0.19083815899325876,
    "WER": 0.7169811320754716,
    "CER": 0.41530054644808745,
    "Cosine Dist.": 0.2971927481673524
  },
  "occ_eval_res": {
    "precision": 48.9796,
    "recall": 45.283,
    "f-score": 47.0588
  },
  "clean_eval": {
    "f-score": 36.950146627565985,
    "precision": 34.710743801652896,
    "recall": 39.49843260188088,
    "tp": 126,
    "fp": 237,
    "fn": 193
  },
  "jaccard": [
    0.46352941176470586
  ],
  "braycurtis": [
    0.30148048452220727
  ],
  "dice": [
    0.3016845329249617
  ],
  "cosinus": [
    0.1493596822813067
  ]
}