{
  "voc_eval_res": {
    "precision": 39.4737,
    "recall": 48.3871,
    "f-score": 43.4783
  },
  "KL_res": {
    "KL divergence": 2.6448232649297228,
    "Euclidean Dist.": 0.1978427805591142,
    "WER": 0.825,
    "CER": 0.44106463878326996,
    "Cosine Dist.": 0.37782898316174496
  },
  "occ_eval_res": {
    "precision": 39.5349,
    "recall": 42.5,
    "f-score": 40.9639
  },
  "clean_eval": {
    "f-score": 30.082644628099175,
    "precision": 28.26086956521739,
    "recall": 32.15547703180212,
    "tp": 91,
    "fp": 231,
    "fn": 192
  },
  "jaccard": [
    0.5056179775280899
  ],
  "braycurtis": [
    0.3309734513274336
  ],
  "dice": [
    0.3383458646616541
  ],
  "cosinus": [
    0.18060180042217167
  ]
}