{
  "voc_eval_res": {
    "precision": 31.6456,
    "recall": 40.9836,
    "f-score": 35.7143
  },
  "KL_res": {
    "KL divergence": 3.0740403212279164,
    "Euclidean Dist.": 0.1757000212001776,
    "WER": 1.0609756097560976,
    "CER": 0.6419294990723562,
    "Cosine Dist.": 0.5018374431574744
  },
  "occ_eval_res": {
    "precision": 29.8077,
    "recall": 37.8049,
    "f-score": 33.3333
  },
  "clean_eval": {
    "f-score": 19.915611814345993,
    "precision": 22.692307692307693,
    "recall": 17.74436090225564,
    "tp": 118,
    "fp": 402,
    "fn": 547
  },
  "jaccard": [
    0.5386779184247539
  ],
  "braycurtis": [
    0.36097560975609755
  ],
  "dice": [
    0.368623676612127
  ],
  "cosinus": [
    0.22235811788940474
  ]
}