{
  "voc_eval_res": {
    "precision": 25.5814,
    "recall": 35.4839,
    "f-score": 29.7297
  },
  "KL_res": {
    "KL divergence": 4.182072051708722,
    "Euclidean Dist.": 0.22284009572363497,
    "WER": 0.9285714285714286,
    "CER": 0.8523809523809524,
    "Cosine Dist.": 0.5406847878253747
  },
  "occ_eval_res": {
    "precision": 27.6596,
    "recall": 30.9524,
    "f-score": 29.2135
  },
  "clean_eval": {
    "f-score": 44.8566610455312,
    "precision": 43.18181818181818,
    "recall": 46.666666666666664,
    "tp": 133,
    "fp": 175,
    "fn": 152
  },
  "jaccard": [
    0.7048872180451128
  ],
  "braycurtis": [
    0.5818181818181818
  ],
  "dice": [
    0.5442670537010159
  ],
  "cosinus": [
    0.4775182499856595
  ]
}