{
  "voc_eval_res": {
    "precision": 34.6939,
    "recall": 39.5349,
    "f-score": 36.9565
  },
  "KL_res": {
    "KL divergence": 3.133253103951902,
    "Euclidean Dist.": 0.18265380757122296,
    "WER": 0.8870967741935484,
    "CER": 0.5297157622739018,
    "Cosine Dist.": 0.3472870528711385
  },
  "occ_eval_res": {
    "precision": 37.5,
    "recall": 38.7097,
    "f-score": 38.0952
  },
  "clean_eval": {
    "f-score": 13.933236574746008,
    "precision": 14.723926380368098,
    "recall": 13.223140495867769,
    "tp": 48,
    "fp": 278,
    "fn": 315
  },
  "jaccard": [
    0.5289855072463768
  ],
  "braycurtis": [
    0.37393422655298414
  ],
  "dice": [
    0.35960591133004927
  ],
  "cosinus": [
    0.2424134898558129
  ]
}