{
  "voc_eval_res": {
    "precision": 33.8235,
    "recall": 60.5263,
    "f-score": 43.3962
  },
  "KL_res": {
    "KL divergence": 1.6299860394886547,
    "Euclidean Dist.": 0.17040284824315535,
    "WER": 1.1346153846153846,
    "CER": 0.6131386861313869,
    "Cosine Dist.": 0.26801631949590066
  },
  "occ_eval_res": {
    "precision": 36.4706,
    "recall": 59.6154,
    "f-score": 45.2555
  },
  "clean_eval": {
    "f-score": 32.299741602067186,
    "precision": 32.89473684210527,
    "recall": 31.725888324873097,
    "tp": 125,
    "fp": 255,
    "fn": 269
  },
  "jaccard": [
    0.47700170357751276
  ],
  "braycurtis": [
    0.3148335015136226
  ],
  "dice": [
    0.3131991051454139
  ],
  "cosinus": [
    0.11982476008492482
  ]
}