{
  "voc_eval_res": {
    "precision": 66.6667,
    "recall": 66.6667,
    "f-score": 66.6667
  },
  "KL_res": {
    "KL divergence": 1.294499739650999,
    "Euclidean Dist.": 0.15044590918400055,
    "WER": 0.6545454545454545,
    "CER": 0.42450142450142453,
    "Cosine Dist.": 0.19505813259126747
  },
  "occ_eval_res": {
    "precision": 62.963,
    "recall": 61.8182,
    "f-score": 62.3853
  },
  "clean_eval": {
    "f-score": 37.49999999999999,
    "precision": 35.833333333333336,
    "recall": 39.329268292682926,
    "tp": 129,
    "fp": 231,
    "fn": 199
  },
  "jaccard": [
    0.391304347826087
  ],
  "braycurtis": [
    0.24167872648335745
  ],
  "dice": [
    0.24324324324324326
  ],
  "cosinus": [
    0.11009958070704495
  ]
}