{
  "voc_eval_res": {
    "precision": 57.8947,
    "recall": 70.9677,
    "f-score": 63.7681
  },
  "KL_res": {
    "KL divergence": 0.9406940900511848,
    "Euclidean Dist.": 0.14128580453052383,
    "WER": 0.5957446808510638,
    "CER": 0.3875968992248062,
    "Cosine Dist.": 0.13258998032611435
  },
  "occ_eval_res": {
    "precision": 62.7451,
    "recall": 68.0851,
    "f-score": 65.3061
  },
  "clean_eval": {
    "f-score": 47.27954971857411,
    "precision": 49.60629921259843,
    "recall": 45.16129032258064,
    "tp": 126,
    "fp": 128,
    "fn": 153
  },
  "jaccard": [
    0.42718446601941745
  ],
  "braycurtis": [
    0.2548330404217926
  ],
  "dice": [
    0.2716049382716049
  ],
  "cosinus": [
    0.11029938965320041
  ]
}