{
  "voc_eval_res": {
    "precision": 69.7674,
    "recall": 78.9474,
    "f-score": 74.0741
  },
  "KL_res": {
    "KL divergence": 0.9151944284507629,
    "Euclidean Dist.": 0.18958052341223117,
    "WER": 0.5,
    "CER": 0.27113702623906705,
    "Cosine Dist.": 0.28441676291138107
  },
  "occ_eval_res": {
    "precision": 64.4068,
    "recall": 73.0769,
    "f-score": 68.4685
  },
  "clean_eval": {
    "f-score": 29.629629629629633,
    "precision": 27.296587926509186,
    "recall": 32.398753894081,
    "tp": 104,
    "fp": 277,
    "fn": 217
  },
  "jaccard": [
    0.3181818181818182
  ],
  "braycurtis": [
    0.2033898305084746
  ],
  "dice": [
    0.1891891891891892
  ],
  "cosinus": [
    0.10831688429202535
  ]
}