{
  "voc_eval_res": {
    "precision": 15.7895,
    "recall": 60.0,
    "f-score": 25.0
  },
  "KL_res": {
    "KL divergence": 3.054748967247274,
    "Euclidean Dist.": 0.37037393584406436,
    "WER": 3.7,
    "CER": 3.7818181818181817,
    "Cosine Dist.": 0.615889360201312
  },
  "occ_eval_res": {
    "precision": 13.9535,
    "recall": 60.0,
    "f-score": 22.6415
  },
  "clean_eval": {
    "f-score": 12.779552715654951,
    "precision": 26.31578947368421,
    "recall": 8.438818565400844,
    "tp": 20,
    "fp": 56,
    "fn": 217
  },
  "jaccard": [
    0.7768361581920904
  ],
  "braycurtis": [
    0.7373134328358208
  ],
  "dice": [
    0.6351039260969977
  ],
  "cosinus": [
    0.5082580158157353
  ]
}