{
  "voc_eval_res": {
    "precision": 33.3333,
    "recall": 50.0,
    "f-score": 40.0
  },
  "KL_res": {
    "KL divergence": 3.392385166746394,
    "Euclidean Dist.": 0.41943524640393054,
    "WER": 1.3333333333333333,
    "CER": 1.1428571428571428,
    "Cosine Dist.": 0.42264973081037427
  },
  "occ_eval_res": {
    "precision": 33.3333,
    "recall": 50.0,
    "f-score": 40.0
  },
  "clean_eval": {
    "f-score": 41.53846153846154,
    "precision": 65.85365853658537,
    "recall": 30.337078651685395,
    "tp": 27,
    "fp": 14,
    "fn": 62
  },
  "jaccard": [
    0.674074074074074
  ],
  "braycurtis": [
    0.5257731958762887
  ],
  "dice": [
    0.5083798882681564
  ],
  "cosinus": [
    0.4621898871435639
  ]
}