{
  "voc_eval_res": {
    "precision": 40.0,
    "recall": 44.4444,
    "f-score": 42.1053
  },
  "KL_res": {
    "KL divergence": 3.6062468838448773,
    "Euclidean Dist.": 0.3517994902478384,
    "WER": 0.8888888888888888,
    "CER": 0.7777777777777778,
    "Cosine Dist.": 0.3798263270539579
  },
  "occ_eval_res": {
    "precision": 36.3636,
    "recall": 44.4444,
    "f-score": 40.0
  },
  "clean_eval": {
    "f-score": 66.1654135338346,
    "precision": 66.66666666666666,
    "recall": 65.67164179104478,
    "tp": 44,
    "fp": 22,
    "fn": 23
  },
  "jaccard": [
    0.64
  ],
  "braycurtis": [
    0.4793388429752066
  ],
  "dice": [
    0.47058823529411764
  ],
  "cosinus": [
    0.33681795369575607
  ]
}