{
  "voc_eval_res": {
    "precision": 32.6923,
    "recall": 50.0,
    "f-score": 39.5349
  },
  "KL_res": {
    "KL divergence": 2.5725595957538636,
    "Euclidean Dist.": 0.20106610125274027,
    "WER": 1.4565217391304348,
    "CER": 0.944078947368421,
    "Cosine Dist.": 0.38906918399759016
  },
  "occ_eval_res": {
    "precision": 31.9444,
    "recall": 50.0,
    "f-score": 38.9831
  },
  "clean_eval": {
    "f-score": 12.097812097812097,
    "precision": 12.5,
    "recall": 11.72069825436409,
    "tp": 47,
    "fp": 329,
    "fn": 354
  },
  "jaccard": [
    0.615916955017301
  ],
  "braycurtis": [
    0.4434087882822903
  ],
  "dice": [
    0.445
  ],
  "cosinus": [
    0.29233038116145893
  ]
}