{
  "voc_eval_res": {
    "precision": 33.3333,
    "recall": 14.2857,
    "f-score": 20.0
  },
  "KL_res": {
    "KL divergence": 7.117311095500671,
    "Euclidean Dist.": 0.6459361888690731,
    "WER": 0.8571428571428571,
    "CER": 0.43333333333333335,
    "Cosine Dist.": 0.6464466094067263
  },
  "occ_eval_res": {
    "precision": 33.3333,
    "recall": 14.2857,
    "f-score": 20.0
  },
  "clean_eval": {
    "f-score": 59.70149253731343,
    "precision": 50.0,
    "recall": 74.07407407407408,
    "tp": 20,
    "fp": 20,
    "fn": 7
  },
  "jaccard": [
    0.6486486486486487
  ],
  "braycurtis": [
    0.4807692307692308
  ],
  "dice": [
    0.48
  ],
  "cosinus": [
    0.43895423086828644
  ]
}