{
  "voc_eval_res": {
    "precision": 25.0,
    "recall": 23.0769,
    "f-score": 24.0
  },
  "KL_res": {
    "KL divergence": 5.809697617760356,
    "Euclidean Dist.": 0.3708282423383946,
    "WER": 0.9285714285714286,
    "CER": 0.5116279069767442,
    "Cosine Dist.": 0.6755571577384749
  },
  "occ_eval_res": {
    "precision": 23.0769,
    "recall": 21.4286,
    "f-score": 22.2222
  },
  "clean_eval": {
    "f-score": 42.931937172774866,
    "precision": 51.24999999999999,
    "recall": 36.93693693693694,
    "tp": 41,
    "fp": 39,
    "fn": 70
  },
  "jaccard": [
    0.5141242937853108
  ],
  "braycurtis": [
    0.3473053892215569
  ],
  "dice": [
    0.34600760456273766
  ],
  "cosinus": [
    0.2505492165287885
  ]
}