{
  "voc_eval_res": {
    "precision": 50.0,
    "recall": 53.125,
    "f-score": 51.5152
  },
  "KL_res": {
    "KL divergence": 2.2113487791702067,
    "Euclidean Dist.": 0.17003401020340114,
    "WER": 0.8095238095238095,
    "CER": 0.49145299145299143,
    "Cosine Dist.": 0.2459455385443825
  },
  "occ_eval_res": {
    "precision": 52.381,
    "recall": 52.381,
    "f-score": 52.381
  },
  "clean_eval": {
    "f-score": 32.860040567951316,
    "precision": 33.06122448979592,
    "recall": 32.66129032258064,
    "tp": 81,
    "fp": 164,
    "fn": 167
  },
  "jaccard": [
    0.5181347150259067
  ],
  "braycurtis": [
    0.3202479338842975
  ],
  "dice": [
    0.34965034965034963
  ],
  "cosinus": [
    0.1803470526174792
  ]
}