{
  "voc_eval_res": {
    "precision": 22.2222,
    "recall": 53.3333,
    "f-score": 31.3725
  },
  "KL_res": {
    "KL divergence": 2.3123655805525223,
    "Euclidean Dist.": 0.30337615878739616,
    "WER": 1.8636363636363635,
    "CER": 1.8018867924528301,
    "Cosine Dist.": 0.3691003264904965
  },
  "occ_eval_res": {
    "precision": 25.9259,
    "recall": 63.6364,
    "f-score": 36.8421
  },
  "clean_eval": {
    "f-score": 17.155756207674944,
    "precision": 36.19047619047619,
    "recall": 11.242603550295858,
    "tp": 38,
    "fp": 67,
    "fn": 300
  },
  "jaccard": [
    0.7430167597765364
  ],
  "braycurtis": [
    0.5833333333333334
  ],
  "dice": [
    0.5911111111111111
  ],
  "cosinus": [
    0.4169621434359869
  ]
}