{
  "voc_eval_res": {
    "precision": 70.0,
    "recall": 41.1765,
    "f-score": 51.8519
  },
  "KL_res": {
    "KL divergence": 2.9492826361498725,
    "Euclidean Dist.": 0.2830246201877986,
    "WER": 0.5789473684210527,
    "CER": 0.39603960396039606,
    "Cosine Dist.": 0.2111893622533847
  },
  "occ_eval_res": {
    "precision": 69.2308,
    "recall": 47.3684,
    "f-score": 56.25
  },
  "clean_eval": {
    "f-score": 74.48979591836735,
    "precision": 68.86792452830188,
    "recall": 81.11111111111111,
    "tp": 73,
    "fp": 33,
    "fn": 17
  },
  "jaccard": [
    0.5198019801980198
  ],
  "braycurtis": [
    0.3299492385786802
  ],
  "dice": [
    0.3511705685618729
  ],
  "cosinus": [
    0.20563876641790146
  ]
}