{
  "voc_eval_res": {
    "precision": 75.0,
    "recall": 65.8537,
    "f-score": 70.1299
  },
  "KL_res": {
    "KL divergence": 0.9526678491844534,
    "Euclidean Dist.": 0.11097645869586857,
    "WER": 0.3709677419354839,
    "CER": 0.2554945054945055,
    "Cosine Dist.": 0.09903012423531143
  },
  "occ_eval_res": {
    "precision": 76.7857,
    "recall": 69.3548,
    "f-score": 72.8814
  },
  "clean_eval": {
    "f-score": 39.806996381182145,
    "precision": 36.830357142857146,
    "recall": 43.30708661417323,
    "tp": 165,
    "fp": 283,
    "fn": 216
  },
  "jaccard": [
    0.34134615384615385
  ],
  "braycurtis": [
    0.1883656509695291
  ],
  "dice": [
    0.20579710144927535
  ],
  "cosinus": [
    0.06229290290781542
  ]
}