{
  "voc_eval_res": {
    "precision": 50.0,
    "recall": 75.0,
    "f-score": 60.0
  },
  "KL_res": {
    "KL divergence": 0.8242733972932513,
    "Euclidean Dist.": 0.1600434482427937,
    "WER": 0.65,
    "CER": 0.42677824267782427,
    "Cosine Dist.": 0.12173416114599112
  },
  "occ_eval_res": {
    "precision": 55.7692,
    "recall": 72.5,
    "f-score": 63.0435
  },
  "clean_eval": {
    "f-score": 35.58718861209964,
    "precision": 38.61003861003861,
    "recall": 33.003300330033,
    "tp": 100,
    "fp": 159,
    "fn": 203
  },
  "jaccard": [
    0.4010989010989011
  ],
  "braycurtis": [
    0.25
  ],
  "dice": [
    0.2508591065292096
  ],
  "cosinus": [
    0.10008002806316219
  ]
}