{
  "voc_eval_res": {
    "precision": 37.8378,
    "recall": 59.5745,
    "f-score": 46.281
  },
  "KL_res": {
    "KL divergence": 1.8165474991898714,
    "Euclidean Dist.": 0.16393054052824443,
    "WER": 1.0606060606060606,
    "CER": 0.6306695464362851,
    "Cosine Dist.": 0.26973220050947533
  },
  "occ_eval_res": {
    "precision": 40.4255,
    "recall": 57.5758,
    "f-score": 47.5
  },
  "clean_eval": {
    "f-score": 19.739696312364426,
    "precision": 20.634920634920633,
    "recall": 18.91891891891892,
    "tp": 91,
    "fp": 350,
    "fn": 390
  },
  "jaccard": [
    0.4495677233429395
  ],
  "braycurtis": [
    0.2814538676607642
  ],
  "dice": [
    0.2899628252788104
  ],
  "cosinus": [
    0.11777584928652429
  ]
}