{
  "voc_eval_res": {
    "precision": 33.3333,
    "recall": 33.3333,
    "f-score": 33.3333
  },
  "KL_res": {
    "KL divergence": 5.206922269619368,
    "Euclidean Dist.": 0.6666666666666666,
    "WER": 0.6666666666666666,
    "CER": 0.42105263157894735,
    "Cosine Dist.": 0.5
  },
  "occ_eval_res": {
    "precision": 33.3333,
    "recall": 33.3333,
    "f-score": 33.3333
  },
  "clean_eval": {
    "f-score": 58.46153846153847,
    "precision": 50.0,
    "recall": 70.37037037037037,
    "tp": 19,
    "fp": 19,
    "fn": 8
  },
  "jaccard": [
    0.4583333333333333
  ],
  "braycurtis": [
    0.2894736842105263
  ],
  "dice": [
    0.2972972972972973
  ],
  "cosinus": [
    0.2729522946823443
  ]
}