{
  "voc_eval_res": {
    "precision": 30.5556,
    "recall": 50.0,
    "f-score": 37.931
  },
  "KL_res": {
    "KL divergence": 2.368088363062987,
    "Euclidean Dist.": 0.21275156592238145,
    "WER": 1.064516129032258,
    "CER": 1.1224489795918366,
    "Cosine Dist.": 0.2390274408177553
  },
  "occ_eval_res": {
    "precision": 38.2979,
    "recall": 58.0645,
    "f-score": 46.1538
  },
  "clean_eval": {
    "f-score": 17.10794297352342,
    "precision": 25.454545454545453,
    "recall": 12.883435582822086,
    "tp": 42,
    "fp": 123,
    "fn": 284
  },
  "jaccard": [
    0.6834170854271356
  ],
  "braycurtis": [
    0.5216400911161732
  ],
  "dice": [
    0.5190839694656488
  ],
  "cosinus": [
    0.3773706303874865
  ]
}