{
  "voc_eval_res": {
    "precision": 23.8095,
    "recall": 25.0,
    "f-score": 24.3902
  },
  "KL_res": {
    "KL divergence": 4.81872336439987,
    "Euclidean Dist.": 0.27250900356647556,
    "WER": 0.88,
    "CER": 0.6302521008403361,
    "Cosine Dist.": 0.5308425683715818
  },
  "occ_eval_res": {
    "precision": 27.2727,
    "recall": 24.0,
    "f-score": 25.5319
  },
  "clean_eval": {
    "f-score": 54.861111111111114,
    "precision": 48.170731707317074,
    "recall": 63.70967741935484,
    "tp": 79,
    "fp": 85,
    "fn": 45
  },
  "jaccard": [
    0.7209302325581395
  ],
  "braycurtis": [
    0.5813008130081301
  ],
  "dice": [
    0.5636363636363636
  ],
  "cosinus": [
    0.48038318156391624
  ]
}