{
  "voc_eval_res": {
    "precision": 54.3478,
    "recall": 69.4444,
    "f-score": 60.9756
  },
  "KL_res": {
    "KL divergence": 1.6052635314750687,
    "Euclidean Dist.": 0.15081074124745267,
    "WER": 0.8536585365853658,
    "CER": 0.6768558951965066,
    "Cosine Dist.": 0.20334377812592952
  },
  "occ_eval_res": {
    "precision": 50.0,
    "recall": 68.2927,
    "f-score": 57.732
  },
  "clean_eval": {
    "f-score": 28.336755646817252,
    "precision": 30.80357142857143,
    "recall": 26.23574144486692,
    "tp": 69,
    "fp": 155,
    "fn": 194
  },
  "jaccard": [
    0.42920353982300885
  ],
  "braycurtis": [
    0.31399317406143346
  ],
  "dice": [
    0.27323943661971833
  ],
  "cosinus": [
    0.1624356854078114
  ]
}