{
  "voc_eval_res": {
    "precision": 28.75,
    "recall": 50.0,
    "f-score": 36.5079
  },
  "KL_res": {
    "KL divergence": 2.6631560581008866,
    "Euclidean Dist.": 0.16436247498127846,
    "WER": 1.5769230769230769,
    "CER": 0.8429003021148036,
    "Cosine Dist.": 0.3904722089634737
  },
  "occ_eval_res": {
    "precision": 25.7426,
    "recall": 50.0,
    "f-score": 33.9869
  },
  "clean_eval": {
    "f-score": 32.189349112426044,
    "precision": 36.07427055702917,
    "recall": 29.059829059829063,
    "tp": 136,
    "fp": 241,
    "fn": 332
  },
  "jaccard": [
    0.5588235294117647
  ],
  "braycurtis": [
    0.4315673289183223
  ],
  "dice": [
    0.3877551020408163
  ],
  "cosinus": [
    0.2434745423951381
  ]
}