{
  "voc_eval_res": {
    "precision": 32.5581,
    "recall": 36.8421,
    "f-score": 34.5679
  },
  "KL_res": {
    "KL divergence": 3.2896606832579107,
    "Euclidean Dist.": 0.1867475165505668,
    "WER": 1.0,
    "CER": 0.7741935483870968,
    "Cosine Dist.": 0.43696709338169415
  },
  "occ_eval_res": {
    "precision": 32.0,
    "recall": 37.2093,
    "f-score": 34.4086
  },
  "clean_eval": {
    "f-score": 25.220680958385884,
    "precision": 26.246719160104988,
    "recall": 24.271844660194176,
    "tp": 100,
    "fp": 281,
    "fn": 312
  },
  "jaccard": [
    0.5753676470588235
  ],
  "braycurtis": [
    0.4225352112676056
  ],
  "dice": [
    0.4038709677419355
  ],
  "cosinus": [
    0.285659996555079
  ]
}