{
  "voc_eval_res": {
    "precision": 43.8596,
    "recall": 60.9756,
    "f-score": 51.0204
  },
  "KL_res": {
    "KL divergence": 1.737514103342162,
    "Euclidean Dist.": 0.17792480417199666,
    "WER": 0.9814814814814815,
    "CER": 0.5967741935483871,
    "Cosine Dist.": 0.3118697748601251
  },
  "occ_eval_res": {
    "precision": 44.4444,
    "recall": 59.2593,
    "f-score": 50.7937
  },
  "clean_eval": {
    "f-score": 33.088235294117645,
    "precision": 31.46853146853147,
    "recall": 34.883720930232556,
    "tp": 135,
    "fp": 294,
    "fn": 252
  },
  "jaccard": [
    0.3981308411214953
  ],
  "braycurtis": [
    0.2425531914893617
  ],
  "dice": [
    0.2485414235705951
  ],
  "cosinus": [
    0.09504794728636978
  ]
}