{
  "voc_eval_res": {
    "precision": 38.8889,
    "recall": 41.1765,
    "f-score": 40.0
  },
  "KL_res": {
    "KL divergence": 3.6325906362408573,
    "Euclidean Dist.": 0.26211106148399427,
    "WER": 0.7647058823529411,
    "CER": 0.45454545454545453,
    "Cosine Dist.": 0.42845239335059193
  },
  "occ_eval_res": {
    "precision": 38.8889,
    "recall": 41.1765,
    "f-score": 40.0
  },
  "clean_eval": {
    "f-score": 69.40298507462687,
    "precision": 66.42857142857143,
    "recall": 72.65625,
    "tp": 93,
    "fp": 47,
    "fn": 35
  },
  "jaccard": [
    0.4965034965034965
  ],
  "braycurtis": [
    0.36329588014981273
  ],
  "dice": [
    0.3302325581395349
  ],
  "cosinus": [
    0.2810580461532427
  ]
}