{
  "voc_eval_res": {
    "precision": 42.8571,
    "recall": 56.25,
    "f-score": 48.6486
  },
  "KL_res": {
    "KL divergence": 2.3584978556393783,
    "Euclidean Dist.": 0.2426725476808695,
    "WER": 1.0,
    "CER": 0.6565656565656566,
    "Cosine Dist.": 0.2925000540451328
  },
  "occ_eval_res": {
    "precision": 40.0,
    "recall": 58.8235,
    "f-score": 47.619
  },
  "clean_eval": {
    "f-score": 63.51351351351351,
    "precision": 73.4375,
    "recall": 55.952380952380956,
    "tp": 94,
    "fp": 34,
    "fn": 74
  },
  "jaccard": [
    0.5215686274509804
  ],
  "braycurtis": [
    0.37142857142857144
  ],
  "dice": [
    0.35278514588859416
  ],
  "cosinus": [
    0.22078428913471515
  ]
}