{
  "voc_eval_res": {
    "precision": 56.0976,
    "recall": 57.5,
    "f-score": 56.7901
  },
  "KL_res": {
    "KL divergence": 1.7257174084943967,
    "Euclidean Dist.": 0.14371496807742293,
    "WER": 0.6428571428571429,
    "CER": 0.37425149700598803,
    "Cosine Dist.": 0.1864596817465719
  },
  "occ_eval_res": {
    "precision": 61.1111,
    "recall": 58.9286,
    "f-score": 60.0
  },
  "clean_eval": {
    "f-score": 43.93673110720562,
    "precision": 45.62043795620438,
    "recall": 42.3728813559322,
    "tp": 125,
    "fp": 149,
    "fn": 170
  },
  "jaccard": [
    0.4400921658986175
  ],
  "braycurtis": [
    0.24397590361445784
  ],
  "dice": [
    0.2821270310192024
  ],
  "cosinus": [
    0.09957858597442693
  ]
}