{
  "voc_eval_res": {
    "precision": 22.2222,
    "recall": 40.0,
    "f-score": 28.5714
  },
  "KL_res": {
    "KL divergence": 2.5190150805176774,
    "Euclidean Dist.": 0.27523372467403956,
    "WER": 0.8947368421052632,
    "CER": 0.8860759493670886,
    "Cosine Dist.": 0.20408094275719968
  },
  "occ_eval_res": {
    "precision": 40.7407,
    "recall": 57.8947,
    "f-score": 47.8261
  },
  "clean_eval": {
    "f-score": 50.0,
    "precision": 65.0485436893204,
    "recall": 40.60606060606061,
    "tp": 67,
    "fp": 36,
    "fn": 98
  },
  "jaccard": [
    0.7897435897435897
  ],
  "braycurtis": [
    0.5321100917431193
  ],
  "dice": [
    0.652542372881356
  ],
  "cosinus": [
    0.390446508476301
  ]
}