{
  "voc_eval_res": {
    "precision": 43.8596,
    "recall": 51.0204,
    "f-score": 47.1698
  },
  "KL_res": {
    "KL divergence": 2.2534438420452787,
    "Euclidean Dist.": 0.15616380360178067,
    "WER": 0.8142857142857143,
    "CER": 0.5454545454545454,
    "Cosine Dist.": 0.2782666749356827
  },
  "occ_eval_res": {
    "precision": 47.8261,
    "recall": 47.1429,
    "f-score": 47.482
  },
  "clean_eval": {
    "f-score": 27.86304604486423,
    "precision": 28.297362110311752,
    "recall": 27.44186046511628,
    "tp": 118,
    "fp": 299,
    "fn": 312
  },
  "jaccard": [
    0.4444444444444444
  ],
  "braycurtis": [
    0.28451882845188287
  ],
  "dice": [
    0.2857142857142857
  ],
  "cosinus": [
    0.12628123515727063
  ]
}