{
  "voc_eval_res": {
    "precision": 38.7097,
    "recall": 54.5455,
    "f-score": 45.283
  },
  "KL_res": {
    "KL divergence": 2.195963289817902,
    "Euclidean Dist.": 0.2012116077941606,
    "WER": 0.8666666666666667,
    "CER": 0.8602941176470589,
    "Cosine Dist.": 0.216814621699567
  },
  "occ_eval_res": {
    "precision": 45.0,
    "recall": 60.0,
    "f-score": 51.4286
  },
  "clean_eval": {
    "f-score": 21.153846153846153,
    "precision": 26.82926829268293,
    "recall": 17.46031746031746,
    "tp": 44,
    "fp": 120,
    "fn": 208
  },
  "jaccard": [
    0.6389684813753582
  ],
  "braycurtis": [
    0.4838709677419355
  ],
  "dice": [
    0.4694736842105263
  ],
  "cosinus": [
    0.32515334920799743
  ]
}