{
  "voc_eval_res": {
    "precision": 17.1429,
    "recall": 24.0,
    "f-score": 20.0
  },
  "KL_res": {
    "KL divergence": 4.473305248555282,
    "Euclidean Dist.": 0.2448561632362389,
    "WER": 1.3103448275862069,
    "CER": 1.220125786163522,
    "Cosine Dist.": 0.5750817072006014
  },
  "occ_eval_res": {
    "precision": 19.0476,
    "recall": 27.5862,
    "f-score": 22.5352
  },
  "clean_eval": {
    "f-score": 13.19073083778966,
    "precision": 17.452830188679243,
    "recall": 10.601719197707736,
    "tp": 37,
    "fp": 175,
    "fn": 312
  },
  "jaccard": [
    0.7146067415730337
  ],
  "braycurtis": [
    0.6134831460674157
  ],
  "dice": [
    0.5559440559440559
  ],
  "cosinus": [
    0.46176476491090135
  ]
}