{
  "voc_eval_res": {
    "precision": 58.0645,
    "recall": 78.2609,
    "f-score": 66.6667
  },
  "KL_res": {
    "KL divergence": 1.0726490362024508,
    "Euclidean Dist.": 0.17294778836400307,
    "WER": 0.64,
    "CER": 0.3602150537634409,
    "Cosine Dist.": 0.17844042967554286
  },
  "occ_eval_res": {
    "precision": 59.375,
    "recall": 76.0,
    "f-score": 66.6667
  },
  "clean_eval": {
    "f-score": 63.57308584686776,
    "precision": 64.31924882629107,
    "recall": 62.84403669724771,
    "tp": 137,
    "fp": 76,
    "fn": 81
  },
  "jaccard": [
    0.38440111420612816
  ],
  "braycurtis": [
    0.22439024390243903
  ],
  "dice": [
    0.23793103448275862
  ],
  "cosinus": [
    0.11513197180627266
  ]
}