{
  "voc_eval_res": {
    "precision": 33.3333,
    "recall": 25.0,
    "f-score": 28.5714
  },
  "KL_res": {
    "KL divergence": 6.025188855029771,
    "Euclidean Dist.": 0.6508541396588878,
    "WER": 1.0,
    "CER": 0.68,
    "Cosine Dist.": 0.5527864045000421
  },
  "occ_eval_res": {
    "precision": 33.3333,
    "recall": 25.0,
    "f-score": 28.5714
  },
  "clean_eval": {
    "f-score": 46.75324675324675,
    "precision": 36.0,
    "recall": 66.66666666666666,
    "tp": 18,
    "fp": 32,
    "fn": 9
  },
  "jaccard": [
    0.7241379310344828
  ],
  "braycurtis": [
    0.5897435897435898
  ],
  "dice": [
    0.5675675675675675
  ],
  "cosinus": [
    0.5695947101270704
  ]
}