{
  "voc_eval_res": {
    "precision": 73.5294,
    "recall": 71.4286,
    "f-score": 72.4638
  },
  "KL_res": {
    "KL divergence": 1.184483310822569,
    "Euclidean Dist.": 0.16734238023352668,
    "WER": 0.6888888888888889,
    "CER": 0.4166666666666667,
    "Cosine Dist.": 0.22747221798799877
  },
  "occ_eval_res": {
    "precision": 62.5,
    "recall": 66.6667,
    "f-score": 64.5161
  },
  "clean_eval": {
    "f-score": 45.48022598870057,
    "precision": 45.609065155807365,
    "recall": 45.352112676056336,
    "tp": 161,
    "fp": 192,
    "fn": 194
  },
  "jaccard": [
    0.34933333333333333
  ],
  "braycurtis": [
    0.22673434856175972
  ],
  "dice": [
    0.21163166397415187
  ],
  "cosinus": [
    0.11587135136322768
  ]
}