{
  "voc_eval_res": {
    "precision": 16.6667,
    "recall": 44.4444,
    "f-score": 24.2424
  },
  "KL_res": {
    "KL divergence": 2.390218901445113,
    "Euclidean Dist.": 0.339830000243863,
    "WER": 1.5,
    "CER": 1.2361111111111112,
    "Cosine Dist.": 0.23999349337660925
  },
  "occ_eval_res": {
    "precision": 29.4118,
    "recall": 62.5,
    "f-score": 40.0
  },
  "clean_eval": {
    "f-score": 32.764505119453915,
    "precision": 53.333333333333336,
    "recall": 23.645320197044335,
    "tp": 48,
    "fp": 42,
    "fn": 155
  },
  "jaccard": [
    0.808695652173913
  ],
  "braycurtis": [
    0.5598290598290598
  ],
  "dice": [
    0.6788321167883211
  ],
  "cosinus": [
    0.39111039177853246
  ]
}