{
  "voc_eval_res": {
    "precision": 42.1053,
    "recall": 57.1429,
    "f-score": 48.4848
  },
  "KL_res": {
    "KL divergence": 1.8202921538983257,
    "Euclidean Dist.": 0.26881498441283985,
    "WER": 0.8421052631578947,
    "CER": 0.4235294117647059,
    "Cosine Dist.": 0.265031584740833
  },
  "occ_eval_res": {
    "precision": 44.0,
    "recall": 57.8947,
    "f-score": 50.0
  },
  "clean_eval": {
    "f-score": 66.32390745501286,
    "precision": 65.48223350253807,
    "recall": 67.1875,
    "tp": 129,
    "fp": 68,
    "fn": 63
  },
  "jaccard": [
    0.4854014598540146
  ],
  "braycurtis": [
    0.300561797752809
  ],
  "dice": [
    0.3204819277108434
  ],
  "cosinus": [
    0.16230598261779705
  ]
}