{
  "voc_eval_res": {
    "precision": 11.1111,
    "recall": 26.3158,
    "f-score": 15.625
  },
  "KL_res": {
    "KL divergence": 4.993791867489302,
    "Euclidean Dist.": 0.2878877341804195,
    "WER": 2.7,
    "CER": 1.8484848484848484,
    "Cosine Dist.": 0.7740269268535872
  },
  "occ_eval_res": {
    "precision": 8.7719,
    "recall": 25.0,
    "f-score": 12.987
  },
  "clean_eval": {
    "f-score": 9.032258064516128,
    "precision": 15.135135135135137,
    "recall": 6.436781609195402,
    "tp": 28,
    "fp": 157,
    "fn": 407
  },
  "jaccard": [
    0.7478813559322034
  ],
  "braycurtis": [
    0.675564681724846
  ],
  "dice": [
    0.5972927241962775
  ],
  "cosinus": [
    0.48738505970616264
  ]
}