{
  "voc_eval_res": {
    "precision": 59.5238,
    "recall": 69.4444,
    "f-score": 64.1026
  },
  "KL_res": {
    "KL divergence": 1.3535475906876142,
    "Euclidean Dist.": 0.17722595716736414,
    "WER": 0.6666666666666666,
    "CER": 0.41155234657039713,
    "Cosine Dist.": 0.2707094725108209
  },
  "occ_eval_res": {
    "precision": 54.5455,
    "recall": 66.6667,
    "f-score": 60.0
  },
  "clean_eval": {
    "f-score": 17.586206896551722,
    "precision": 17.22972972972973,
    "recall": 17.95774647887324,
    "tp": 51,
    "fp": 245,
    "fn": 233
  },
  "jaccard": [
    0.36363636363636365
  ],
  "braycurtis": [
    0.2662337662337662
  ],
  "dice": [
    0.2222222222222222
  ],
  "cosinus": [
    0.1386944639725507
  ]
}