{
  "voc_eval_res": {
    "precision": 55.5556,
    "recall": 62.5,
    "f-score": 58.8235
  },
  "KL_res": {
    "KL divergence": 1.4353662063248824,
    "Euclidean Dist.": 0.2038083100663782,
    "WER": 0.5454545454545454,
    "CER": 0.4017094017094017,
    "Cosine Dist.": 0.16515289006327805
  },
  "occ_eval_res": {
    "precision": 61.9048,
    "recall": 59.0909,
    "f-score": 60.4651
  },
  "clean_eval": {
    "f-score": 54.74452554744526,
    "precision": 48.38709677419355,
    "recall": 63.02521008403361,
    "tp": 75,
    "fp": 80,
    "fn": 44
  },
  "jaccard": [
    0.4618834080717489
  ],
  "braycurtis": [
    0.27385892116182575
  ],
  "dice": [
    0.30029154518950435
  ],
  "cosinus": [
    0.1617196868626185
  ]
}