{
  "voc_eval_res": {
    "precision": 30.7692,
    "recall": 66.6667,
    "f-score": 42.1053
  },
  "KL_res": {
    "KL divergence": 1.3697508557480098,
    "Euclidean Dist.": 0.3559757716474536,
    "WER": 0.9,
    "CER": 0.7714285714285715,
    "Cosine Dist.": 0.18832055008657222
  },
  "occ_eval_res": {
    "precision": 43.75,
    "recall": 70.0,
    "f-score": 53.8462
  },
  "clean_eval": {
    "f-score": 36.434108527131784,
    "precision": 47.474747474747474,
    "recall": 29.559748427672954,
    "tp": 47,
    "fp": 52,
    "fn": 112
  },
  "jaccard": [
    0.6923076923076923
  ],
  "braycurtis": [
    0.418848167539267
  ],
  "dice": [
    0.5294117647058824
  ],
  "cosinus": [
    0.24419823417552133
  ]
}