{
  "voc_eval_res": {
    "precision": 32.6923,
    "recall": 41.4634,
    "f-score": 36.5591
  },
  "KL_res": {
    "KL divergence": 3.348520678503882,
    "Euclidean Dist.": 0.19494812787189605,
    "WER": 0.8888888888888888,
    "CER": 0.477088948787062,
    "Cosine Dist.": 0.3516951837485486
  },
  "occ_eval_res": {
    "precision": 35.1351,
    "recall": 41.2698,
    "f-score": 37.9562
  },
  "clean_eval": {
    "f-score": 26.66666666666666,
    "precision": 29.585798816568047,
    "recall": 24.271844660194176,
    "tp": 100,
    "fp": 238,
    "fn": 312
  },
  "jaccard": [
    0.5037453183520599
  ],
  "braycurtis": [
    0.38162544169611307
  ],
  "dice": [
    0.33667083854818525
  ],
  "cosinus": [
    0.28232126145846903
  ]
}