{
  "voc_eval_res": {
    "precision": 51.2821,
    "recall": 58.8235,
    "f-score": 54.7945
  },
  "KL_res": {
    "KL divergence": 1.593313925521995,
    "Euclidean Dist.": 0.14293600930878644,
    "WER": 0.7674418604651163,
    "CER": 0.5472972972972973,
    "Cosine Dist.": 0.16937220806450715
  },
  "occ_eval_res": {
    "precision": 57.4468,
    "recall": 62.7907,
    "f-score": 60.0
  },
  "clean_eval": {
    "f-score": 37.96133567662566,
    "precision": 37.89473684210527,
    "recall": 38.028169014084504,
    "tp": 108,
    "fp": 177,
    "fn": 176
  },
  "jaccard": [
    0.503370786516854
  ],
  "braycurtis": [
    0.30130293159609123
  ],
  "dice": [
    0.33633633633633636
  ],
  "cosinus": [
    0.11937379579450047
  ]
}