{
  "voc_eval_res": {
    "precision": 53.5714,
    "recall": 68.1818,
    "f-score": 60.0
  },
  "KL_res": {
    "KL divergence": 1.5462560658006415,
    "Euclidean Dist.": 0.19094065395649332,
    "WER": 0.625,
    "CER": 0.3492063492063492,
    "Cosine Dist.": 0.222088824094532
  },
  "occ_eval_res": {
    "precision": 53.3333,
    "recall": 66.6667,
    "f-score": 59.2593
  },
  "clean_eval": {
    "f-score": 45.93967517401392,
    "precision": 46.478873239436616,
    "recall": 45.412844036697244,
    "tp": 99,
    "fp": 114,
    "fn": 119
  },
  "jaccard": [
    0.3960674157303371
  ],
  "braycurtis": [
    0.2631578947368421
  ],
  "dice": [
    0.2469352014010508
  ],
  "cosinus": [
    0.15945627762846493
  ]
}