{
  "voc_eval_res": {
    "precision": 47.4576,
    "recall": 62.2222,
    "f-score": 53.8462
  },
  "KL_res": {
    "KL divergence": 1.4375146068204268,
    "Euclidean Dist.": 0.12485902474427471,
    "WER": 0.8095238095238095,
    "CER": 0.4973544973544973,
    "Cosine Dist.": 0.15946118443265844
  },
  "occ_eval_res": {
    "precision": 53.1646,
    "recall": 66.6667,
    "f-score": 59.1549
  },
  "clean_eval": {
    "f-score": 51.24153498871332,
    "precision": 52.54629629629629,
    "recall": 50.0,
    "tp": 227,
    "fp": 205,
    "fn": 227
  },
  "jaccard": [
    0.46608695652173915
  ],
  "braycurtis": [
    0.2727272727272727
  ],
  "dice": [
    0.30385487528344673
  ],
  "cosinus": [
    0.10822085503484058
  ]
}