{
  "voc_eval_res": {
    "precision": 37.1429,
    "recall": 48.1481,
    "f-score": 41.9355
  },
  "KL_res": {
    "KL divergence": 2.858752183957555,
    "Euclidean Dist.": 0.20728037655218606,
    "WER": 0.9,
    "CER": 0.5471698113207547,
    "Cosine Dist.": 0.4024844827216367
  },
  "occ_eval_res": {
    "precision": 35.8974,
    "recall": 46.6667,
    "f-score": 40.5797
  },
  "clean_eval": {
    "f-score": 21.77858439201452,
    "precision": 23.076923076923077,
    "recall": 20.618556701030926,
    "tp": 60,
    "fp": 200,
    "fn": 231
  },
  "jaccard": [
    0.49135802469135803
  ],
  "braycurtis": [
    0.3312883435582822
  ],
  "dice": [
    0.32569558101472995
  ],
  "cosinus": [
    0.1777656442034954
  ]
}