{
  "voc_eval_res": {
    "precision": 14.2857,
    "recall": 33.3333,
    "f-score": 20.0
  },
  "KL_res": {
    "KL divergence": 5.47594346821341,
    "Euclidean Dist.": 0.6459361888690731,
    "WER": 2.0,
    "CER": 1.0434782608695652,
    "Cosine Dist.": 0.6464466094067263
  },
  "occ_eval_res": {
    "precision": 14.2857,
    "recall": 33.3333,
    "f-score": 20.0
  },
  "clean_eval": {
    "f-score": 69.23076923076923,
    "precision": 71.05263157894737,
    "recall": 67.5,
    "tp": 27,
    "fp": 11,
    "fn": 13
  },
  "jaccard": [
    0.6666666666666666
  ],
  "braycurtis": [
    0.5245901639344263
  ],
  "dice": [
    0.5
  ],
  "cosinus": [
    0.47316888815469216
  ]
}