{
  "voc_eval_res": {
    "precision": 34.7826,
    "recall": 38.0952,
    "f-score": 36.3636
  },
  "KL_res": {
    "KL divergence": 3.079708749585048,
    "Euclidean Dist.": 0.1690965553879491,
    "WER": 0.9294117647058824,
    "CER": 0.5203539823008849,
    "Cosine Dist.": 0.4329917628165968
  },
  "occ_eval_res": {
    "precision": 34.4086,
    "recall": 37.6471,
    "f-score": 35.9551
  },
  "clean_eval": {
    "f-score": 12.147134302822925,
    "precision": 13.813229571984436,
    "recall": 10.839694656488549,
    "tp": 71,
    "fp": 443,
    "fn": 584
  },
  "jaccard": [
    0.5153733528550513
  ],
  "braycurtis": [
    0.32552301255230126
  ],
  "dice": [
    0.34714003944773175
  ],
  "cosinus": [
    0.19571970562011975
  ]
}