{
  "voc_eval_res": {
    "precision": 23.8095,
    "recall": 40.5405,
    "f-score": 30.0
  },
  "KL_res": {
    "KL divergence": 3.464946844966543,
    "Euclidean Dist.": 0.17988457619627995,
    "WER": 1.4615384615384615,
    "CER": 0.8945454545454545,
    "Cosine Dist.": 0.4646509108493926
  },
  "occ_eval_res": {
    "precision": 22.5352,
    "recall": 41.0256,
    "f-score": 29.0909
  },
  "clean_eval": {
    "f-score": 34.7953216374269,
    "precision": 38.141025641025635,
    "recall": 31.989247311827956,
    "tp": 119,
    "fp": 193,
    "fn": 253
  },
  "jaccard": [
    0.5735056542810986
  ],
  "braycurtis": [
    0.44506258692628653
  ],
  "dice": [
    0.40203850509626277
  ],
  "cosinus": [
    0.26141608779723946
  ]
}