{
  "voc_eval_res": {
    "precision": 66.6667,
    "recall": 42.1053,
    "f-score": 51.6129
  },
  "KL_res": {
    "KL divergence": 2.9438301006190795,
    "Euclidean Dist.": 0.26190476190476186,
    "WER": 0.7142857142857143,
    "CER": 0.5595238095238095,
    "Cosine Dist.": 0.28388512596056714
  },
  "occ_eval_res": {
    "precision": 66.6667,
    "recall": 38.0952,
    "f-score": 48.4848
  },
  "clean_eval": {
    "f-score": 53.266331658291456,
    "precision": 40.458015267175576,
    "recall": 77.94117647058823,
    "tp": 53,
    "fp": 78,
    "fn": 15
  },
  "jaccard": [
    0.5943396226415094
  ],
  "braycurtis": [
    0.43373493975903615
  ],
  "dice": [
    0.4228187919463087
  ],
  "cosinus": [
    0.34329194409402064
  ]
}