{
  "voc_eval_res": {
    "precision": 27.2727,
    "recall": 35.2941,
    "f-score": 30.7692
  },
  "KL_res": {
    "KL divergence": 4.223032927232644,
    "Euclidean Dist.": 0.2706748820287436,
    "WER": 1.0588235294117647,
    "CER": 0.5522388059701493,
    "Cosine Dist.": 0.5271337562565397
  },
  "occ_eval_res": {
    "precision": 27.2727,
    "recall": 35.2941,
    "f-score": 30.7692
  },
  "clean_eval": {
    "f-score": 63.799283154121866,
    "precision": 64.02877697841727,
    "recall": 63.57142857142857,
    "tp": 89,
    "fp": 50,
    "fn": 51
  },
  "jaccard": [
    0.5987261146496815
  ],
  "braycurtis": [
    0.4522058823529412
  ],
  "dice": [
    0.42727272727272725
  ],
  "cosinus": [
    0.36313817468751286
  ]
}