{
  "voc_eval_res": {
    "precision": 35.0,
    "recall": 43.75,
    "f-score": 38.8889
  },
  "KL_res": {
    "KL divergence": 2.8182836549471757,
    "Euclidean Dist.": 0.20690572085919479,
    "WER": 1.0952380952380953,
    "CER": 0.6766666666666666,
    "Cosine Dist.": 0.4094166645056029
  },
  "occ_eval_res": {
    "precision": 34.0,
    "recall": 40.4762,
    "f-score": 36.9565
  },
  "clean_eval": {
    "f-score": 9.51048951048951,
    "precision": 10.303030303030303,
    "recall": 8.831168831168831,
    "tp": 34,
    "fp": 296,
    "fn": 351
  },
  "jaccard": [
    0.5446985446985447
  ],
  "braycurtis": [
    0.37089201877934275
  ],
  "dice": [
    0.3742857142857143
  ],
  "cosinus": [
    0.24374639854397362
  ]
}