{
  "voc_eval_res": {
    "precision": 37.5,
    "recall": 18.75,
    "f-score": 25.0
  },
  "KL_res": {
    "KL divergence": 4.659688155102776,
    "Euclidean Dist.": 0.25954974750242277,
    "WER": 0.8571428571428571,
    "CER": 0.6863905325443787,
    "Cosine Dist.": 0.4871774059316293
  },
  "occ_eval_res": {
    "precision": 37.5,
    "recall": 17.1429,
    "f-score": 23.5294
  },
  "clean_eval": {
    "f-score": 29.01234567901235,
    "precision": 20.52401746724891,
    "recall": 49.473684210526315,
    "tp": 47,
    "fp": 182,
    "fn": 48
  },
  "jaccard": [
    0.7976190476190477
  ],
  "braycurtis": [
    0.6363636363636364
  ],
  "dice": [
    0.6633663366336634
  ],
  "cosinus": [
    0.4324710007089523
  ]
}