{
  "voc_eval_res": {
    "precision": 9.0909,
    "recall": 33.3333,
    "f-score": 14.2857
  },
  "KL_res": {
    "KL divergence": 5.654947917821465,
    "Euclidean Dist.": 0.6499275936220369,
    "WER": 3.3333333333333335,
    "CER": 1.84,
    "Cosine Dist.": 0.7113248654051871
  },
  "occ_eval_res": {
    "precision": 9.0909,
    "recall": 33.3333,
    "f-score": 14.2857
  },
  "clean_eval": {
    "f-score": 58.94736842105264,
    "precision": 73.68421052631578,
    "recall": 49.122807017543856,
    "tp": 28,
    "fp": 10,
    "fn": 29
  },
  "jaccard": [
    0.8611111111111112
  ],
  "braycurtis": [
    0.7701149425287356
  ],
  "dice": [
    0.7560975609756098
  ],
  "cosinus": [
    0.7169803449291099
  ]
}