{
  "voc_eval_res": {
    "precision": 59.2593,
    "recall": 76.1905,
    "f-score": 66.6667
  },
  "KL_res": {
    "KL divergence": 1.0006976938124101,
    "Euclidean Dist.": 0.16426723262079634,
    "WER": 0.6538461538461539,
    "CER": 0.567741935483871,
    "Cosine Dist.": 0.14525771936561338
  },
  "occ_eval_res": {
    "precision": 55.2632,
    "recall": 80.7692,
    "f-score": 65.625
  },
  "clean_eval": {
    "f-score": 63.70370370370371,
    "precision": 76.33136094674556,
    "recall": 54.66101694915254,
    "tp": 129,
    "fp": 40,
    "fn": 107
  },
  "jaccard": [
    0.4355300859598854
  ],
  "braycurtis": [
    0.29453681710213775
  ],
  "dice": [
    0.2783882783882784
  ],
  "cosinus": [
    0.13683805226638324
  ]
}