{
  "voc_eval_res": {
    "precision": 48.2759,
    "recall": 48.2759,
    "f-score": 48.2759
  },
  "KL_res": {
    "KL divergence": 2.69857656313139,
    "Euclidean Dist.": 0.18652985935166536,
    "WER": 0.7666666666666667,
    "CER": 0.45989304812834225,
    "Cosine Dist.": 0.28793100508368785
  },
  "occ_eval_res": {
    "precision": 45.4545,
    "recall": 50.0,
    "f-score": 47.619
  },
  "clean_eval": {
    "f-score": 62.99212598425198,
    "precision": 57.971014492753625,
    "recall": 68.96551724137932,
    "tp": 120,
    "fp": 87,
    "fn": 54
  },
  "jaccard": [
    0.5028571428571429
  ],
  "braycurtis": [
    0.3279569892473118
  ],
  "dice": [
    0.33587786259541985
  ],
  "cosinus": [
    0.18658414660454115
  ]
}