{
  "voc_eval_res": {
    "precision": 60.6061,
    "recall": 80.0,
    "f-score": 68.9655
  },
  "KL_res": {
    "KL divergence": 1.0233562013040385,
    "Euclidean Dist.": 0.16166051555023705,
    "WER": 0.7307692307692307,
    "CER": 0.4970414201183432,
    "Cosine Dist.": 0.18007993830921232
  },
  "occ_eval_res": {
    "precision": 53.8462,
    "recall": 80.7692,
    "f-score": 64.6154
  },
  "clean_eval": {
    "f-score": 62.46418338108882,
    "precision": 60.22099447513812,
    "recall": 64.88095238095238,
    "tp": 109,
    "fp": 72,
    "fn": 59
  },
  "jaccard": [
    0.3799392097264438
  ],
  "braycurtis": [
    0.26616915422885573
  ],
  "dice": [
    0.23452157598499063
  ],
  "cosinus": [
    0.11640645914344372
  ]
}