{
  "voc_eval_res": {
    "precision": 25.3165,
    "recall": 51.2821,
    "f-score": 33.8983
  },
  "KL_res": {
    "KL divergence": 2.6640728834315963,
    "Euclidean Dist.": 0.16977511103227733,
    "WER": 1.6744186046511629,
    "CER": 0.9690721649484536,
    "Cosine Dist.": 0.3858077313600059
  },
  "occ_eval_res": {
    "precision": 24.4444,
    "recall": 51.1628,
    "f-score": 33.0827
  },
  "clean_eval": {
    "f-score": 25.737265415549597,
    "precision": 30.476190476190478,
    "recall": 22.2737819025522,
    "tp": 96,
    "fp": 219,
    "fn": 335
  },
  "jaccard": [
    0.5767511177347243
  ],
  "braycurtis": [
    0.43184559710494574
  ],
  "dice": [
    0.40523560209424087
  ],
  "cosinus": [
    0.2033262146222221
  ]
}