{
  "voc_eval_res": {
    "precision": 21.0526,
    "recall": 66.6667,
    "f-score": 32.0
  },
  "KL_res": {
    "KL divergence": 2.3290543503994843,
    "Euclidean Dist.": 0.497124468712291,
    "WER": 2.5714285714285716,
    "CER": 1.1886792452830188,
    "Cosine Dist.": 0.5068030380839279
  },
  "occ_eval_res": {
    "precision": 18.1818,
    "recall": 57.1429,
    "f-score": 27.5862
  },
  "clean_eval": {
    "f-score": 52.02312138728325,
    "precision": 69.23076923076923,
    "recall": 41.66666666666667,
    "tp": 45,
    "fp": 20,
    "fn": 63
  },
  "jaccard": [
    0.6984126984126984
  ],
  "braycurtis": [
    0.5449101796407185
  ],
  "dice": [
    0.5365853658536586
  ],
  "cosinus": [
    0.3288529536525484
  ]
}