{
  "voc_eval_res": {
    "precision": 64.1026,
    "recall": 69.4444,
    "f-score": 66.6667
  },
  "KL_res": {
    "KL divergence": 1.1682595179753494,
    "Euclidean Dist.": 0.1353464603476887,
    "WER": 0.5681818181818182,
    "CER": 0.38697318007662834,
    "Cosine Dist.": 0.1479150391611146
  },
  "occ_eval_res": {
    "precision": 62.2642,
    "recall": 75.0,
    "f-score": 68.0412
  },
  "clean_eval": {
    "f-score": 49.186256781193485,
    "precision": 50.37037037037037,
    "recall": 48.0565371024735,
    "tp": 136,
    "fp": 134,
    "fn": 147
  },
  "jaccard": [
    0.35121951219512193
  ],
  "braycurtis": [
    0.22298456260720412
  ],
  "dice": [
    0.21301775147928995
  ],
  "cosinus": [
    0.11579175429345567
  ]
}