{
  "voc_eval_res": {
    "precision": 57.1429,
    "recall": 38.0952,
    "f-score": 45.7143
  },
  "KL_res": {
    "KL divergence": 2.3298557802173945,
    "Euclidean Dist.": 0.21927180591660017,
    "WER": 0.7419354838709677,
    "CER": 0.6796875,
    "Cosine Dist.": 0.12017594721759395
  },
  "occ_eval_res": {
    "precision": 70.0,
    "recall": 45.1613,
    "f-score": 54.902
  },
  "clean_eval": {
    "f-score": 56.57894736842105,
    "precision": 48.31460674157304,
    "recall": 68.25396825396825,
    "tp": 86,
    "fp": 92,
    "fn": 40
  },
  "jaccard": [
    0.6615969581749049
  ],
  "braycurtis": [
    0.4608294930875576
  ],
  "dice": [
    0.4943181818181818
  ],
  "cosinus": [
    0.2834739671264245
  ]
}