{
  "voc_eval_res": {
    "precision": 28.5714,
    "recall": 37.5,
    "f-score": 32.4324
  },
  "KL_res": {
    "KL divergence": 2.7828463418400053,
    "Euclidean Dist.": 0.16703402168771558,
    "WER": 1.1282051282051282,
    "CER": 0.728448275862069,
    "Cosine Dist.": 0.23706893401823725
  },
  "occ_eval_res": {
    "precision": 35.8491,
    "recall": 48.7179,
    "f-score": 41.3043
  },
  "clean_eval": {
    "f-score": 32.89473684210527,
    "precision": 36.76470588235294,
    "recall": 29.761904761904763,
    "tp": 75,
    "fp": 129,
    "fn": 177
  },
  "jaccard": [
    0.5862884160756501
  ],
  "braycurtis": [
    0.35608856088560886
  ],
  "dice": [
    0.41471571906354515
  ],
  "cosinus": [
    0.143380261061401
  ]
}