{
  "voc_eval_res": {
    "precision": 38.4615,
    "recall": 53.1915,
    "f-score": 44.6429
  },
  "KL_res": {
    "KL divergence": 2.08372997142698,
    "Euclidean Dist.": 0.1637342531377693,
    "WER": 1.0909090909090908,
    "CER": 0.7584269662921348,
    "Cosine Dist.": 0.3499362906345702
  },
  "occ_eval_res": {
    "precision": 36.7089,
    "recall": 52.7273,
    "f-score": 43.2836
  },
  "clean_eval": {
    "f-score": 33.65155131264916,
    "precision": 33.81294964028777,
    "recall": 33.4916864608076,
    "tp": 141,
    "fp": 276,
    "fn": 280
  },
  "jaccard": [
    0.48034188034188036
  ],
  "braycurtis": [
    0.3706793802145411
  ],
  "dice": [
    0.3160854893138358
  ],
  "cosinus": [
    0.18511116307497288
  ]
}