{
  "voc_eval_res": {
    "precision": 12.5,
    "recall": 25.0,
    "f-score": 16.6667
  },
  "KL_res": {
    "KL divergence": 5.26467200402468,
    "Euclidean Dist.": 0.34886233957363344,
    "WER": 1.5,
    "CER": 0.9767441860465116,
    "Cosine Dist.": 0.6857303194726455
  },
  "occ_eval_res": {
    "precision": 12.5,
    "recall": 21.4286,
    "f-score": 15.7895
  },
  "clean_eval": {
    "f-score": 68.93617021276596,
    "precision": 72.32142857142857,
    "recall": 65.85365853658537,
    "tp": 81,
    "fp": 31,
    "fn": 42
  },
  "jaccard": [
    0.7474747474747475
  ],
  "braycurtis": [
    0.5818965517241379
  ],
  "dice": [
    0.5967741935483871
  ],
  "cosinus": [
    0.42517049515317784
  ]
}