{
  "voc_eval_res": {
    "precision": 32.0513,
    "recall": 58.1395,
    "f-score": 41.3223
  },
  "KL_res": {
    "KL divergence": 1.965766773166176,
    "Euclidean Dist.": 0.16635038016064715,
    "WER": 1.3035714285714286,
    "CER": 1.0371517027863777,
    "Cosine Dist.": 0.31835018913927327
  },
  "occ_eval_res": {
    "precision": 32.0,
    "recall": 57.1429,
    "f-score": 41.0256
  },
  "clean_eval": {
    "f-score": 24.395604395604398,
    "precision": 32.93768545994065,
    "recall": 19.3717277486911,
    "tp": 111,
    "fp": 226,
    "fn": 462
  },
  "jaccard": [
    0.5845410628019324
  ],
  "braycurtis": [
    0.41423948220064727
  ],
  "dice": [
    0.4129692832764505
  ],
  "cosinus": [
    0.19820815455926166
  ]
}