{
  "voc_eval_res": {
    "precision": 35.4839,
    "recall": 45.8333,
    "f-score": 40.0
  },
  "KL_res": {
    "KL divergence": 2.463445712136279,
    "Euclidean Dist.": 0.15005667863417835,
    "WER": 0.873015873015873,
    "CER": 0.5149425287356322,
    "Cosine Dist.": 0.28678332809252094
  },
  "occ_eval_res": {
    "precision": 41.4286,
    "recall": 46.0317,
    "f-score": 43.609
  },
  "clean_eval": {
    "f-score": 39.250275633958104,
    "precision": 41.9811320754717,
    "recall": 36.85300207039337,
    "tp": 178,
    "fp": 246,
    "fn": 305
  },
  "jaccard": [
    0.47674418604651164
  ],
  "braycurtis": [
    0.2873806998939555
  ],
  "dice": [
    0.31297709923664124
  ],
  "cosinus": [
    0.12875895141293192
  ]
}