{
  "voc_eval_res": {
    "precision": 30.7692,
    "recall": 50.0,
    "f-score": 38.0952
  },
  "KL_res": {
    "KL divergence": 3.0970898631516555,
    "Euclidean Dist.": 0.21756865410942072,
    "WER": 1.2962962962962963,
    "CER": 0.712707182320442,
    "Cosine Dist.": 0.4409830056250523
  },
  "occ_eval_res": {
    "precision": 31.7073,
    "recall": 48.1481,
    "f-score": 38.2353
  },
  "clean_eval": {
    "f-score": 15.5893536121673,
    "precision": 19.248826291079812,
    "recall": 13.099041533546327,
    "tp": 41,
    "fp": 172,
    "fn": 272
  },
  "jaccard": [
    0.4888888888888889
  ],
  "braycurtis": [
    0.39767441860465114
  ],
  "dice": [
    0.3235294117647059
  ],
  "cosinus": [
    0.2700845788013456
  ]
}