{
  "voc_eval_res": {
    "precision": 47.1698,
    "recall": 51.0204,
    "f-score": 49.0196
  },
  "KL_res": {
    "KL divergence": 2.0718035663359182,
    "Euclidean Dist.": 0.14756904910280214,
    "WER": 0.746268656716418,
    "CER": 0.4142857142857143,
    "Cosine Dist.": 0.2528195588532379
  },
  "occ_eval_res": {
    "precision": 50.7692,
    "recall": 49.2537,
    "f-score": 50.0
  },
  "clean_eval": {
    "f-score": 33.623910336239106,
    "precision": 32.846715328467155,
    "recall": 34.43877551020408,
    "tp": 135,
    "fp": 276,
    "fn": 257
  },
  "jaccard": [
    0.4680073126142596
  ],
  "braycurtis": [
    0.28832951945080093
  ],
  "dice": [
    0.3054892601431981
  ],
  "cosinus": [
    0.1392359558438686
  ]
}