{
  "voc_eval_res": {
    "precision": 42.1687,
    "recall": 62.5,
    "f-score": 50.3597
  },
  "KL_res": {
    "KL divergence": 1.3538517685874023,
    "Euclidean Dist.": 0.14061738312754332,
    "WER": 1.069767441860465,
    "CER": 0.7175141242937854,
    "Cosine Dist.": 0.24540784117108494
  },
  "occ_eval_res": {
    "precision": 43.4426,
    "recall": 61.6279,
    "f-score": 50.9615
  },
  "clean_eval": {
    "f-score": 23.37228714524207,
    "precision": 25.78268876611418,
    "recall": 21.374045801526716,
    "tp": 140,
    "fp": 403,
    "fn": 515
  },
  "jaccard": [
    0.43859649122807015
  ],
  "braycurtis": [
    0.278125
  ],
  "dice": [
    0.2808988764044944
  ],
  "cosinus": [
    0.08114193470339881
  ]
}