{
  "voc_eval_res": {
    "precision": 55.8559,
    "recall": 79.4872,
    "f-score": 65.6085
  },
  "KL_res": {
    "KL divergence": 0.8918799032160056,
    "Euclidean Dist.": 0.10800137369534882,
    "WER": 0.9298245614035088,
    "CER": 0.6310975609756098,
    "Cosine Dist.": 0.2069849757896879
  },
  "occ_eval_res": {
    "precision": 51.8072,
    "recall": 75.4386,
    "f-score": 61.4286
  },
  "clean_eval": {
    "f-score": 28.879668049792535,
    "precision": 31.636363636363633,
    "recall": 26.564885496183205,
    "tp": 174,
    "fp": 376,
    "fn": 481
  },
  "jaccard": [
    0.39711664482306686
  ],
  "braycurtis": [
    0.2591671845866998
  ],
  "dice": [
    0.24775143090760426
  ],
  "cosinus": [
    0.07205880685599908
  ]
}