{
  "voc_eval_res": {
    "precision": 50.0,
    "recall": 57.1429,
    "f-score": 53.3333
  },
  "KL_res": {
    "KL divergence": 2.2728092281438794,
    "Euclidean Dist.": 0.18111247385628515,
    "WER": 0.6857142857142857,
    "CER": 0.45454545454545453,
    "Cosine Dist.": 0.2711057038752064
  },
  "occ_eval_res": {
    "precision": 51.2821,
    "recall": 57.1429,
    "f-score": 54.0541
  },
  "clean_eval": {
    "f-score": 52.56673511293635,
    "precision": 50.79365079365079,
    "recall": 54.46808510638298,
    "tp": 128,
    "fp": 124,
    "fn": 107
  },
  "jaccard": [
    0.45901639344262296
  ],
  "braycurtis": [
    0.3111111111111111
  ],
  "dice": [
    0.2978723404255319
  ],
  "cosinus": [
    0.17443679375705656
  ]
}