{
  "voc_eval_res": {
    "precision": 34.6939,
    "recall": 44.7368,
    "f-score": 39.0805
  },
  "KL_res": {
    "KL divergence": 2.0147269221965045,
    "Euclidean Dist.": 0.1721941543427789,
    "WER": 1.0377358490566038,
    "CER": 0.6306818181818182,
    "Cosine Dist.": 0.19759136039545022
  },
  "occ_eval_res": {
    "precision": 39.726,
    "recall": 54.717,
    "f-score": 46.0317
  },
  "clean_eval": {
    "f-score": 22.895622895622896,
    "precision": 27.56756756756757,
    "recall": 19.577735124760075,
    "tp": 102,
    "fp": 268,
    "fn": 419
  },
  "jaccard": [
    0.5722543352601156
  ],
  "braycurtis": [
    0.3424317617866005
  ],
  "dice": [
    0.4008097165991903
  ],
  "cosinus": [
    0.12926469051245026
  ]
}