{
  "voc_eval_res": {
    "precision": 51.3514,
    "recall": 50.6667,
    "f-score": 51.0067
  },
  "KL_res": {
    "KL divergence": 1.9882031480987117,
    "Euclidean Dist.": 0.1308348700789255,
    "WER": 0.7254901960784313,
    "CER": 0.45126353790613716,
    "Cosine Dist.": 0.29503231229414195
  },
  "occ_eval_res": {
    "precision": 49.4845,
    "recall": 47.0588,
    "f-score": 48.2412
  },
  "clean_eval": {
    "f-score": 31.018518518518523,
    "precision": 30.180180180180184,
    "recall": 31.9047619047619,
    "tp": 134,
    "fp": 310,
    "fn": 286
  },
  "jaccard": [
    0.4892703862660944
  ],
  "braycurtis": [
    0.32158590308370044
  ],
  "dice": [
    0.32386363636363635
  ],
  "cosinus": [
    0.12635054218309505
  ]
}