{
  "voc_eval_res": {
    "precision": 44.4444,
    "recall": 47.0588,
    "f-score": 45.7143
  },
  "KL_res": {
    "KL divergence": 3.344592008669731,
    "Euclidean Dist.": 0.2800185106187699,
    "WER": 0.7272727272727273,
    "CER": 0.5904761904761905,
    "Cosine Dist.": 0.4338614829277022
  },
  "occ_eval_res": {
    "precision": 44.4444,
    "recall": 36.3636,
    "f-score": 40.0
  },
  "clean_eval": {
    "f-score": 34.84848484848485,
    "precision": 28.749999999999996,
    "recall": 44.230769230769226,
    "tp": 46,
    "fp": 114,
    "fn": 58
  },
  "jaccard": [
    0.7042801556420234
  ],
  "braycurtis": [
    0.6046511627906976
  ],
  "dice": [
    0.5435435435435435
  ],
  "cosinus": [
    0.5496107676881927
  ]
}