{
  "voc_eval_res": {
    "precision": 41.4286,
    "recall": 60.4167,
    "f-score": 49.1525
  },
  "KL_res": {
    "KL divergence": 1.6799852724918363,
    "Euclidean Dist.": 0.14364139459621622,
    "WER": 1.0,
    "CER": 0.7654986522911051,
    "Cosine Dist.": 0.21784791271056814
  },
  "occ_eval_res": {
    "precision": 44.0,
    "recall": 63.7681,
    "f-score": 52.071
  },
  "clean_eval": {
    "f-score": 18.983050847457626,
    "precision": 21.59383033419023,
    "recall": 16.93548387096774,
    "tp": 84,
    "fp": 305,
    "fn": 412
  },
  "jaccard": [
    0.4761061946902655
  ],
  "braycurtis": [
    0.35714285714285715
  ],
  "dice": [
    0.3124274099883856
  ],
  "cosinus": [
    0.16430529341356848
  ]
}