{
  "voc_eval_res": {
    "precision": 17.6471,
    "recall": 17.6471,
    "f-score": 17.6471
  },
  "KL_res": {
    "KL divergence": 5.246627570270234,
    "Euclidean Dist.": 0.22360786938999241,
    "WER": 0.8947368421052632,
    "CER": 0.6140350877192983,
    "Cosine Dist.": 0.6678180805850402
  },
  "occ_eval_res": {
    "precision": 17.6471,
    "recall": 15.7895,
    "f-score": 16.6667
  },
  "clean_eval": {
    "f-score": 34.68208092485549,
    "precision": 31.141868512110726,
    "recall": 39.130434782608695,
    "tp": 90,
    "fp": 199,
    "fn": 140
  },
  "jaccard": [
    0.6902286902286903
  ],
  "braycurtis": [
    0.5232815964523282
  ],
  "dice": [
    0.526984126984127
  ],
  "cosinus": [
    0.33386579381758574
  ]
}