{
  "voc_eval_res": {
    "precision": 42.8571,
    "recall": 54.5455,
    "f-score": 48.0
  },
  "KL_res": {
    "KL divergence": 2.2659948062580892,
    "Euclidean Dist.": 0.2925400186346125,
    "WER": 0.9230769230769231,
    "CER": 0.59375,
    "Cosine Dist.": 0.24789856690964518
  },
  "occ_eval_res": {
    "precision": 44.4444,
    "recall": 61.5385,
    "f-score": 51.6129
  },
  "clean_eval": {
    "f-score": 70.8029197080292,
    "precision": 72.38805970149254,
    "recall": 69.28571428571428,
    "tp": 97,
    "fp": 37,
    "fn": 43
  },
  "jaccard": [
    0.5123152709359606
  ],
  "braycurtis": [
    0.3153526970954357
  ],
  "dice": [
    0.3443708609271523
  ],
  "cosinus": [
    0.20340880791849858
  ]
}