{
  "voc_eval_res": {
    "precision": 54.0984,
    "recall": 64.7059,
    "f-score": 58.9286
  },
  "KL_res": {
    "KL divergence": 1.523151097433614,
    "Euclidean Dist.": 0.13328618601413128,
    "WER": 0.676923076923077,
    "CER": 0.3224181360201511,
    "Cosine Dist.": 0.18534665620095203
  },
  "occ_eval_res": {
    "precision": 53.6585,
    "recall": 67.6923,
    "f-score": 59.8639
  },
  "clean_eval": {
    "f-score": 27.33423545331529,
    "precision": 24.574209245742093,
    "recall": 30.79268292682927,
    "tp": 101,
    "fp": 310,
    "fn": 227
  },
  "jaccard": [
    0.38731218697829717
  ],
  "braycurtis": [
    0.22004608294930875
  ],
  "dice": [
    0.2401656314699793
  ],
  "cosinus": [
    0.09586311658980617
  ]
}