{
  "voc_eval_res": {
    "precision": 35.2941,
    "recall": 35.2941,
    "f-score": 35.2941
  },
  "KL_res": {
    "KL divergence": 4.351028595326442,
    "Euclidean Dist.": 0.28867513459481287,
    "WER": 0.8333333333333334,
    "CER": 0.5849056603773585,
    "Cosine Dist.": 0.49015007148953915
  },
  "occ_eval_res": {
    "precision": 33.3333,
    "recall": 33.3333,
    "f-score": 33.3333
  },
  "clean_eval": {
    "f-score": 53.49794238683128,
    "precision": 43.91891891891892,
    "recall": 68.42105263157895,
    "tp": 65,
    "fp": 83,
    "fn": 30
  },
  "jaccard": [
    0.5930232558139535
  ],
  "braycurtis": [
    0.4661016949152542
  ],
  "dice": [
    0.4214876033057851
  ],
  "cosinus": [
    0.3657629145835526
  ]
}