{
  "voc_eval_res": {
    "precision": 55.2941,
    "recall": 75.8065,
    "f-score": 63.9456
  },
  "KL_res": {
    "KL divergence": 1.0025149933967525,
    "Euclidean Dist.": 0.13178460648271478,
    "WER": 0.9139784946236559,
    "CER": 0.6819923371647509,
    "Cosine Dist.": 0.24478265153875922
  },
  "occ_eval_res": {
    "precision": 50.3876,
    "recall": 69.8925,
    "f-score": 58.5586
  },
  "clean_eval": {
    "f-score": 33.27137546468401,
    "precision": 36.308316430020284,
    "recall": 30.7032590051458,
    "tp": 179,
    "fp": 314,
    "fn": 404
  },
  "jaccard": [
    0.39907550077041604
  ],
  "braycurtis": [
    0.2709003215434084
  ],
  "dice": [
    0.2492781520692974
  ],
  "cosinus": [
    0.0983035768317061
  ]
}