{
  "voc_eval_res": {
    "precision": 30.0,
    "recall": 46.1538,
    "f-score": 36.3636
  },
  "KL_res": {
    "KL divergence": 3.111865105170859,
    "Euclidean Dist.": 0.2877716108305335,
    "WER": 1.3125,
    "CER": 0.7924528301886793,
    "Cosine Dist.": 0.3694073749055343
  },
  "occ_eval_res": {
    "precision": 32.0,
    "recall": 50.0,
    "f-score": 39.0244
  },
  "clean_eval": {
    "f-score": 37.602179836512256,
    "precision": 43.125,
    "recall": 33.33333333333333,
    "tp": 69,
    "fp": 91,
    "fn": 138
  },
  "jaccard": [
    0.5532786885245902
  ],
  "braycurtis": [
    0.3861003861003861
  ],
  "dice": [
    0.38243626062322944
  ],
  "cosinus": [
    0.2888623209301955
  ]
}