{
  "voc_eval_res": {
    "precision": 20.4545,
    "recall": 37.5,
    "f-score": 26.4706
  },
  "KL_res": {
    "KL divergence": 3.1750805692277337,
    "Euclidean Dist.": 0.21946133832089892,
    "WER": 1.7142857142857142,
    "CER": 1.2236024844720497,
    "Cosine Dist.": 0.3473294769889218
  },
  "occ_eval_res": {
    "precision": 21.3115,
    "recall": 46.4286,
    "f-score": 29.2135
  },
  "clean_eval": {
    "f-score": 28.389830508474578,
    "precision": 41.875,
    "recall": 21.474358974358974,
    "tp": 67,
    "fp": 93,
    "fn": 245
  },
  "jaccard": [
    0.7055961070559611
  ],
  "braycurtis": [
    0.5114345114345115
  ],
  "dice": [
    0.5451127819548872
  ],
  "cosinus": [
    0.20098673758068408
  ]
}