{
  "voc_eval_res": {
    "precision": 64.5161,
    "recall": 80.0,
    "f-score": 71.4286
  },
  "KL_res": {
    "KL divergence": 0.9108404019074056,
    "Euclidean Dist.": 0.11529641106362118,
    "WER": 0.8952380952380953,
    "CER": 0.6235489220563848,
    "Cosine Dist.": 0.22652639605261826
  },
  "occ_eval_res": {
    "precision": 54.5455,
    "recall": 74.2857,
    "f-score": 62.9032
  },
  "clean_eval": {
    "f-score": 33.86243386243387,
    "precision": 34.22459893048128,
    "recall": 33.50785340314136,
    "tp": 192,
    "fp": 369,
    "fn": 381
  },
  "jaccard": [
    0.35066864784546803
  ],
  "braycurtis": [
    0.2468265162200282
  ],
  "dice": [
    0.2126126126126126
  ],
  "cosinus": [
    0.08597595493987698
  ]
}