{
  "voc_eval_res": {
    "precision": 38.2353,
    "recall": 47.2727,
    "f-score": 42.2764
  },
  "KL_res": {
    "KL divergence": 2.1608173941709894,
    "Euclidean Dist.": 0.14063908265040445,
    "WER": 0.8208955223880597,
    "CER": 0.4608879492600423,
    "Cosine Dist.": 0.290750620669341
  },
  "occ_eval_res": {
    "precision": 41.5584,
    "recall": 47.7612,
    "f-score": 44.4444
  },
  "clean_eval": {
    "f-score": 34.09337676438654,
    "precision": 36.42691415313225,
    "recall": 32.04081632653061,
    "tp": 157,
    "fp": 274,
    "fn": 333
  },
  "jaccard": [
    0.41114982578397213
  ],
  "braycurtis": [
    0.24307692307692308
  ],
  "dice": [
    0.25877192982456143
  ],
  "cosinus": [
    0.0707139105732153
  ]
}