{
  "voc_eval_res": {
    "precision": 40.0,
    "recall": 61.5385,
    "f-score": 48.4848
  },
  "KL_res": {
    "KL divergence": 1.609990374386774,
    "Euclidean Dist.": 0.1313944154084374,
    "WER": 1.0,
    "CER": 0.7412935323383084,
    "Cosine Dist.": 0.1864504480108753
  },
  "occ_eval_res": {
    "precision": 44.3299,
    "recall": 63.2353,
    "f-score": 52.1212
  },
  "clean_eval": {
    "f-score": 25.227272727272727,
    "precision": 29.67914438502674,
    "recall": 21.936758893280633,
    "tp": 111,
    "fp": 263,
    "fn": 395
  },
  "jaccard": [
    0.4831649831649832
  ],
  "braycurtis": [
    0.2969387755102041
  ],
  "dice": [
    0.31853496115427304
  ],
  "cosinus": [
    0.0972785864590403
  ]
}