{
  "voc_eval_res": {
    "precision": 40.5405,
    "recall": 44.1176,
    "f-score": 42.2535
  },
  "KL_res": {
    "KL divergence": 2.8340984844044703,
    "Euclidean Dist.": 0.20670961507986485,
    "WER": 0.9555555555555556,
    "CER": 0.8173076923076923,
    "Cosine Dist.": 0.37316855141665717
  },
  "occ_eval_res": {
    "precision": 37.2549,
    "recall": 42.2222,
    "f-score": 39.5833
  },
  "clean_eval": {
    "f-score": 26.16487455197133,
    "precision": 29.67479674796748,
    "recall": 23.397435897435898,
    "tp": 73,
    "fp": 173,
    "fn": 239
  },
  "jaccard": [
    0.5932203389830508
  ],
  "braycurtis": [
    0.4578313253012048
  ],
  "dice": [
    0.42168674698795183
  ],
  "cosinus": [
    0.2788870444763156
  ]
}