{
  "voc_eval_res": {
    "precision": 33.3333,
    "recall": 72.7273,
    "f-score": 45.7143
  },
  "KL_res": {
    "KL divergence": 1.5609454561476148,
    "Euclidean Dist.": 0.18881442628667044,
    "WER": 1.46,
    "CER": 1.2403100775193798,
    "Cosine Dist.": 0.29898033449226835
  },
  "occ_eval_res": {
    "precision": 33.6538,
    "recall": 70.0,
    "f-score": 45.4545
  },
  "clean_eval": {
    "f-score": 13.563218390804597,
    "precision": 19.93243243243243,
    "recall": 10.278745644599303,
    "tp": 59,
    "fp": 237,
    "fn": 515
  },
  "jaccard": [
    0.6018181818181818
  ],
  "braycurtis": [
    0.4941588785046729
  ],
  "dice": [
    0.4304291287386216
  ],
  "cosinus": [
    0.2812731967177172
  ]
}