{
  "voc_eval_res": {
    "precision": 60.0,
    "recall": 66.6667,
    "f-score": 63.1579
  },
  "KL_res": {
    "KL divergence": 1.7078149826115816,
    "Euclidean Dist.": 0.17555050595855448,
    "WER": 0.7777777777777778,
    "CER": 0.535,
    "Cosine Dist.": 0.19999048168616929
  },
  "occ_eval_res": {
    "precision": 59.4595,
    "recall": 61.1111,
    "f-score": 60.274
  },
  "clean_eval": {
    "f-score": 14.953271028037385,
    "precision": 15.209125475285171,
    "recall": 14.705882352941178,
    "tp": 40,
    "fp": 223,
    "fn": 232
  },
  "jaccard": [
    0.40789473684210525
  ],
  "braycurtis": [
    0.29067245119305857
  ],
  "dice": [
    0.256198347107438
  ],
  "cosinus": [
    0.18855662557536523
  ]
}