{
  "voc_eval_res": {
    "precision": 41.3793,
    "recall": 75.0,
    "f-score": 53.3333
  },
  "KL_res": {
    "KL divergence": 1.4039929326612814,
    "Euclidean Dist.": 0.2351476589030886,
    "WER": 1.2727272727272727,
    "CER": 0.9622641509433962,
    "Cosine Dist.": 0.2502927972003056
  },
  "occ_eval_res": {
    "precision": 40.0,
    "recall": 72.7273,
    "f-score": 51.6129
  },
  "clean_eval": {
    "f-score": 20.525059665871122,
    "precision": 28.104575163398692,
    "recall": 16.165413533834585,
    "tp": 43,
    "fp": 110,
    "fn": 223
  },
  "jaccard": [
    0.5775193798449613
  ],
  "braycurtis": [
    0.3933333333333333
  ],
  "dice": [
    0.40599455040871935
  ],
  "cosinus": [
    0.18572284263085082
  ]
}