{
  "voc_eval_res": {
    "precision": 62.5,
    "recall": 75.7576,
    "f-score": 68.4932
  },
  "KL_res": {
    "KL divergence": 1.0171058993616293,
    "Euclidean Dist.": 0.12807096543789792,
    "WER": 0.7368421052631579,
    "CER": 0.4444444444444444,
    "Cosine Dist.": 0.13648846335845433
  },
  "occ_eval_res": {
    "precision": 58.8235,
    "recall": 78.9474,
    "f-score": 67.4157
  },
  "clean_eval": {
    "f-score": 32.90676416819013,
    "precision": 32.49097472924188,
    "recall": 33.33333333333333,
    "tp": 90,
    "fp": 187,
    "fn": 180
  },
  "jaccard": [
    0.4024390243902439
  ],
  "braycurtis": [
    0.25572519083969464
  ],
  "dice": [
    0.25190839694656486
  ],
  "cosinus": [
    0.11651108909765462
  ]
}