{
  "voc_eval_res": {
    "precision": 31.8841,
    "recall": 59.4595,
    "f-score": 41.5094
  },
  "KL_res": {
    "KL divergence": 1.4584703990255439,
    "Euclidean Dist.": 0.1503809169744338,
    "WER": 1.3448275862068966,
    "CER": 0.9829545454545454,
    "Cosine Dist.": 0.18923061097832006
  },
  "occ_eval_res": {
    "precision": 35.7798,
    "recall": 67.2414,
    "f-score": 46.7066
  },
  "clean_eval": {
    "f-score": 23.434343434343436,
    "precision": 31.868131868131865,
    "recall": 18.53035143769968,
    "tp": 116,
    "fp": 248,
    "fn": 510
  },
  "jaccard": [
    0.5473856209150327
  ],
  "braycurtis": [
    0.4015748031496063
  ],
  "dice": [
    0.37682789651293586
  ],
  "cosinus": [
    0.12349415480163861
  ]
}