{
  "voc_eval_res": {
    "precision": 21.4286,
    "recall": 46.1538,
    "f-score": 29.2683
  },
  "KL_res": {
    "KL divergence": 3.438515782745614,
    "Euclidean Dist.": 0.3576052761503554,
    "WER": 2.0625,
    "CER": 1.0360360360360361,
    "Cosine Dist.": 0.6384492369689063
  },
  "occ_eval_res": {
    "precision": 17.9487,
    "recall": 43.75,
    "f-score": 25.4545
  },
  "clean_eval": {
    "f-score": 38.479809976247026,
    "precision": 47.647058823529406,
    "recall": 32.27091633466135,
    "tp": 81,
    "fp": 89,
    "fn": 170
  },
  "jaccard": [
    0.6337579617834395
  ],
  "braycurtis": [
    0.5122699386503068
  ],
  "dice": [
    0.46386946386946387
  ],
  "cosinus": [
    0.45123469365470903
  ]
}