{
  "voc_eval_res": {
    "precision": 20.0,
    "recall": 66.6667,
    "f-score": 30.7692
  },
  "KL_res": {
    "KL divergence": 2.7169088681370246,
    "Euclidean Dist.": 0.6394442031083626,
    "WER": 2.6666666666666665,
    "CER": 1.121212121212121,
    "Cosine Dist.": 0.4836022205056778
  },
  "occ_eval_res": {
    "precision": 20.0,
    "recall": 66.6667,
    "f-score": 30.7692
  },
  "clean_eval": {
    "f-score": 53.2258064516129,
    "precision": 86.8421052631579,
    "recall": 38.372093023255815,
    "tp": 33,
    "fp": 5,
    "fn": 53
  },
  "jaccard": [
    0.576
  ],
  "braycurtis": [
    0.4215686274509804
  ],
  "dice": [
    0.4044943820224719
  ],
  "cosinus": [
    0.3512798083399943
  ]
}