{
  "voc_eval_res": {
    "precision": 52.0,
    "recall": 49.0566,
    "f-score": 50.4854
  },
  "KL_res": {
    "KL divergence": 2.3413482334966114,
    "Euclidean Dist.": 0.14324125660616224,
    "WER": 0.7692307692307693,
    "CER": 0.49747474747474746,
    "Cosine Dist.": 0.24315792315521667
  },
  "occ_eval_res": {
    "precision": 54.0984,
    "recall": 50.7692,
    "f-score": 52.381
  },
  "clean_eval": {
    "f-score": 32.469304229195096,
    "precision": 30.512820512820515,
    "recall": 34.69387755102041,
    "tp": 119,
    "fp": 271,
    "fn": 224
  },
  "jaccard": [
    0.43884892086330934
  ],
  "braycurtis": [
    0.27728983688833125
  ],
  "dice": [
    0.28110599078341014
  ],
  "cosinus": [
    0.1221668736626551
  ]
}