{
  "voc_eval_res": {
    "precision": 37.1795,
    "recall": 64.4444,
    "f-score": 47.1545
  },
  "KL_res": {
    "KL divergence": 1.9504296892403186,
    "Euclidean Dist.": 0.15786790834443148,
    "WER": 1.152542372881356,
    "CER": 0.7506849315068493,
    "Cosine Dist.": 0.356655712282693
  },
  "occ_eval_res": {
    "precision": 35.5556,
    "recall": 54.2373,
    "f-score": 42.953
  },
  "clean_eval": {
    "f-score": 19.34731934731935,
    "precision": 22.25201072386059,
    "recall": 17.11340206185567,
    "tp": 83,
    "fp": 290,
    "fn": 402
  },
  "jaccard": [
    0.5555555555555556
  ],
  "braycurtis": [
    0.3975770925110132
  ],
  "dice": [
    0.38461538461538464
  ],
  "cosinus": [
    0.1897842061299223
  ]
}