{
  "voc_eval_res": {
    "precision": 52.5,
    "recall": 57.5342,
    "f-score": 54.902
  },
  "KL_res": {
    "KL divergence": 1.6679709940718237,
    "Euclidean Dist.": 0.13458758655993464,
    "WER": 0.8252427184466019,
    "CER": 0.5724381625441696,
    "Cosine Dist.": 0.30647985498269303
  },
  "occ_eval_res": {
    "precision": 51.0,
    "recall": 49.5146,
    "f-score": 50.2463
  },
  "clean_eval": {
    "f-score": 28.2765737874097,
    "precision": 28.016359918200408,
    "recall": 28.541666666666664,
    "tp": 137,
    "fp": 352,
    "fn": 343
  },
  "jaccard": [
    0.49356223175965663
  ],
  "braycurtis": [
    0.3125
  ],
  "dice": [
    0.32763532763532766
  ],
  "cosinus": [
    0.11203740251246008
  ]
}