{
  "voc_eval_res": {
    "precision": 25.0,
    "recall": 21.0526,
    "f-score": 22.8571
  },
  "KL_res": {
    "KL divergence": 4.731425153419411,
    "Euclidean Dist.": 0.29019849680606696,
    "WER": 0.8571428571428571,
    "CER": 0.5495495495495496,
    "Cosine Dist.": 0.49778814354052436
  },
  "occ_eval_res": {
    "precision": 27.7778,
    "recall": 23.8095,
    "f-score": 25.641
  },
  "clean_eval": {
    "f-score": 70.8171206225681,
    "precision": 70.0,
    "recall": 71.65354330708661,
    "tp": 91,
    "fp": 39,
    "fn": 36
  },
  "jaccard": [
    0.7137681159420289
  ],
  "braycurtis": [
    0.5315315315315315
  ],
  "dice": [
    0.5549295774647888
  ],
  "cosinus": [
    0.42150918362950196
  ]
}