{
  "voc_eval_res": {
    "precision": 36.3636,
    "recall": 33.3333,
    "f-score": 34.7826
  },
  "KL_res": {
    "KL divergence": 4.492269538185101,
    "Euclidean Dist.": 0.3374402644139407,
    "WER": 0.8333333333333334,
    "CER": 0.5263157894736842,
    "Cosine Dist.": 0.4836022205056778
  },
  "occ_eval_res": {
    "precision": 36.3636,
    "recall": 33.3333,
    "f-score": 34.7826
  },
  "clean_eval": {
    "f-score": 70.3862660944206,
    "precision": 66.66666666666666,
    "recall": 74.54545454545455,
    "tp": 82,
    "fp": 41,
    "fn": 28
  },
  "jaccard": [
    0.7286432160804021
  ],
  "braycurtis": [
    0.5642857142857143
  ],
  "dice": [
    0.5731225296442688
  ],
  "cosinus": [
    0.47229742402264874
  ]
}