{
  "voc_eval_res": {
    "precision": 53.125,
    "recall": 77.2727,
    "f-score": 62.963
  },
  "KL_res": {
    "KL divergence": 0.8459388810756306,
    "Euclidean Dist.": 0.1667891218979565,
    "WER": 0.5454545454545454,
    "CER": 0.33727810650887574,
    "Cosine Dist.": 0.11712360448848591
  },
  "occ_eval_res": {
    "precision": 60.9756,
    "recall": 75.7576,
    "f-score": 67.5676
  },
  "clean_eval": {
    "f-score": 49.88962472406182,
    "precision": 52.31481481481482,
    "recall": 47.67932489451477,
    "tp": 113,
    "fp": 103,
    "fn": 124
  },
  "jaccard": [
    0.4550898203592814
  ],
  "braycurtis": [
    0.3110539845758355
  ],
  "dice": [
    0.29457364341085274
  ],
  "cosinus": [
    0.18955013861205838
  ]
}