{
  "voc_eval_res": {
    "precision": 41.4286,
    "recall": 38.6667,
    "f-score": 40.0
  },
  "KL_res": {
    "KL divergence": 2.4117534851843128,
    "Euclidean Dist.": 0.12911593567927426,
    "WER": 0.7934782608695652,
    "CER": 0.5655172413793104,
    "Cosine Dist.": 0.2820277450641614
  },
  "occ_eval_res": {
    "precision": 45.5696,
    "recall": 39.1304,
    "f-score": 42.1053
  },
  "clean_eval": {
    "f-score": 28.746177370030583,
    "precision": 26.65406427221172,
    "recall": 31.194690265486724,
    "tp": 141,
    "fp": 388,
    "fn": 311
  },
  "jaccard": [
    0.5115961800818554
  ],
  "braycurtis": [
    0.31716082659478884
  ],
  "dice": [
    0.3437213565536205
  ],
  "cosinus": [
    0.114347814741245
  ]
}