{
  "voc_eval_res": {
    "precision": 18.1818,
    "recall": 40.0,
    "f-score": 25.0
  },
  "KL_res": {
    "KL divergence": 3.7372813077410623,
    "Euclidean Dist.": 0.3525210268624629,
    "WER": 1.9090909090909092,
    "CER": 0.9873417721518988,
    "Cosine Dist.": 0.4921666249229919
  },
  "occ_eval_res": {
    "precision": 20.0,
    "recall": 45.4545,
    "f-score": 27.7778
  },
  "clean_eval": {
    "f-score": 50.0,
    "precision": 52.459016393442624,
    "recall": 47.76119402985074,
    "tp": 64,
    "fp": 58,
    "fn": 70
  },
  "jaccard": [
    0.6071428571428571
  ],
  "braycurtis": [
    0.44642857142857145
  ],
  "dice": [
    0.4358974358974359
  ],
  "cosinus": [
    0.32844964310812497
  ]
}