{
  "voc_eval_res": {
    "precision": 44.4444,
    "recall": 32.0,
    "f-score": 37.2093
  },
  "KL_res": {
    "KL divergence": 4.341162352578361,
    "Euclidean Dist.": 0.262721531707006,
    "WER": 0.7307692307692307,
    "CER": 0.46875,
    "Cosine Dist.": 0.4696699141100895
  },
  "occ_eval_res": {
    "precision": 42.1053,
    "recall": 30.7692,
    "f-score": 35.5556
  },
  "clean_eval": {
    "f-score": 60.84507042253521,
    "precision": 53.20197044334976,
    "recall": 71.05263157894737,
    "tp": 108,
    "fp": 95,
    "fn": 44
  },
  "jaccard": [
    0.5603448275862069
  ],
  "braycurtis": [
    0.4144144144144144
  ],
  "dice": [
    0.38922155688622756
  ],
  "cosinus": [
    0.26559541523503927
  ]
}