{
  "voc_eval_res": {
    "precision": 28.8462,
    "recall": 46.875,
    "f-score": 35.7143
  },
  "KL_res": {
    "KL divergence": 3.070887528757011,
    "Euclidean Dist.": 0.1837963290199902,
    "WER": 1.46875,
    "CER": 1.0315315315315314,
    "Cosine Dist.": 0.4402266277859894
  },
  "occ_eval_res": {
    "precision": 26.7857,
    "recall": 46.875,
    "f-score": 34.0909
  },
  "clean_eval": {
    "f-score": 22.68760907504363,
    "precision": 28.01724137931034,
    "recall": 19.06158357771261,
    "tp": 65,
    "fp": 167,
    "fn": 276
  },
  "jaccard": [
    0.5251509054325956
  ],
  "braycurtis": [
    0.42158516020236086
  ],
  "dice": [
    0.35607094133697137
  ],
  "cosinus": [
    0.24500469869959052
  ]
}