{
  "voc_eval_res": {
    "precision": 55.9322,
    "recall": 58.9286,
    "f-score": 57.3913
  },
  "KL_res": {
    "KL divergence": 1.565970117811852,
    "Euclidean Dist.": 0.11664788097298895,
    "WER": 0.5714285714285714,
    "CER": 0.4194312796208531,
    "Cosine Dist.": 0.18281306531764796
  },
  "occ_eval_res": {
    "precision": 59.4203,
    "recall": 58.5714,
    "f-score": 58.9928
  },
  "clean_eval": {
    "f-score": 29.83293556085919,
    "precision": 28.08988764044944,
    "recall": 31.806615776081426,
    "tp": 125,
    "fp": 320,
    "fn": 268
  },
  "jaccard": [
    0.40597539543058
  ],
  "braycurtis": [
    0.24766355140186916
  ],
  "dice": [
    0.25468577728776187
  ],
  "cosinus": [
    0.09354080460927916
  ]
}