{
  "voc_eval_res": {
    "precision": 48.6486,
    "recall": 52.1739,
    "f-score": 50.3497
  },
  "KL_res": {
    "KL divergence": 2.3194149588038337,
    "Euclidean Dist.": 0.13336634413543605,
    "WER": 0.7435897435897436,
    "CER": 0.45114345114345117,
    "Cosine Dist.": 0.3441644906265636
  },
  "occ_eval_res": {
    "precision": 46.3415,
    "recall": 48.7179,
    "f-score": 47.5
  },
  "clean_eval": {
    "f-score": 38.05104408352668,
    "precision": 36.44444444444444,
    "recall": 39.80582524271845,
    "tp": 164,
    "fp": 286,
    "fn": 248
  },
  "jaccard": [
    0.4469026548672566
  ],
  "braycurtis": [
    0.2973790322580645
  ],
  "dice": [
    0.28774928774928776
  ],
  "cosinus": [
    0.11940714836679889
  ]
}