{
  "voc_eval_res": {
    "precision": 51.4286,
    "recall": 48.0,
    "f-score": 49.6552
  },
  "KL_res": {
    "KL divergence": 2.38999531793568,
    "Euclidean Dist.": 0.13058118385981687,
    "WER": 0.7857142857142857,
    "CER": 0.5596153846153846,
    "Cosine Dist.": 0.2993214021942803
  },
  "occ_eval_res": {
    "precision": 50.0,
    "recall": 47.619,
    "f-score": 48.7805
  },
  "clean_eval": {
    "f-score": 29.95495495495495,
    "precision": 27.882599580712785,
    "recall": 32.360097323600975,
    "tp": 133,
    "fp": 344,
    "fn": 278
  },
  "jaccard": [
    0.4957627118644068
  ],
  "braycurtis": [
    0.3193768257059396
  ],
  "dice": [
    0.3295774647887324
  ],
  "cosinus": [
    0.1256456811525648
  ]
}