{
  "voc_eval_res": {
    "precision": 20.5128,
    "recall": 24.2424,
    "f-score": 22.2222
  },
  "KL_res": {
    "KL divergence": 4.704457551824342,
    "Euclidean Dist.": 0.20932916575098048,
    "WER": 1.0,
    "CER": 0.6869158878504673,
    "Cosine Dist.": 0.5589320427325969
  },
  "occ_eval_res": {
    "precision": 23.2558,
    "recall": 26.3158,
    "f-score": 24.6914
  },
  "clean_eval": {
    "f-score": 40.0,
    "precision": 36.3013698630137,
    "recall": 44.537815126050425,
    "tp": 106,
    "fp": 186,
    "fn": 132
  },
  "jaccard": [
    0.6942800788954635
  ],
  "braycurtis": [
    0.5079681274900398
  ],
  "dice": [
    0.5317220543806647
  ],
  "cosinus": [
    0.31737026670690216
  ]
}