{
  "voc_eval_res": {
    "precision": 44.4444,
    "recall": 57.1429,
    "f-score": 50.0
  },
  "KL_res": {
    "KL divergence": 2.3329314930556313,
    "Euclidean Dist.": 0.21279894921348982,
    "WER": 0.875,
    "CER": 0.740506329113924,
    "Cosine Dist.": 0.2993509502546292
  },
  "occ_eval_res": {
    "precision": 44.8276,
    "recall": 54.1667,
    "f-score": 49.0566
  },
  "clean_eval": {
    "f-score": 20.289855072463766,
    "precision": 24.0,
    "recall": 17.573221757322173,
    "tp": 42,
    "fp": 133,
    "fn": 197
  },
  "jaccard": [
    0.5100864553314121
  ],
  "braycurtis": [
    0.3835978835978836
  ],
  "dice": [
    0.34235976789168276
  ],
  "cosinus": [
    0.22924459377265372
  ]
}