{
  "voc_eval_res": {
    "precision": 51.0638,
    "recall": 53.3333,
    "f-score": 52.1739
  },
  "KL_res": {
    "KL divergence": 2.4721836277562863,
    "Euclidean Dist.": 0.15814642134375875,
    "WER": 0.9375,
    "CER": 0.737012987012987,
    "Cosine Dist.": 0.34627954953938656
  },
  "occ_eval_res": {
    "precision": 45.283,
    "recall": 50.0,
    "f-score": 47.5248
  },
  "clean_eval": {
    "f-score": 21.98581560283688,
    "precision": 25.203252032520325,
    "recall": 19.49685534591195,
    "tp": 62,
    "fp": 184,
    "fn": 256
  },
  "jaccard": [
    0.5040485829959515
  ],
  "braycurtis": [
    0.3768768768768769
  ],
  "dice": [
    0.33694181326116374
  ],
  "cosinus": [
    0.21734143177681176
  ]
}