{
  "voc_eval_res": {
    "precision": 41.0256,
    "recall": 48.4848,
    "f-score": 44.4444
  },
  "KL_res": {
    "KL divergence": 2.5600031949366153,
    "Euclidean Dist.": 0.18111069376577818,
    "WER": 0.8888888888888888,
    "CER": 0.39705882352941174,
    "Cosine Dist.": 0.3467121660790148
  },
  "occ_eval_res": {
    "precision": 40.4762,
    "recall": 47.2222,
    "f-score": 43.5897
  },
  "clean_eval": {
    "f-score": 29.126213592233015,
    "precision": 25.0,
    "recall": 34.883720930232556,
    "tp": 75,
    "fp": 225,
    "fn": 140
  },
  "jaccard": [
    0.4547738693467337
  ],
  "braycurtis": [
    0.30205949656750575
  ],
  "dice": [
    0.2943089430894309
  ],
  "cosinus": [
    0.15965759444207084
  ]
}