{
  "voc_eval_res": {
    "precision": 42.1875,
    "recall": 62.7907,
    "f-score": 50.4673
  },
  "KL_res": {
    "KL divergence": 1.6853187994301044,
    "Euclidean Dist.": 0.15362677677112588,
    "WER": 0.8064516129032258,
    "CER": 0.5672043010752689,
    "Cosine Dist.": 0.269585628126626
  },
  "occ_eval_res": {
    "precision": 45.5696,
    "recall": 58.0645,
    "f-score": 51.0638
  },
  "clean_eval": {
    "f-score": 36.43031784841075,
    "precision": 37.25,
    "recall": 35.645933014354064,
    "tp": 149,
    "fp": 251,
    "fn": 269
  },
  "jaccard": [
    0.48063380281690143
  ],
  "braycurtis": [
    0.3235638921453693
  ],
  "dice": [
    0.3163383545770568
  ],
  "cosinus": [
    0.16350956860079557
  ]
}