{
  "voc_eval_res": {
    "precision": 34.1463,
    "recall": 93.3333,
    "f-score": 50.0
  },
  "KL_res": {
    "KL divergence": 0.8852020874985458,
    "Euclidean Dist.": 0.27401971745762305,
    "WER": 2.0625,
    "CER": 1.2692307692307692,
    "Cosine Dist.": 0.31701222323748923
  },
  "occ_eval_res": {
    "precision": 31.25,
    "recall": 93.75,
    "f-score": 46.875
  },
  "clean_eval": {
    "f-score": 19.327731092436974,
    "precision": 26.744186046511626,
    "recall": 15.131578947368421,
    "tp": 46,
    "fp": 126,
    "fn": 258
  },
  "jaccard": [
    0.5435356200527705
  ],
  "braycurtis": [
    0.4413793103448276
  ],
  "dice": [
    0.37318840579710144
  ],
  "cosinus": [
    0.2792008772021959
  ]
}