{
  "voc_eval_res": {
    "precision": 25.9259,
    "recall": 41.1765,
    "f-score": 31.8182
  },
  "KL_res": {
    "KL divergence": 4.05083469059824,
    "Euclidean Dist.": 0.2960044093352041,
    "WER": 1.5555555555555556,
    "CER": 0.992,
    "Cosine Dist.": 0.6399588500884521
  },
  "occ_eval_res": {
    "precision": 21.2121,
    "recall": 38.8889,
    "f-score": 27.451
  },
  "clean_eval": {
    "f-score": 7.048458149779735,
    "precision": 9.30232558139535,
    "recall": 5.673758865248227,
    "tp": 16,
    "fp": 156,
    "fn": 266
  },
  "jaccard": [
    0.6388140161725068
  ],
  "braycurtis": [
    0.5227963525835866
  ],
  "dice": [
    0.4693069306930693
  ],
  "cosinus": [
    0.5047362077810127
  ]
}