{
  "voc_eval_res": {
    "precision": 16.6667,
    "recall": 25.0,
    "f-score": 20.0
  },
  "KL_res": {
    "KL divergence": 4.918488899725293,
    "Euclidean Dist.": 0.34362907164247686,
    "WER": 1.3076923076923077,
    "CER": 0.975609756097561,
    "Cosine Dist.": 0.5800394744341921
  },
  "occ_eval_res": {
    "precision": 15.7895,
    "recall": 23.0769,
    "f-score": 18.75
  },
  "clean_eval": {
    "f-score": 50.0,
    "precision": 65.82278481012658,
    "recall": 40.310077519379846,
    "tp": 52,
    "fp": 27,
    "fn": 77
  },
  "jaccard": [
    0.7228070175438597
  ],
  "braycurtis": [
    0.6027397260273972
  ],
  "dice": [
    0.5659340659340659
  ],
  "cosinus": [
    0.5033195364621649
  ]
}