{
  "voc_eval_res": {
    "precision": 28.5714,
    "recall": 50.0,
    "f-score": 36.3636
  },
  "KL_res": {
    "KL divergence": 3.125214320645391,
    "Euclidean Dist.": 0.2685282815953078,
    "WER": 1.75,
    "CER": 1.20863309352518,
    "Cosine Dist.": 0.5618219539958671
  },
  "occ_eval_res": {
    "precision": 22.7273,
    "recall": 50.0,
    "f-score": 31.25
  },
  "clean_eval": {
    "f-score": 13.259668508287293,
    "precision": 19.565217391304348,
    "recall": 10.027855153203342,
    "tp": 36,
    "fp": 148,
    "fn": 323
  },
  "jaccard": [
    0.5964912280701754
  ],
  "braycurtis": [
    0.508274231678487
  ],
  "dice": [
    0.425
  ],
  "cosinus": [
    0.3399425091651751
  ]
}