{
  "voc_eval_res": {
    "precision": 51.5152,
    "recall": 53.125,
    "f-score": 52.3077
  },
  "KL_res": {
    "KL divergence": 2.151185158445736,
    "Euclidean Dist.": 0.18108010316387954,
    "WER": 0.7222222222222222,
    "CER": 0.47533632286995514,
    "Cosine Dist.": 0.27882113961210897
  },
  "occ_eval_res": {
    "precision": 50.0,
    "recall": 52.7778,
    "f-score": 51.3514
  },
  "clean_eval": {
    "f-score": 39.48635634028893,
    "precision": 35.65217391304348,
    "recall": 44.24460431654676,
    "tp": 123,
    "fp": 222,
    "fn": 155
  },
  "jaccard": [
    0.5334928229665071
  ],
  "braycurtis": [
    0.359375
  ],
  "dice": [
    0.3637846655791191
  ],
  "cosinus": [
    0.22048652972164295
  ]
}