{
  "voc_eval_res": {
    "precision": 26.087,
    "recall": 35.2941,
    "f-score": 30.0
  },
  "KL_res": {
    "KL divergence": 3.8694978370307793,
    "Euclidean Dist.": 0.31472416232631023,
    "WER": 0.9545454545454546,
    "CER": 0.693069306930693,
    "Cosine Dist.": 0.572918578241018
  },
  "occ_eval_res": {
    "precision": 23.0769,
    "recall": 27.2727,
    "f-score": 25.0
  },
  "clean_eval": {
    "f-score": 65.29411764705883,
    "precision": 60.32608695652174,
    "recall": 71.15384615384616,
    "tp": 111,
    "fp": 73,
    "fn": 45
  },
  "jaccard": [
    0.6977491961414791
  ],
  "braycurtis": [
    0.5444015444015444
  ],
  "dice": [
    0.5358024691358024
  ],
  "cosinus": [
    0.41800801253730224
  ]
}