{
  "voc_eval_res": {
    "precision": 45.9459,
    "recall": 65.3846,
    "f-score": 53.9683
  },
  "KL_res": {
    "KL divergence": 1.5948954810661837,
    "Euclidean Dist.": 0.2020606877645849,
    "WER": 1.0857142857142856,
    "CER": 0.7607361963190185,
    "Cosine Dist.": 0.28494905602864673
  },
  "occ_eval_res": {
    "precision": 46.8085,
    "recall": 62.8571,
    "f-score": 53.6585
  },
  "clean_eval": {
    "f-score": 16.810344827586203,
    "precision": 20.103092783505154,
    "recall": 14.444444444444443,
    "tp": 39,
    "fp": 155,
    "fn": 231
  },
  "jaccard": [
    0.6058981233243967
  ],
  "braycurtis": [
    0.389873417721519
  ],
  "dice": [
    0.4346153846153846
  ],
  "cosinus": [
    0.20255052081143177
  ]
}