{
  "voc_eval_res": {
    "precision": 27.9412,
    "recall": 51.3514,
    "f-score": 36.1905
  },
  "KL_res": {
    "KL divergence": 2.0755517409226893,
    "Euclidean Dist.": 0.16687575361332907,
    "WER": 1.2127659574468086,
    "CER": 0.7261904761904762,
    "Cosine Dist.": 0.2755383236520411
  },
  "occ_eval_res": {
    "precision": 34.5679,
    "recall": 59.5745,
    "f-score": 43.75
  },
  "clean_eval": {
    "f-score": 37.22025912838633,
    "precision": 41.68865435356201,
    "recall": 33.61702127659574,
    "tp": 158,
    "fp": 221,
    "fn": 312
  },
  "jaccard": [
    0.4907749077490775
  ],
  "braycurtis": [
    0.3243574051407589
  ],
  "dice": [
    0.3251833740831296
  ],
  "cosinus": [
    0.1354189413704574
  ]
}