{
  "voc_eval_res": {
    "precision": 26.6667,
    "recall": 40.0,
    "f-score": 32.0
  },
  "KL_res": {
    "KL divergence": 3.3434223418028126,
    "Euclidean Dist.": 0.25151450974270073,
    "WER": 1.1666666666666667,
    "CER": 0.6792452830188679,
    "Cosine Dist.": 0.45821574586496305
  },
  "occ_eval_res": {
    "precision": 28.125,
    "recall": 37.5,
    "f-score": 32.1429
  },
  "clean_eval": {
    "f-score": 25.060240963855417,
    "precision": 33.76623376623377,
    "recall": 19.923371647509576,
    "tp": 52,
    "fp": 102,
    "fn": 209
  },
  "jaccard": [
    0.6070381231671554
  ],
  "braycurtis": [
    0.5041322314049587
  ],
  "dice": [
    0.4357894736842105
  ],
  "cosinus": [
    0.3927037480623847
  ]
}