{
  "voc_eval_res": {
    "precision": 55.7377,
    "recall": 56.6667,
    "f-score": 56.1983
  },
  "KL_res": {
    "KL divergence": 1.8219659484268245,
    "Euclidean Dist.": 0.12774897289956386,
    "WER": 0.6666666666666666,
    "CER": 0.5224586288416075,
    "Cosine Dist.": 0.24665612808807502
  },
  "occ_eval_res": {
    "precision": 58.8235,
    "recall": 53.3333,
    "f-score": 55.9441
  },
  "clean_eval": {
    "f-score": 35.50973654066438,
    "precision": 36.470588235294116,
    "recall": 34.598214285714285,
    "tp": 155,
    "fp": 270,
    "fn": 293
  },
  "jaccard": [
    0.4475873544093178
  ],
  "braycurtis": [
    0.319365798414496
  ],
  "dice": [
    0.2883172561629153
  ],
  "cosinus": [
    0.1644796524613069
  ]
}