{
  "voc_eval_res": {
    "precision": 35.7143,
    "recall": 41.6667,
    "f-score": 38.4615
  },
  "KL_res": {
    "KL divergence": 3.764353761561946,
    "Euclidean Dist.": 0.30975266264899254,
    "WER": 0.8333333333333334,
    "CER": 0.4675324675324675,
    "Cosine Dist.": 0.4435851159253429
  },
  "occ_eval_res": {
    "precision": 35.7143,
    "recall": 41.6667,
    "f-score": 38.4615
  },
  "clean_eval": {
    "f-score": 65.2542372881356,
    "precision": 63.114754098360656,
    "recall": 67.54385964912281,
    "tp": 77,
    "fp": 45,
    "fn": 37
  },
  "jaccard": [
    0.48677248677248675
  ],
  "braycurtis": [
    0.3575757575757576
  ],
  "dice": [
    0.32167832167832167
  ],
  "cosinus": [
    0.30317425472792303
  ]
}