{
  "voc_eval_res": {
    "precision": 45.2381,
    "recall": 58.4615,
    "f-score": 51.0067
  },
  "KL_res": {
    "KL divergence": 1.3940071288607896,
    "Euclidean Dist.": 0.12543800810580108,
    "WER": 0.94,
    "CER": 0.5651465798045603,
    "Cosine Dist.": 0.2196319080239384
  },
  "occ_eval_res": {
    "precision": 47.1429,
    "recall": 66.0,
    "f-score": 55.0
  },
  "clean_eval": {
    "f-score": 19.948849104859335,
    "precision": 23.49397590361446,
    "recall": 17.333333333333336,
    "tp": 117,
    "fp": 381,
    "fn": 558
  },
  "jaccard": [
    0.4653902798232695
  ],
  "braycurtis": [
    0.26986301369863014
  ],
  "dice": [
    0.30326295585412666
  ],
  "cosinus": [
    0.0776169185302471
  ]
}