{
  "voc_eval_res": {
    "precision": 42.8571,
    "recall": 33.3333,
    "f-score": 37.5
  },
  "KL_res": {
    "KL divergence": 4.486295158409085,
    "Euclidean Dist.": 0.26285021580576334,
    "WER": 0.9117647058823529,
    "CER": 0.6830601092896175,
    "Cosine Dist.": 0.5212101023602616
  },
  "occ_eval_res": {
    "precision": 37.037,
    "recall": 29.4118,
    "f-score": 32.7869
  },
  "clean_eval": {
    "f-score": 53.03867403314917,
    "precision": 44.651162790697676,
    "recall": 65.3061224489796,
    "tp": 96,
    "fp": 119,
    "fn": 51
  },
  "jaccard": [
    0.6625766871165644
  ],
  "braycurtis": [
    0.4750733137829912
  ],
  "dice": [
    0.4954128440366973
  ],
  "cosinus": [
    0.28527301327282484
  ]
}