{
  "voc_eval_res": {
    "precision": 45.7627,
    "recall": 75.0,
    "f-score": 56.8421
  },
  "KL_res": {
    "KL divergence": 0.8000795826557912,
    "Euclidean Dist.": 0.13734128934077133,
    "WER": 0.8088235294117647,
    "CER": 0.6373056994818653,
    "Cosine Dist.": 0.11572909020569655
  },
  "occ_eval_res": {
    "precision": 55.0,
    "recall": 80.8824,
    "f-score": 65.4762
  },
  "clean_eval": {
    "f-score": 25.858585858585858,
    "precision": 29.357798165137616,
    "recall": 23.104693140794225,
    "tp": 128,
    "fp": 308,
    "fn": 426
  },
  "jaccard": [
    0.40437158469945356
  ],
  "braycurtis": [
    0.27530364372469635
  ],
  "dice": [
    0.2534246575342466
  ],
  "cosinus": [
    0.07985151919458144
  ]
}