{
  "voc_eval_res": {
    "precision": 26.0274,
    "recall": 48.7179,
    "f-score": 33.9286
  },
  "KL_res": {
    "KL divergence": 2.705986461838796,
    "Euclidean Dist.": 0.1716929178792376,
    "WER": 1.380952380952381,
    "CER": 1.0177304964539007,
    "Cosine Dist.": 0.4312777689622507
  },
  "occ_eval_res": {
    "precision": 27.2727,
    "recall": 50.0,
    "f-score": 35.2941
  },
  "clean_eval": {
    "f-score": 12.979351032448374,
    "precision": 15.43859649122807,
    "recall": 11.195928753180661,
    "tp": 44,
    "fp": 241,
    "fn": 349
  },
  "jaccard": [
    0.5353218210361067
  ],
  "braycurtis": [
    0.42659974905897113
  ],
  "dice": [
    0.3654876741693462
  ],
  "cosinus": [
    0.2054363102176351
  ]
}