{
  "voc_eval_res": {
    "precision": 68.0,
    "recall": 65.3846,
    "f-score": 66.6667
  },
  "KL_res": {
    "KL divergence": 1.4917446754653363,
    "Euclidean Dist.": 0.15309310892394862,
    "WER": 0.53125,
    "CER": 0.38509316770186336,
    "Cosine Dist.": 0.13894322817710825
  },
  "occ_eval_res": {
    "precision": 68.75,
    "recall": 68.75,
    "f-score": 68.75
  },
  "clean_eval": {
    "f-score": 21.86046511627907,
    "precision": 21.86046511627907,
    "recall": 21.86046511627907,
    "tp": 47,
    "fp": 168,
    "fn": 168
  },
  "jaccard": [
    0.398576512455516
  ],
  "braycurtis": [
    0.24
  ],
  "dice": [
    0.24888888888888888
  ],
  "cosinus": [
    0.1379457687434278
  ]
}