{
  "voc_eval_res": {
    "precision": 33.9623,
    "recall": 51.4286,
    "f-score": 40.9091
  },
  "KL_res": {
    "KL divergence": 1.7879010448581276,
    "Euclidean Dist.": 0.17106447837736827,
    "WER": 1.0,
    "CER": 0.5929203539823009,
    "Cosine Dist.": 0.1876971142040389
  },
  "occ_eval_res": {
    "precision": 41.1765,
    "recall": 57.1429,
    "f-score": 47.8632
  },
  "clean_eval": {
    "f-score": 15.940224159402241,
    "precision": 17.534246575342465,
    "recall": 14.61187214611872,
    "tp": 64,
    "fp": 301,
    "fn": 374
  },
  "jaccard": [
    0.5831663326653307
  ],
  "braycurtis": [
    0.3371647509578544
  ],
  "dice": [
    0.4115983026874116
  ],
  "cosinus": [
    0.11640390965126024
  ]
}