{
  "voc_eval_res": {
    "precision": 43.4783,
    "recall": 55.5556,
    "f-score": 48.7805
  },
  "KL_res": {
    "KL divergence": 2.034399384504442,
    "Euclidean Dist.": 0.12849261330981962,
    "WER": 0.746031746031746,
    "CER": 0.5552238805970149,
    "Cosine Dist.": 0.25360950874753296
  },
  "occ_eval_res": {
    "precision": 46.1538,
    "recall": 57.1429,
    "f-score": 51.0638
  },
  "clean_eval": {
    "f-score": 33.006535947712415,
    "precision": 36.594202898550726,
    "recall": 30.059523809523807,
    "tp": 101,
    "fp": 175,
    "fn": 235
  },
  "jaccard": [
    0.4909983633387889
  ],
  "braycurtis": [
    0.34987593052109184
  ],
  "dice": [
    0.32537960954446854
  ],
  "cosinus": [
    0.1756972099790569
  ]
}