{
  "voc_eval_res": {
    "precision": 46.3768,
    "recall": 57.1429,
    "f-score": 51.2
  },
  "KL_res": {
    "KL divergence": 1.9090518545744095,
    "Euclidean Dist.": 0.13608986859598488,
    "WER": 0.835820895522388,
    "CER": 0.5469879518072289,
    "Cosine Dist.": 0.26981499971656286
  },
  "occ_eval_res": {
    "precision": 45.122,
    "recall": 55.2239,
    "f-score": 49.6644
  },
  "clean_eval": {
    "f-score": 21.896162528216703,
    "precision": 23.15035799522673,
    "recall": 20.770877944325484,
    "tp": 97,
    "fp": 322,
    "fn": 370
  },
  "jaccard": [
    0.4570446735395189
  ],
  "braycurtis": [
    0.3065217391304348
  ],
  "dice": [
    0.2962138084632517
  ],
  "cosinus": [
    0.12357051992388235
  ]
}