{
  "voc_eval_res": {
    "precision": 45.3125,
    "recall": 63.0435,
    "f-score": 52.7273
  },
  "KL_res": {
    "KL divergence": 1.4613105990824875,
    "Euclidean Dist.": 0.1286179556271101,
    "WER": 0.8596491228070176,
    "CER": 0.5885416666666666,
    "Cosine Dist.": 0.20043714144007863
  },
  "occ_eval_res": {
    "precision": 49.3506,
    "recall": 66.6667,
    "f-score": 56.7164
  },
  "clean_eval": {
    "f-score": 26.08695652173913,
    "precision": 28.860759493670884,
    "recall": 23.799582463465555,
    "tp": 114,
    "fp": 281,
    "fn": 365
  },
  "jaccard": [
    0.44905008635578586
  ],
  "braycurtis": [
    0.26590909090909093
  ],
  "dice": [
    0.289532293986637
  ],
  "cosinus": [
    0.0874122513748623
  ]
}