{
  "voc_eval_res": {
    "precision": 25.7143,
    "recall": 54.5455,
    "f-score": 34.9515
  },
  "KL_res": {
    "KL divergence": 2.464145446451661,
    "Euclidean Dist.": 0.19603791520400043,
    "WER": 1.6944444444444444,
    "CER": 1.3155737704918034,
    "Cosine Dist.": 0.4349161193603951
  },
  "occ_eval_res": {
    "precision": 25.3333,
    "recall": 52.7778,
    "f-score": 34.2342
  },
  "clean_eval": {
    "f-score": 14.411764705882351,
    "precision": 18.992248062015506,
    "recall": 11.61137440758294,
    "tp": 49,
    "fp": 209,
    "fn": 373
  },
  "jaccard": [
    0.5623987034035657
  ],
  "braycurtis": [
    0.4791386271870794
  ],
  "dice": [
    0.39120631341600903
  ],
  "cosinus": [
    0.24493468123565687
  ]
}