{
  "voc_eval_res": {
    "precision": 35.1852,
    "recall": 54.2857,
    "f-score": 42.6966
  },
  "KL_res": {
    "KL divergence": 1.9629502202558313,
    "Euclidean Dist.": 0.19432529422645894,
    "WER": 1.1666666666666667,
    "CER": 0.6944444444444444,
    "Cosine Dist.": 0.3218139317789881
  },
  "occ_eval_res": {
    "precision": 35.0649,
    "recall": 56.25,
    "f-score": 43.2
  },
  "clean_eval": {
    "f-score": 37.76223776223777,
    "precision": 39.35860058309038,
    "recall": 36.29032258064516,
    "tp": 135,
    "fp": 208,
    "fn": 237
  },
  "jaccard": [
    0.5211267605633803
  ],
  "braycurtis": [
    0.3691460055096419
  ],
  "dice": [
    0.3523809523809524
  ],
  "cosinus": [
    0.20095711489445667
  ]
}