{
  "voc_eval_res": {
    "precision": 69.2308,
    "recall": 42.8571,
    "f-score": 52.9412
  },
  "KL_res": {
    "KL divergence": 2.0264262112973874,
    "Euclidean Dist.": 0.20404411764705882,
    "WER": 0.65625,
    "CER": 0.6220472440944882,
    "Cosine Dist.": 0.12839807108943346
  },
  "occ_eval_res": {
    "precision": 76.4706,
    "recall": 40.625,
    "f-score": 53.0612
  },
  "clean_eval": {
    "f-score": 47.42268041237113,
    "precision": 36.507936507936506,
    "recall": 67.64705882352942,
    "tp": 69,
    "fp": 120,
    "fn": 33
  },
  "jaccard": [
    0.6893617021276596
  ],
  "braycurtis": [
    0.5221674876847291
  ],
  "dice": [
    0.525974025974026
  ],
  "cosinus": [
    0.3234242102479099
  ]
}