{
  "voc_eval_res": {
    "precision": 39.2857,
    "recall": 56.8966,
    "f-score": 46.4789
  },
  "KL_res": {
    "KL divergence": 1.578829007857032,
    "Euclidean Dist.": 0.13634900735002625,
    "WER": 1.130952380952381,
    "CER": 0.7129629629629629,
    "Cosine Dist.": 0.235541195348687
  },
  "occ_eval_res": {
    "precision": 40.0,
    "recall": 61.9048,
    "f-score": 48.5981
  },
  "clean_eval": {
    "f-score": 9.506398537477148,
    "precision": 10.87866108786611,
    "recall": 8.441558441558442,
    "tp": 52,
    "fp": 426,
    "fn": 564
  },
  "jaccard": [
    0.4704968944099379
  ],
  "braycurtis": [
    0.3040800615858353
  ],
  "dice": [
    0.30761421319796955
  ],
  "cosinus": [
    0.0969565136797984
  ]
}