{
  "voc_eval_res": {
    "precision": 52.9412,
    "recall": 37.5,
    "f-score": 43.9024
  },
  "KL_res": {
    "KL divergence": 3.70623811734359,
    "Euclidean Dist.": 0.2429439657058702,
    "WER": 0.7916666666666666,
    "CER": 0.5679012345679012,
    "Cosine Dist.": 0.38549013220097317
  },
  "occ_eval_res": {
    "precision": 52.9412,
    "recall": 37.5,
    "f-score": 43.9024
  },
  "clean_eval": {
    "f-score": 46.62162162162162,
    "precision": 47.58620689655172,
    "recall": 45.6953642384106,
    "tp": 69,
    "fp": 76,
    "fn": 82
  },
  "jaccard": [
    0.574750830564784
  ],
  "braycurtis": [
    0.4381625441696113
  ],
  "dice": [
    0.40326340326340326
  ],
  "cosinus": [
    0.338672155664995
  ]
}