{
  "voc_eval_res": {
    "precision": 45.4545,
    "recall": 47.619,
    "f-score": 46.5116
  },
  "KL_res": {
    "KL divergence": 2.8478621109002034,
    "Euclidean Dist.": 0.22821773229381923,
    "WER": 0.7916666666666666,
    "CER": 0.6535947712418301,
    "Cosine Dist.": 0.3189947753930007
  },
  "occ_eval_res": {
    "precision": 45.8333,
    "recall": 45.8333,
    "f-score": 45.8333
  },
  "clean_eval": {
    "f-score": 28.19383259911894,
    "precision": 30.62200956937799,
    "recall": 26.122448979591837,
    "tp": 64,
    "fp": 145,
    "fn": 181
  },
  "jaccard": [
    0.5875370919881305
  ],
  "braycurtis": [
    0.4131054131054131
  ],
  "dice": [
    0.41596638655462187
  ],
  "cosinus": [
    0.2753833638796418
  ]
}