{
  "voc_eval_res": {
    "precision": 45.0,
    "recall": 50.0,
    "f-score": 47.3684
  },
  "KL_res": {
    "KL divergence": 3.7013387864532588,
    "Euclidean Dist.": 0.27838056071975587,
    "WER": 0.8181818181818182,
    "CER": 0.5531914893617021,
    "Cosine Dist.": 0.47203632265154516
  },
  "occ_eval_res": {
    "precision": 42.8571,
    "recall": 40.9091,
    "f-score": 41.8605
  },
  "clean_eval": {
    "f-score": 69.06474820143885,
    "precision": 64.86486486486487,
    "recall": 73.84615384615385,
    "tp": 96,
    "fp": 52,
    "fn": 34
  },
  "jaccard": [
    0.6032388663967612
  ],
  "braycurtis": [
    0.46396396396396394
  ],
  "dice": [
    0.4318840579710145
  ],
  "cosinus": [
    0.3975457101141401
  ]
}