{
  "voc_eval_res": {
    "precision": 68.2927,
    "recall": 73.6842,
    "f-score": 70.8861
  },
  "KL_res": {
    "KL divergence": 1.0104143887816448,
    "Euclidean Dist.": 0.12684360426208185,
    "WER": 0.5217391304347826,
    "CER": 0.3104693140794224,
    "Cosine Dist.": 0.14271372398938698
  },
  "occ_eval_res": {
    "precision": 63.6364,
    "recall": 76.087,
    "f-score": 69.3069
  },
  "clean_eval": {
    "f-score": 48.580441640378545,
    "precision": 50.326797385620914,
    "recall": 46.95121951219512,
    "tp": 154,
    "fp": 152,
    "fn": 174
  },
  "jaccard": [
    0.2935560859188544
  ],
  "braycurtis": [
    0.2152317880794702
  ],
  "dice": [
    0.17202797202797201
  ],
  "cosinus": [
    0.11444734587758831
  ]
}