{
  "voc_eval_res": {
    "precision": 44.6809,
    "recall": 53.8462,
    "f-score": 48.8372
  },
  "KL_res": {
    "KL divergence": 2.0665308551788852,
    "Euclidean Dist.": 0.17591189762598072,
    "WER": 0.7450980392156863,
    "CER": 0.5050167224080268,
    "Cosine Dist.": 0.3455307128108771
  },
  "occ_eval_res": {
    "precision": 43.6364,
    "recall": 47.0588,
    "f-score": 45.283
  },
  "clean_eval": {
    "f-score": 52.830188679245296,
    "precision": 54.019292604501615,
    "recall": 51.69230769230769,
    "tp": 168,
    "fp": 143,
    "fn": 157
  },
  "jaccard": [
    0.5535714285714286
  ],
  "braycurtis": [
    0.3817292006525285
  ],
  "dice": [
    0.38271604938271603
  ],
  "cosinus": [
    0.2358314252066177
  ]
}