{
  "voc_eval_res": {
    "precision": 50.0,
    "recall": 59.5238,
    "f-score": 54.3478
  },
  "KL_res": {
    "KL divergence": 1.6639782788321802,
    "Euclidean Dist.": 0.132990771369961,
    "WER": 0.7704918032786885,
    "CER": 0.54858934169279,
    "Cosine Dist.": 0.15165530828954477
  },
  "occ_eval_res": {
    "precision": 54.4118,
    "recall": 60.6557,
    "f-score": 57.3643
  },
  "clean_eval": {
    "f-score": 24.474660074165637,
    "precision": 26.61290322580645,
    "recall": 22.65446224256293,
    "tp": 99,
    "fp": 273,
    "fn": 338
  },
  "jaccard": [
    0.46747967479674796
  ],
  "braycurtis": [
    0.3164933135215453
  ],
  "dice": [
    0.3050397877984085
  ],
  "cosinus": [
    0.17156471580386357
  ]
}