{
  "voc_eval_res": {
    "precision": 78.5714,
    "recall": 91.6667,
    "f-score": 84.6154
  },
  "KL_res": {
    "KL divergence": 0.38423039665836817,
    "Euclidean Dist.": 0.14940095676198045,
    "WER": 0.5454545454545454,
    "CER": 0.38922155688622756,
    "Cosine Dist.": 0.11688428054258948
  },
  "occ_eval_res": {
    "precision": 65.2174,
    "recall": 90.9091,
    "f-score": 75.9494
  },
  "clean_eval": {
    "f-score": 36.32183908045977,
    "precision": 40.30612244897959,
    "recall": 33.054393305439326,
    "tp": 79,
    "fp": 117,
    "fn": 160
  },
  "jaccard": [
    0.2862903225806452
  ],
  "braycurtis": [
    0.2205128205128205
  ],
  "dice": [
    0.16705882352941176
  ],
  "cosinus": [
    0.09345316272703541
  ]
}