{
  "voc_eval_res": {
    "precision": 58.0645,
    "recall": 47.3684,
    "f-score": 52.1739
  },
  "KL_res": {
    "KL divergence": 2.5971506083517175,
    "Euclidean Dist.": 0.18568816032346996,
    "WER": 0.6521739130434783,
    "CER": 0.4717741935483871,
    "Cosine Dist.": 0.30099506658803066
  },
  "occ_eval_res": {
    "precision": 58.3333,
    "recall": 45.6522,
    "f-score": 51.2195
  },
  "clean_eval": {
    "f-score": 27.377521613832855,
    "precision": 23.39901477832512,
    "recall": 32.98611111111111,
    "tp": 95,
    "fp": 311,
    "fn": 193
  },
  "jaccard": [
    0.51338199513382
  ],
  "braycurtis": [
    0.3434125269978402
  ],
  "dice": [
    0.3453355155482815
  ],
  "cosinus": [
    0.18459615820191322
  ]
}