{
  "voc_eval_res": {
    "precision": 36.3636,
    "recall": 42.8571,
    "f-score": 39.3443
  },
  "KL_res": {
    "KL divergence": 3.187584579713739,
    "Euclidean Dist.": 0.22177698739855226,
    "WER": 1.0,
    "CER": 0.7965116279069767,
    "Cosine Dist.": 0.4538813187272501
  },
  "occ_eval_res": {
    "precision": 36.1111,
    "recall": 39.3939,
    "f-score": 37.6812
  },
  "clean_eval": {
    "f-score": 29.42430703624734,
    "precision": 29.361702127659573,
    "recall": 29.48717948717949,
    "tp": 69,
    "fp": 166,
    "fn": 165
  },
  "jaccard": [
    0.581453634085213
  ],
  "braycurtis": [
    0.4368421052631579
  ],
  "dice": [
    0.4098939929328622
  ],
  "cosinus": [
    0.32516687960804613
  ]
}