{
  "voc_eval_res": {
    "precision": 81.8182,
    "recall": 52.9412,
    "f-score": 64.2857
  },
  "KL_res": {
    "KL divergence": 1.9283231851663216,
    "Euclidean Dist.": 0.19341139393052104,
    "WER": 0.6190476190476191,
    "CER": 0.4219409282700422,
    "Cosine Dist.": 0.16818757160516928
  },
  "occ_eval_res": {
    "precision": 81.4815,
    "recall": 52.381,
    "f-score": 63.7681
  },
  "clean_eval": {
    "f-score": 6.69291338582677,
    "precision": 5.821917808219178,
    "recall": 7.87037037037037,
    "tp": 17,
    "fp": 275,
    "fn": 199
  },
  "jaccard": [
    0.40057636887608067
  ],
  "braycurtis": [
    0.2627906976744186
  ],
  "dice": [
    0.25045045045045045
  ],
  "cosinus": [
    0.13591716756750682
  ]
}