{
  "voc_eval_res": {
    "precision": 27.7778,
    "recall": 41.6667,
    "f-score": 33.3333
  },
  "KL_res": {
    "KL divergence": 3.4301353182516108,
    "Euclidean Dist.": 0.2947412910639886,
    "WER": 1.1538461538461537,
    "CER": 0.8607594936708861,
    "Cosine Dist.": 0.3804775258701072
  },
  "occ_eval_res": {
    "precision": 31.5789,
    "recall": 46.1538,
    "f-score": 37.5
  },
  "clean_eval": {
    "f-score": 48.48484848484848,
    "precision": 50.45045045045045,
    "recall": 46.666666666666664,
    "tp": 56,
    "fp": 55,
    "fn": 64
  },
  "jaccard": [
    0.6332046332046332
  ],
  "braycurtis": [
    0.4485981308411215
  ],
  "dice": [
    0.4632768361581921
  ],
  "cosinus": [
    0.31736468446916144
  ]
}