{
  "voc_eval_res": {
    "precision": 46.3415,
    "recall": 55.8824,
    "f-score": 50.6667
  },
  "KL_res": {
    "KL divergence": 2.1854159086204112,
    "Euclidean Dist.": 0.19054829653402913,
    "WER": 1.0227272727272727,
    "CER": 0.8169014084507042,
    "Cosine Dist.": 0.3190973666200626
  },
  "occ_eval_res": {
    "precision": 42.5926,
    "recall": 52.2727,
    "f-score": 46.9388
  },
  "clean_eval": {
    "f-score": 21.60278745644599,
    "precision": 26.160337552742618,
    "recall": 18.397626112759642,
    "tp": 62,
    "fp": 175,
    "fn": 275
  },
  "jaccard": [
    0.5073170731707317
  ],
  "braycurtis": [
    0.38857142857142857
  ],
  "dice": [
    0.33986928104575165
  ],
  "cosinus": [
    0.20143447727340602
  ]
}