{
  "voc_eval_res": {
    "precision": 10.3448,
    "recall": 27.2727,
    "f-score": 15.0
  },
  "KL_res": {
    "KL divergence": 5.186744013733385,
    "Euclidean Dist.": 0.3629108661927797,
    "WER": 2.0,
    "CER": 1.6753246753246753,
    "Cosine Dist.": 0.7051160876902056
  },
  "occ_eval_res": {
    "precision": 10.3448,
    "recall": 23.0769,
    "f-score": 14.2857
  },
  "clean_eval": {
    "f-score": 62.06896551724138,
    "precision": 72.97297297297297,
    "recall": 54.0,
    "tp": 81,
    "fp": 30,
    "fn": 69
  },
  "jaccard": [
    0.7794561933534743
  ],
  "braycurtis": [
    0.6381322957198443
  ],
  "dice": [
    0.6386138613861386
  ],
  "cosinus": [
    0.45002215641273124
  ]
}