{
  "voc_eval_res": {
    "precision": 31.8182,
    "recall": 46.6667,
    "f-score": 37.8378
  },
  "KL_res": {
    "KL divergence": 2.303869112423488,
    "Euclidean Dist.": 0.2425977854538756,
    "WER": 0.7407407407407407,
    "CER": 0.5273972602739726,
    "Cosine Dist.": 0.13931935071354107
  },
  "occ_eval_res": {
    "precision": 46.4286,
    "recall": 48.1481,
    "f-score": 47.2727
  },
  "clean_eval": {
    "f-score": 38.93805309734514,
    "precision": 37.28813559322034,
    "recall": 40.74074074074074,
    "tp": 88,
    "fp": 148,
    "fn": 128
  },
  "jaccard": [
    0.6637554585152838
  ],
  "braycurtis": [
    0.3612040133779264
  ],
  "dice": [
    0.49673202614379086
  ],
  "cosinus": [
    0.1072343865448766
  ]
}