{
  "voc_eval_res": {
    "precision": 53.125,
    "recall": 60.7143,
    "f-score": 56.6667
  },
  "KL_res": {
    "KL divergence": 1.7661774631298508,
    "Euclidean Dist.": 0.1709372609874089,
    "WER": 0.65625,
    "CER": 0.5714285714285714,
    "Cosine Dist.": 0.23521141544789337
  },
  "occ_eval_res": {
    "precision": 54.2857,
    "recall": 59.375,
    "f-score": 56.7164
  },
  "clean_eval": {
    "f-score": 50.311850311850314,
    "precision": 50.416666666666664,
    "recall": 50.20746887966805,
    "tp": 121,
    "fp": 119,
    "fn": 120
  },
  "jaccard": [
    0.46301369863013697
  ],
  "braycurtis": [
    0.3086734693877551
  ],
  "dice": [
    0.30124777183600715
  ],
  "cosinus": [
    0.21741072592819544
  ]
}