{
  "voc_eval_res": {
    "precision": 39.3939,
    "recall": 59.0909,
    "f-score": 47.2727
  },
  "KL_res": {
    "KL divergence": 1.661362031292348,
    "Euclidean Dist.": 0.18677270269442456,
    "WER": 0.9310344827586207,
    "CER": 0.727810650887574,
    "Cosine Dist.": 0.17868484277962116
  },
  "occ_eval_res": {
    "precision": 46.5116,
    "recall": 68.9655,
    "f-score": 55.5556
  },
  "clean_eval": {
    "f-score": 29.230769230769234,
    "precision": 35.18518518518518,
    "recall": 25.0,
    "tp": 76,
    "fp": 140,
    "fn": 228
  },
  "jaccard": [
    0.5962566844919787
  ],
  "braycurtis": [
    0.40326340326340326
  ],
  "dice": [
    0.4247619047619048
  ],
  "cosinus": [
    0.20203397076227037
  ]
}