{
  "voc_eval_res": {
    "precision": 23.0769,
    "recall": 50.0,
    "f-score": 31.5789
  },
  "KL_res": {
    "KL divergence": 4.392567610039657,
    "Euclidean Dist.": 0.29704073005498194,
    "WER": 1.3548387096774193,
    "CER": 1.5847457627118644,
    "Cosine Dist.": 0.5854866638551608
  },
  "occ_eval_res": {
    "precision": 22.9167,
    "recall": 35.4839,
    "f-score": 27.8481
  },
  "clean_eval": {
    "f-score": 15.151515151515152,
    "precision": 20.0,
    "recall": 12.195121951219512,
    "tp": 35,
    "fp": 140,
    "fn": 252
  },
  "jaccard": [
    0.7631578947368421
  ],
  "braycurtis": [
    0.6873449131513648
  ],
  "dice": [
    0.6170212765957447
  ],
  "cosinus": [
    0.6454074887189469
  ]
}