{
  "voc_eval_res": {
    "precision": 45.9016,
    "recall": 58.3333,
    "f-score": 51.3761
  },
  "KL_res": {
    "KL divergence": 1.814349476965151,
    "Euclidean Dist.": 0.13012986441212687,
    "WER": 0.7796610169491526,
    "CER": 0.4269340974212034,
    "Cosine Dist.": 0.20172083435183974
  },
  "occ_eval_res": {
    "precision": 48.6486,
    "recall": 61.0169,
    "f-score": 54.1353
  },
  "clean_eval": {
    "f-score": 38.96103896103895,
    "precision": 39.0625,
    "recall": 38.860103626943,
    "tp": 150,
    "fp": 234,
    "fn": 236
  },
  "jaccard": [
    0.4602649006622517
  ],
  "braycurtis": [
    0.2949194547707559
  ],
  "dice": [
    0.2989247311827957
  ],
  "cosinus": [
    0.15491994366730366
  ]
}