{
  "voc_eval_res": {
    "precision": 45.2381,
    "recall": 46.3415,
    "f-score": 45.7831
  },
  "KL_res": {
    "KL divergence": 2.819496885185121,
    "Euclidean Dist.": 0.18161668246723328,
    "WER": 0.7391304347826086,
    "CER": 0.45217391304347826,
    "Cosine Dist.": 0.4101431202157483
  },
  "occ_eval_res": {
    "precision": 43.1818,
    "recall": 41.3043,
    "f-score": 42.2222
  },
  "clean_eval": {
    "f-score": 29.02654867256637,
    "precision": 26.031746031746035,
    "recall": 32.800000000000004,
    "tp": 82,
    "fp": 233,
    "fn": 168
  },
  "jaccard": [
    0.5
  ],
  "braycurtis": [
    0.3562992125984252
  ],
  "dice": [
    0.3333333333333333
  ],
  "cosinus": [
    0.21703228208826775
  ]
}