{
  "voc_eval_res": {
    "precision": 60.6061,
    "recall": 71.4286,
    "f-score": 65.5738
  },
  "KL_res": {
    "KL divergence": 1.373324550697764,
    "Euclidean Dist.": 0.14987590468728054,
    "WER": 0.6206896551724138,
    "CER": 0.391304347826087,
    "Cosine Dist.": 0.18289883062887868
  },
  "occ_eval_res": {
    "precision": 58.3333,
    "recall": 72.4138,
    "f-score": 64.6154
  },
  "clean_eval": {
    "f-score": 52.054794520547944,
    "precision": 53.02325581395348,
    "recall": 51.12107623318386,
    "tp": 114,
    "fp": 101,
    "fn": 109
  },
  "jaccard": [
    0.35376044568245124
  ],
  "braycurtis": [
    0.24833702882483372
  ],
  "dice": [
    0.21489001692047377
  ],
  "cosinus": [
    0.1358003285220869
  ]
}