{
  "voc_eval_res": {
    "precision": 33.3333,
    "recall": 57.1429,
    "f-score": 42.1053
  },
  "KL_res": {
    "KL divergence": 2.256347583167754,
    "Euclidean Dist.": 0.16897412263246572,
    "WER": 1.0769230769230769,
    "CER": 0.842911877394636,
    "Cosine Dist.": 0.3235245402684236
  },
  "occ_eval_res": {
    "precision": 35.9375,
    "recall": 58.9744,
    "f-score": 44.6602
  },
  "clean_eval": {
    "f-score": 19.937694704049846,
    "precision": 24.615384615384617,
    "recall": 16.75392670157068,
    "tp": 64,
    "fp": 196,
    "fn": 318
  },
  "jaccard": [
    0.49646643109540634
  ],
  "braycurtis": [
    0.38231098430813126
  ],
  "dice": [
    0.3301997649823737
  ],
  "cosinus": [
    0.18837234419562088
  ]
}