{
  "voc_eval_res": {
    "precision": 36.8421,
    "recall": 63.6364,
    "f-score": 46.6667
  },
  "KL_res": {
    "KL divergence": 2.322841909377219,
    "Euclidean Dist.": 0.3164025405129282,
    "WER": 1.6363636363636365,
    "CER": 1.546875,
    "Cosine Dist.": 0.4166666666666665
  },
  "occ_eval_res": {
    "precision": 33.3333,
    "recall": 63.6364,
    "f-score": 43.75
  },
  "clean_eval": {
    "f-score": 55.21472392638036,
    "precision": 68.18181818181817,
    "recall": 46.391752577319586,
    "tp": 45,
    "fp": 21,
    "fn": 52
  },
  "jaccard": [
    0.6074380165289256
  ],
  "braycurtis": [
    0.4690721649484536
  ],
  "dice": [
    0.4362017804154303
  ],
  "cosinus": [
    0.37210201889667704
  ]
}