{
  "voc_eval_res": {
    "precision": 40.0,
    "recall": 51.4286,
    "f-score": 45.0
  },
  "KL_res": {
    "KL divergence": 2.263892421036466,
    "Euclidean Dist.": 0.18066076438519388,
    "WER": 1.2,
    "CER": 0.8911290322580645,
    "Cosine Dist.": 0.34355444753936215
  },
  "occ_eval_res": {
    "precision": 38.5965,
    "recall": 55.0,
    "f-score": 45.3608
  },
  "clean_eval": {
    "f-score": 23.04832713754647,
    "precision": 25.94142259414226,
    "recall": 20.735785953177256,
    "tp": 62,
    "fp": 177,
    "fn": 237
  },
  "jaccard": [
    0.45036319612590797
  ],
  "braycurtis": [
    0.3377926421404682
  ],
  "dice": [
    0.290625
  ],
  "cosinus": [
    0.15301807227569186
  ]
}