{
  "voc_eval_res": {
    "precision": 38.8889,
    "recall": 46.6667,
    "f-score": 42.4242
  },
  "KL_res": {
    "KL divergence": 3.5167475569361666,
    "Euclidean Dist.": 0.2785579322240497,
    "WER": 0.9375,
    "CER": 0.6263736263736264,
    "Cosine Dist.": 0.43999999999999995
  },
  "occ_eval_res": {
    "precision": 38.8889,
    "recall": 43.75,
    "f-score": 41.1765
  },
  "clean_eval": {
    "f-score": 40.17467248908297,
    "precision": 31.506849315068493,
    "recall": 55.42168674698795,
    "tp": 46,
    "fp": 100,
    "fn": 37
  },
  "jaccard": [
    0.606425702811245
  ],
  "braycurtis": [
    0.49047619047619045
  ],
  "dice": [
    0.43515850144092216
  ],
  "cosinus": [
    0.44641216253011307
  ]
}