{
  "voc_eval_res": {
    "precision": 36.8421,
    "recall": 53.8462,
    "f-score": 43.75
  },
  "KL_res": {
    "KL divergence": 2.4013106992188966,
    "Euclidean Dist.": 0.2861380785564899,
    "WER": 1.2,
    "CER": 0.780952380952381,
    "Cosine Dist.": 0.2998599579859951
  },
  "occ_eval_res": {
    "precision": 37.5,
    "recall": 60.0,
    "f-score": 46.1538
  },
  "clean_eval": {
    "f-score": 65.18987341772151,
    "precision": 64.375,
    "recall": 66.02564102564102,
    "tp": 103,
    "fp": 57,
    "fn": 53
  },
  "jaccard": [
    0.5470085470085471
  ],
  "braycurtis": [
    0.3807829181494662
  ],
  "dice": [
    0.3764705882352941
  ],
  "cosinus": [
    0.24948535786795611
  ]
}