{
  "voc_eval_res": {
    "precision": 45.4545,
    "recall": 68.1818,
    "f-score": 54.5455
  },
  "KL_res": {
    "KL divergence": 1.4395148588502804,
    "Euclidean Dist.": 0.19599245519846756,
    "WER": 1.032258064516129,
    "CER": 0.68125,
    "Cosine Dist.": 0.22592973018678986
  },
  "occ_eval_res": {
    "precision": 45.6522,
    "recall": 67.7419,
    "f-score": 54.5455
  },
  "clean_eval": {
    "f-score": 19.40928270042194,
    "precision": 25.274725274725274,
    "recall": 15.753424657534246,
    "tp": 46,
    "fp": 136,
    "fn": 246
  },
  "jaccard": [
    0.5506329113924051
  ],
  "braycurtis": [
    0.3672922252010724
  ],
  "dice": [
    0.3799126637554585
  ],
  "cosinus": [
    0.19705153208182735
  ]
}