{
  "voc_eval_res": {
    "precision": 27.2727,
    "recall": 44.4444,
    "f-score": 33.8028
  },
  "KL_res": {
    "KL divergence": 2.7429512343672444,
    "Euclidean Dist.": 0.192268493704423,
    "WER": 1.3548387096774193,
    "CER": 0.9672131147540983,
    "Cosine Dist.": 0.3085454080445208
  },
  "occ_eval_res": {
    "precision": 30.1887,
    "recall": 51.6129,
    "f-score": 38.0952
  },
  "clean_eval": {
    "f-score": 23.62525458248472,
    "precision": 33.33333333333333,
    "recall": 18.29652996845426,
    "tp": 58,
    "fp": 116,
    "fn": 259
  },
  "jaccard": [
    0.5980629539951574
  ],
  "braycurtis": [
    0.39300411522633744
  ],
  "dice": [
    0.4265975820379965
  ],
  "cosinus": [
    0.16260931981310656
  ]
}