{
  "voc_eval_res": {
    "precision": 73.3333,
    "recall": 61.1111,
    "f-score": 66.6667
  },
  "KL_res": {
    "KL divergence": 1.9002945112180134,
    "Euclidean Dist.": 0.23016405579312665,
    "WER": 0.5,
    "CER": 0.2682926829268293,
    "Cosine Dist.": 0.21998650484009008
  },
  "occ_eval_res": {
    "precision": 70.5882,
    "recall": 54.5455,
    "f-score": 61.5385
  },
  "clean_eval": {
    "f-score": 63.05732484076433,
    "precision": 56.57142857142857,
    "recall": 71.22302158273382,
    "tp": 99,
    "fp": 76,
    "fn": 40
  },
  "jaccard": [
    0.29292929292929293
  ],
  "braycurtis": [
    0.19736842105263158
  ],
  "dice": [
    0.17159763313609466
  ],
  "cosinus": [
    0.11092683225695554
  ]
}