{
  "voc_eval_res": {
    "precision": 39.3939,
    "recall": 60.4651,
    "f-score": 47.7064
  },
  "KL_res": {
    "KL divergence": 1.273710423602821,
    "Euclidean Dist.": 0.13218455339084775,
    "WER": 1.0136986301369864,
    "CER": 0.8019323671497585,
    "Cosine Dist.": 0.14552578057789012
  },
  "occ_eval_res": {
    "precision": 47.1698,
    "recall": 68.4932,
    "f-score": 55.8659
  },
  "clean_eval": {
    "f-score": 22.15686274509804,
    "precision": 25.565610859728505,
    "recall": 19.55017301038062,
    "tp": 113,
    "fp": 329,
    "fn": 465
  },
  "jaccard": [
    0.4743801652892562
  ],
  "braycurtis": [
    0.3173258003766478
  ],
  "dice": [
    0.31094257854821233
  ],
  "cosinus": [
    0.09912384000458385
  ]
}