{
  "voc_eval_res": {
    "precision": 46.4286,
    "recall": 68.4211,
    "f-score": 55.3191
  },
  "KL_res": {
    "KL divergence": 1.3939168558016135,
    "Euclidean Dist.": 0.16358417855572643,
    "WER": 0.9824561403508771,
    "CER": 0.752411575562701,
    "Cosine Dist.": 0.23274595270498621
  },
  "occ_eval_res": {
    "precision": 45.3488,
    "recall": 68.4211,
    "f-score": 54.5455
  },
  "clean_eval": {
    "f-score": 15.085158150851582,
    "precision": 20.462046204620464,
    "recall": 11.946050096339114,
    "tp": 62,
    "fp": 241,
    "fn": 457
  },
  "jaccard": [
    0.5074309978768577
  ],
  "braycurtis": [
    0.379436964504284
  ],
  "dice": [
    0.3399715504978663
  ],
  "cosinus": [
    0.24042921208323187
  ]
}