{
  "voc_eval_res": {
    "precision": 74.0741,
    "recall": 71.4286,
    "f-score": 72.7273
  },
  "KL_res": {
    "KL divergence": 1.2605486720688701,
    "Euclidean Dist.": 0.16001353874938987,
    "WER": 0.5263157894736842,
    "CER": 0.3473684210526316,
    "Cosine Dist.": 0.1660496111705405
  },
  "occ_eval_res": {
    "precision": 75.0,
    "recall": 63.1579,
    "f-score": 68.5714
  },
  "clean_eval": {
    "f-score": 49.70059880239521,
    "precision": 45.3551912568306,
    "recall": 54.966887417218544,
    "tp": 83,
    "fp": 100,
    "fn": 68
  },
  "jaccard": [
    0.4461538461538462
  ],
  "braycurtis": [
    0.3224932249322493
  ],
  "dice": [
    0.2871287128712871
  ],
  "cosinus": [
    0.22186731426042006
  ]
}