{
  "voc_eval_res": {
    "precision": 31.25,
    "recall": 55.5556,
    "f-score": 40.0
  },
  "KL_res": {
    "KL divergence": 2.7713537188020183,
    "Euclidean Dist.": 0.26660639248687557,
    "WER": 1.6111111111111112,
    "CER": 1.2212389380530972,
    "Cosine Dist.": 0.5100210564938886
  },
  "occ_eval_res": {
    "precision": 25.641,
    "recall": 55.5556,
    "f-score": 35.0877
  },
  "clean_eval": {
    "f-score": 31.808278867102395,
    "precision": 45.3416149068323,
    "recall": 24.496644295302016,
    "tp": 73,
    "fp": 88,
    "fn": 225
  },
  "jaccard": [
    0.6273458445040214
  ],
  "braycurtis": [
    0.53954802259887
  ],
  "dice": [
    0.45703125
  ],
  "cosinus": [
    0.44776983932562775
  ]
}