{
  "voc_eval_res": {
    "precision": 50.5155,
    "recall": 61.25,
    "f-score": 55.3672
  },
  "KL_res": {
    "KL divergence": 1.354380468823263,
    "Euclidean Dist.": 0.10499731140641382,
    "WER": 0.765625,
    "CER": 0.5517241379310345,
    "Cosine Dist.": 0.18747570940979552
  },
  "occ_eval_res": {
    "precision": 56.4516,
    "recall": 54.6875,
    "f-score": 55.5556
  },
  "clean_eval": {
    "f-score": 29.834254143646405,
    "precision": 29.508196721311474,
    "recall": 30.16759776536313,
    "tp": 216,
    "fp": 516,
    "fn": 500
  },
  "jaccard": [
    0.4665071770334928
  ],
  "braycurtis": [
    0.2848101265822785
  ],
  "dice": [
    0.3042121684867395
  ],
  "cosinus": [
    0.09800153985198001
  ]
}