{
  "voc_eval_res": {
    "precision": 47.4359,
    "recall": 56.9231,
    "f-score": 51.7483
  },
  "KL_res": {
    "KL divergence": 2.1229933250471915,
    "Euclidean Dist.": 0.15646781334688795,
    "WER": 0.9,
    "CER": 0.6073170731707317,
    "Cosine Dist.": 0.3878666322171602
  },
  "occ_eval_res": {
    "precision": 41.3043,
    "recall": 54.2857,
    "f-score": 46.9136
  },
  "clean_eval": {
    "f-score": 22.147651006711406,
    "precision": 21.336206896551722,
    "recall": 23.02325581395349,
    "tp": 99,
    "fp": 365,
    "fn": 331
  },
  "jaccard": [
    0.504424778761062
  ],
  "braycurtis": [
    0.36
  ],
  "dice": [
    0.33727810650887574
  ],
  "cosinus": [
    0.1466816332397589
  ]
}