{
  "voc_eval_res": {
    "precision": 21.0526,
    "recall": 26.6667,
    "f-score": 23.5294
  },
  "KL_res": {
    "KL divergence": 4.35562967744321,
    "Euclidean Dist.": 0.3188701941104586,
    "WER": 1.1176470588235294,
    "CER": 0.7578947368421053,
    "Cosine Dist.": 0.5773180277941921
  },
  "occ_eval_res": {
    "precision": 20.0,
    "recall": 23.5294,
    "f-score": 21.6216
  },
  "clean_eval": {
    "f-score": 57.91855203619909,
    "precision": 69.56521739130434,
    "recall": 49.6124031007752,
    "tp": 64,
    "fp": 28,
    "fn": 65
  },
  "jaccard": [
    0.7843137254901961
  ],
  "braycurtis": [
    0.6575342465753424
  ],
  "dice": [
    0.6451612903225806
  ],
  "cosinus": [
    0.5596994354999001
  ]
}