{
  "voc_eval_res": {
    "precision": 42.4242,
    "recall": 66.6667,
    "f-score": 51.8519
  },
  "KL_res": {
    "KL divergence": 1.9413358473743063,
    "Euclidean Dist.": 0.2237053680865937,
    "WER": 1.2380952380952381,
    "CER": 0.6959459459459459,
    "Cosine Dist.": 0.37854453373413477
  },
  "occ_eval_res": {
    "precision": 38.8889,
    "recall": 66.6667,
    "f-score": 49.1228
  },
  "clean_eval": {
    "f-score": 53.475935828877,
    "precision": 45.45454545454545,
    "recall": 64.93506493506493,
    "tp": 100,
    "fp": 120,
    "fn": 54
  },
  "jaccard": [
    0.5309973045822103
  ],
  "braycurtis": [
    0.40932642487046633
  ],
  "dice": [
    0.3614678899082569
  ],
  "cosinus": [
    0.2777918465680558
  ]
}