{
  "voc_eval_res": {
    "precision": 68.75,
    "recall": 84.6154,
    "f-score": 75.8621
  },
  "KL_res": {
    "KL divergence": 0.5403702217370608,
    "Euclidean Dist.": 0.14073396410320607,
    "WER": 0.48717948717948717,
    "CER": 0.45989304812834225,
    "Cosine Dist.": 0.1081652980216532
  },
  "occ_eval_res": {
    "precision": 65.3846,
    "recall": 87.1795,
    "f-score": 74.7253
  },
  "clean_eval": {
    "f-score": 36.9351669941061,
    "precision": 44.761904761904766,
    "recall": 31.438127090301005,
    "tp": 94,
    "fp": 116,
    "fn": 205
  },
  "jaccard": [
    0.42810457516339867
  ],
  "braycurtis": [
    0.26269315673289184
  ],
  "dice": [
    0.27234927234927236
  ],
  "cosinus": [
    0.10937838258776411
  ]
}