{
  "voc_eval_res": {
    "precision": 33.3333,
    "recall": 48.7805,
    "f-score": 39.604
  },
  "KL_res": {
    "KL divergence": 2.0617017141746308,
    "Euclidean Dist.": 0.1485760061133927,
    "WER": 0.9615384615384616,
    "CER": 0.5978552278820375,
    "Cosine Dist.": 0.22902736852698125
  },
  "occ_eval_res": {
    "precision": 40.8451,
    "recall": 55.7692,
    "f-score": 47.1545
  },
  "clean_eval": {
    "f-score": 39.80343980343981,
    "precision": 41.01265822784811,
    "recall": 38.66348448687351,
    "tp": 162,
    "fp": 233,
    "fn": 257
  },
  "jaccard": [
    0.4953271028037383
  ],
  "braycurtis": [
    0.2976913730255164
  ],
  "dice": [
    0.32919254658385094
  ],
  "cosinus": [
    0.1183934215327892
  ]
}