{
  "voc_eval_res": {
    "precision": 45.6311,
    "recall": 51.6484,
    "f-score": 48.4536
  },
  "KL_res": {
    "KL divergence": 1.8079350380204287,
    "Euclidean Dist.": 0.1248129227051174,
    "WER": 0.7466666666666667,
    "CER": 0.5011655011655012,
    "Cosine Dist.": 0.2669134201754161
  },
  "occ_eval_res": {
    "precision": 49.3151,
    "recall": 48.0,
    "f-score": 48.6486
  },
  "clean_eval": {
    "f-score": 31.298701298701292,
    "precision": 31.016731016731015,
    "recall": 31.585845347313235,
    "tp": 241,
    "fp": 536,
    "fn": 522
  },
  "jaccard": [
    0.4909297052154195
  ],
  "braycurtis": [
    0.3373356203544883
  ],
  "dice": [
    0.3253193087903832
  ],
  "cosinus": [
    0.1701874098991829
  ]
}