{
  "voc_eval_res": {
    "precision": 38.7097,
    "recall": 37.5,
    "f-score": 38.0952
  },
  "KL_res": {
    "KL divergence": 3.212459683981455,
    "Euclidean Dist.": 0.21956860553070165,
    "WER": 0.8108108108108109,
    "CER": 0.578125,
    "Cosine Dist.": 0.39477246733119764
  },
  "occ_eval_res": {
    "precision": 37.8378,
    "recall": 37.8378,
    "f-score": 37.8378
  },
  "clean_eval": {
    "f-score": 37.906137184115515,
    "precision": 35.0,
    "recall": 41.338582677165356,
    "tp": 105,
    "fp": 195,
    "fn": 149
  },
  "jaccard": [
    0.5925925925925926
  ],
  "braycurtis": [
    0.41119221411192214
  ],
  "dice": [
    0.42105263157894735
  ],
  "cosinus": [
    0.2595599840720332
  ]
}