{
  "voc_eval_res": {
    "precision": 61.7647,
    "recall": 80.7692,
    "f-score": 70.0
  },
  "KL_res": {
    "KL divergence": 0.9224244281224321,
    "Euclidean Dist.": 0.14074720516641429,
    "WER": 0.5357142857142857,
    "CER": 0.291005291005291,
    "Cosine Dist.": 0.141124226542495
  },
  "occ_eval_res": {
    "precision": 63.8889,
    "recall": 82.1429,
    "f-score": 71.875
  },
  "clean_eval": {
    "f-score": 58.595641646489106,
    "precision": 59.31372549019608,
    "recall": 57.89473684210527,
    "tp": 121,
    "fp": 83,
    "fn": 88
  },
  "jaccard": [
    0.3165680473372781
  ],
  "braycurtis": [
    0.1957547169811321
  ],
  "dice": [
    0.18804920913884007
  ],
  "cosinus": [
    0.10749055293442011
  ]
}