{
  "voc_eval_res": {
    "precision": 15.3846,
    "recall": 19.3548,
    "f-score": 17.1429
  },
  "KL_res": {
    "KL divergence": 5.088838737165093,
    "Euclidean Dist.": 0.2129715232046847,
    "WER": 1.0571428571428572,
    "CER": 0.7638888888888888,
    "Cosine Dist.": 0.571360224178544
  },
  "occ_eval_res": {
    "precision": 19.5122,
    "recall": 22.8571,
    "f-score": 21.0526
  },
  "clean_eval": {
    "f-score": 21.903052064631954,
    "precision": 23.106060606060606,
    "recall": 20.819112627986346,
    "tp": 61,
    "fp": 203,
    "fn": 232
  },
  "jaccard": [
    0.6453608247422681
  ],
  "braycurtis": [
    0.468503937007874
  ],
  "dice": [
    0.4764079147640791
  ],
  "cosinus": [
    0.26909581015618667
  ]
}