{
  "voc_eval_res": {
    "precision": 33.6842,
    "recall": 65.3061,
    "f-score": 44.4444
  },
  "KL_res": {
    "KL divergence": 1.4689324070472036,
    "Euclidean Dist.": 0.14750308967824155,
    "WER": 1.2835820895522387,
    "CER": 1.0051150895140666,
    "Cosine Dist.": 0.20899927482180425
  },
  "occ_eval_res": {
    "precision": 38.5965,
    "recall": 65.6716,
    "f-score": 48.6188
  },
  "clean_eval": {
    "f-score": 21.58590308370044,
    "precision": 30.625000000000004,
    "recall": 16.666666666666664,
    "tp": 98,
    "fp": 222,
    "fn": 490
  },
  "jaccard": [
    0.5358778625954198
  ],
  "braycurtis": [
    0.3547486033519553
  ],
  "dice": [
    0.3660062565172054
  ],
  "cosinus": [
    0.11088607394053118
  ]
}