{
  "voc_eval_res": {
    "precision": 37.7049,
    "recall": 67.6471,
    "f-score": 48.4211
  },
  "KL_res": {
    "KL divergence": 1.8687626768869043,
    "Euclidean Dist.": 0.1945948180057912,
    "WER": 1.3043478260869565,
    "CER": 0.9066147859922179,
    "Cosine Dist.": 0.3738626301854594
  },
  "occ_eval_res": {
    "precision": 36.25,
    "recall": 63.0435,
    "f-score": 46.0317
  },
  "clean_eval": {
    "f-score": 23.366834170854272,
    "precision": 29.33753943217666,
    "recall": 19.41544885177453,
    "tp": 93,
    "fp": 224,
    "fn": 386
  },
  "jaccard": [
    0.5714285714285714
  ],
  "braycurtis": [
    0.4390602055800294
  ],
  "dice": [
    0.4
  ],
  "cosinus": [
    0.2647362040323409
  ]
}