{
  "voc_eval_res": {
    "precision": 37.5,
    "recall": 47.3684,
    "f-score": 41.8605
  },
  "KL_res": {
    "KL divergence": 2.932772035598428,
    "Euclidean Dist.": 0.234142019311145,
    "WER": 1.05,
    "CER": 0.7288135593220338,
    "Cosine Dist.": 0.3648926511700443
  },
  "occ_eval_res": {
    "precision": 38.4615,
    "recall": 50.0,
    "f-score": 43.4783
  },
  "clean_eval": {
    "f-score": 46.75324675324675,
    "precision": 48.0,
    "recall": 45.56962025316456,
    "tp": 72,
    "fp": 78,
    "fn": 86
  },
  "jaccard": [
    0.5360501567398119
  ],
  "braycurtis": [
    0.38461538461538464
  ],
  "dice": [
    0.36616702355460384
  ],
  "cosinus": [
    0.2855512244395777
  ]
}