{
  "voc_eval_res": {
    "precision": 69.5652,
    "recall": 59.2593,
    "f-score": 64.0
  },
  "KL_res": {
    "KL divergence": 1.5915768100259635,
    "Euclidean Dist.": 0.16576822551229228,
    "WER": 0.6060606060606061,
    "CER": 0.4385026737967914,
    "Cosine Dist.": 0.13586134369312441
  },
  "occ_eval_res": {
    "precision": 71.4286,
    "recall": 60.6061,
    "f-score": 65.5738
  },
  "clean_eval": {
    "f-score": 37.14285714285715,
    "precision": 34.73282442748092,
    "recall": 39.91228070175439,
    "tp": 91,
    "fp": 171,
    "fn": 137
  },
  "jaccard": [
    0.44039735099337746
  ],
  "braycurtis": [
    0.2768817204301075
  ],
  "dice": [
    0.2823779193205945
  ],
  "cosinus": [
    0.1384349828141026
  ]
}