{
  "voc_eval_res": {
    "precision": 10.0,
    "recall": 33.3333,
    "f-score": 15.3846
  },
  "KL_res": {
    "KL divergence": 5.615708034898433,
    "Euclidean Dist.": 0.6489307444643929,
    "WER": 3.3333333333333335,
    "CER": 2.590909090909091,
    "Cosine Dist.": 0.6984886554222365
  },
  "occ_eval_res": {
    "precision": 10.0,
    "recall": 33.3333,
    "f-score": 15.3846
  },
  "clean_eval": {
    "f-score": 29.411764705882355,
    "precision": 52.63157894736842,
    "recall": 20.408163265306122,
    "tp": 20,
    "fp": 18,
    "fn": 78
  },
  "jaccard": [
    0.8156028368794326
  ],
  "braycurtis": [
    0.6947368421052632
  ],
  "dice": [
    0.688622754491018
  ],
  "cosinus": [
    0.5859430700320764
  ]
}