{
  "voc_eval_res": {
    "precision": 39.1304,
    "recall": 56.25,
    "f-score": 46.1538
  },
  "KL_res": {
    "KL divergence": 2.4835021557001733,
    "Euclidean Dist.": 0.19660121544675618,
    "WER": 1.1176470588235294,
    "CER": 0.7871287128712872,
    "Cosine Dist.": 0.4290008216877351
  },
  "occ_eval_res": {
    "precision": 33.3333,
    "recall": 52.9412,
    "f-score": 40.9091
  },
  "clean_eval": {
    "f-score": 29.67479674796748,
    "precision": 27.65151515151515,
    "recall": 32.01754385964912,
    "tp": 73,
    "fp": 191,
    "fn": 155
  },
  "jaccard": [
    0.5487804878048781
  ],
  "braycurtis": [
    0.41472868217054265
  ],
  "dice": [
    0.37815126050420167
  ],
  "cosinus": [
    0.26847368787473647
  ]
}