{
  "voc_eval_res": {
    "precision": 40.9091,
    "recall": 42.8571,
    "f-score": 41.8605
  },
  "KL_res": {
    "KL divergence": 3.4068182762026074,
    "Euclidean Dist.": 0.24778748849726517,
    "WER": 0.9047619047619048,
    "CER": 0.5853658536585366,
    "Cosine Dist.": 0.3981161649093774
  },
  "occ_eval_res": {
    "precision": 36.0,
    "recall": 42.8571,
    "f-score": 39.1304
  },
  "clean_eval": {
    "f-score": 24.390243902439025,
    "precision": 27.95031055900621,
    "recall": 21.634615384615387,
    "tp": 45,
    "fp": 116,
    "fn": 163
  },
  "jaccard": [
    0.5617283950617284
  ],
  "braycurtis": [
    0.45454545454545453
  ],
  "dice": [
    0.3905579399141631
  ],
  "cosinus": [
    0.43459874730125725
  ]
}