{
  "voc_eval_res": {
    "precision": 31.25,
    "recall": 25.0,
    "f-score": 27.7778
  },
  "KL_res": {
    "KL divergence": 5.0686640453274405,
    "Euclidean Dist.": 0.28641098093474004,
    "WER": 0.8,
    "CER": 0.5263157894736842,
    "Cosine Dist.": 0.5635642195280153
  },
  "occ_eval_res": {
    "precision": 31.25,
    "recall": 25.0,
    "f-score": 27.7778
  },
  "clean_eval": {
    "f-score": 59.940652818991104,
    "precision": 54.01069518716578,
    "recall": 67.33333333333333,
    "tp": 101,
    "fp": 86,
    "fn": 49
  },
  "jaccard": [
    0.6288343558282209
  ],
  "braycurtis": [
    0.46402877697841727
  ],
  "dice": [
    0.45861297539149887
  ],
  "cosinus": [
    0.3088570048452649
  ]
}