{
  "voc_eval_res": {
    "precision": 77.8443,
    "recall": 75.1445,
    "f-score": 76.4706
  },
  "KL_res": {
    "KL divergence": 0.8441342305180781,
    "Euclidean Dist.": 0.09139315598076396,
    "WER": 0.2848297213622291,
    "CER": 0.11156462585034013,
    "Cosine Dist.": 0.14462600364571565
  },
  "occ_eval_res": {
    "precision": 81.0811,
    "recall": 74.3034,
    "f-score": 77.5444
  },
  "clean_eval": {
    "f-score": 69.18918918918918,
    "precision": 67.6056338028169,
    "recall": 70.84870848708486,
    "tp": 192,
    "fp": 92,
    "fn": 79
  },
  "jaccard": [
    0.370216306156406
  ],
  "braycurtis": [
    0.18853793552588732
  ],
  "dice": [
    0.2271567126084737
  ],
  "cosinus": [
    0.09845217166278819
  ]
}