{
  "voc_eval_res": {
    "precision": 71.5026,
    "recall": 70.7692,
    "f-score": 71.134
  },
  "KL_res": {
    "KL divergence": 0.8840874692416383,
    "Euclidean Dist.": 0.08820142546134337,
    "WER": 0.3103448275862069,
    "CER": 0.11238532110091744,
    "Cosine Dist.": 0.177608976162834
  },
  "occ_eval_res": {
    "precision": 78.7709,
    "recall": 74.8011,
    "f-score": 76.7347
  },
  "clean_eval": {
    "f-score": 65.3125,
    "precision": 65.3125,
    "recall": 65.3125,
    "tp": 209,
    "fp": 111,
    "fn": 111
  },
  "jaccard": [
    0.345011424219345
  ],
  "braycurtis": [
    0.18924731182795698
  ],
  "dice": [
    0.20846755637367695
  ],
  "cosinus": [
    0.1449107445826021
  ]
}