{
  "voc_eval_res": {
    "precision": 76.4706,
    "recall": 77.381,
    "f-score": 76.9231
  },
  "KL_res": {
    "KL divergence": 0.6932525513709339,
    "Euclidean Dist.": 0.07384017417693672,
    "WER": 0.25,
    "CER": 0.08109965635738832,
    "Cosine Dist.": 0.09755287968010662
  },
  "occ_eval_res": {
    "precision": 80.0643,
    "recall": 78.7975,
    "f-score": 79.4258
  },
  "clean_eval": {
    "f-score": 69.94727592267137,
    "precision": 69.82456140350877,
    "recall": 70.07042253521126,
    "tp": 199,
    "fp": 86,
    "fn": 85
  },
  "jaccard": [
    0.31187290969899667
  ],
  "braycurtis": [
    0.16881028938906753
  ],
  "dice": [
    0.18474492322932146
  ],
  "cosinus": [
    0.08145992372767741
  ]
}