{
  "voc_eval_res": {
    "precision": 70.9845,
    "recall": 74.8634,
    "f-score": 72.8723
  },
  "KL_res": {
    "KL divergence": 0.722277599000098,
    "Euclidean Dist.": 0.09043501373514158,
    "WER": 0.37942122186495175,
    "CER": 0.1815114709851552,
    "Cosine Dist.": 0.17260885622815358
  },
  "occ_eval_res": {
    "precision": 71.131,
    "recall": 76.8489,
    "f-score": 73.8794
  },
  "clean_eval": {
    "f-score": 67.82608695652173,
    "precision": 71.16788321167883,
    "recall": 64.78405315614619,
    "tp": 195,
    "fp": 79,
    "fn": 106
  },
  "jaccard": [
    0.35978428351309705
  ],
  "braycurtis": [
    0.21036585365853658
  ],
  "dice": [
    0.21935180836073273
  ],
  "cosinus": [
    0.08567468942149126
  ]
}