{
  "voc_eval_res": {
    "precision": 79.1667,
    "recall": 79.1667,
    "f-score": 79.1667
  },
  "KL_res": {
    "KL divergence": 0.6514486663625672,
    "Euclidean Dist.": 0.07984145982520749,
    "WER": 0.21768707482993196,
    "CER": 0.07352941176470588,
    "Cosine Dist.": 0.10314221709122451
  },
  "occ_eval_res": {
    "precision": 81.6327,
    "recall": 81.6327,
    "f-score": 81.6327
  },
  "clean_eval": {
    "f-score": 77.77777777777777,
    "precision": 77.49077490774908,
    "recall": 78.06691449814126,
    "tp": 210,
    "fp": 61,
    "fn": 59
  },
  "jaccard": [
    0.30572160546541416
  ],
  "braycurtis": [
    0.15203054494967025
  ],
  "dice": [
    0.18044354838709678
  ],
  "cosinus": [
    0.05453951013847569
  ]
}