{
  "voc_eval_res": {
    "precision": 76.9231,
    "recall": 52.6316,
    "f-score": 62.5
  },
  "KL_res": {
    "KL divergence": 2.2004823208633555,
    "Euclidean Dist.": 0.21295885499997996,
    "WER": 0.5238095238095238,
    "CER": 0.31313131313131315,
    "Cosine Dist.": 0.15525811624247243
  },
  "occ_eval_res": {
    "precision": 80.0,
    "recall": 57.1429,
    "f-score": 66.6667
  },
  "clean_eval": {
    "f-score": 64.70588235294117,
    "precision": 55.00000000000001,
    "recall": 78.57142857142857,
    "tp": 11,
    "fp": 9,
    "fn": 3
  },
  "jaccard": [
    0.3806818181818182
  ],
  "braycurtis": [
    0.21348314606741572
  ],
  "dice": [
    0.23508771929824562
  ],
  "cosinus": [
    0.14102803772291717
  ]
}