{
  "voc_eval_res": {
    "precision": 76.0,
    "recall": 79.1667,
    "f-score": 77.551
  },
  "KL_res": {
    "KL divergence": 0.6113469495822186,
    "Euclidean Dist.": 0.10076993292043535,
    "WER": 0.2918149466192171,
    "CER": 0.08955223880597014,
    "Cosine Dist.": 0.22146133751778774
  },
  "occ_eval_res": {
    "precision": 77.0318,
    "recall": 77.5801,
    "f-score": 77.305
  },
  "clean_eval": {
    "f-score": 72.15686274509804,
    "precision": 72.15686274509804,
    "recall": 72.15686274509804,
    "tp": 184,
    "fp": 71,
    "fn": 71
  },
  "jaccard": [
    0.3183707398171239
  ],
  "braycurtis": [
    0.1670693821194339
  ],
  "dice": [
    0.18932278793870488
  ],
  "cosinus": [
    0.0852692079589431
  ]
}