{
  "voc_eval_res": {
    "precision": 71.0526,
    "recall": 82.3171,
    "f-score": 76.2712
  },
  "KL_res": {
    "KL divergence": 0.7802673760510065,
    "Euclidean Dist.": 0.09568884912203039,
    "WER": 0.34539473684210525,
    "CER": 0.16870944484498918,
    "Cosine Dist.": 0.20217630994723768
  },
  "occ_eval_res": {
    "precision": 75.7862,
    "recall": 79.2763,
    "f-score": 77.492
  },
  "clean_eval": {
    "f-score": 64.55026455026454,
    "precision": 69.31818181818183,
    "recall": 60.396039603960396,
    "tp": 183,
    "fp": 81,
    "fn": 120
  },
  "jaccard": [
    0.3671689135606661
  ],
  "braycurtis": [
    0.20474967907573813
  ],
  "dice": [
    0.2248664400194269
  ],
  "cosinus": [
    0.12125427661586252
  ]
}