{
  "voc_eval_res": {
    "precision": 64.2857,
    "recall": 50.0,
    "f-score": 56.25
  },
  "KL_res": {
    "KL divergence": 2.3990312626879087,
    "Euclidean Dist.": 0.21614520582238228,
    "WER": 0.5,
    "CER": 0.21052631578947367,
    "Cosine Dist.": 0.18800205705884987
  },
  "occ_eval_res": {
    "precision": 68.75,
    "recall": 55.0,
    "f-score": 61.1111
  },
  "clean_eval": {
    "f-score": 55.55555555555555,
    "precision": 52.63157894736842,
    "recall": 58.82352941176471,
    "tp": 10,
    "fp": 9,
    "fn": 7
  },
  "jaccard": [
    0.46938775510204084
  ],
  "braycurtis": [
    0.273224043715847
  ],
  "dice": [
    0.30666666666666664
  ],
  "cosinus": [
    0.18753501172215603
  ]
}