{
  "voc_eval_res": {
    "precision": 73.6111,
    "recall": 75.7143,
    "f-score": 74.6479
  },
  "KL_res": {
    "KL divergence": 0.6930849665249224,
    "Euclidean Dist.": 0.07015307463241689,
    "WER": 0.25,
    "CER": 0.08333333333333333,
    "Cosine Dist.": 0.05354622714898105
  },
  "occ_eval_res": {
    "precision": 78.8991,
    "recall": 79.6296,
    "f-score": 79.2627
  },
  "clean_eval": {
    "f-score": 72.22222222222223,
    "precision": 72.89719626168224,
    "recall": 71.55963302752293,
    "tp": 78,
    "fp": 29,
    "fn": 31
  },
  "jaccard": [
    0.34312210200927357
  ],
  "braycurtis": [
    0.16253869969040247
  ],
  "dice": [
    0.20708955223880596
  ],
  "cosinus": [
    0.04205044094975674
  ]
}