{
  "voc_eval_res": {
    "precision": 53.6,
    "recall": 56.7797,
    "f-score": 55.144
  },
  "KL_res": {
    "KL divergence": 1.3527473503828906,
    "Euclidean Dist.": 0.08773317438700859,
    "WER": 0.4772727272727273,
    "CER": 0.19908466819221968,
    "Cosine Dist.": 0.14030067918142985
  },
  "occ_eval_res": {
    "precision": 60.452,
    "recall": 60.7955,
    "f-score": 60.6232
  },
  "clean_eval": {
    "f-score": 57.92682926829268,
    "precision": 59.375,
    "recall": 56.547619047619044,
    "tp": 95,
    "fp": 65,
    "fn": 73
  },
  "jaccard": [
    0.464818763326226
  ],
  "braycurtis": [
    0.2616150442477876
  ],
  "dice": [
    0.30277777777777776
  ],
  "cosinus": [
    0.08151034330480655
  ]
}