{
  "voc_eval_res": {
    "precision": 59.7015,
    "recall": 62.9921,
    "f-score": 61.3027
  },
  "KL_res": {
    "KL divergence": 1.0293779585801162,
    "Euclidean Dist.": 0.08180570577416602,
    "WER": 0.375,
    "CER": 0.13799126637554585,
    "Cosine Dist.": 0.10217575885530539
  },
  "occ_eval_res": {
    "precision": 70.8696,
    "recall": 70.2586,
    "f-score": 70.5628
  },
  "clean_eval": {
    "f-score": 54.320987654320994,
    "precision": 54.187192118226605,
    "recall": 54.45544554455446,
    "tp": 110,
    "fp": 93,
    "fn": 92
  },
  "jaccard": [
    0.41045498547918685
  ],
  "braycurtis": [
    0.2171758876961189
  ],
  "dice": [
    0.2582216808769793
  ],
  "cosinus": [
    0.10446900360541289
  ]
}