{
  "voc_eval_res": {
    "precision": 69.0476,
    "recall": 71.7822,
    "f-score": 70.3883
  },
  "KL_res": {
    "KL divergence": 0.7511713236623879,
    "Euclidean Dist.": 0.06843161692106577,
    "WER": 0.27989821882951654,
    "CER": 0.06746031746031746,
    "Cosine Dist.": 0.09332360247536897
  },
  "occ_eval_res": {
    "precision": 78.125,
    "recall": 76.3359,
    "f-score": 77.2201
  },
  "clean_eval": {
    "f-score": 67.42857142857143,
    "precision": 67.81609195402298,
    "recall": 67.04545454545455,
    "tp": 236,
    "fp": 112,
    "fn": 116
  },
  "jaccard": [
    0.32586068855084066
  ],
  "braycurtis": [
    0.15948275862068967
  ],
  "dice": [
    0.19464371114299378
  ],
  "cosinus": [
    0.06797835908320127
  ]
}