{
  "voc_eval_res": {
    "precision": 53.8462,
    "recall": 38.8889,
    "f-score": 45.1613
  },
  "KL_res": {
    "KL divergence": 3.184836080616294,
    "Euclidean Dist.": 0.2607876609075526,
    "WER": 0.6,
    "CER": 0.2717391304347826,
    "Cosine Dist.": 0.2906915317589229
  },
  "occ_eval_res": {
    "precision": 57.1429,
    "recall": 40.0,
    "f-score": 47.0588
  },
  "clean_eval": {
    "f-score": 48.484848484848484,
    "precision": 42.10526315789473,
    "recall": 57.14285714285714,
    "tp": 8,
    "fp": 11,
    "fn": 6
  },
  "jaccard": [
    0.4887640449438202
  ],
  "braycurtis": [
    0.3072289156626506
  ],
  "dice": [
    0.32342007434944237
  ],
  "cosinus": [
    0.20223777682416433
  ]
}