{
  "voc_eval_res": {
    "precision": 69.4915,
    "recall": 71.9298,
    "f-score": 70.6897
  },
  "KL_res": {
    "KL divergence": 0.8922748796464819,
    "Euclidean Dist.": 0.0837758030774863,
    "WER": 0.35714285714285715,
    "CER": 0.1612223393045311,
    "Cosine Dist.": 0.1142052539241194
  },
  "occ_eval_res": {
    "precision": 77.2727,
    "recall": 69.3878,
    "f-score": 73.1183
  },
  "clean_eval": {
    "f-score": 67.27272727272727,
    "precision": 65.29411764705883,
    "recall": 69.375,
    "tp": 111,
    "fp": 59,
    "fn": 49
  },
  "jaccard": [
    0.4088888888888889
  ],
  "braycurtis": [
    0.1959079283887468
  ],
  "dice": [
    0.2569832402234637
  ],
  "cosinus": [
    0.09344523067592292
  ]
}