{
  "voc_eval_res": {
    "precision": 35.2941,
    "recall": 33.3333,
    "f-score": 34.2857
  },
  "KL_res": {
    "KL divergence": 4.484427369719394,
    "Euclidean Dist.": 0.28297281367838645,
    "WER": 0.6842105263157895,
    "CER": 0.18446601941747573,
    "Cosine Dist.": 0.5184565876569232
  },
  "occ_eval_res": {
    "precision": 35.2941,
    "recall": 31.5789,
    "f-score": 33.3333
  },
  "clean_eval": {
    "f-score": 32.43243243243243,
    "precision": 30.0,
    "recall": 35.294117647058826,
    "tp": 6,
    "fp": 14,
    "fn": 11
  },
  "jaccard": [
    0.400990099009901
  ],
  "braycurtis": [
    0.26903553299492383
  ],
  "dice": [
    0.25077399380804954
  ],
  "cosinus": [
    0.20182541180623847
  ]
}