{
  "voc_eval_res": {
    "precision": 78.2609,
    "recall": 81.0811,
    "f-score": 79.646
  },
  "KL_res": {
    "KL divergence": 0.8130478137752903,
    "Euclidean Dist.": 0.09708198132478077,
    "WER": 0.3541666666666667,
    "CER": 0.1562867215041128,
    "Cosine Dist.": 0.16372815244593486
  },
  "occ_eval_res": {
    "precision": 79.1209,
    "recall": 75.0,
    "f-score": 77.0053
  },
  "clean_eval": {
    "f-score": 68.94409937888199,
    "precision": 67.6829268292683,
    "recall": 70.25316455696202,
    "tp": 111,
    "fp": 53,
    "fn": 47
  },
  "jaccard": [
    0.3222748815165877
  ],
  "braycurtis": [
    0.17998882057015092
  ],
  "dice": [
    0.192090395480226
  ],
  "cosinus": [
    0.11074958367596144
  ]
}