{
  "voc_eval_res": {
    "precision": 73.6842,
    "recall": 81.5534,
    "f-score": 77.4194
  },
  "KL_res": {
    "KL divergence": 0.6834016458085148,
    "Euclidean Dist.": 0.07483906165640343,
    "WER": 0.28125,
    "CER": 0.1111111111111111,
    "Cosine Dist.": 0.08978413852046785
  },
  "occ_eval_res": {
    "precision": 78.4431,
    "recall": 81.875,
    "f-score": 80.1223
  },
  "clean_eval": {
    "f-score": 72.90969899665551,
    "precision": 75.17241379310344,
    "recall": 70.77922077922078,
    "tp": 109,
    "fp": 36,
    "fn": 45
  },
  "jaccard": [
    0.27614571092831963
  ],
  "braycurtis": [
    0.17323709050527486
  ],
  "dice": [
    0.1601908657123381
  ],
  "cosinus": [
    0.07984344335057181
  ]
}