{
  "voc_eval_res": {
    "precision": 80.0,
    "recall": 66.6667,
    "f-score": 72.7273
  },
  "KL_res": {
    "KL divergence": 1.4799511528609286,
    "Euclidean Dist.": 0.19987020009449422,
    "WER": 0.35,
    "CER": 0.16304347826086957,
    "Cosine Dist.": 0.15991744111741868
  },
  "occ_eval_res": {
    "precision": 76.4706,
    "recall": 65.0,
    "f-score": 70.2703
  },
  "clean_eval": {
    "f-score": 68.57142857142857,
    "precision": 63.1578947368421,
    "recall": 75.0,
    "tp": 12,
    "fp": 7,
    "fn": 4
  },
  "jaccard": [
    0.39655172413793105
  ],
  "braycurtis": [
    0.22093023255813954
  ],
  "dice": [
    0.24731182795698925
  ],
  "cosinus": [
    0.14767223945776897
  ]
}