{
  "voc_eval_res": {
    "precision": 79.6296,
    "recall": 79.6296,
    "f-score": 79.6296
  },
  "KL_res": {
    "KL divergence": 0.717066134101606,
    "Euclidean Dist.": 0.08594700851870801,
    "WER": 0.27485380116959063,
    "CER": 0.07908163265306123,
    "Cosine Dist.": 0.11535082467165725
  },
  "occ_eval_res": {
    "precision": 78.3626,
    "recall": 78.3626,
    "f-score": 78.3626
  },
  "clean_eval": {
    "f-score": 75.31645569620252,
    "precision": 74.84276729559748,
    "recall": 75.79617834394905,
    "tp": 119,
    "fp": 40,
    "fn": 38
  },
  "jaccard": [
    0.2969151670951157
  ],
  "braycurtis": [
    0.1610117211597779
  ],
  "dice": [
    0.17433962264150943
  ],
  "cosinus": [
    0.050776532835003274
  ]
}