{
  "voc_eval_res": {
    "precision": 54.0541,
    "recall": 58.8235,
    "f-score": 56.338
  },
  "KL_res": {
    "KL divergence": 0.9307670913305445,
    "Euclidean Dist.": 0.06674254684254292,
    "WER": 0.9693396226415094,
    "CER": 0.7054373522458629,
    "Cosine Dist.": 0.09943819943128385
  },
  "occ_eval_res": {
    "precision": 69.1932,
    "recall": 66.7453,
    "f-score": 67.9472
  },
  "clean_eval": {
    "f-score": 27.01986754966888,
    "precision": 26.77165354330709,
    "recall": 27.27272727272727,
    "tp": 102,
    "fp": 279,
    "fn": 272
  },
  "jaccard": [
    0.4331254331254331
  ],
  "braycurtis": [
    0.20436280137772675
  ],
  "dice": [
    0.2764263600176913
  ],
  "cosinus": [
    0.0630133618074813
  ]
}