{
  "voc_eval_res": {
    "precision": 42.8571,
    "recall": 33.3333,
    "f-score": 37.5
  },
  "KL_res": {
    "KL divergence": 3.5910300739991423,
    "Euclidean Dist.": 0.25495097567963926,
    "WER": 0.75,
    "CER": 0.5108695652173914,
    "Cosine Dist.": 0.29289321881345254
  },
  "occ_eval_res": {
    "precision": 50.0,
    "recall": 40.0,
    "f-score": 44.4444
  },
  "clean_eval": {
    "f-score": 34.285714285714285,
    "precision": 31.57894736842105,
    "recall": 37.5,
    "tp": 6,
    "fp": 13,
    "fn": 10
  },
  "jaccard": [
    0.5445026178010471
  ],
  "braycurtis": [
    0.3391812865497076
  ],
  "dice": [
    0.37410071942446044
  ],
  "cosinus": [
    0.22504970921303125
  ]
}