{
  "voc_eval_res": {
    "precision": 80.1653,
    "recall": 81.5126,
    "f-score": 80.8333
  },
  "KL_res": {
    "KL divergence": 0.8105301742260804,
    "Euclidean Dist.": 0.08839365604854123,
    "WER": 0.2947976878612717,
    "CER": 0.11810012836970475,
    "Cosine Dist.": 0.15423640439556596
  },
  "occ_eval_res": {
    "precision": 77.8409,
    "recall": 79.1908,
    "f-score": 78.51
  },
  "clean_eval": {
    "f-score": 72.32704402515722,
    "precision": 73.24840764331209,
    "recall": 71.42857142857143,
    "tp": 115,
    "fp": 42,
    "fn": 46
  },
  "jaccard": [
    0.31545741324921134
  ],
  "braycurtis": [
    0.18619489559164734
  ],
  "dice": [
    0.18726591760299627
  ],
  "cosinus": [
    0.10520424068004464
  ]
}