{
  "voc_eval_res": {
    "precision": 66.6667,
    "recall": 44.4444,
    "f-score": 53.3333
  },
  "KL_res": {
    "KL divergence": 2.7345381633052543,
    "Euclidean Dist.": 0.2413820749816543,
    "WER": 0.55,
    "CER": 0.28421052631578947,
    "Cosine Dist.": 0.19704493145303392
  },
  "occ_eval_res": {
    "precision": 71.4286,
    "recall": 50.0,
    "f-score": 58.8235
  },
  "clean_eval": {
    "f-score": 52.94117647058824,
    "precision": 47.368421052631575,
    "recall": 60.0,
    "tp": 9,
    "fp": 10,
    "fn": 6
  },
  "jaccard": [
    0.5210526315789473
  ],
  "braycurtis": [
    0.3314285714285714
  ],
  "dice": [
    0.35231316725978645
  ],
  "cosinus": [
    0.2181611411782487
  ]
}