{
  "voc_eval_res": {
    "precision": 76.5625,
    "recall": 79.4595,
    "f-score": 77.9841
  },
  "KL_res": {
    "KL divergence": 0.7834669825847257,
    "Euclidean Dist.": 0.0904867531589328,
    "WER": 0.26062322946175637,
    "CER": 0.08668730650154799,
    "Cosine Dist.": 0.17195098288317312
  },
  "occ_eval_res": {
    "precision": 80.4094,
    "recall": 77.9037,
    "f-score": 79.1367
  },
  "clean_eval": {
    "f-score": 69.87179487179486,
    "precision": 70.3225806451613,
    "recall": 69.42675159235668,
    "tp": 218,
    "fp": 92,
    "fn": 96
  },
  "jaccard": [
    0.31893939393939397
  ],
  "braycurtis": [
    0.18036529680365296
  ],
  "dice": [
    0.1897251013970257
  ],
  "cosinus": [
    0.1319146126094759
  ]
}