{
  "voc_eval_res": {
    "precision": 74.2857,
    "recall": 70.2703,
    "f-score": 72.2222
  },
  "KL_res": {
    "KL divergence": 1.44655063245528,
    "Euclidean Dist.": 0.1387246911015903,
    "WER": 0.35714285714285715,
    "CER": 0.08403361344537816,
    "Cosine Dist.": 0.1883337028935851
  },
  "occ_eval_res": {
    "precision": 73.6842,
    "recall": 66.6667,
    "f-score": 70.0
  },
  "clean_eval": {
    "f-score": 64.99999999999999,
    "precision": 63.41463414634146,
    "recall": 66.66666666666666,
    "tp": 26,
    "fp": 15,
    "fn": 13
  },
  "jaccard": [
    0.29975429975429974
  ],
  "braycurtis": [
    0.1702970297029703
  ],
  "dice": [
    0.17630057803468208
  ],
  "cosinus": [
    0.10422489174140526
  ]
}