{
  "voc_eval_res": {
    "precision": 83.6538,
    "recall": 85.7143,
    "f-score": 84.6715
  },
  "KL_res": {
    "KL divergence": 0.643375452896059,
    "Euclidean Dist.": 0.08011959028426358,
    "WER": 0.22740524781341107,
    "CER": 0.06993424985056784,
    "Cosine Dist.": 0.1651192425465392
  },
  "occ_eval_res": {
    "precision": 82.6979,
    "recall": 82.2157,
    "f-score": 82.4561
  },
  "clean_eval": {
    "f-score": 76.87400318979266,
    "precision": 77.24358974358975,
    "recall": 76.5079365079365,
    "tp": 241,
    "fp": 71,
    "fn": 74
  },
  "jaccard": [
    0.28117738187451585
  ],
  "braycurtis": [
    0.15228285077951
  ],
  "dice": [
    0.16358720144209105
  ],
  "cosinus": [
    0.08854436992306514
  ]
}