{
  "voc_eval_res": {
    "precision": 78.3333,
    "recall": 81.5029,
    "f-score": 79.8867
  },
  "KL_res": {
    "KL divergence": 0.720658733018641,
    "Euclidean Dist.": 0.08702593413860962,
    "WER": 0.25846153846153846,
    "CER": 0.08097165991902834,
    "Cosine Dist.": 0.14530332915647048
  },
  "occ_eval_res": {
    "precision": 80.1262,
    "recall": 78.1538,
    "f-score": 79.1277
  },
  "clean_eval": {
    "f-score": 70.62937062937063,
    "precision": 70.62937062937063,
    "recall": 70.62937062937063,
    "tp": 202,
    "fp": 84,
    "fn": 84
  },
  "jaccard": [
    0.30548523206751055
  ],
  "braycurtis": [
    0.1729490022172949
  ],
  "dice": [
    0.1802788844621514
  ],
  "cosinus": [
    0.09431792989318444
  ]
}