{
  "voc_eval_res": {
    "precision": 73.0435,
    "recall": 78.5047,
    "f-score": 75.6757
  },
  "KL_res": {
    "KL divergence": 0.8518705508202357,
    "Euclidean Dist.": 0.089345054208511,
    "WER": 0.29518072289156627,
    "CER": 0.07990012484394507,
    "Cosine Dist.": 0.13932231708298048
  },
  "occ_eval_res": {
    "precision": 74.4048,
    "recall": 75.3012,
    "f-score": 74.8503
  },
  "clean_eval": {
    "f-score": 74.58745874587459,
    "precision": 74.3421052631579,
    "recall": 74.83443708609272,
    "tp": 113,
    "fp": 39,
    "fn": 38
  },
  "jaccard": [
    0.3143507972665148
  ],
  "braycurtis": [
    0.1737841043890866
  ],
  "dice": [
    0.1864864864864865
  ],
  "cosinus": [
    0.07178154475557907
  ]
}