{
  "voc_eval_res": {
    "precision": 61.1111,
    "recall": 57.8947,
    "f-score": 59.4595
  },
  "KL_res": {
    "KL divergence": 1.9737449831526366,
    "Euclidean Dist.": 0.18929694486000911,
    "WER": 0.5238095238095238,
    "CER": 0.23711340206185566,
    "Cosine Dist.": 0.18066342238980415
  },
  "occ_eval_res": {
    "precision": 65.0,
    "recall": 61.9048,
    "f-score": 63.4146
  },
  "clean_eval": {
    "f-score": 56.41025641025641,
    "precision": 55.00000000000001,
    "recall": 57.89473684210527,
    "tp": 11,
    "fp": 9,
    "fn": 8
  },
  "jaccard": [
    0.4461538461538462
  ],
  "braycurtis": [
    0.2620320855614973
  ],
  "dice": [
    0.2871287128712871
  ],
  "cosinus": [
    0.17770034843205584
  ]
}