{
  "voc_eval_res": {
    "precision": 73.4694,
    "recall": 74.2268,
    "f-score": 73.8462
  },
  "KL_res": {
    "KL divergence": 0.6739065778979312,
    "Euclidean Dist.": 0.0868758994257047,
    "WER": 0.2740112994350282,
    "CER": 0.07646356033452807,
    "Cosine Dist.": 0.16281804590693438
  },
  "occ_eval_res": {
    "precision": 77.2989,
    "recall": 75.9887,
    "f-score": 76.6382
  },
  "clean_eval": {
    "f-score": 70.96774193548386,
    "precision": 71.51702786377709,
    "recall": 70.42682926829268,
    "tp": 231,
    "fp": 92,
    "fn": 97
  },
  "jaccard": [
    0.3192307692307692
  ],
  "braycurtis": [
    0.17635495647290086
  ],
  "dice": [
    0.18993135011441648
  ],
  "cosinus": [
    0.0818413776007183
  ]
}