{
  "voc_eval_res": {
    "precision": 50.0,
    "recall": 18.1818,
    "f-score": 26.6667
  },
  "KL_res": {
    "KL divergence": 6.4847934939217975,
    "Euclidean Dist.": 0.565194165260439,
    "WER": 0.8333333333333334,
    "CER": 0.6363636363636364,
    "Cosine Dist.": 0.5917517095361371
  },
  "occ_eval_res": {
    "precision": 50.0,
    "recall": 16.6667,
    "f-score": 25.0
  },
  "clean_eval": {
    "f-score": 38.83495145631068,
    "precision": 26.31578947368421,
    "recall": 74.07407407407408,
    "tp": 20,
    "fp": 56,
    "fn": 7
  },
  "jaccard": [
    0.672566371681416
  ],
  "braycurtis": [
    0.5487804878048781
  ],
  "dice": [
    0.5066666666666667
  ],
  "cosinus": [
    0.4787733786337427
  ]
}