{
  "voc_eval_res": {
    "precision": 46.6667,
    "recall": 60.0,
    "f-score": 52.5
  },
  "KL_res": {
    "KL divergence": 2.4056042023860007,
    "Euclidean Dist.": 0.18845902805409148,
    "WER": 0.7906976744186046,
    "CER": 0.538135593220339,
    "Cosine Dist.": 0.3808657483137845
  },
  "occ_eval_res": {
    "precision": 47.9167,
    "recall": 53.4884,
    "f-score": 50.5495
  },
  "clean_eval": {
    "f-score": 42.65734265734265,
    "precision": 48.22134387351779,
    "recall": 38.24451410658307,
    "tp": 122,
    "fp": 131,
    "fn": 197
  },
  "jaccard": [
    0.4329004329004329
  ],
  "braycurtis": [
    0.3339382940108893
  ],
  "dice": [
    0.27624309392265195
  ],
  "cosinus": [
    0.2663455318892404
  ]
}