{
  "voc_eval_res": {
    "precision": 29.4118,
    "recall": 58.8235,
    "f-score": 39.2157
  },
  "KL_res": {
    "KL divergence": 2.0714779854612706,
    "Euclidean Dist.": 0.20923993057669515,
    "WER": 1.3387096774193548,
    "CER": 0.7701421800947867,
    "Cosine Dist.": 0.45104635025909057
  },
  "occ_eval_res": {
    "precision": 28.1553,
    "recall": 46.7742,
    "f-score": 35.1515
  },
  "clean_eval": {
    "f-score": 9.236569274269558,
    "precision": 10.913140311804009,
    "recall": 8.006535947712418,
    "tp": 49,
    "fp": 400,
    "fn": 563
  },
  "jaccard": [
    0.5283993115318416
  ],
  "braycurtis": [
    0.3930905695611578
  ],
  "dice": [
    0.35906432748538014
  ],
  "cosinus": [
    0.26356169786547856
  ]
}