{
  "voc_eval_res": {
    "precision": 42.8571,
    "recall": 45.4545,
    "f-score": 44.1176
  },
  "KL_res": {
    "KL divergence": 2.4663744332206776,
    "Euclidean Dist.": 0.14840226097041767,
    "WER": 0.7448979591836735,
    "CER": 0.521079258010118,
    "Cosine Dist.": 0.32009868715601675
  },
  "occ_eval_res": {
    "precision": 46.6667,
    "recall": 42.8571,
    "f-score": 44.6809
  },
  "clean_eval": {
    "f-score": 16.9811320754717,
    "precision": 15.734265734265735,
    "recall": 18.442622950819672,
    "tp": 90,
    "fp": 482,
    "fn": 398
  },
  "jaccard": [
    0.5493150684931507
  ],
  "braycurtis": [
    0.3689655172413793
  ],
  "dice": [
    0.37865911237016053
  ],
  "cosinus": [
    0.2054366813090489
  ]
}