{
  "voc_eval_res": {
    "precision": 0,
    "recall": 0,
    "f-score": 0
  },
  "KL_res": {
    "KL divergence": 9.565868093819539,
    "Euclidean Dist.": 0.5563486402641867,
    "WER": 1.0,
    "CER": 0.6415094339622641,
    "Cosine Dist.": 1.0
  },
  "occ_eval_res": {
    "precision": 0,
    "recall": 0,
    "f-score": 0
  },
  "clean_eval": {
    "f-score": 38.70967741935484,
    "precision": 28.125,
    "recall": 62.06896551724138,
    "tp": 18,
    "fp": 46,
    "fn": 11
  },
  "jaccard": [
    0.7338709677419355
  ],
  "braycurtis": [
    0.6024096385542169
  ],
  "dice": [
    0.5796178343949044
  ],
  "cosinus": [
    0.5821009423307866
  ]
}