{
  "voc_eval_res": {
    "precision": 60.8696,
    "recall": 87.5,
    "f-score": 71.7949
  },
  "KL_res": {
    "KL divergence": 0.5719554529965387,
    "Euclidean Dist.": 0.17607736654715184,
    "WER": 0.6086956521739131,
    "CER": 0.42105263157894735,
    "Cosine Dist.": 0.11722038549080738
  },
  "occ_eval_res": {
    "precision": 65.5172,
    "recall": 82.6087,
    "f-score": 73.0769
  },
  "clean_eval": {
    "f-score": 20.843672456575682,
    "precision": 21.21212121212121,
    "recall": 20.48780487804878,
    "tp": 42,
    "fp": 156,
    "fn": 163
  },
  "jaccard": [
    0.3187250996015936
  ],
  "braycurtis": [
    0.1954674220963173
  ],
  "dice": [
    0.1895734597156398
  ],
  "cosinus": [
    0.09103292770414106
  ]
}