{
  "voc_eval_res": {
    "precision": 40.625,
    "recall": 47.2727,
    "f-score": 43.6975
  },
  "KL_res": {
    "KL divergence": 2.6157582750404367,
    "Euclidean Dist.": 0.1625277825928862,
    "WER": 0.8552631578947368,
    "CER": 0.5292740046838408,
    "Cosine Dist.": 0.36682590435789775
  },
  "occ_eval_res": {
    "precision": 41.4634,
    "recall": 44.7368,
    "f-score": 43.038
  },
  "clean_eval": {
    "f-score": 20.77922077922078,
    "precision": 21.867881548974943,
    "recall": 19.79381443298969,
    "tp": 96,
    "fp": 343,
    "fn": 389
  },
  "jaccard": [
    0.5023547880690737
  ],
  "braycurtis": [
    0.36231884057971014
  ],
  "dice": [
    0.33542976939203356
  ],
  "cosinus": [
    0.206459204911011
  ]
}