{
  "voc_eval_res": {
    "precision": 11.1111,
    "recall": 8.0,
    "f-score": 9.3023
  },
  "KL_res": {
    "KL divergence": 6.565135715717949,
    "Euclidean Dist.": 0.29740555600819885,
    "WER": 0.9615384615384616,
    "CER": 0.6438356164383562,
    "Cosine Dist.": 0.7268845032004325
  },
  "occ_eval_res": {
    "precision": 10.5263,
    "recall": 7.6923,
    "f-score": 8.8889
  },
  "clean_eval": {
    "f-score": 54.736842105263165,
    "precision": 46.42857142857143,
    "recall": 66.66666666666666,
    "tp": 78,
    "fp": 90,
    "fn": 39
  },
  "jaccard": [
    0.8162650602409639
  ],
  "braycurtis": [
    0.667953667953668
  ],
  "dice": [
    0.6895674300254453
  ],
  "cosinus": [
    0.4796566155303015
  ]
}