{
  "voc_eval_res": {
    "precision": 44.4444,
    "recall": 52.1739,
    "f-score": 48.0
  },
  "KL_res": {
    "KL divergence": 2.7192197062156382,
    "Euclidean Dist.": 0.22184169060838746,
    "WER": 1.0,
    "CER": 0.8098591549295775,
    "Cosine Dist.": 0.3719450624169124
  },
  "occ_eval_res": {
    "precision": 41.9355,
    "recall": 52.0,
    "f-score": 46.4286
  },
  "clean_eval": {
    "f-score": 55.83756345177665,
    "precision": 50.0,
    "recall": 63.2183908045977,
    "tp": 110,
    "fp": 110,
    "fn": 64
  },
  "jaccard": [
    0.5977961432506887
  ],
  "braycurtis": [
    0.4476744186046512
  ],
  "dice": [
    0.4263261296660118
  ],
  "cosinus": [
    0.351975814393246
  ]
}