{
  "voc_eval_res": {
    "precision": 54.5455,
    "recall": 46.1538,
    "f-score": 50.0
  },
  "KL_res": {
    "KL divergence": 3.5594864794924184,
    "Euclidean Dist.": 0.3245003135818812,
    "WER": 0.5714285714285714,
    "CER": 0.34959349593495936,
    "Cosine Dist.": 0.37762408573585815
  },
  "occ_eval_res": {
    "precision": 50.0,
    "recall": 42.8571,
    "f-score": 46.1538
  },
  "clean_eval": {
    "f-score": 59.040590405904055,
    "precision": 50.314465408805034,
    "recall": 71.42857142857143,
    "tp": 80,
    "fp": 79,
    "fn": 32
  },
  "jaccard": [
    0.4325581395348837
  ],
  "braycurtis": [
    0.3059360730593607
  ],
  "dice": [
    0.27596439169139464
  ],
  "cosinus": [
    0.24771259658992284
  ]
}