{
  "voc_eval_res": {
    "precision": 35.1351,
    "recall": 65.0,
    "f-score": 45.614
  },
  "KL_res": {
    "KL divergence": 1.7944941056942947,
    "Euclidean Dist.": 0.21276266125175816,
    "WER": 1.2692307692307692,
    "CER": 1.0067567567567568,
    "Cosine Dist.": 0.23364395526518644
  },
  "occ_eval_res": {
    "precision": 36.9565,
    "recall": 65.3846,
    "f-score": 47.2222
  },
  "clean_eval": {
    "f-score": 62.390670553935855,
    "precision": 63.69047619047619,
    "recall": 61.142857142857146,
    "tp": 107,
    "fp": 61,
    "fn": 68
  },
  "jaccard": [
    0.6493827160493827
  ],
  "braycurtis": [
    0.5075757575757576
  ],
  "dice": [
    0.48080438756855576
  ],
  "cosinus": [
    0.30063150617107914
  ]
}