{
  "voc_eval_res": {
    "precision": 25.0,
    "recall": 23.8095,
    "f-score": 24.3902
  },
  "KL_res": {
    "KL divergence": 4.801163670561587,
    "Euclidean Dist.": 0.2591262584065313,
    "WER": 0.9545454545454546,
    "CER": 0.5608108108108109,
    "Cosine Dist.": 0.491999491999238
  },
  "occ_eval_res": {
    "precision": 28.5714,
    "recall": 27.2727,
    "f-score": 27.907
  },
  "clean_eval": {
    "f-score": 59.58702064896756,
    "precision": 57.38636363636363,
    "recall": 61.963190184049076,
    "tp": 101,
    "fp": 75,
    "fn": 62
  },
  "jaccard": [
    0.6185897435897436
  ],
  "braycurtis": [
    0.48698884758364314
  ],
  "dice": [
    0.44779582366589327
  ],
  "cosinus": [
    0.3813625895396704
  ]
}