{
  "voc_eval_res": {
    "precision": 35.4839,
    "recall": 50.0,
    "f-score": 41.5094
  },
  "KL_res": {
    "KL divergence": 3.2966423990151057,
    "Euclidean Dist.": 0.25783910519231257,
    "WER": 0.9285714285714286,
    "CER": 0.6363636363636364,
    "Cosine Dist.": 0.5350466219630173
  },
  "occ_eval_res": {
    "precision": 32.3529,
    "recall": 39.2857,
    "f-score": 35.4839
  },
  "clean_eval": {
    "f-score": 43.8177874186551,
    "precision": 40.23904382470119,
    "recall": 48.095238095238095,
    "tp": 101,
    "fp": 150,
    "fn": 109
  },
  "jaccard": [
    0.5786666666666667
  ],
  "braycurtis": [
    0.4601542416452442
  ],
  "dice": [
    0.4071294559099437
  ],
  "cosinus": [
    0.34194271088001316
  ]
}