{
  "voc_eval_res": {
    "precision": 46.6667,
    "recall": 46.6667,
    "f-score": 46.6667
  },
  "KL_res": {
    "KL divergence": 2.962312407939171,
    "Euclidean Dist.": 0.290468352815743,
    "WER": 0.8888888888888888,
    "CER": 0.34814814814814815,
    "Cosine Dist.": 0.35244427318691796
  },
  "occ_eval_res": {
    "precision": 39.1304,
    "recall": 50.0,
    "f-score": 43.9024
  },
  "clean_eval": {
    "f-score": 70.46263345195729,
    "precision": 71.22302158273382,
    "recall": 69.71830985915493,
    "tp": 99,
    "fp": 40,
    "fn": 43
  },
  "jaccard": [
    0.3688888888888889
  ],
  "braycurtis": [
    0.25555555555555554
  ],
  "dice": [
    0.22615803814713897
  ],
  "cosinus": [
    0.20250261087888988
  ]
}