{
  "voc_eval_res": {
    "precision": 25.0,
    "recall": 15.7895,
    "f-score": 19.3548
  },
  "KL_res": {
    "KL divergence": 6.51564928796877,
    "Euclidean Dist.": 0.3503736690862781,
    "WER": 0.9090909090909091,
    "CER": 0.6228070175438597,
    "Cosine Dist.": 0.7217566625438991
  },
  "occ_eval_res": {
    "precision": 25.0,
    "recall": 13.6364,
    "f-score": 17.6471
  },
  "clean_eval": {
    "f-score": 60.425531914893625,
    "precision": 53.383458646616546,
    "recall": 69.6078431372549,
    "tp": 71,
    "fp": 62,
    "fn": 31
  },
  "jaccard": [
    0.7509157509157509
  ],
  "braycurtis": [
    0.63
  ],
  "dice": [
    0.6011730205278593
  ],
  "cosinus": [
    0.5349719347333869
  ]
}