{
  "voc_eval_res": {
    "precision": 25.0,
    "recall": 28.5714,
    "f-score": 26.6667
  },
  "KL_res": {
    "KL divergence": 4.4345075180168685,
    "Euclidean Dist.": 0.26000000000000006,
    "WER": 1.0454545454545454,
    "CER": 0.6728971962616822,
    "Cosine Dist.": 0.5357929174514723
  },
  "occ_eval_res": {
    "precision": 24.0,
    "recall": 27.2727,
    "f-score": 25.5319
  },
  "clean_eval": {
    "f-score": 61.261261261261254,
    "precision": 61.261261261261254,
    "recall": 61.261261261261254,
    "tp": 68,
    "fp": 43,
    "fn": 43
  },
  "jaccard": [
    0.7597173144876325
  ],
  "braycurtis": [
    0.6147186147186147
  ],
  "dice": [
    0.6125356125356125
  ],
  "cosinus": [
    0.46946561856201785
  ]
}