{
  "voc_eval_res": {
    "precision": 21.4286,
    "recall": 37.5,
    "f-score": 27.2727
  },
  "KL_res": {
    "KL divergence": 4.226725326933539,
    "Euclidean Dist.": 0.29399351850893535,
    "WER": 1.4210526315789473,
    "CER": 0.71875,
    "Cosine Dist.": 0.5505334250245052
  },
  "occ_eval_res": {
    "precision": 21.2121,
    "recall": 36.8421,
    "f-score": 26.9231
  },
  "clean_eval": {
    "f-score": 60.25641025641024,
    "precision": 57.3170731707317,
    "recall": 63.51351351351351,
    "tp": 94,
    "fp": 70,
    "fn": 54
  },
  "jaccard": [
    0.6612903225806451
  ],
  "braycurtis": [
    0.48717948717948717
  ],
  "dice": [
    0.4939759036144578
  ],
  "cosinus": [
    0.39740563545379115
  ]
}