{
  "voc_eval_res": {
    "precision": 41.6667,
    "recall": 50.0,
    "f-score": 45.4545
  },
  "KL_res": {
    "KL divergence": 2.236850581502214,
    "Euclidean Dist.": 0.15416216209635303,
    "WER": 0.8533333333333334,
    "CER": 0.6024691358024692,
    "Cosine Dist.": 0.2885489231303847
  },
  "occ_eval_res": {
    "precision": 46.25,
    "recall": 49.3333,
    "f-score": 47.7419
  },
  "clean_eval": {
    "f-score": 30.43478260869565,
    "precision": 30.36876355748373,
    "recall": 30.501089324618736,
    "tp": 140,
    "fp": 321,
    "fn": 319
  },
  "jaccard": [
    0.5167224080267558
  ],
  "braycurtis": [
    0.3517915309446254
  ],
  "dice": [
    0.3483652762119504
  ],
  "cosinus": [
    0.2222831860729516
  ]
}