{
  "voc_eval_res": {
    "precision": 23.8095,
    "recall": 18.5185,
    "f-score": 20.8333
  },
  "KL_res": {
    "KL divergence": 5.703942807764036,
    "Euclidean Dist.": 0.26379190245428974,
    "WER": 0.8928571428571429,
    "CER": 0.6470588235294118,
    "Cosine Dist.": 0.6685032279341021
  },
  "occ_eval_res": {
    "precision": 23.8095,
    "recall": 17.8571,
    "f-score": 20.4082
  },
  "clean_eval": {
    "f-score": 45.16129032258064,
    "precision": 34.65346534653465,
    "recall": 64.81481481481481,
    "tp": 70,
    "fp": 132,
    "fn": 38
  },
  "jaccard": [
    0.8342857142857143
  ],
  "braycurtis": [
    0.714828897338403
  ],
  "dice": [
    0.7156862745098039
  ],
  "cosinus": [
    0.5903702511178645
  ]
}