{
  "voc_eval_res": {
    "precision": 75.0,
    "recall": 42.8571,
    "f-score": 54.5455
  },
  "KL_res": {
    "KL divergence": 3.216535599131134,
    "Euclidean Dist.": 0.4000188087640395,
    "WER": 0.8421052631578947,
    "CER": 0.6237623762376238,
    "Cosine Dist.": 0.42676322023136615
  },
  "occ_eval_res": {
    "precision": 66.6667,
    "recall": 31.5789,
    "f-score": 42.8571
  },
  "clean_eval": {
    "f-score": 39.662447257383974,
    "precision": 34.306569343065696,
    "recall": 47.0,
    "tp": 47,
    "fp": 90,
    "fn": 53
  },
  "jaccard": [
    0.5906735751295337
  ],
  "braycurtis": [
    0.49693251533742333
  ],
  "dice": [
    0.41911764705882354
  ],
  "cosinus": [
    0.4594271370361709
  ]
}