{
  "voc_eval_res": {
    "precision": 33.3333,
    "recall": 50.0,
    "f-score": 40.0
  },
  "KL_res": {
    "KL divergence": 1.9173012964422786,
    "Euclidean Dist.": 0.17576222790906165,
    "WER": 1.170731707317073,
    "CER": 0.6502057613168725,
    "Cosine Dist.": 0.16926356650860863
  },
  "occ_eval_res": {
    "precision": 35.1351,
    "recall": 63.4146,
    "f-score": 45.2174
  },
  "clean_eval": {
    "f-score": 41.124260355029584,
    "precision": 40.88235294117647,
    "recall": 41.36904761904761,
    "tp": 139,
    "fp": 201,
    "fn": 197
  },
  "jaccard": [
    0.5387840670859538
  ],
  "braycurtis": [
    0.413946587537092
  ],
  "dice": [
    0.36872309899569583
  ],
  "cosinus": [
    0.30928252568162007
  ]
}