{
  "voc_eval_res": {
    "precision": 45.0,
    "recall": 54.0,
    "f-score": 49.0909
  },
  "KL_res": {
    "KL divergence": 2.286294758226928,
    "Euclidean Dist.": 0.1745372978531688,
    "WER": 0.8225806451612904,
    "CER": 0.5447368421052632,
    "Cosine Dist.": 0.42856854909100206
  },
  "occ_eval_res": {
    "precision": 41.8919,
    "recall": 50.0,
    "f-score": 45.5882
  },
  "clean_eval": {
    "f-score": 26.92778457772338,
    "precision": 30.136986301369863,
    "recall": 24.336283185840706,
    "tp": 110,
    "fp": 255,
    "fn": 342
  },
  "jaccard": [
    0.4793814432989691
  ],
  "braycurtis": [
    0.35217903415783275
  ],
  "dice": [
    0.3152542372881356
  ],
  "cosinus": [
    0.23828973841289836
  ]
}