{
  "voc_eval_res": {
    "precision": 26.3158,
    "recall": 50.0,
    "f-score": 34.4828
  },
  "KL_res": {
    "KL divergence": 2.7728470996931076,
    "Euclidean Dist.": 0.35939764421413045,
    "WER": 1.5833333333333333,
    "CER": 1.8181818181818181,
    "Cosine Dist.": 0.43781730485895487
  },
  "occ_eval_res": {
    "precision": 25.0,
    "recall": 41.6667,
    "f-score": 31.25
  },
  "clean_eval": {
    "f-score": 54.45544554455445,
    "precision": 71.42857142857143,
    "recall": 44.0,
    "tp": 55,
    "fp": 22,
    "fn": 70
  },
  "jaccard": [
    0.8622754491017964
  ],
  "braycurtis": [
    0.7933884297520661
  ],
  "dice": [
    0.7578947368421053
  ],
  "cosinus": [
    0.7158769858362402
  ]
}