{
  "voc_eval_res": {
    "precision": 60.0,
    "recall": 46.1538,
    "f-score": 52.1739
  },
  "KL_res": {
    "KL divergence": 3.246619775103621,
    "Euclidean Dist.": 0.31877682014102043,
    "WER": 0.8461538461538461,
    "CER": 0.6847826086956522,
    "Cosine Dist.": 0.368421052631579
  },
  "occ_eval_res": {
    "precision": 54.5455,
    "recall": 46.1538,
    "f-score": 50.0
  },
  "clean_eval": {
    "f-score": 67.98029556650248,
    "precision": 68.31683168316832,
    "recall": 67.64705882352942,
    "tp": 69,
    "fp": 32,
    "fn": 33
  },
  "jaccard": [
    0.5545023696682464
  ],
  "braycurtis": [
    0.42528735632183906
  ],
  "dice": [
    0.3836065573770492
  ],
  "cosinus": [
    0.3846673970074299
  ]
}