{
  "voc_eval_res": {
    "precision": 57.1429,
    "recall": 57.1429,
    "f-score": 57.1429
  },
  "KL_res": {
    "KL divergence": 2.6436735462553327,
    "Euclidean Dist.": 0.19905220429212403,
    "WER": 0.8064516129032258,
    "CER": 0.6078431372549019,
    "Cosine Dist.": 0.3495074974546064
  },
  "occ_eval_res": {
    "precision": 57.1429,
    "recall": 51.6129,
    "f-score": 54.2373
  },
  "clean_eval": {
    "f-score": 17.663817663817667,
    "precision": 16.06217616580311,
    "recall": 19.62025316455696,
    "tp": 31,
    "fp": 162,
    "fn": 127
  },
  "jaccard": [
    0.45144356955380577
  ],
  "braycurtis": [
    0.3198090692124105
  ],
  "dice": [
    0.29152542372881357
  ],
  "cosinus": [
    0.21290530739422908
  ]
}