{
  "voc_eval_res": {
    "precision": 22.2222,
    "recall": 22.2222,
    "f-score": 22.2222
  },
  "KL_res": {
    "KL divergence": 5.655876276722105,
    "Euclidean Dist.": 0.31960415267081893,
    "WER": 0.8947368421052632,
    "CER": 0.5925925925925926,
    "Cosine Dist.": 0.7078813026639114
  },
  "occ_eval_res": {
    "precision": 20.0,
    "recall": 21.0526,
    "f-score": 20.5128
  },
  "clean_eval": {
    "f-score": 53.50877192982456,
    "precision": 46.92307692307692,
    "recall": 62.244897959183675,
    "tp": 61,
    "fp": 69,
    "fn": 37
  },
  "jaccard": [
    0.7126865671641791
  ],
  "braycurtis": [
    0.5849056603773585
  ],
  "dice": [
    0.553623188405797
  ],
  "cosinus": [
    0.4707438759750371
  ]
}