{
  "voc_eval_res": {
    "precision": 51.7241,
    "recall": 60.0,
    "f-score": 55.5556
  },
  "KL_res": {
    "KL divergence": 2.6895905976400103,
    "Euclidean Dist.": 0.23897933562088194,
    "WER": 0.8125,
    "CER": 0.5303867403314917,
    "Cosine Dist.": 0.42582200904527556
  },
  "occ_eval_res": {
    "precision": 48.3871,
    "recall": 46.875,
    "f-score": 47.619
  },
  "clean_eval": {
    "f-score": 38.19095477386935,
    "precision": 33.77777777777778,
    "recall": 43.93063583815029,
    "tp": 76,
    "fp": 149,
    "fn": 97
  },
  "jaccard": [
    0.41543026706231456
  ],
  "braycurtis": [
    0.30982367758186397
  ],
  "dice": [
    0.26217228464419473
  ],
  "cosinus": [
    0.20933931082172674
  ]
}