{
  "voc_eval_res": {
    "precision": 42.8571,
    "recall": 75.0,
    "f-score": 54.5455
  },
  "KL_res": {
    "KL divergence": 1.72311286165179,
    "Euclidean Dist.": 0.46153028511857447,
    "WER": 1.25,
    "CER": 0.8611111111111112,
    "Cosine Dist.": 0.2828628343993639
  },
  "occ_eval_res": {
    "precision": 42.8571,
    "recall": 75.0,
    "f-score": 54.5455
  },
  "clean_eval": {
    "f-score": 72.54901960784314,
    "precision": 74.0,
    "recall": 71.15384615384616,
    "tp": 37,
    "fp": 13,
    "fn": 15
  },
  "jaccard": [
    0.5545454545454546
  ],
  "braycurtis": [
    0.3953488372093023
  ],
  "dice": [
    0.3836477987421384
  ],
  "cosinus": [
    0.3286828866573819
  ]
}