{
  "voc_eval_res": {
    "precision": 30.0,
    "recall": 47.3684,
    "f-score": 36.7347
  },
  "KL_res": {
    "KL divergence": 2.875026800012621,
    "Euclidean Dist.": 0.25650948860650297,
    "WER": 1.1904761904761905,
    "CER": 0.7829457364341085,
    "Cosine Dist.": 0.40891953671095127
  },
  "occ_eval_res": {
    "precision": 30.303,
    "recall": 47.619,
    "f-score": 37.037
  },
  "clean_eval": {
    "f-score": 53.86666666666666,
    "precision": 48.55769230769231,
    "recall": 60.47904191616767,
    "tp": 101,
    "fp": 107,
    "fn": 66
  },
  "jaccard": [
    0.680379746835443
  ],
  "braycurtis": [
    0.5175718849840255
  ],
  "dice": [
    0.5155875299760192
  ],
  "cosinus": [
    0.3528752351607751
  ]
}