{
  "voc_eval_res": {
    "precision": 31.25,
    "recall": 25.0,
    "f-score": 27.7778
  },
  "KL_res": {
    "KL divergence": 5.06866404532744,
    "Euclidean Dist.": 0.28641098093474,
    "WER": 0.85,
    "CER": 0.644927536231884,
    "Cosine Dist.": 0.5635642195280153
  },
  "occ_eval_res": {
    "precision": 31.25,
    "recall": 25.0,
    "f-score": 27.7778
  },
  "clean_eval": {
    "f-score": 42.52491694352159,
    "precision": 41.830065359477125,
    "recall": 43.24324324324324,
    "tp": 64,
    "fp": 89,
    "fn": 84
  },
  "jaccard": [
    0.6079136690647482
  ],
  "braycurtis": [
    0.4826086956521739
  ],
  "dice": [
    0.43669250645994834
  ],
  "cosinus": [
    0.4087940250379707
  ]
}