{
  "voc_eval_res": {
    "precision": 50.0,
    "recall": 68.1818,
    "f-score": 57.6923
  },
  "KL_res": {
    "KL divergence": 2.2505405976006085,
    "Euclidean Dist.": 0.2368003948813968,
    "WER": 0.75,
    "CER": 0.5911949685534591,
    "Cosine Dist.": 0.3731343283582089
  },
  "occ_eval_res": {
    "precision": 48.4848,
    "recall": 57.1429,
    "f-score": 52.459
  },
  "clean_eval": {
    "f-score": 62.43093922651934,
    "precision": 64.20454545454545,
    "recall": 60.752688172043015,
    "tp": 113,
    "fp": 63,
    "fn": 73
  },
  "jaccard": [
    0.45345345345345345
  ],
  "braycurtis": [
    0.34108527131782945
  ],
  "dice": [
    0.29320388349514565
  ],
  "cosinus": [
    0.2590106760922277
  ]
}