{
  "voc_eval_res": {
    "precision": 50.0,
    "recall": 59.322,
    "f-score": 54.2636
  },
  "KL_res": {
    "KL divergence": 1.6021128548201808,
    "Euclidean Dist.": 0.1243527550245667,
    "WER": 0.7252747252747253,
    "CER": 0.4351687388987567,
    "Cosine Dist.": 0.16508266759374157
  },
  "occ_eval_res": {
    "precision": 51.3514,
    "recall": 62.6374,
    "f-score": 56.4356
  },
  "clean_eval": {
    "f-score": 30.06923837784372,
    "precision": 29.40038684719536,
    "recall": 30.76923076923077,
    "tp": 152,
    "fp": 365,
    "fn": 342
  },
  "jaccard": [
    0.44822485207100593
  ],
  "braycurtis": [
    0.27957860615883307
  ],
  "dice": [
    0.2888465204957102
  ],
  "cosinus": [
    0.11123784218326327
  ]
}