{
  "voc_eval_res": {
    "precision": 29.1667,
    "recall": 46.6667,
    "f-score": 35.8974
  },
  "KL_res": {
    "KL divergence": 3.9599268900019853,
    "Euclidean Dist.": 0.30439172292894945,
    "WER": 1.1,
    "CER": 0.6229508196721312,
    "Cosine Dist.": 0.5399562937717639
  },
  "occ_eval_res": {
    "precision": 29.6296,
    "recall": 40.0,
    "f-score": 34.0426
  },
  "clean_eval": {
    "f-score": 67.3202614379085,
    "precision": 69.5945945945946,
    "recall": 65.18987341772153,
    "tp": 103,
    "fp": 45,
    "fn": 55
  },
  "jaccard": [
    0.5563139931740614
  ],
  "braycurtis": [
    0.4101694915254237
  ],
  "dice": [
    0.38534278959810875
  ],
  "cosinus": [
    0.3406221915072587
  ]
}