{
  "voc_eval_res": {
    "precision": 72.7273,
    "recall": 53.3333,
    "f-score": 61.5385
  },
  "KL_res": {
    "KL divergence": 2.6206176900970424,
    "Euclidean Dist.": 0.3309453027139526,
    "WER": 0.85,
    "CER": 0.6538461538461539,
    "Cosine Dist.": 0.35377915500934864
  },
  "occ_eval_res": {
    "precision": 72.7273,
    "recall": 40.0,
    "f-score": 51.6129
  },
  "clean_eval": {
    "f-score": 37.944664031620555,
    "precision": 31.57894736842105,
    "recall": 47.524752475247524,
    "tp": 48,
    "fp": 104,
    "fn": 53
  },
  "jaccard": [
    0.5180180180180181
  ],
  "braycurtis": [
    0.4090909090909091
  ],
  "dice": [
    0.3495440729483283
  ],
  "cosinus": [
    0.37345088545007155
  ]
}