{
  "voc_eval_res": {
    "precision": 40.0,
    "recall": 25.0,
    "f-score": 30.7692
  },
  "KL_res": {
    "KL divergence": 5.588362592578736,
    "Euclidean Dist.": 0.517069735249619,
    "WER": 0.875,
    "CER": 0.5333333333333333,
    "Cosine Dist.": 0.4737651884157825
  },
  "occ_eval_res": {
    "precision": 33.3333,
    "recall": 25.0,
    "f-score": 28.5714
  },
  "clean_eval": {
    "f-score": 42.71844660194175,
    "precision": 34.92063492063492,
    "recall": 55.00000000000001,
    "tp": 22,
    "fp": 41,
    "fn": 18
  },
  "jaccard": [
    0.6190476190476191
  ],
  "braycurtis": [
    0.4605263157894737
  ],
  "dice": [
    0.4482758620689655
  ],
  "cosinus": [
    0.4041288618209131
  ]
}