{
  "voc_eval_res": {
    "precision": 21.0526,
    "recall": 66.6667,
    "f-score": 32.0
  },
  "KL_res": {
    "KL divergence": 2.3753592151230856,
    "Euclidean Dist.": 0.5061974196540309,
    "WER": 2.4285714285714284,
    "CER": 1.0,
    "Cosine Dist.": 0.5357616545573703
  },
  "occ_eval_res": {
    "precision": 19.0476,
    "recall": 57.1429,
    "f-score": 28.5714
  },
  "clean_eval": {
    "f-score": 68.1159420289855,
    "precision": 73.4375,
    "recall": 63.51351351351351,
    "tp": 47,
    "fp": 17,
    "fn": 27
  },
  "jaccard": [
    0.553763440860215
  ],
  "braycurtis": [
    0.40588235294117647
  ],
  "dice": [
    0.3828996282527881
  ],
  "cosinus": [
    0.3281880810096609
  ]
}