{
  "voc_eval_res": {
    "precision": 60.7143,
    "recall": 80.9524,
    "f-score": 69.3878
  },
  "KL_res": {
    "KL divergence": 1.4962823448226412,
    "Euclidean Dist.": 0.2085437808493247,
    "WER": 0.7307692307692307,
    "CER": 0.56,
    "Cosine Dist.": 0.27270243460198496
  },
  "occ_eval_res": {
    "precision": 58.0645,
    "recall": 69.2308,
    "f-score": 63.1579
  },
  "clean_eval": {
    "f-score": 59.02578796561604,
    "precision": 54.78723404255319,
    "recall": 63.975155279503106,
    "tp": 103,
    "fp": 85,
    "fn": 58
  },
  "jaccard": [
    0.391156462585034
  ],
  "braycurtis": [
    0.31547619047619047
  ],
  "dice": [
    0.24312896405919662
  ],
  "cosinus": [
    0.2210338782759369
  ]
}