{
  "voc_eval_res": {
    "precision": 0,
    "recall": 0,
    "f-score": 0
  },
  "KL_res": {
    "KL divergence": 9.566455892042907,
    "Euclidean Dist.": 0.6900655593423543,
    "WER": 1.0,
    "CER": 0.6792452830188679,
    "Cosine Dist.": 1.0
  },
  "occ_eval_res": {
    "precision": 0,
    "recall": 0,
    "f-score": 0
  },
  "clean_eval": {
    "f-score": 52.94117647058824,
    "precision": 42.1875,
    "recall": 71.05263157894737,
    "tp": 27,
    "fp": 37,
    "fn": 11
  },
  "jaccard": [
    0.7818181818181819
  ],
  "braycurtis": [
    0.6666666666666666
  ],
  "dice": [
    0.6417910447761194
  ],
  "cosinus": [
    0.6224137494373905
  ]
}