{
  "voc_eval_res": {
    "precision": 45.283,
    "recall": 66.6667,
    "f-score": 53.9326
  },
  "KL_res": {
    "KL divergence": 1.5661636062610576,
    "Euclidean Dist.": 0.18419958445339743,
    "WER": 1.186046511627907,
    "CER": 0.7316176470588235,
    "Cosine Dist.": 0.334910158243523
  },
  "occ_eval_res": {
    "precision": 40.0,
    "recall": 60.4651,
    "f-score": 48.1481
  },
  "clean_eval": {
    "f-score": 25.20729684908789,
    "precision": 25.082508250825082,
    "recall": 25.333333333333336,
    "tp": 76,
    "fp": 227,
    "fn": 224
  },
  "jaccard": [
    0.4857142857142857
  ],
  "braycurtis": [
    0.3933933933933934
  ],
  "dice": [
    0.32075471698113206
  ],
  "cosinus": [
    0.23325703039965862
  ]
}