{
  "voc_eval_res": {
    "precision": 21.2121,
    "recall": 20.5882,
    "f-score": 20.8955
  },
  "KL_res": {
    "KL divergence": 6.221127484584008,
    "Euclidean Dist.": 0.3000977800791184,
    "WER": 0.9285714285714286,
    "CER": 0.686084142394822,
    "Cosine Dist.": 0.8442530079564148
  },
  "occ_eval_res": {
    "precision": 18.6047,
    "recall": 14.2857,
    "f-score": 16.1616
  },
  "clean_eval": {
    "f-score": 33.00423131170663,
    "precision": 33.33333333333333,
    "recall": 32.68156424581006,
    "tp": 117,
    "fp": 234,
    "fn": 241
  },
  "jaccard": [
    0.6491596638655462
  ],
  "braycurtis": [
    0.5416012558869702
  ],
  "dice": [
    0.48055987558320373
  ],
  "cosinus": [
    0.5015087218759935
  ]
}