{
  "voc_eval_res": {
    "precision": 43.75,
    "recall": 41.1765,
    "f-score": 42.4242
  },
  "KL_res": {
    "KL divergence": 2.1890343731379525,
    "Euclidean Dist.": 0.2554091688593324,
    "WER": 0.6857142857142857,
    "CER": 0.4587628865979381,
    "Cosine Dist.": 0.23675319608929957
  },
  "occ_eval_res": {
    "precision": 54.1667,
    "recall": 37.1429,
    "f-score": 44.0678
  },
  "clean_eval": {
    "f-score": 22.705314009661834,
    "precision": 22.065727699530516,
    "recall": 23.383084577114428,
    "tp": 47,
    "fp": 166,
    "fn": 154
  },
  "jaccard": [
    0.5020242914979757
  ],
  "braycurtis": [
    0.37950138504155123
  ],
  "dice": [
    0.33513513513513515
  ],
  "cosinus": [
    0.21774889215271387
  ]
}