{
  "voc_eval_res": {
    "precision": 19.4444,
    "recall": 29.1667,
    "f-score": 23.3333
  },
  "KL_res": {
    "KL divergence": 4.07106998186434,
    "Euclidean Dist.": 0.2360452323538044,
    "WER": 1.1290322580645162,
    "CER": 0.9411764705882353,
    "Cosine Dist.": 0.4282405913768035
  },
  "occ_eval_res": {
    "precision": 22.5,
    "recall": 29.0323,
    "f-score": 25.3521
  },
  "clean_eval": {
    "f-score": 27.002288329519452,
    "precision": 30.89005235602094,
    "recall": 23.983739837398375,
    "tp": 59,
    "fp": 132,
    "fn": 187
  },
  "jaccard": [
    0.7111650485436893
  ],
  "braycurtis": [
    0.5692695214105793
  ],
  "dice": [
    0.551789077212806
  ],
  "cosinus": [
    0.38723278800408223
  ]
}