{
  "voc_eval_res": {
    "precision": 32.0,
    "recall": 64.0,
    "f-score": 42.6667
  },
  "KL_res": {
    "KL divergence": 2.0912685628442245,
    "Euclidean Dist.": 0.22111377847121055,
    "WER": 1.6206896551724137,
    "CER": 0.8983957219251337,
    "Cosine Dist.": 0.4073327406657774
  },
  "occ_eval_res": {
    "precision": 29.0323,
    "recall": 62.069,
    "f-score": 39.5604
  },
  "clean_eval": {
    "f-score": 32.47863247863248,
    "precision": 47.2636815920398,
    "recall": 24.739583333333336,
    "tp": 95,
    "fp": 106,
    "fn": 289
  },
  "jaccard": [
    0.5699152542372882
  ],
  "braycurtis": [
    0.43106796116504853
  ],
  "dice": [
    0.3985185185185185
  ],
  "cosinus": [
    0.29977571986779705
  ]
}