{
  "voc_eval_res": {
    "precision": 62.5,
    "recall": 83.3333,
    "f-score": 71.4286
  },
  "KL_res": {
    "KL divergence": 1.0244602184851157,
    "Euclidean Dist.": 0.3033379120533549,
    "WER": 0.5,
    "CER": 0.09302325581395349,
    "Cosine Dist.": 0.16375798999290936
  },
  "occ_eval_res": {
    "precision": 62.5,
    "recall": 83.3333,
    "f-score": 71.4286
  },
  "clean_eval": {
    "f-score": 70.2127659574468,
    "precision": 63.46153846153846,
    "recall": 78.57142857142857,
    "tp": 33,
    "fp": 19,
    "fn": 9
  },
  "jaccard": [
    0.20652173913043478
  ],
  "braycurtis": [
    0.11494252873563218
  ],
  "dice": [
    0.11515151515151516
  ],
  "cosinus": [
    0.10294913731449695
  ]
}