{
  "voc_eval_res": {
    "precision": 35.1852,
    "recall": 51.3514,
    "f-score": 41.7582
  },
  "KL_res": {
    "KL divergence": 2.549126393778074,
    "Euclidean Dist.": 0.2289059314168756,
    "WER": 1.2432432432432432,
    "CER": 0.8859223300970874,
    "Cosine Dist.": 0.36716271799453715
  },
  "occ_eval_res": {
    "precision": 30.4348,
    "recall": 47.2973,
    "f-score": 37.037
  },
  "clean_eval": {
    "f-score": 16.428571428571427,
    "precision": 19.43661971830986,
    "recall": 14.22680412371134,
    "tp": 69,
    "fp": 286,
    "fn": 416
  },
  "jaccard": [
    0.5465116279069767
  ],
  "braycurtis": [
    0.46880570409982175
  ],
  "dice": [
    0.376
  ],
  "cosinus": [
    0.28374012169552676
  ]
}