{
  "voc_eval_res": {
    "precision": 53.8462,
    "recall": 50.0,
    "f-score": 51.8519
  },
  "KL_res": {
    "KL divergence": 3.534104502922283,
    "Euclidean Dist.": 0.37657926691390115,
    "WER": 0.8888888888888888,
    "CER": 0.25,
    "Cosine Dist.": 0.5108004095297715
  },
  "occ_eval_res": {
    "precision": 34.7826,
    "recall": 44.4444,
    "f-score": 39.0244
  },
  "clean_eval": {
    "f-score": 60.06600660066006,
    "precision": 56.52173913043478,
    "recall": 64.08450704225352,
    "tp": 91,
    "fp": 70,
    "fn": 51
  },
  "jaccard": [
    0.38181818181818183
  ],
  "braycurtis": [
    0.25259515570934254
  ],
  "dice": [
    0.23595505617977527
  ],
  "cosinus": [
    0.22071018039773072
  ]
}