{
  "voc_eval_res": {
    "precision": 30.0,
    "recall": 81.8182,
    "f-score": 43.9024
  },
  "KL_res": {
    "KL divergence": 1.2032313286425922,
    "Euclidean Dist.": 0.33665016461206926,
    "WER": 1.6666666666666667,
    "CER": 1.1553398058252426,
    "Cosine Dist.": 0.28556549168823986
  },
  "occ_eval_res": {
    "precision": 33.3333,
    "recall": 80.0,
    "f-score": 47.0588
  },
  "clean_eval": {
    "f-score": 58.62068965517242,
    "precision": 73.27586206896551,
    "recall": 48.85057471264368,
    "tp": 85,
    "fp": 31,
    "fn": 89
  },
  "jaccard": [
    0.5102040816326531
  ],
  "braycurtis": [
    0.41194029850746267
  ],
  "dice": [
    0.3424657534246575
  ],
  "cosinus": [
    0.21227960233467358
  ]
}