{
  "voc_eval_res": {
    "precision": 39.3939,
    "recall": 57.7778,
    "f-score": 46.8468
  },
  "KL_res": {
    "KL divergence": 2.032218654446344,
    "Euclidean Dist.": 0.17005023016996132,
    "WER": 1.0,
    "CER": 0.6573816155988857,
    "Cosine Dist.": 0.3791549936446199
  },
  "occ_eval_res": {
    "precision": 39.5349,
    "recall": 59.6491,
    "f-score": 47.5524
  },
  "clean_eval": {
    "f-score": 41.522491349480966,
    "precision": 42.05607476635514,
    "recall": 41.00227790432802,
    "tp": 180,
    "fp": 248,
    "fn": 259
  },
  "jaccard": [
    0.4787052810902896
  ],
  "braycurtis": [
    0.3393258426966292
  ],
  "dice": [
    0.3146696528555431
  ],
  "cosinus": [
    0.1777347586362984
  ]
}