{
  "voc_eval_res": {
    "precision": 26.1905,
    "recall": 40.7407,
    "f-score": 31.8841
  },
  "KL_res": {
    "KL divergence": 4.090393576723978,
    "Euclidean Dist.": 0.26011158162296144,
    "WER": 1.3333333333333333,
    "CER": 0.9776119402985075,
    "Cosine Dist.": 0.651656139300393
  },
  "occ_eval_res": {
    "precision": 22.0,
    "recall": 33.3333,
    "f-score": 26.506
  },
  "clean_eval": {
    "f-score": 36.70212765957447,
    "precision": 44.516129032258064,
    "recall": 31.221719457013574,
    "tp": 69,
    "fp": 86,
    "fn": 152
  },
  "jaccard": [
    0.655860349127182
  ],
  "braycurtis": [
    0.5580808080808081
  ],
  "dice": [
    0.48794063079777367
  ],
  "cosinus": [
    0.5065217191026647
  ]
}