{
  "voc_eval_res": {
    "precision": 20.8333,
    "recall": 23.8095,
    "f-score": 22.2222
  },
  "KL_res": {
    "KL divergence": 5.938559996220574,
    "Euclidean Dist.": 0.300262345282443,
    "WER": 0.8888888888888888,
    "CER": 0.6495726495726496,
    "Cosine Dist.": 0.7499999999999999
  },
  "occ_eval_res": {
    "precision": 20.0,
    "recall": 18.5185,
    "f-score": 19.2308
  },
  "clean_eval": {
    "f-score": 64.05228758169935,
    "precision": 70.0,
    "recall": 59.036144578313255,
    "tp": 98,
    "fp": 42,
    "fn": 68
  },
  "jaccard": [
    0.7263843648208469
  ],
  "braycurtis": [
    0.6095617529880478
  ],
  "dice": [
    0.5703324808184144
  ],
  "cosinus": [
    0.5814420730202651
  ]
}