{
  "voc_eval_res": {
    "precision": 30.0,
    "recall": 65.625,
    "f-score": 41.1765
  },
  "KL_res": {
    "KL divergence": 1.7175784153918954,
    "Euclidean Dist.": 0.21703307499927776,
    "WER": 1.3703703703703705,
    "CER": 0.8291316526610645,
    "Cosine Dist.": 0.41163521084237764
  },
  "occ_eval_res": {
    "precision": 28.866,
    "recall": 51.8519,
    "f-score": 37.0861
  },
  "clean_eval": {
    "f-score": 12.031782065834278,
    "precision": 14.681440443213297,
    "recall": 10.192307692307692,
    "tp": 53,
    "fp": 308,
    "fn": 467
  },
  "jaccard": [
    0.5676156583629893
  ],
  "braycurtis": [
    0.4237644584647739
  ],
  "dice": [
    0.39627329192546584
  ],
  "cosinus": [
    0.24157564864644465
  ]
}