{
  "voc_eval_res": {
    "precision": 44.8276,
    "recall": 76.4706,
    "f-score": 56.5217
  },
  "KL_res": {
    "KL divergence": 1.0182693873702038,
    "Euclidean Dist.": 0.20056149554390962,
    "WER": 0.875,
    "CER": 0.6709677419354839,
    "Cosine Dist.": 0.16666666666666652
  },
  "occ_eval_res": {
    "precision": 52.9412,
    "recall": 75.0,
    "f-score": 62.069
  },
  "clean_eval": {
    "f-score": 16.400911161731205,
    "precision": 18.090452261306535,
    "recall": 15.0,
    "tp": 36,
    "fp": 163,
    "fn": 204
  },
  "jaccard": [
    0.5333333333333333
  ],
  "braycurtis": [
    0.3223350253807107
  ],
  "dice": [
    0.36363636363636365
  ],
  "cosinus": [
    0.16531564920209707
  ]
}