{
  "voc_eval_res": {
    "precision": 33.3333,
    "recall": 50.0,
    "f-score": 40.0
  },
  "KL_res": {
    "KL divergence": 3.437305063398232,
    "Euclidean Dist.": 0.447213595499958,
    "WER": 1.3333333333333333,
    "CER": 1.4,
    "Cosine Dist.": 0.4836022205056779
  },
  "occ_eval_res": {
    "precision": 30.0,
    "recall": 50.0,
    "f-score": 37.5
  },
  "clean_eval": {
    "f-score": 39.41605839416058,
    "precision": 69.23076923076923,
    "recall": 27.55102040816326,
    "tp": 27,
    "fp": 12,
    "fn": 71
  },
  "jaccard": [
    0.8064516129032258
  ],
  "braycurtis": [
    0.6883116883116883
  ],
  "dice": [
    0.6756756756756757
  ],
  "cosinus": [
    0.6575137047565176
  ]
}