{
  "voc_eval_res": {
    "precision": 35.7143,
    "recall": 40.0,
    "f-score": 37.7358
  },
  "KL_res": {
    "KL divergence": 3.159178655409555,
    "Euclidean Dist.": 0.2149274667039903,
    "WER": 1.0,
    "CER": 0.6153846153846154,
    "Cosine Dist.": 0.31088973804345177
  },
  "occ_eval_res": {
    "precision": 37.8378,
    "recall": 45.1613,
    "f-score": 41.1765
  },
  "clean_eval": {
    "f-score": 35.38083538083538,
    "precision": 36.734693877551024,
    "recall": 34.12322274881517,
    "tp": 72,
    "fp": 124,
    "fn": 139
  },
  "jaccard": [
    0.5273775216138329
  ],
  "braycurtis": [
    0.36666666666666664
  ],
  "dice": [
    0.35812133072407043
  ],
  "cosinus": [
    0.267270798864474
  ]
}