{
  "voc_eval_res": {
    "precision": 40.0,
    "recall": 40.0,
    "f-score": 40.0
  },
  "KL_res": {
    "KL divergence": 3.9467248566228523,
    "Euclidean Dist.": 0.34641016151377546,
    "WER": 0.8,
    "CER": 0.4117647058823529,
    "Cosine Dist.": 0.4285714285714285
  },
  "occ_eval_res": {
    "precision": 40.0,
    "recall": 40.0,
    "f-score": 40.0
  },
  "clean_eval": {
    "f-score": 48.167539267015705,
    "precision": 40.707964601769916,
    "recall": 58.97435897435898,
    "tp": 46,
    "fp": 67,
    "fn": 32
  },
  "jaccard": [
    0.5058823529411764
  ],
  "braycurtis": [
    0.34265734265734266
  ],
  "dice": [
    0.33858267716535434
  ],
  "cosinus": [
    0.29524598895019794
  ]
}