{
  "voc_eval_res": {
    "precision": 34.0909,
    "recall": 45.4545,
    "f-score": 38.961
  },
  "KL_res": {
    "KL divergence": 2.783617055128125,
    "Euclidean Dist.": 0.19624336850016322,
    "WER": 1.0238095238095237,
    "CER": 0.5451127819548872,
    "Cosine Dist.": 0.32765567153316
  },
  "occ_eval_res": {
    "precision": 34.5455,
    "recall": 45.2381,
    "f-score": 39.1753
  },
  "clean_eval": {
    "f-score": 26.83982683982684,
    "precision": 25.69060773480663,
    "recall": 28.09667673716012,
    "tp": 93,
    "fp": 269,
    "fn": 238
  },
  "jaccard": [
    0.5069444444444444
  ],
  "braycurtis": [
    0.351985559566787
  ],
  "dice": [
    0.3395348837209302
  ],
  "cosinus": [
    0.22624759228171332
  ]
}