{
  "voc_eval_res": {
    "precision": 31.4286,
    "recall": 35.4839,
    "f-score": 33.3333
  },
  "KL_res": {
    "KL divergence": 3.9970038836970714,
    "Euclidean Dist.": 0.2555386467836128,
    "WER": 1.075,
    "CER": 0.8608695652173913,
    "Cosine Dist.": 0.608484136294777
  },
  "occ_eval_res": {
    "precision": 28.0,
    "recall": 35.0,
    "f-score": 31.1111
  },
  "clean_eval": {
    "f-score": 21.263482280431433,
    "precision": 25.0,
    "recall": 18.498659517426276,
    "tp": 69,
    "fp": 207,
    "fn": 304
  },
  "jaccard": [
    0.593952483801296
  ],
  "braycurtis": [
    0.5067567567567568
  ],
  "dice": [
    0.42242703533026116
  ],
  "cosinus": [
    0.4108795309819949
  ]
}