{
  "voc_eval_res": {
    "precision": 3.5714,
    "recall": 100.0,
    "f-score": 6.8966
  },
  "KL_res": {
    "KL divergence": 2.67245962339518,
    "Euclidean Dist.": 1.3762749191426928,
    "WER": 27.0,
    "CER": 14.818181818181818,
    "Cosine Dist.": 0.7373871342805549
  },
  "occ_eval_res": {
    "precision": 3.5714,
    "recall": 100.0,
    "f-score": 6.8966
  },
  "clean_eval": {
    "f-score": 12.716763005780345,
    "precision": 78.57142857142857,
    "recall": 6.918238993710692,
    "tp": 11,
    "fp": 3,
    "fn": 148
  },
  "jaccard": [
    0.9243027888446215
  ],
  "braycurtis": [
    0.9015544041450777
  ],
  "dice": [
    0.8592592592592593
  ],
  "cosinus": [
    0.6003028626777457
  ]
}