{
  "voc_eval_res": {
    "precision": 38.4615,
    "recall": 61.2245,
    "f-score": 47.2441
  },
  "KL_res": {
    "KL divergence": 1.9338752568880915,
    "Euclidean Dist.": 0.16116278608559811,
    "WER": 1.25,
    "CER": 0.7743589743589744,
    "Cosine Dist.": 0.3639862642314394
  },
  "occ_eval_res": {
    "precision": 35.1351,
    "recall": 60.9375,
    "f-score": 44.5714
  },
  "clean_eval": {
    "f-score": 15.318230852211434,
    "precision": 18.393782383419687,
    "recall": 13.123844731977819,
    "tp": 71,
    "fp": 315,
    "fn": 470
  },
  "jaccard": [
    0.47553516819571867
  ],
  "braycurtis": [
    0.3830798479087453
  ],
  "dice": [
    0.3119358074222668
  ],
  "cosinus": [
    0.2249574513274788
  ]
}