{
  "voc_eval_res": {
    "precision": 37.931,
    "recall": 64.7059,
    "f-score": 47.8261
  },
  "KL_res": {
    "KL divergence": 1.9675237760179347,
    "Euclidean Dist.": 0.23341495761469874,
    "WER": 1.2777777777777777,
    "CER": 0.9243697478991597,
    "Cosine Dist.": 0.3062540649056795
  },
  "occ_eval_res": {
    "precision": 37.5,
    "recall": 66.6667,
    "f-score": 48.0
  },
  "clean_eval": {
    "f-score": 57.92682926829268,
    "precision": 54.59770114942529,
    "recall": 61.68831168831169,
    "tp": 95,
    "fp": 79,
    "fn": 59
  },
  "jaccard": [
    0.5873925501432665
  ],
  "braycurtis": [
    0.4431137724550898
  ],
  "dice": [
    0.4158215010141988
  ],
  "cosinus": [
    0.3097807835424373
  ]
}