{
  "voc_eval_res": {
    "precision": 35.5556,
    "recall": 45.7143,
    "f-score": 40.0
  },
  "KL_res": {
    "KL divergence": 3.3069246864899213,
    "Euclidean Dist.": 0.20088734560340718,
    "WER": 0.8333333333333334,
    "CER": 0.6371681415929203,
    "Cosine Dist.": 0.46798408325265806
  },
  "occ_eval_res": {
    "precision": 37.5,
    "recall": 42.8571,
    "f-score": 40.0
  },
  "clean_eval": {
    "f-score": 31.56089193825043,
    "precision": 38.17427385892116,
    "recall": 26.900584795321635,
    "tp": 92,
    "fp": 149,
    "fn": 250
  },
  "jaccard": [
    0.5166666666666667
  ],
  "braycurtis": [
    0.40262172284644193
  ],
  "dice": [
    0.34831460674157305
  ],
  "cosinus": [
    0.3334158973062159
  ]
}