{
  "voc_eval_res": {
    "precision": 36.6667,
    "recall": 47.8261,
    "f-score": 41.5094
  },
  "KL_res": {
    "KL divergence": 3.107175142828781,
    "Euclidean Dist.": 0.29737998181849556,
    "WER": 0.7777777777777778,
    "CER": 0.656441717791411,
    "Cosine Dist.": 0.5101946335000461
  },
  "occ_eval_res": {
    "precision": 36.3636,
    "recall": 33.3333,
    "f-score": 34.7826
  },
  "clean_eval": {
    "f-score": 35.84905660377359,
    "precision": 38.38383838383838,
    "recall": 33.6283185840708,
    "tp": 76,
    "fp": 122,
    "fn": 150
  },
  "jaccard": [
    0.5949008498583569
  ],
  "braycurtis": [
    0.48258706467661694
  ],
  "dice": [
    0.42338709677419356
  ],
  "cosinus": [
    0.4724320982238289
  ]
}