{
  "voc_eval_res": {
    "precision": 47.619,
    "recall": 33.3333,
    "f-score": 39.2157
  },
  "KL_res": {
    "KL divergence": 4.202310167840102,
    "Euclidean Dist.": 0.24262760764541108,
    "WER": 0.71875,
    "CER": 0.3954802259887006,
    "Cosine Dist.": 0.46673521787990846
  },
  "occ_eval_res": {
    "precision": 45.4545,
    "recall": 31.25,
    "f-score": 37.037
  },
  "clean_eval": {
    "f-score": 58.1151832460733,
    "precision": 53.883495145631066,
    "recall": 63.06818181818182,
    "tp": 111,
    "fp": 95,
    "fn": 65
  },
  "jaccard": [
    0.5060240963855421
  ],
  "braycurtis": [
    0.34545454545454546
  ],
  "dice": [
    0.3387096774193548
  ],
  "cosinus": [
    0.22064545544242398
  ]
}