{
  "voc_eval_res": {
    "precision": 37.2093,
    "recall": 45.7143,
    "f-score": 41.0256
  },
  "KL_res": {
    "KL divergence": 2.732271036152219,
    "Euclidean Dist.": 0.1841049369516519,
    "WER": 1.0238095238095237,
    "CER": 0.6078431372549019,
    "Cosine Dist.": 0.3275126221180169
  },
  "occ_eval_res": {
    "precision": 37.037,
    "recall": 47.619,
    "f-score": 41.6667
  },
  "clean_eval": {
    "f-score": 26.78843226788432,
    "precision": 26.035502958579883,
    "recall": 27.586206896551722,
    "tp": 88,
    "fp": 250,
    "fn": 231
  },
  "jaccard": [
    0.4779582366589327
  ],
  "braycurtis": [
    0.33455882352941174
  ],
  "dice": [
    0.31402439024390244
  ],
  "cosinus": [
    0.21336992596562354
  ]
}