{
  "voc_eval_res": {
    "precision": 9.0909,
    "recall": 100.0,
    "f-score": 16.6667
  },
  "KL_res": {
    "KL divergence": 1.791133852985639,
    "Euclidean Dist.": 1.3173978860172215,
    "WER": 10.0,
    "CER": 4.909090909090909,
    "Cosine Dist.": 0.591751709536137
  },
  "occ_eval_res": {
    "precision": 9.0909,
    "recall": 100.0,
    "f-score": 16.6667
  },
  "clean_eval": {
    "f-score": 21.359223300970875,
    "precision": 78.57142857142857,
    "recall": 12.359550561797752,
    "tp": 11,
    "fp": 3,
    "fn": 78
  },
  "jaccard": [
    0.8416666666666667
  ],
  "braycurtis": [
    0.7625
  ],
  "dice": [
    0.7266187050359713
  ],
  "cosinus": [
    0.5283773445652971
  ]
}