{
  "voc_eval_res": {
    "precision": 13.0435,
    "recall": 20.0,
    "f-score": 15.7895
  },
  "KL_res": {
    "KL divergence": 6.0561880689814345,
    "Euclidean Dist.": 0.3046822114925648,
    "WER": 1.4375,
    "CER": 0.8207547169811321,
    "Cosine Dist.": 0.6460038372976056
  },
  "occ_eval_res": {
    "precision": 12.0,
    "recall": 18.75,
    "f-score": 14.6341
  },
  "clean_eval": {
    "f-score": 57.59493670886076,
    "precision": 56.52173913043478,
    "recall": 58.70967741935483,
    "tp": 91,
    "fp": 70,
    "fn": 64
  },
  "jaccard": [
    0.6956521739130435
  ],
  "braycurtis": [
    0.5317460317460317
  ],
  "dice": [
    0.5333333333333333
  ],
  "cosinus": [
    0.36544400517375786
  ]
}