{
  "voc_eval_res": {
    "precision": 23.8095,
    "recall": 27.7778,
    "f-score": 25.641
  },
  "KL_res": {
    "KL divergence": 4.491114127346644,
    "Euclidean Dist.": 0.2643730102113168,
    "WER": 1.0,
    "CER": 0.47619047619047616,
    "Cosine Dist.": 0.4747742685611097
  },
  "occ_eval_res": {
    "precision": 27.2727,
    "recall": 31.5789,
    "f-score": 29.2683
  },
  "clean_eval": {
    "f-score": 41.42011834319527,
    "precision": 46.05263157894737,
    "recall": 37.634408602150536,
    "tp": 70,
    "fp": 82,
    "fn": 116
  },
  "jaccard": [
    0.587248322147651
  ],
  "braycurtis": [
    0.4144486692015209
  ],
  "dice": [
    0.4156769596199525
  ],
  "cosinus": [
    0.31069885032210187
  ]
}