{
  "voc_eval_res": {
    "precision": 21.2121,
    "recall": 29.1667,
    "f-score": 24.5614
  },
  "KL_res": {
    "KL divergence": 4.126032698947296,
    "Euclidean Dist.": 0.22961769630201537,
    "WER": 1.1379310344827587,
    "CER": 0.8835616438356164,
    "Cosine Dist.": 0.4316419198443947
  },
  "occ_eval_res": {
    "precision": 24.3243,
    "recall": 31.0345,
    "f-score": 27.2727
  },
  "clean_eval": {
    "f-score": 17.93103448275862,
    "precision": 19.402985074626866,
    "recall": 16.666666666666664,
    "tp": 39,
    "fp": 162,
    "fn": 195
  },
  "jaccard": [
    0.6858638743455497
  ],
  "braycurtis": [
    0.5344352617079889
  ],
  "dice": [
    0.5219123505976095
  ],
  "cosinus": [
    0.3559515930069097
  ]
}