{
  "voc_eval_res": {
    "precision": 52.381,
    "recall": 50.0,
    "f-score": 51.1628
  },
  "KL_res": {
    "KL divergence": 2.5079265834775897,
    "Euclidean Dist.": 0.20888155939857542,
    "WER": 0.5714285714285714,
    "CER": 0.40131578947368424,
    "Cosine Dist.": 0.216304015074664
  },
  "occ_eval_res": {
    "precision": 57.6923,
    "recall": 53.5714,
    "f-score": 55.5556
  },
  "clean_eval": {
    "f-score": 60.30769230769231,
    "precision": 55.0561797752809,
    "recall": 66.66666666666666,
    "tp": 98,
    "fp": 80,
    "fn": 49
  },
  "jaccard": [
    0.5137931034482759
  ],
  "braycurtis": [
    0.3525641025641026
  ],
  "dice": [
    0.345707656612529
  ],
  "cosinus": [
    0.23925945858977782
  ]
}