{
  "voc_eval_res": {
    "precision": 40.0,
    "recall": 41.791,
    "f-score": 40.8759
  },
  "KL_res": {
    "KL divergence": 2.77761044110206,
    "Euclidean Dist.": 0.16089459618606303,
    "WER": 0.8585858585858586,
    "CER": 0.5945945945945946,
    "Cosine Dist.": 0.383804600844284
  },
  "occ_eval_res": {
    "precision": 39.0476,
    "recall": 41.4141,
    "f-score": 40.1961
  },
  "clean_eval": {
    "f-score": 15.467625899280577,
    "precision": 15.664845173041893,
    "recall": 15.2753108348135,
    "tp": 86,
    "fp": 463,
    "fn": 477
  },
  "jaccard": [
    0.5710455764075067
  ],
  "braycurtis": [
    0.3923524522028263
  ],
  "dice": [
    0.399624765478424
  ],
  "cosinus": [
    0.24888101679403352
  ]
}