{
  "voc_eval_res": {
    "precision": 22.2222,
    "recall": 50.0,
    "f-score": 30.7692
  },
  "KL_res": {
    "KL divergence": 2.993374851188949,
    "Euclidean Dist.": 0.5908771466803703,
    "WER": 1.4,
    "CER": 0.41509433962264153,
    "Cosine Dist.": 0.4777670321329066
  },
  "occ_eval_res": {
    "precision": 22.2222,
    "recall": 40.0,
    "f-score": 28.5714
  },
  "clean_eval": {
    "f-score": 77.16535433070865,
    "precision": 79.03225806451613,
    "recall": 75.38461538461539,
    "tp": 49,
    "fp": 13,
    "fn": 16
  },
  "jaccard": [
    0.6159420289855072
  ],
  "braycurtis": [
    0.41379310344827586
  ],
  "dice": [
    0.44502617801047123
  ],
  "cosinus": [
    0.31322978201401197
  ]
}