{
  "voc_eval_res": {
    "precision": 33.3333,
    "recall": 10.0,
    "f-score": 15.3846
  },
  "KL_res": {
    "KL divergence": 7.508927715552641,
    "Euclidean Dist.": 0.6489307444643928,
    "WER": 0.9,
    "CER": 0.7,
    "Cosine Dist.": 0.6984886554222365
  },
  "occ_eval_res": {
    "precision": 33.3333,
    "recall": 10.0,
    "f-score": 15.3846
  },
  "clean_eval": {
    "f-score": 41.53846153846153,
    "precision": 29.67032967032967,
    "recall": 69.23076923076923,
    "tp": 27,
    "fp": 64,
    "fn": 12
  },
  "jaccard": [
    0.8
  ],
  "braycurtis": [
    0.6966292134831461
  ],
  "dice": [
    0.6666666666666666
  ],
  "cosinus": [
    0.6268205714446297
  ]
}