{
  "voc_eval_res": {
    "precision": 31.8182,
    "recall": 36.8421,
    "f-score": 34.1463
  },
  "KL_res": {
    "KL divergence": 3.492753348547304,
    "Euclidean Dist.": 0.2634568727695746,
    "WER": 1.0,
    "CER": 0.7769230769230769,
    "Cosine Dist.": 0.4216447687457442
  },
  "occ_eval_res": {
    "precision": 32.0,
    "recall": 38.0952,
    "f-score": 34.7826
  },
  "clean_eval": {
    "f-score": 50.755287009063444,
    "precision": 48.275862068965516,
    "recall": 53.503184713375795,
    "tp": 84,
    "fp": 90,
    "fn": 73
  },
  "jaccard": [
    0.6254416961130742
  ],
  "braycurtis": [
    0.5
  ],
  "dice": [
    0.455012853470437
  ],
  "cosinus": [
    0.3847966773032805
  ]
}