{
  "voc_eval_res": {
    "precision": 48.3871,
    "recall": 50.0,
    "f-score": 49.1803
  },
  "KL_res": {
    "KL divergence": 2.514536491113629,
    "Euclidean Dist.": 0.22677345738809584,
    "WER": 0.8648648648648649,
    "CER": 0.4634146341463415,
    "Cosine Dist.": 0.3990014188597216
  },
  "occ_eval_res": {
    "precision": 42.2222,
    "recall": 51.3514,
    "f-score": 46.3415
  },
  "clean_eval": {
    "f-score": 38.17034700315457,
    "precision": 34.87031700288185,
    "recall": 42.1602787456446,
    "tp": 121,
    "fp": 226,
    "fn": 166
  },
  "jaccard": [
    0.45263157894736844
  ],
  "braycurtis": [
    0.3726235741444867
  ],
  "dice": [
    0.2925170068027211
  ],
  "cosinus": [
    0.5071542853036571
  ]
}