{
  "voc_eval_res": {
    "precision": 25.0,
    "recall": 20.0,
    "f-score": 22.2222
  },
  "KL_res": {
    "KL divergence": 6.568356491608415,
    "Euclidean Dist.": 0.5937171043518958,
    "WER": 0.8,
    "CER": 0.9090909090909091,
    "Cosine Dist.": 0.6348516283298893
  },
  "occ_eval_res": {
    "precision": 25.0,
    "recall": 20.0,
    "f-score": 22.2222
  },
  "clean_eval": {
    "f-score": 63.63636363636363,
    "precision": 73.68421052631578,
    "recall": 56.00000000000001,
    "tp": 28,
    "fp": 10,
    "fn": 22
  },
  "jaccard": [
    0.7894736842105263
  ],
  "braycurtis": [
    0.6595744680851063
  ],
  "dice": [
    0.6521739130434783
  ],
  "cosinus": [
    0.6527718676625915
  ]
}