{
  "voc_eval_res": {
    "precision": 18.1818,
    "recall": 26.087,
    "f-score": 21.4286
  },
  "KL_res": {
    "KL divergence": 5.583636775889702,
    "Euclidean Dist.": 0.28026100925412023,
    "WER": 1.1428571428571428,
    "CER": 0.940677966101695,
    "Cosine Dist.": 0.76
  },
  "occ_eval_res": {
    "precision": 16.6667,
    "recall": 21.4286,
    "f-score": 18.75
  },
  "clean_eval": {
    "f-score": 22.395833333333336,
    "precision": 28.289473684210524,
    "recall": 18.53448275862069,
    "tp": 43,
    "fp": 109,
    "fn": 189
  },
  "jaccard": [
    0.7178770949720671
  ],
  "braycurtis": [
    0.6070287539936102
  ],
  "dice": [
    0.5599128540305011
  ],
  "cosinus": [
    0.527660560421354
  ]
}