{
  "voc_eval_res": {
    "precision": 30.5556,
    "recall": 48.8889,
    "f-score": 37.6068
  },
  "KL_res": {
    "KL divergence": 2.8399689561152646,
    "Euclidean Dist.": 0.16882356412914126,
    "WER": 1.1818181818181819,
    "CER": 0.7597765363128491,
    "Cosine Dist.": 0.4416291181739822
  },
  "occ_eval_res": {
    "precision": 30.1205,
    "recall": 45.4545,
    "f-score": 36.2319
  },
  "clean_eval": {
    "f-score": 22.09821428571429,
    "precision": 27.73109243697479,
    "recall": 18.367346938775512,
    "tp": 99,
    "fp": 258,
    "fn": 440
  },
  "jaccard": [
    0.5054945054945055
  ],
  "braycurtis": [
    0.41444444444444445
  ],
  "dice": [
    0.3382352941176471
  ],
  "cosinus": [
    0.32090543758392787
  ]
}