{
  "voc_eval_res": {
    "precision": 33.3333,
    "recall": 52.381,
    "f-score": 40.7407
  },
  "KL_res": {
    "KL divergence": 2.6055429206849556,
    "Euclidean Dist.": 0.2208926762064893,
    "WER": 1.1935483870967742,
    "CER": 0.7368421052631579,
    "Cosine Dist.": 0.30272294875330485
  },
  "occ_eval_res": {
    "precision": 35.4167,
    "recall": 54.8387,
    "f-score": 43.038
  },
  "clean_eval": {
    "f-score": 41.58878504672898,
    "precision": 49.171270718232044,
    "recall": 36.032388663967616,
    "tp": 89,
    "fp": 92,
    "fn": 158
  },
  "jaccard": [
    0.6260387811634349
  ],
  "braycurtis": [
    0.4740740740740741
  ],
  "dice": [
    0.45564516129032256
  ],
  "cosinus": [
    0.37467423046770354
  ]
}