{
  "voc_eval_res": {
    "precision": 37.037,
    "recall": 55.5556,
    "f-score": 44.4444
  },
  "KL_res": {
    "KL divergence": 1.8634708179920245,
    "Euclidean Dist.": 0.22620135381808792,
    "WER": 0.8055555555555556,
    "CER": 0.41089108910891087,
    "Cosine Dist.": 0.19462930343648366
  },
  "occ_eval_res": {
    "precision": 43.75,
    "recall": 58.3333,
    "f-score": 50.0
  },
  "clean_eval": {
    "f-score": 41.31868131868132,
    "precision": 43.925233644859816,
    "recall": 39.004149377593365,
    "tp": 94,
    "fp": 120,
    "fn": 147
  },
  "jaccard": [
    0.44299674267100975
  ],
  "braycurtis": [
    0.29411764705882354
  ],
  "dice": [
    0.28451882845188287
  ],
  "cosinus": [
    0.19431627104503646
  ]
}