{
  "voc_eval_res": {
    "precision": 45.7143,
    "recall": 69.5652,
    "f-score": 55.1724
  },
  "KL_res": {
    "KL divergence": 1.7751462845332,
    "Euclidean Dist.": 0.22862811023065321,
    "WER": 1.3076923076923077,
    "CER": 0.6987951807228916,
    "Cosine Dist.": 0.3814419841456622
  },
  "occ_eval_res": {
    "precision": 37.5,
    "recall": 69.2308,
    "f-score": 48.6486
  },
  "clean_eval": {
    "f-score": 40.55944055944056,
    "precision": 43.5,
    "recall": 37.99126637554585,
    "tp": 87,
    "fp": 113,
    "fn": 142
  },
  "jaccard": [
    0.4932249322493225
  ],
  "braycurtis": [
    0.40503432494279173
  ],
  "dice": [
    0.3273381294964029
  ],
  "cosinus": [
    0.31339411591545263
  ]
}