{
  "voc_eval_res": {
    "precision": 30.7692,
    "recall": 33.3333,
    "f-score": 32.0
  },
  "KL_res": {
    "KL divergence": 4.695596700274198,
    "Euclidean Dist.": 0.25497702527850785,
    "WER": 0.9642857142857143,
    "CER": 0.6687898089171974,
    "Cosine Dist.": 0.595422610060661
  },
  "occ_eval_res": {
    "precision": 30.7692,
    "recall": 28.5714,
    "f-score": 29.6296
  },
  "clean_eval": {
    "f-score": 56.544502617801044,
    "precision": 57.14285714285714,
    "recall": 55.95854922279793,
    "tp": 108,
    "fp": 81,
    "fn": 85
  },
  "jaccard": [
    0.6044568245125348
  ],
  "braycurtis": [
    0.49258160237388726
  ],
  "dice": [
    0.43313373253493015
  ],
  "cosinus": [
    0.425494097311125
  ]
}