{
  "voc_eval_res": {
    "precision": 100.0,
    "recall": 66.6667,
    "f-score": 80.0
  },
  "KL_res": {
    "KL divergence": 1.9408171055553476,
    "Euclidean Dist.": 0.47140452079103173,
    "WER": 0.3333333333333333,
    "CER": 0.14285714285714285,
    "Cosine Dist.": 0.10557280900008414
  },
  "occ_eval_res": {
    "precision": 100.0,
    "recall": 66.6667,
    "f-score": 80.0
  },
  "clean_eval": {
    "f-score": 61.904761904761905,
    "precision": 48.148148148148145,
    "recall": 86.66666666666667,
    "tp": 13,
    "fp": 14,
    "fn": 2
  },
  "jaccard": [
    0.16666666666666666
  ],
  "braycurtis": [
    0.08695652173913043
  ],
  "dice": [
    0.09090909090909091
  ],
  "cosinus": [
    0.07704179300910241
  ]
}