{
  "voc_eval_res": {
    "precision": 21.4286,
    "recall": 60.0,
    "f-score": 31.5789
  },
  "KL_res": {
    "KL divergence": 2.9713532319443154,
    "Euclidean Dist.": 0.4850836241814185,
    "WER": 2.2,
    "CER": 2.185185185185185,
    "Cosine Dist.": 0.48550424457247354
  },
  "occ_eval_res": {
    "precision": 21.4286,
    "recall": 60.0,
    "f-score": 31.5789
  },
  "clean_eval": {
    "f-score": 39.16083916083916,
    "precision": 70.0,
    "recall": 27.184466019417474,
    "tp": 28,
    "fp": 12,
    "fn": 75
  },
  "jaccard": [
    0.8045977011494253
  ],
  "braycurtis": [
    0.7068965517241379
  ],
  "dice": [
    0.6730769230769231
  ],
  "cosinus": [
    0.6615149269948043
  ]
}