{
  "voc_eval_res": {
    "precision": 33.8235,
    "recall": 56.0976,
    "f-score": 42.2018
  },
  "KL_res": {
    "KL divergence": 2.1787860694519408,
    "Euclidean Dist.": 0.19366784399144915,
    "WER": 1.0416666666666667,
    "CER": 0.6343115124153499,
    "Cosine Dist.": 0.45732765296387334
  },
  "occ_eval_res": {
    "precision": 31.25,
    "recall": 41.6667,
    "f-score": 35.7143
  },
  "clean_eval": {
    "f-score": 7.113821138211382,
    "precision": 8.333333333333332,
    "recall": 6.205673758865248,
    "tp": 35,
    "fp": 385,
    "fn": 529
  },
  "jaccard": [
    0.5486577181208053
  ],
  "braycurtis": [
    0.4122137404580153
  ],
  "dice": [
    0.37803468208092483
  ],
  "cosinus": [
    0.2892365658711227
  ]
}