{
  "voc_eval_res": {
    "precision": 23.0769,
    "recall": 75.0,
    "f-score": 35.2941
  },
  "KL_res": {
    "KL divergence": 1.8769791886065763,
    "Euclidean Dist.": 0.6070590663676572,
    "WER": 2.0,
    "CER": 0.6415094339622641,
    "Cosine Dist.": 0.44529980377477096
  },
  "occ_eval_res": {
    "precision": 23.0769,
    "recall": 60.0,
    "f-score": 33.3333
  },
  "clean_eval": {
    "f-score": 67.6056338028169,
    "precision": 77.41935483870968,
    "recall": 60.0,
    "tp": 48,
    "fp": 14,
    "fn": 32
  },
  "jaccard": [
    0.5034013605442177
  ],
  "braycurtis": [
    0.3283582089552239
  ],
  "dice": [
    0.33636363636363636
  ],
  "cosinus": [
    0.24087440822785122
  ]
}