{
  "voc_eval_res": {
    "precision": 40.9091,
    "recall": 60.0,
    "f-score": 48.6486
  },
  "KL_res": {
    "KL divergence": 2.2194240319456555,
    "Euclidean Dist.": 0.279176145879503,
    "WER": 1.1578947368421053,
    "CER": 0.8782608695652174,
    "Cosine Dist.": 0.3625447416883233
  },
  "occ_eval_res": {
    "precision": 38.4615,
    "recall": 52.6316,
    "f-score": 44.4444
  },
  "clean_eval": {
    "f-score": 67.56756756756758,
    "precision": 72.99270072992701,
    "recall": 62.893081761006286,
    "tp": 100,
    "fp": 37,
    "fn": 59
  },
  "jaccard": [
    0.5652173913043478
  ],
  "braycurtis": [
    0.38741721854304634
  ],
  "dice": [
    0.3939393939393939
  ],
  "cosinus": [
    0.26901874220658195
  ]
}