{
  "voc_eval_res": {
    "precision": 52.1739,
    "recall": 54.5455,
    "f-score": 53.3333
  },
  "KL_res": {
    "KL divergence": 2.7207514697621695,
    "Euclidean Dist.": 0.2743065958418676,
    "WER": 0.7435897435897436,
    "CER": 0.5081967213114754,
    "Cosine Dist.": 0.40750723473583794
  },
  "occ_eval_res": {
    "precision": 46.875,
    "recall": 38.4615,
    "f-score": 42.2535
  },
  "clean_eval": {
    "f-score": 56.79611650485437,
    "precision": 48.75,
    "recall": 68.02325581395348,
    "tp": 117,
    "fp": 123,
    "fn": 55
  },
  "jaccard": [
    0.5089605734767025
  ],
  "braycurtis": [
    0.4154727793696275
  ],
  "dice": [
    0.34134615384615385
  ],
  "cosinus": [
    0.3490863763120783
  ]
}