{
  "voc_eval_res": {
    "precision": 65.9341,
    "recall": 71.4286,
    "f-score": 68.5714
  },
  "KL_res": {
    "KL divergence": 1.0575480698251882,
    "Euclidean Dist.": 0.09295215582796944,
    "WER": 0.4881889763779528,
    "CER": 0.18649045521292218,
    "Cosine Dist.": 0.12458393294943892
  },
  "occ_eval_res": {
    "precision": 67.8832,
    "recall": 73.2283,
    "f-score": 70.4545
  },
  "clean_eval": {
    "f-score": 64.19753086419753,
    "precision": 64.46280991735537,
    "recall": 63.934426229508205,
    "tp": 78,
    "fp": 43,
    "fn": 44
  },
  "jaccard": [
    0.3660606060606061
  ],
  "braycurtis": [
    0.20563961485557083
  ],
  "dice": [
    0.22403560830860533
  ],
  "cosinus": [
    0.0964867146593531
  ]
}