{
  "voc_eval_res": {
    "precision": 61.6667,
    "recall": 61.6667,
    "f-score": 61.6667
  },
  "KL_res": {
    "KL divergence": 1.7283943302993254,
    "Euclidean Dist.": 0.13490480556257903,
    "WER": 0.47761194029850745,
    "CER": 0.11528150134048257,
    "Cosine Dist.": 0.2712641763841178
  },
  "occ_eval_res": {
    "precision": 57.7465,
    "recall": 61.194,
    "f-score": 59.4203
  },
  "clean_eval": {
    "f-score": 56.69291338582677,
    "precision": 56.25,
    "recall": 57.14285714285714,
    "tp": 36,
    "fp": 28,
    "fn": 27
  },
  "jaccard": [
    0.41264559068219636
  ],
  "braycurtis": [
    0.25161290322580643
  ],
  "dice": [
    0.259958071278826
  ],
  "cosinus": [
    0.1336790982306837
  ]
}