{
  "voc_eval_res": {
    "precision": 52.381,
    "recall": 55.0,
    "f-score": 53.6585
  },
  "KL_res": {
    "KL divergence": 1.5172783917102963,
    "Euclidean Dist.": 0.09581066037101467,
    "WER": 0.6321243523316062,
    "CER": 0.34953271028037386,
    "Cosine Dist.": 0.18301886747601148
  },
  "occ_eval_res": {
    "precision": 57.2193,
    "recall": 55.4404,
    "f-score": 56.3158
  },
  "clean_eval": {
    "f-score": 50.0,
    "precision": 49.72677595628415,
    "recall": 50.27624309392266,
    "tp": 91,
    "fp": 92,
    "fn": 90
  },
  "jaccard": [
    0.4630113141862489
  ],
  "braycurtis": [
    0.25209343323049804
  ],
  "dice": [
    0.3012457531143828
  ],
  "cosinus": [
    0.08423036109274085
  ]
}