{
  "voc_eval_res": {
    "precision": 25.0,
    "recall": 25.0,
    "f-score": 25.0
  },
  "KL_res": {
    "KL divergence": 6.075589809008294,
    "Euclidean Dist.": 0.6123724356957945,
    "WER": 0.75,
    "CER": 0.32,
    "Cosine Dist.": 0.6
  },
  "occ_eval_res": {
    "precision": 25.0,
    "recall": 25.0,
    "f-score": 25.0
  },
  "clean_eval": {
    "f-score": 18.18181818181818,
    "precision": 16.666666666666664,
    "recall": 20.0,
    "tp": 1,
    "fp": 5,
    "fn": 4
  },
  "jaccard": [
    0.7710843373493976
  ],
  "braycurtis": [
    0.6363636363636364
  ],
  "dice": [
    0.6274509803921569
  ],
  "cosinus": [
    0.6249542152492037
  ]
}