{
  "voc_eval_res": {
    "precision": 64.8148,
    "recall": 63.6364,
    "f-score": 64.2202
  },
  "KL_res": {
    "KL divergence": 1.3994981602011287,
    "Euclidean Dist.": 0.11969443954758052,
    "WER": 0.39436619718309857,
    "CER": 0.1327683615819209,
    "Cosine Dist.": 0.1688732217449318
  },
  "occ_eval_res": {
    "precision": 68.75,
    "recall": 61.9718,
    "f-score": 65.1852
  },
  "clean_eval": {
    "f-score": 54.39999999999999,
    "precision": 51.515151515151516,
    "recall": 57.6271186440678,
    "tp": 34,
    "fp": 32,
    "fn": 25
  },
  "jaccard": [
    0.4273356401384083
  ],
  "braycurtis": [
    0.26861702127659576
  ],
  "dice": [
    0.2717271727172717
  ],
  "cosinus": [
    0.15122858201232536
  ]
}