{
  "voc_eval_res": {
    "precision": 74.0741,
    "recall": 75.0,
    "f-score": 74.5342
  },
  "KL_res": {
    "KL divergence": 0.8242842549752987,
    "Euclidean Dist.": 0.07663140793265252,
    "WER": 0.2818181818181818,
    "CER": 0.0673758865248227,
    "Cosine Dist.": 0.08131173079225495
  },
  "occ_eval_res": {
    "precision": 76.3158,
    "recall": 79.0909,
    "f-score": 77.6786
  },
  "clean_eval": {
    "f-score": 72.46376811594203,
    "precision": 72.11538461538461,
    "recall": 72.81553398058253,
    "tp": 75,
    "fp": 29,
    "fn": 28
  },
  "jaccard": [
    0.3031161473087819
  ],
  "braycurtis": [
    0.16218487394957984
  ],
  "dice": [
    0.17863105175292154
  ],
  "cosinus": [
    0.07930311698757386
  ]
}