{
  "voc_eval_res": {
    "precision": 41.6667,
    "recall": 47.619,
    "f-score": 44.4444
  },
  "KL_res": {
    "KL divergence": 3.03770461452567,
    "Euclidean Dist.": 0.2286204550038546,
    "WER": 0.6521739130434783,
    "CER": 0.11188811188811189,
    "Cosine Dist.": 0.3730843311784644
  },
  "occ_eval_res": {
    "precision": 42.3077,
    "recall": 47.8261,
    "f-score": 44.898
  },
  "clean_eval": {
    "f-score": 38.46153846153846,
    "precision": 40.0,
    "recall": 37.03703703703704,
    "tp": 10,
    "fp": 15,
    "fn": 17
  },
  "jaccard": [
    0.4702194357366771
  ],
  "braycurtis": [
    0.33114754098360655
  ],
  "dice": [
    0.3073770491803279
  ],
  "cosinus": [
    0.26697296572308715
  ]
}