{
  "voc_eval_res": {
    "precision": 65.625,
    "recall": 66.1417,
    "f-score": 65.8824
  },
  "KL_res": {
    "KL divergence": 0.9605807789923156,
    "Euclidean Dist.": 0.06688178374203824,
    "WER": 0.324468085106383,
    "CER": 0.078,
    "Cosine Dist.": 0.08282169370593484
  },
  "occ_eval_res": {
    "precision": 70.8333,
    "recall": 72.3404,
    "f-score": 71.5789
  },
  "clean_eval": {
    "f-score": 71.54471544715446,
    "precision": 70.96774193548387,
    "recall": 72.1311475409836,
    "tp": 132,
    "fp": 54,
    "fn": 51
  },
  "jaccard": [
    0.35838680109990834
  ],
  "braycurtis": [
    0.17251051893408134
  ],
  "dice": [
    0.21831379117811278
  ],
  "cosinus": [
    0.05425815551972035
  ]
}