{
  "voc_eval_res": {
    "precision": 55.4348,
    "recall": 60.7143,
    "f-score": 57.9545
  },
  "KL_res": {
    "KL divergence": 1.0781847103263742,
    "Euclidean Dist.": 0.10086020649717937,
    "WER": 0.756578947368421,
    "CER": 0.5687074829931973,
    "Cosine Dist.": 0.10331645787483057
  },
  "occ_eval_res": {
    "precision": 64.7887,
    "recall": 60.5263,
    "f-score": 62.585
  },
  "clean_eval": {
    "f-score": 39.55223880597015,
    "precision": 38.405797101449274,
    "recall": 40.76923076923077,
    "tp": 53,
    "fp": 85,
    "fn": 77
  },
  "jaccard": [
    0.4933481152993348
  ],
  "braycurtis": [
    0.312540192926045
  ],
  "dice": [
    0.3274466519499632
  ],
  "cosinus": [
    0.14055269236842993
  ]
}