{
  "voc_eval_res": {
    "precision": 23.0769,
    "recall": 60.0,
    "f-score": 33.3333
  },
  "KL_res": {
    "KL divergence": 2.797446359821481,
    "Euclidean Dist.": 0.35398604838182485,
    "WER": 2.2,
    "CER": 1.6896551724137931,
    "Cosine Dist.": 0.5256583509747431
  },
  "occ_eval_res": {
    "precision": 21.4286,
    "recall": 60.0,
    "f-score": 31.5789
  },
  "clean_eval": {
    "f-score": 23.25581395348837,
    "precision": 41.66666666666667,
    "recall": 16.129032258064516,
    "tp": 5,
    "fp": 7,
    "fn": 26
  },
  "jaccard": [
    0.7737003058103975
  ],
  "braycurtis": [
    0.675
  ],
  "dice": [
    0.6309226932668329
  ],
  "cosinus": [
    0.5821827516693147
  ]
}