{
  "voc_eval_res": {
    "precision": 62.9213,
    "recall": 63.6364,
    "f-score": 63.2768
  },
  "KL_res": {
    "KL divergence": 1.3234179069819896,
    "Euclidean Dist.": 0.09252321855249836,
    "WER": 0.4959349593495935,
    "CER": 0.24808575803981622,
    "Cosine Dist.": 0.12161389347646179
  },
  "occ_eval_res": {
    "precision": 70.0,
    "recall": 68.2927,
    "f-score": 69.1358
  },
  "clean_eval": {
    "f-score": 57.53424657534247,
    "precision": 57.27272727272727,
    "recall": 57.798165137614674,
    "tp": 63,
    "fp": 47,
    "fn": 46
  },
  "jaccard": [
    0.40559440559440557
  ],
  "braycurtis": [
    0.22730573710965868
  ],
  "dice": [
    0.2543859649122807
  ],
  "cosinus": [
    0.11821364022392089
  ]
}