{
  "voc_eval_res": {
    "precision": 63.9752,
    "recall": 65.1899,
    "f-score": 64.5768
  },
  "KL_res": {
    "KL divergence": 0.9167372961152062,
    "Euclidean Dist.": 0.06490844185688509,
    "WER": 0.4126984126984127,
    "CER": 0.1712789827973074,
    "Cosine Dist.": 0.06731356001255673
  },
  "occ_eval_res": {
    "precision": 69.5312,
    "recall": 70.6349,
    "f-score": 70.0787
  },
  "clean_eval": {
    "f-score": 60.96033402922756,
    "precision": 60.83333333333333,
    "recall": 61.08786610878661,
    "tp": 146,
    "fp": 94,
    "fn": 93
  },
  "jaccard": [
    0.3682611996962794
  ],
  "braycurtis": [
    0.20196009800490025
  ],
  "dice": [
    0.22568636575151232
  ],
  "cosinus": [
    0.07085832122206237
  ]
}