{
  "voc_eval_res": {
    "precision": 66.6667,
    "recall": 57.1429,
    "f-score": 61.5385
  },
  "KL_res": {
    "KL divergence": 2.5557666796655893,
    "Euclidean Dist.": 0.34830330567447126,
    "WER": 0.42857142857142855,
    "CER": 0.18421052631578946,
    "Cosine Dist.": 0.2372299286035262
  },
  "occ_eval_res": {
    "precision": 66.6667,
    "recall": 57.1429,
    "f-score": 61.5385
  },
  "clean_eval": {
    "f-score": 47.05882352941177,
    "precision": 36.36363636363637,
    "recall": 66.66666666666666,
    "tp": 4,
    "fp": 7,
    "fn": 2
  },
  "jaccard": [
    0.6379310344827587
  ],
  "braycurtis": [
    0.4691358024691358
  ],
  "dice": [
    0.46835443037974683
  ],
  "cosinus": [
    0.44626520006187775
  ]
}