{
  "voc_eval_res": {
    "precision": 69.6774,
    "recall": 71.0526,
    "f-score": 70.3583
  },
  "KL_res": {
    "KL divergence": 1.1411895947116908,
    "Euclidean Dist.": 0.10725867084963184,
    "WER": 0.38144329896907214,
    "CER": 0.11257817929117443,
    "Cosine Dist.": 0.2285311741051902
  },
  "occ_eval_res": {
    "precision": 69.3603,
    "recall": 70.7904,
    "f-score": 70.068
  },
  "clean_eval": {
    "f-score": 59.332023575638495,
    "precision": 60.4,
    "recall": 58.301158301158296,
    "tp": 151,
    "fp": 99,
    "fn": 108
  },
  "jaccard": [
    0.3742489270386266
  ],
  "braycurtis": [
    0.20930232558139536
  ],
  "dice": [
    0.23020063357972545
  ],
  "cosinus": [
    0.16229589185813476
  ]
}