{
  "voc_eval_res": {
    "precision": 69.3333,
    "recall": 71.2329,
    "f-score": 70.2703
  },
  "KL_res": {
    "KL divergence": 0.8614643858066093,
    "Euclidean Dist.": 0.07246282552948771,
    "WER": 0.26804123711340205,
    "CER": 0.061752988047808766,
    "Cosine Dist.": 0.06950791794566868
  },
  "occ_eval_res": {
    "precision": 75.5102,
    "recall": 76.2887,
    "f-score": 75.8974
  },
  "clean_eval": {
    "f-score": 73.36683417085426,
    "precision": 73.0,
    "recall": 73.73737373737373,
    "tp": 73,
    "fp": 27,
    "fn": 26
  },
  "jaccard": [
    0.2873900293255132
  ],
  "braycurtis": [
    0.14772727272727273
  ],
  "dice": [
    0.1678082191780822
  ],
  "cosinus": [
    0.05992850583401288
  ]
}