{
  "voc_eval_res": {
    "precision": 72.1519,
    "recall": 75.0,
    "f-score": 73.5484
  },
  "KL_res": {
    "KL divergence": 0.9413682298944464,
    "Euclidean Dist.": 0.10390376417577521,
    "WER": 0.30952380952380953,
    "CER": 0.08193979933110368,
    "Cosine Dist.": 0.12203657809454826
  },
  "occ_eval_res": {
    "precision": 76.8595,
    "recall": 73.8095,
    "f-score": 75.3036
  },
  "clean_eval": {
    "f-score": 69.81132075471697,
    "precision": 69.81132075471697,
    "recall": 69.81132075471697,
    "tp": 74,
    "fp": 32,
    "fn": 32
  },
  "jaccard": [
    0.3189033189033189
  ],
  "braycurtis": [
    0.20632411067193676
  ],
  "dice": [
    0.18969957081545064
  ],
  "cosinus": [
    0.1608378592349753
  ]
}