{
  "voc_eval_res": {
    "precision": 62.6437,
    "recall": 65.2695,
    "f-score": 63.9296
  },
  "KL_res": {
    "KL divergence": 0.8774980426610358,
    "Euclidean Dist.": 0.06855381264146243,
    "WER": 0.3764705882352941,
    "CER": 0.11891891891891893,
    "Cosine Dist.": 0.060174627378671075
  },
  "occ_eval_res": {
    "precision": 72.2388,
    "recall": 71.1765,
    "f-score": 71.7037
  },
  "clean_eval": {
    "f-score": 58.10593900481541,
    "precision": 57.64331210191082,
    "recall": 58.57605177993528,
    "tp": 181,
    "fp": 133,
    "fn": 128
  },
  "jaccard": [
    0.41455938697318007
  ],
  "braycurtis": [
    0.1961005933879627
  ],
  "dice": [
    0.2614789753504108
  ],
  "cosinus": [
    0.08520413017048267
  ]
}