{
  "voc_eval_res": {
    "precision": 50.0,
    "recall": 36.3636,
    "f-score": 42.1053
  },
  "KL_res": {
    "KL divergence": 4.178769782394332,
    "Euclidean Dist.": 0.3600677163126104,
    "WER": 0.7272727272727273,
    "CER": 0.6779661016949152,
    "Cosine Dist.": 0.40371520600005606
  },
  "occ_eval_res": {
    "precision": 50.0,
    "recall": 36.3636,
    "f-score": 42.1053
  },
  "clean_eval": {
    "f-score": 18.181818181818183,
    "precision": 15.384615384615385,
    "recall": 22.22222222222222,
    "tp": 2,
    "fp": 11,
    "fn": 7
  },
  "jaccard": [
    0.641860465116279
  ],
  "braycurtis": [
    0.46875
  ],
  "dice": [
    0.4726027397260274
  ],
  "cosinus": [
    0.4372989555534771
  ]
}