{
  "voc_eval_res": {
    "precision": 67.1875,
    "recall": 70.4918,
    "f-score": 68.8
  },
  "KL_res": {
    "KL divergence": 1.1765696623569615,
    "Euclidean Dist.": 0.12589053387392166,
    "WER": 0.3939393939393939,
    "CER": 0.13870246085011187,
    "Cosine Dist.": 0.1645021645021646
  },
  "occ_eval_res": {
    "precision": 69.0722,
    "recall": 67.6768,
    "f-score": 68.3673
  },
  "clean_eval": {
    "f-score": 58.89570552147239,
    "precision": 58.536585365853654,
    "recall": 59.25925925925925,
    "tp": 48,
    "fp": 34,
    "fn": 33
  },
  "jaccard": [
    0.40508474576271186
  ],
  "braycurtis": [
    0.2583682008368201
  ],
  "dice": [
    0.25398512221041447
  ],
  "cosinus": [
    0.18073795937717296
  ]
}