{
  "voc_eval_res": {
    "precision": 62.0253,
    "recall": 62.8205,
    "f-score": 62.4204
  },
  "KL_res": {
    "KL divergence": 1.5689769910952498,
    "Euclidean Dist.": 0.11614384428641164,
    "WER": 0.48148148148148145,
    "CER": 0.15073529411764705,
    "Cosine Dist.": 0.19907120029267733
  },
  "occ_eval_res": {
    "precision": 66.3265,
    "recall": 60.1852,
    "f-score": 63.1068
  },
  "clean_eval": {
    "f-score": 60.962566844919785,
    "precision": 60.0,
    "recall": 61.95652173913043,
    "tp": 57,
    "fp": 38,
    "fn": 35
  },
  "jaccard": [
    0.3956343792633015
  ],
  "braycurtis": [
    0.22634836427939875
  ],
  "dice": [
    0.2465986394557823
  ],
  "cosinus": [
    0.13937243842484626
  ]
}