{
  "voc_eval_res": {
    "precision": 57.554,
    "recall": 65.5738,
    "f-score": 61.3027
  },
  "KL_res": {
    "KL divergence": 1.2133601791840065,
    "Euclidean Dist.": 0.1151834652136144,
    "WER": 0.5355805243445693,
    "CER": 0.24518118735543562,
    "Cosine Dist.": 0.19178034566039193
  },
  "occ_eval_res": {
    "precision": 63.1579,
    "recall": 62.9213,
    "f-score": 63.0394
  },
  "clean_eval": {
    "f-score": 47.161572052401745,
    "precision": 47.368421052631575,
    "recall": 46.95652173913044,
    "tp": 108,
    "fp": 120,
    "fn": 122
  },
  "jaccard": [
    0.4263494967978042
  ],
  "braycurtis": [
    0.25493716337522443
  ],
  "dice": [
    0.2709302325581395
  ],
  "cosinus": [
    0.13990509102975912
  ]
}