{
  "voc_eval_res": {
    "precision": 72.4138,
    "recall": 72.4138,
    "f-score": 72.4138
  },
  "KL_res": {
    "KL divergence": 0.8560424568664408,
    "Euclidean Dist.": 0.06489406753253492,
    "WER": 0.3744292237442922,
    "CER": 0.17255892255892255,
    "Cosine Dist.": 0.08827711883982248
  },
  "occ_eval_res": {
    "precision": 76.1682,
    "recall": 74.4292,
    "f-score": 75.2887
  },
  "clean_eval": {
    "f-score": 58.59030837004406,
    "precision": 58.07860262008734,
    "recall": 59.111111111111114,
    "tp": 133,
    "fp": 96,
    "fn": 92
  },
  "jaccard": [
    0.38443935926773454
  ],
  "braycurtis": [
    0.20517629407351837
  ],
  "dice": [
    0.23796033994334279
  ],
  "cosinus": [
    0.08673368895176603
  ]
}