{
  "voc_eval_res": {
    "precision": 67.8571,
    "recall": 70.3704,
    "f-score": 69.0909
  },
  "KL_res": {
    "KL divergence": 1.294019101971723,
    "Euclidean Dist.": 0.12443290526766529,
    "WER": 0.3620689655172414,
    "CER": 0.09966216216216216,
    "Cosine Dist.": 0.23298000398130114
  },
  "occ_eval_res": {
    "precision": 68.1416,
    "recall": 66.3793,
    "f-score": 67.2489
  },
  "clean_eval": {
    "f-score": 61.53846153846153,
    "precision": 61.261261261261254,
    "recall": 61.81818181818181,
    "tp": 68,
    "fp": 43,
    "fn": 42
  },
  "jaccard": [
    0.33558863328822736
  ],
  "braycurtis": [
    0.2014162077104642
  ],
  "dice": [
    0.2016260162601626
  ],
  "cosinus": [
    0.09504905633128091
  ]
}