{
  "voc_eval_res": {
    "precision": 66.9725,
    "recall": 66.3636,
    "f-score": 66.6667
  },
  "KL_res": {
    "KL divergence": 1.058318794972333,
    "Euclidean Dist.": 0.07833127809542806,
    "WER": 0.40939597315436244,
    "CER": 0.13443396226415094,
    "Cosine Dist.": 0.11502790743057423
  },
  "occ_eval_res": {
    "precision": 67.7632,
    "recall": 69.1275,
    "f-score": 68.4385
  },
  "clean_eval": {
    "f-score": 67.36842105263159,
    "precision": 67.13286713286713,
    "recall": 67.6056338028169,
    "tp": 96,
    "fp": 47,
    "fn": 46
  },
  "jaccard": [
    0.34700665188470065
  ],
  "braycurtis": [
    0.17040875071963155
  ],
  "dice": [
    0.20992622401073105
  ],
  "cosinus": [
    0.05070837471886547
  ]
}