{
  "voc_eval_res": {
    "precision": 66.2651,
    "recall": 64.7059,
    "f-score": 65.4762
  },
  "KL_res": {
    "KL divergence": 1.252304706228211,
    "Euclidean Dist.": 0.0991797440471648,
    "WER": 0.41353383458646614,
    "CER": 0.1713091922005571,
    "Cosine Dist.": 0.12031091398209548
  },
  "occ_eval_res": {
    "precision": 69.1729,
    "recall": 69.1729,
    "f-score": 69.1729
  },
  "clean_eval": {
    "f-score": 66.39676113360323,
    "precision": 65.60000000000001,
    "recall": 67.21311475409836,
    "tp": 82,
    "fp": 43,
    "fn": 40
  },
  "jaccard": [
    0.35081148564294634
  ],
  "braycurtis": [
    0.22236929185969556
  ],
  "dice": [
    0.21271763815291445
  ],
  "cosinus": [
    0.13373323837738316
  ]
}