{
  "voc_eval_res": {
    "precision": 56.1404,
    "recall": 54.2373,
    "f-score": 55.1724
  },
  "KL_res": {
    "KL divergence": 1.936783447367731,
    "Euclidean Dist.": 0.1271826455567459,
    "WER": 0.48,
    "CER": 0.21010638297872342,
    "Cosine Dist.": 0.2403624677993662
  },
  "occ_eval_res": {
    "precision": 59.4203,
    "recall": 54.6667,
    "f-score": 56.9444
  },
  "clean_eval": {
    "f-score": 53.90070921985816,
    "precision": 52.77777777777778,
    "recall": 55.072463768115945,
    "tp": 38,
    "fp": 34,
    "fn": 31
  },
  "jaccard": [
    0.476027397260274
  ],
  "braycurtis": [
    0.28998699609882966
  ],
  "dice": [
    0.31235955056179776
  ],
  "cosinus": [
    0.12954242597731613
  ]
}