{
  "voc_eval_res": {
    "precision": 72.8571,
    "recall": 70.8333,
    "f-score": 71.831
  },
  "KL_res": {
    "KL divergence": 0.9780128669674435,
    "Euclidean Dist.": 0.08827486280239723,
    "WER": 0.44565217391304346,
    "CER": 0.21956087824351297,
    "Cosine Dist.": 0.11238163264913303
  },
  "occ_eval_res": {
    "precision": 73.0337,
    "recall": 70.6522,
    "f-score": 71.8232
  },
  "clean_eval": {
    "f-score": 55.36723163841807,
    "precision": 53.2608695652174,
    "recall": 57.647058823529406,
    "tp": 49,
    "fp": 43,
    "fn": 36
  },
  "jaccard": [
    0.393006993006993
  ],
  "braycurtis": [
    0.23084200567644275
  ],
  "dice": [
    0.24456048738033073
  ],
  "cosinus": [
    0.09804204170208763
  ]
}