{
  "voc_eval_res": {
    "precision": 50.289,
    "recall": 65.4135,
    "f-score": 56.8627
  },
  "KL_res": {
    "KL divergence": 1.0213407338039677,
    "Euclidean Dist.": 0.07082064145350257,
    "WER": 0.7619047619047619,
    "CER": 0.42805100182149364,
    "Cosine Dist.": 0.08714175720752204
  },
  "occ_eval_res": {
    "precision": 50.3731,
    "recall": 71.4286,
    "f-score": 59.081
  },
  "clean_eval": {
    "f-score": 54.004576659038904,
    "precision": 64.13043478260869,
    "recall": 46.6403162055336,
    "tp": 118,
    "fp": 66,
    "fn": 135
  },
  "jaccard": [
    0.4511400651465798
  ],
  "braycurtis": [
    0.29182582123758594
  ],
  "dice": [
    0.2912723449001052
  ],
  "cosinus": [
    0.06094303889476915
  ]
}