{
  "voc_eval_res": {
    "precision": 40.0,
    "recall": 40.0,
    "f-score": 40.0
  },
  "KL_res": {
    "KL divergence": 3.772709411214323,
    "Euclidean Dist.": 0.282842712474619,
    "WER": 0.6666666666666666,
    "CER": 0.24210526315789474,
    "Cosine Dist.": 0.4285714285714286
  },
  "occ_eval_res": {
    "precision": 40.0,
    "recall": 40.0,
    "f-score": 40.0
  },
  "clean_eval": {
    "f-score": 21.428571428571427,
    "precision": 20.0,
    "recall": 23.076923076923077,
    "tp": 3,
    "fp": 12,
    "fn": 10
  },
  "jaccard": [
    0.5852713178294574
  ],
  "braycurtis": [
    0.4090909090909091
  ],
  "dice": [
    0.4136986301369863
  ],
  "cosinus": [
    0.3576582968119292
  ]
}