{
  "voc_eval_res": {
    "precision": 58.2734,
    "recall": 63.2812,
    "f-score": 60.6742
  },
  "KL_res": {
    "KL divergence": 1.2376997876223947,
    "Euclidean Dist.": 0.10268644076967687,
    "WER": 0.43231441048034935,
    "CER": 0.12315698178664354,
    "Cosine Dist.": 0.19680752194429363
  },
  "occ_eval_res": {
    "precision": 65.3509,
    "recall": 65.0655,
    "f-score": 65.2079
  },
  "clean_eval": {
    "f-score": 56.17433414043583,
    "precision": 56.310679611650485,
    "recall": 56.038647342995176,
    "tp": 116,
    "fp": 90,
    "fn": 91
  },
  "jaccard": [
    0.3827375762859634
  ],
  "braycurtis": [
    0.24025457438345266
  ],
  "dice": [
    0.2366576819407008
  ],
  "cosinus": [
    0.14020570520983833
  ]
}