{
  "voc_eval_res": {
    "precision": 64.6667,
    "recall": 67.3611,
    "f-score": 65.9864
  },
  "KL_res": {
    "KL divergence": 0.8944606238226857,
    "Euclidean Dist.": 0.06402912715369084,
    "WER": 0.3786008230452675,
    "CER": 0.1238244514106583,
    "Cosine Dist.": 0.050215139447745805
  },
  "occ_eval_res": {
    "precision": 70.5645,
    "recall": 72.0165,
    "f-score": 71.2831
  },
  "clean_eval": {
    "f-score": 62.08425720620843,
    "precision": 61.67400881057269,
    "recall": 62.5,
    "tp": 140,
    "fp": 87,
    "fn": 84
  },
  "jaccard": [
    0.3716887417218543
  ],
  "braycurtis": [
    0.18242990654205607
  ],
  "dice": [
    0.228266395526182
  ],
  "cosinus": [
    0.04946391709954945
  ]
}