{
  "voc_eval_res": {
    "precision": 68.0851,
    "recall": 67.3684,
    "f-score": 67.7249
  },
  "KL_res": {
    "KL divergence": 1.1839997359318473,
    "Euclidean Dist.": 0.12707728854560404,
    "WER": 0.5822102425876011,
    "CER": 0.31461923290717064,
    "Cosine Dist.": 0.2425648785792558
  },
  "occ_eval_res": {
    "precision": 67.9666,
    "recall": 65.7682,
    "f-score": 66.8493
  },
  "clean_eval": {
    "f-score": 21.083455344070277,
    "precision": 21.114369501466275,
    "recall": 21.052631578947366,
    "tp": 72,
    "fp": 269,
    "fn": 270
  },
  "jaccard": [
    0.37155621742367834
  ],
  "braycurtis": [
    0.23054905022118136
  ],
  "dice": [
    0.22816643804298126
  ],
  "cosinus": [
    0.13991481954255458
  ]
}