{
  "voc_eval_res": {
    "precision": 73.4177,
    "recall": 74.359,
    "f-score": 73.8854
  },
  "KL_res": {
    "KL divergence": 1.11640333436904,
    "Euclidean Dist.": 0.10115215375045318,
    "WER": 0.5252525252525253,
    "CER": 0.3090551181102362,
    "Cosine Dist.": 0.14862705179605595
  },
  "occ_eval_res": {
    "precision": 75.5319,
    "recall": 71.7172,
    "f-score": 73.5751
  },
  "clean_eval": {
    "f-score": 54.117647058823536,
    "precision": 52.87356321839081,
    "recall": 55.42168674698795,
    "tp": 46,
    "fp": 41,
    "fn": 37
  },
  "jaccard": [
    0.3878116343490305
  ],
  "braycurtis": [
    0.2456778889899909
  ],
  "dice": [
    0.24054982817869416
  ],
  "cosinus": [
    0.17450545771867787
  ]
}