{
  "voc_eval_res": {
    "precision": 62.5806,
    "recall": 65.9864,
    "f-score": 64.2384
  },
  "KL_res": {
    "KL divergence": 0.8933931703000559,
    "Euclidean Dist.": 0.08925087757753067,
    "WER": 0.3970037453183521,
    "CER": 0.13909774436090225,
    "Cosine Dist.": 0.12610251245166515
  },
  "occ_eval_res": {
    "precision": 72.4528,
    "recall": 71.9101,
    "f-score": 72.1805
  },
  "clean_eval": {
    "f-score": 57.60649087221095,
    "precision": 57.48987854251012,
    "recall": 57.72357723577236,
    "tp": 142,
    "fp": 105,
    "fn": 104
  },
  "jaccard": [
    0.3661858974358974
  ],
  "braycurtis": [
    0.19901719901719903
  ],
  "dice": [
    0.22412947523295734
  ],
  "cosinus": [
    0.09185155251358035
  ]
}