{
  "voc_eval_res": {
    "precision": 31.5789,
    "recall": 66.6667,
    "f-score": 42.8571
  },
  "KL_res": {
    "KL divergence": 2.2055410826844195,
    "Euclidean Dist.": 0.32991443953692895,
    "WER": 1.6666666666666667,
    "CER": 0.9523809523809523,
    "Cosine Dist.": 0.35481772916359045
  },
  "occ_eval_res": {
    "precision": 28.5714,
    "recall": 66.6667,
    "f-score": 40.0
  },
  "clean_eval": {
    "f-score": 42.42424242424242,
    "precision": 58.333333333333336,
    "recall": 33.33333333333333,
    "tp": 7,
    "fp": 5,
    "fn": 14
  },
  "jaccard": [
    0.6716417910447762
  ],
  "braycurtis": [
    0.5458937198067633
  ],
  "dice": [
    0.5056179775280899
  ],
  "cosinus": [
    0.4861675059188515
  ]
}