{
  "voc_eval_res": {
    "precision": 73.3871,
    "recall": 75.2066,
    "f-score": 74.2857
  },
  "KL_res": {
    "KL divergence": 1.0716544368093122,
    "Euclidean Dist.": 0.08427193621591807,
    "WER": 0.3485714285714286,
    "CER": 0.10847107438016529,
    "Cosine Dist.": 0.1735986958840997
  },
  "occ_eval_res": {
    "precision": 73.6527,
    "recall": 70.2857,
    "f-score": 71.9298
  },
  "clean_eval": {
    "f-score": 64.07185628742515,
    "precision": 64.07185628742515,
    "recall": 64.07185628742515,
    "tp": 107,
    "fp": 60,
    "fn": 60
  },
  "jaccard": [
    0.38704318936877075
  ],
  "braycurtis": [
    0.22967863894139887
  ],
  "dice": [
    0.2399588053553038
  ],
  "cosinus": [
    0.13846436005922136
  ]
}