{
  "voc_eval_res": {
    "precision": 62.7451,
    "recall": 61.5385,
    "f-score": 62.1359
  },
  "KL_res": {
    "KL divergence": 1.7432193929733641,
    "Euclidean Dist.": 0.14177368392901893,
    "WER": 0.45161290322580644,
    "CER": 0.1076923076923077,
    "Cosine Dist.": 0.25724439890438167
  },
  "occ_eval_res": {
    "precision": 59.0909,
    "recall": 62.9032,
    "f-score": 60.9375
  },
  "clean_eval": {
    "f-score": 62.8099173553719,
    "precision": 61.29032258064516,
    "recall": 64.40677966101694,
    "tp": 38,
    "fp": 24,
    "fn": 21
  },
  "jaccard": [
    0.40892193308550184
  ],
  "braycurtis": [
    0.2261380323054332
  ],
  "dice": [
    0.2570093457943925
  ],
  "cosinus": [
    0.12085088528544485
  ]
}