{
  "voc_eval_res": {
    "precision": 66.9355,
    "recall": 69.7479,
    "f-score": 68.3128
  },
  "KL_res": {
    "KL divergence": 0.9034065006884902,
    "Euclidean Dist.": 0.06508658615690575,
    "WER": 0.3812154696132597,
    "CER": 0.1770091556459817,
    "Cosine Dist.": 0.08430852517091236
  },
  "occ_eval_res": {
    "precision": 72.5275,
    "recall": 72.9282,
    "f-score": 72.7273
  },
  "clean_eval": {
    "f-score": 64.63104325699746,
    "precision": 64.46700507614213,
    "recall": 64.79591836734694,
    "tp": 127,
    "fp": 70,
    "fn": 69
  },
  "jaccard": [
    0.3737957610789981
  ],
  "braycurtis": [
    0.20781032078103207
  ],
  "dice": [
    0.22985781990521326
  ],
  "cosinus": [
    0.06837066041107775
  ]
}