{
  "voc_eval_res": {
    "precision": 34.7826,
    "recall": 21.6216,
    "f-score": 26.6667
  },
  "KL_res": {
    "KL divergence": 4.601882860598486,
    "Euclidean Dist.": 0.24038098054971183,
    "WER": 0.8695652173913043,
    "CER": 0.6445497630331753,
    "Cosine Dist.": 0.4850833890784392
  },
  "occ_eval_res": {
    "precision": 37.037,
    "recall": 21.7391,
    "f-score": 27.3973
  },
  "clean_eval": {
    "f-score": 52.98329355608592,
    "precision": 43.7007874015748,
    "recall": 67.27272727272727,
    "tp": 111,
    "fp": 143,
    "fn": 54
  },
  "jaccard": [
    0.6539440203562341
  ],
  "braycurtis": [
    0.4894179894179894
  ],
  "dice": [
    0.48582230623818523
  ],
  "cosinus": [
    0.3758625417990118
  ]
}