{
  "voc_eval_res": {
    "precision": 56.25,
    "recall": 34.6154,
    "f-score": 42.8571
  },
  "KL_res": {
    "KL divergence": 3.607744846332708,
    "Euclidean Dist.": 0.24059394624030742,
    "WER": 0.6551724137931034,
    "CER": 0.3988439306358382,
    "Cosine Dist.": 0.3156467965670179
  },
  "occ_eval_res": {
    "precision": 58.8235,
    "recall": 34.4828,
    "f-score": 43.4783
  },
  "clean_eval": {
    "f-score": 56.375838926174495,
    "precision": 46.666666666666664,
    "recall": 71.1864406779661,
    "tp": 84,
    "fp": 96,
    "fn": 34
  },
  "jaccard": [
    0.44609665427509293
  ],
  "braycurtis": [
    0.3436426116838488
  ],
  "dice": [
    0.28708133971291866
  ],
  "cosinus": [
    0.19301451688222437
  ]
}