{
  "voc_eval_res": {
    "precision": 63.6364,
    "recall": 72.9167,
    "f-score": 67.9612
  },
  "KL_res": {
    "KL divergence": 1.5829216873033782,
    "Euclidean Dist.": 0.15711723533001226,
    "WER": 0.6949152542372882,
    "CER": 0.4931972789115646,
    "Cosine Dist.": 0.2781065088757395
  },
  "occ_eval_res": {
    "precision": 60.6061,
    "recall": 67.7966,
    "f-score": 64.0
  },
  "clean_eval": {
    "f-score": 33.77926421404682,
    "precision": 39.920948616600796,
    "recall": 29.275362318840582,
    "tp": 101,
    "fp": 152,
    "fn": 244
  },
  "jaccard": [
    0.3882113821138211
  ],
  "braycurtis": [
    0.2994350282485876
  ],
  "dice": [
    0.2408575031525851
  ],
  "cosinus": [
    0.21987044397123778
  ]
}