{
  "voc_eval_res": {
    "precision": 6.25,
    "recall": 14.2857,
    "f-score": 8.6957
  },
  "KL_res": {
    "KL divergence": 7.306833817067054,
    "Euclidean Dist.": 0.44040580196923296,
    "WER": 2.142857142857143,
    "CER": 2.9285714285714284,
    "Cosine Dist.": 0.8285014148574912
  },
  "occ_eval_res": {
    "precision": 6.25,
    "recall": 14.2857,
    "f-score": 8.6957
  },
  "clean_eval": {
    "f-score": 38.857142857142854,
    "precision": 68.0,
    "recall": 27.200000000000003,
    "tp": 34,
    "fp": 16,
    "fn": 91
  },
  "jaccard": [
    0.8511627906976744
  ],
  "braycurtis": [
    0.7724137931034483
  ],
  "dice": [
    0.7408906882591093
  ],
  "cosinus": [
    0.6520452961789631
  ]
}