{
  "voc_eval_res": {
    "precision": 10.0,
    "recall": 9.0909,
    "f-score": 9.5238
  },
  "KL_res": {
    "KL divergence": 7.737915854477865,
    "Euclidean Dist.": 0.43539191046972764,
    "WER": 1.0,
    "CER": 0.9047619047619048,
    "Cosine Dist.": 0.8619868881315291
  },
  "occ_eval_res": {
    "precision": 9.0909,
    "recall": 8.3333,
    "f-score": 8.6957
  },
  "clean_eval": {
    "f-score": 42.62295081967213,
    "precision": 34.21052631578947,
    "recall": 56.52173913043478,
    "tp": 26,
    "fp": 50,
    "fn": 20
  },
  "jaccard": [
    0.8010204081632653
  ],
  "braycurtis": [
    0.7062937062937062
  ],
  "dice": [
    0.6680851063829787
  ],
  "cosinus": [
    0.7128888774585608
  ]
}