{
  "voc_eval_res": {
    "precision": 55.9322,
    "recall": 68.75,
    "f-score": 61.6822
  },
  "KL_res": {
    "KL divergence": 1.6037669887945374,
    "Euclidean Dist.": 0.15704292526811292,
    "WER": 0.6307692307692307,
    "CER": 0.4431137724550898,
    "Cosine Dist.": 0.23906950266968996
  },
  "occ_eval_res": {
    "precision": 58.5714,
    "recall": 63.0769,
    "f-score": 60.7407
  },
  "clean_eval": {
    "f-score": 46.93877551020408,
    "precision": 45.24590163934426,
    "recall": 48.76325088339223,
    "tp": 138,
    "fp": 167,
    "fn": 145
  },
  "jaccard": [
    0.4163424124513619
  ],
  "braycurtis": [
    0.2917771883289125
  ],
  "dice": [
    0.2628992628992629
  ],
  "cosinus": [
    0.2008756115531083
  ]
}