{
  "voc_eval_res": {
    "precision": 33.3333,
    "recall": 36.0,
    "f-score": 34.6154
  },
  "KL_res": {
    "KL divergence": 4.5305792330126335,
    "Euclidean Dist.": 0.2537064816702257,
    "WER": 0.9,
    "CER": 0.7833333333333333,
    "Cosine Dist.": 0.5548680927402742
  },
  "occ_eval_res": {
    "precision": 29.0323,
    "recall": 30.0,
    "f-score": 29.5082
  },
  "clean_eval": {
    "f-score": 20.242914979757085,
    "precision": 22.321428571428573,
    "recall": 18.51851851851852,
    "tp": 50,
    "fp": 174,
    "fn": 220
  },
  "jaccard": [
    0.7384196185286104
  ],
  "braycurtis": [
    0.610738255033557
  ],
  "dice": [
    0.5853131749460043
  ],
  "cosinus": [
    0.5194867506212313
  ]
}