{
  "voc_eval_res": {
    "precision": 46.1538,
    "recall": 38.7097,
    "f-score": 42.1053
  },
  "KL_res": {
    "KL divergence": 3.390675599555739,
    "Euclidean Dist.": 0.21283924001893245,
    "WER": 0.8125,
    "CER": 0.5742574257425742,
    "Cosine Dist.": 0.4165400340084219
  },
  "occ_eval_res": {
    "precision": 42.8571,
    "recall": 37.5,
    "f-score": 40.0
  },
  "clean_eval": {
    "f-score": 48.45360824742268,
    "precision": 39.166666666666664,
    "recall": 63.51351351351351,
    "tp": 94,
    "fp": 146,
    "fn": 54
  },
  "jaccard": [
    0.5601023017902813
  ],
  "braycurtis": [
    0.3816793893129771
  ],
  "dice": [
    0.38898756660746003
  ],
  "cosinus": [
    0.21376136265233592
  ]
}