{
  "voc_eval_res": {
    "precision": 60.0,
    "recall": 56.25,
    "f-score": 58.0645
  },
  "KL_res": {
    "KL divergence": 1.908125567175651,
    "Euclidean Dist.": 0.13874288009429353,
    "WER": 0.6545454545454545,
    "CER": 0.4734848484848485,
    "Cosine Dist.": 0.24326675423493793
  },
  "occ_eval_res": {
    "precision": 60.0,
    "recall": 54.5455,
    "f-score": 57.1429
  },
  "clean_eval": {
    "f-score": 35.019455252918284,
    "precision": 32.25806451612903,
    "recall": 38.297872340425535,
    "tp": 90,
    "fp": 189,
    "fn": 145
  },
  "jaccard": [
    0.5170940170940171
  ],
  "braycurtis": [
    0.32717190388170053
  ],
  "dice": [
    0.34870317002881845
  ],
  "cosinus": [
    0.15955499210452728
  ]
}