{
  "voc_eval_res": {
    "precision": 50.0,
    "recall": 50.0,
    "f-score": 50.0
  },
  "KL_res": {
    "KL divergence": 3.24012943933869,
    "Euclidean Dist.": 0.408248290463863,
    "WER": 0.6666666666666666,
    "CER": 0.35135135135135137,
    "Cosine Dist.": 0.33333333333333337
  },
  "occ_eval_res": {
    "precision": 50.0,
    "recall": 50.0,
    "f-score": 50.0
  },
  "clean_eval": {
    "f-score": 75.72815533980582,
    "precision": 75.0,
    "recall": 76.47058823529412,
    "tp": 39,
    "fp": 13,
    "fn": 12
  },
  "jaccard": [
    0.4507042253521127
  ],
  "braycurtis": [
    0.3492063492063492
  ],
  "dice": [
    0.2909090909090909
  ],
  "cosinus": [
    0.30511770716603537
  ]
}