{
  "voc_eval_res": {
    "precision": 9.0909,
    "recall": 20.0,
    "f-score": 12.5
  },
  "KL_res": {
    "KL divergence": 6.303644603302132,
    "Euclidean Dist.": 0.3047768368396653,
    "WER": 1.9411764705882353,
    "CER": 1.913978494623656,
    "Cosine Dist.": 0.7565677522199261
  },
  "occ_eval_res": {
    "precision": 8.5714,
    "recall": 17.6471,
    "f-score": 11.5385
  },
  "clean_eval": {
    "f-score": 5.449591280653951,
    "precision": 8.849557522123893,
    "recall": 3.937007874015748,
    "tp": 10,
    "fp": 103,
    "fn": 244
  },
  "jaccard": [
    0.8401937046004843
  ],
  "braycurtis": [
    0.7151162790697675
  ],
  "dice": [
    0.7244258872651357
  ],
  "cosinus": [
    0.5376518218601735
  ]
}