{
  "voc_eval_res": {
    "precision": 65.6716,
    "recall": 74.5763,
    "f-score": 69.8413
  },
  "KL_res": {
    "KL divergence": 1.3556412520790404,
    "Euclidean Dist.": 0.13935499344836372,
    "WER": 0.5714285714285714,
    "CER": 0.3828125,
    "Cosine Dist.": 0.23802238771316175
  },
  "occ_eval_res": {
    "precision": 63.8554,
    "recall": 68.8312,
    "f-score": 66.25
  },
  "clean_eval": {
    "f-score": 37.04866562009419,
    "precision": 40.549828178694156,
    "recall": 34.104046242774565,
    "tp": 118,
    "fp": 173,
    "fn": 228
  },
  "jaccard": [
    0.3448275862068966
  ],
  "braycurtis": [
    0.2575928008998875
  ],
  "dice": [
    0.20833333333333334
  ],
  "cosinus": [
    0.18848155586307147
  ]
}