{
  "voc_eval_res": {
    "precision": 29.6296,
    "recall": 39.0244,
    "f-score": 33.6842
  },
  "KL_res": {
    "KL divergence": 3.541914848261995,
    "Euclidean Dist.": 0.1874872325543017,
    "WER": 1.0588235294117647,
    "CER": 0.8366533864541833,
    "Cosine Dist.": 0.49796261449449175
  },
  "occ_eval_res": {
    "precision": 29.3103,
    "recall": 33.3333,
    "f-score": 31.1927
  },
  "clean_eval": {
    "f-score": 17.0439414114514,
    "precision": 17.77777777777778,
    "recall": 16.36828644501279,
    "tp": 64,
    "fp": 296,
    "fn": 327
  },
  "jaccard": [
    0.6780238500851788
  ],
  "braycurtis": [
    0.5468483816013628
  ],
  "dice": [
    0.5128865979381443
  ],
  "cosinus": [
    0.412588908331069
  ]
}