{
  "voc_eval_res": {
    "precision": 35.7143,
    "recall": 45.4545,
    "f-score": 40.0
  },
  "KL_res": {
    "KL divergence": 2.316390278382257,
    "Euclidean Dist.": 0.2773329772077486,
    "WER": 0.8666666666666667,
    "CER": 0.5384615384615384,
    "Cosine Dist.": 0.19995567498680733
  },
  "occ_eval_res": {
    "precision": 44.4444,
    "recall": 53.3333,
    "f-score": 48.4848
  },
  "clean_eval": {
    "f-score": 69.1891891891892,
    "precision": 70.32967032967034,
    "recall": 68.08510638297872,
    "tp": 64,
    "fp": 27,
    "fn": 30
  },
  "jaccard": [
    0.43902439024390244
  ],
  "braycurtis": [
    0.34502923976608185
  ],
  "dice": [
    0.28125
  ],
  "cosinus": [
    0.22341061016152353
  ]
}