{
  "voc_eval_res": {
    "precision": 28.5714,
    "recall": 40.0,
    "f-score": 33.3333
  },
  "KL_res": {
    "KL divergence": 4.070497914666857,
    "Euclidean Dist.": 0.2742188250050911,
    "WER": 1.0571428571428572,
    "CER": 0.9371069182389937,
    "Cosine Dist.": 0.6178886484154992
  },
  "occ_eval_res": {
    "precision": 25.641,
    "recall": 28.5714,
    "f-score": 27.027
  },
  "clean_eval": {
    "f-score": 21.171171171171167,
    "precision": 22.274881516587676,
    "recall": 20.171673819742487,
    "tp": 47,
    "fp": 164,
    "fn": 186
  },
  "jaccard": [
    0.7213114754098361
  ],
  "braycurtis": [
    0.6395939086294417
  ],
  "dice": [
    0.5641025641025641
  ],
  "cosinus": [
    0.586856468074543
  ]
}