{
  "voc_eval_res": {
    "precision": 5.0,
    "recall": 14.2857,
    "f-score": 7.4074
  },
  "KL_res": {
    "KL divergence": 7.631537350399609,
    "Euclidean Dist.": 0.4499858274412197,
    "WER": 2.5,
    "CER": 2.9714285714285715,
    "Cosine Dist.": 0.8769085090206672
  },
  "occ_eval_res": {
    "precision": 4.7619,
    "recall": 12.5,
    "f-score": 6.8966
  },
  "clean_eval": {
    "f-score": 29.629629629629633,
    "precision": 71.7948717948718,
    "recall": 18.666666666666668,
    "tp": 28,
    "fp": 11,
    "fn": 122
  },
  "jaccard": [
    0.8541666666666666
  ],
  "braycurtis": [
    0.7880434782608695
  ],
  "dice": [
    0.7454545454545455
  ],
  "cosinus": [
    0.6811251185243836
  ]
}