{
  "voc_eval_res": {
    "precision": 23.8095,
    "recall": 37.037,
    "f-score": 28.9855
  },
  "KL_res": {
    "KL divergence": 4.311825679619713,
    "Euclidean Dist.": 0.24093820631718102,
    "WER": 1.121212121212121,
    "CER": 1.072289156626506,
    "Cosine Dist.": 0.625
  },
  "occ_eval_res": {
    "precision": 22.2222,
    "recall": 30.303,
    "f-score": 25.641
  },
  "clean_eval": {
    "f-score": 28.520499108734406,
    "precision": 34.04255319148936,
    "recall": 24.539877300613497,
    "tp": 80,
    "fp": 155,
    "fn": 246
  },
  "jaccard": [
    0.6775510204081633
  ],
  "braycurtis": [
    0.5555555555555556
  ],
  "dice": [
    0.5123456790123457
  ],
  "cosinus": [
    0.42549150492697263
  ]
}