{
  "voc_eval_res": {
    "precision": 14.2857,
    "recall": 60.0,
    "f-score": 23.0769
  },
  "KL_res": {
    "KL divergence": 2.550414086269282,
    "Euclidean Dist.": 0.5103629488343293,
    "WER": 4.166666666666667,
    "CER": 3.0,
    "Cosine Dist.": 0.40784347453620784
  },
  "occ_eval_res": {
    "precision": 13.7931,
    "recall": 66.6667,
    "f-score": 22.8571
  },
  "clean_eval": {
    "f-score": 21.42857142857143,
    "precision": 33.87096774193548,
    "recall": 15.671641791044777,
    "tp": 21,
    "fp": 41,
    "fn": 113
  },
  "jaccard": [
    0.7880184331797235
  ],
  "braycurtis": [
    0.6926829268292682
  ],
  "dice": [
    0.6501901140684411
  ],
  "cosinus": [
    0.508891542330659
  ]
}