{
  "voc_eval_res": {
    "precision": 45.4545,
    "recall": 62.5,
    "f-score": 52.6316
  },
  "KL_res": {
    "KL divergence": 1.4642829768853165,
    "Euclidean Dist.": 0.3077697552103231,
    "WER": 0.6666666666666666,
    "CER": 0.6271186440677966,
    "Cosine Dist.": 0.1618836450765062
  },
  "occ_eval_res": {
    "precision": 53.3333,
    "recall": 66.6667,
    "f-score": 59.2593
  },
  "clean_eval": {
    "f-score": 72.05882352941177,
    "precision": 74.24242424242425,
    "recall": 70.0,
    "tp": 49,
    "fp": 17,
    "fn": 21
  },
  "jaccard": [
    0.4791666666666667
  ],
  "braycurtis": [
    0.39436619718309857
  ],
  "dice": [
    0.3150684931506849
  ],
  "cosinus": [
    0.33474664497825035
  ]
}