{
  "voc_eval_res": {
    "precision": 23.913,
    "recall": 34.375,
    "f-score": 28.2051
  },
  "KL_res": {
    "KL divergence": 4.373134095432972,
    "Euclidean Dist.": 0.2881011709336498,
    "WER": 1.1403508771929824,
    "CER": 0.6536312849162011,
    "Cosine Dist.": 0.7459412699983838
  },
  "occ_eval_res": {
    "precision": 17.8082,
    "recall": 22.807,
    "f-score": 20.0
  },
  "clean_eval": {
    "f-score": 10.260586319218241,
    "precision": 11.130742049469964,
    "recall": 9.516616314199396,
    "tp": 63,
    "fp": 503,
    "fn": 599
  },
  "jaccard": [
    0.6326129666011788
  ],
  "braycurtis": [
    0.5131414267834794
  ],
  "dice": [
    0.46264367816091956
  ],
  "cosinus": [
    0.4101069639865873
  ]
}