{
  "voc_eval_res": {
    "precision": 62.963,
    "recall": 68.0,
    "f-score": 65.3846
  },
  "KL_res": {
    "KL divergence": 1.5640478303676053,
    "Euclidean Dist.": 0.1674604937748263,
    "WER": 0.625,
    "CER": 0.4764705882352941,
    "Cosine Dist.": 0.17124384905261636
  },
  "occ_eval_res": {
    "precision": 61.1111,
    "recall": 68.75,
    "f-score": 64.7059
  },
  "clean_eval": {
    "f-score": 43.373493975903614,
    "precision": 49.6551724137931,
    "recall": 38.50267379679144,
    "tp": 144,
    "fp": 146,
    "fn": 230
  },
  "jaccard": [
    0.43209876543209874
  ],
  "braycurtis": [
    0.3028720626631854
  ],
  "dice": [
    0.2755905511811024
  ],
  "cosinus": [
    0.17727817505972565
  ]
}