{
  "voc_eval_res": {
    "precision": 10.0,
    "recall": 40.0,
    "f-score": 16.0
  },
  "KL_res": {
    "KL divergence": 4.793514270711541,
    "Euclidean Dist.": 0.5049752469181039,
    "WER": 3.6,
    "CER": 3.0555555555555554,
    "Cosine Dist.": 0.6776708143898479
  },
  "occ_eval_res": {
    "precision": 10.0,
    "recall": 40.0,
    "f-score": 16.0
  },
  "clean_eval": {
    "f-score": 13.013698630136982,
    "precision": 30.64516129032258,
    "recall": 8.26086956521739,
    "tp": 19,
    "fp": 43,
    "fn": 211
  },
  "jaccard": [
    0.8214285714285714
  ],
  "braycurtis": [
    0.7727272727272727
  ],
  "dice": [
    0.696969696969697
  ],
  "cosinus": [
    0.6347282267973832
  ]
}