{
  "voc_eval_res": {
    "precision": 37.037,
    "recall": 45.4545,
    "f-score": 40.8163
  },
  "KL_res": {
    "KL divergence": 2.8442625273316686,
    "Euclidean Dist.": 0.2096313728906053,
    "WER": 0.75,
    "CER": 0.5142857142857142,
    "Cosine Dist.": 0.28334583861589724
  },
  "occ_eval_res": {
    "precision": 46.875,
    "recall": 46.875,
    "f-score": 46.875
  },
  "clean_eval": {
    "f-score": 20.129870129870135,
    "precision": 21.379310344827587,
    "recall": 19.018404907975462,
    "tp": 62,
    "fp": 228,
    "fn": 264
  },
  "jaccard": [
    0.5067567567567568
  ],
  "braycurtis": [
    0.33055555555555555
  ],
  "dice": [
    0.3393665158371041
  ],
  "cosinus": [
    0.2359423063499797
  ]
}