{
  "voc_eval_res": {
    "precision": 8.3333,
    "recall": 14.2857,
    "f-score": 10.5263
  },
  "KL_res": {
    "KL divergence": 7.001344172504231,
    "Euclidean Dist.": 0.33202869688560893,
    "WER": 1.375,
    "CER": 1.074468085106383,
    "Cosine Dist.": 0.8327515979985819
  },
  "occ_eval_res": {
    "precision": 8.3333,
    "recall": 12.5,
    "f-score": 10.0
  },
  "clean_eval": {
    "f-score": 17.032967032967033,
    "precision": 23.134328358208954,
    "recall": 13.478260869565217,
    "tp": 31,
    "fp": 103,
    "fn": 199
  },
  "jaccard": [
    0.8061538461538461
  ],
  "braycurtis": [
    0.6877470355731226
  ],
  "dice": [
    0.6752577319587629
  ],
  "cosinus": [
    0.6049968705238411
  ]
}