{
  "voc_eval_res": {
    "precision": 39.2857,
    "recall": 52.381,
    "f-score": 44.898
  },
  "KL_res": {
    "KL divergence": 2.8090902450099775,
    "Euclidean Dist.": 0.2367805577353604,
    "WER": 1.0,
    "CER": 0.44041450777202074,
    "Cosine Dist.": 0.42079983735111526
  },
  "occ_eval_res": {
    "precision": 36.3636,
    "recall": 52.1739,
    "f-score": 42.8571
  },
  "clean_eval": {
    "f-score": 33.793103448275865,
    "precision": 35.25179856115108,
    "recall": 32.450331125827816,
    "tp": 98,
    "fp": 180,
    "fn": 204
  },
  "jaccard": [
    0.4535211267605634
  ],
  "braycurtis": [
    0.31218274111675126
  ],
  "dice": [
    0.29326047358834245
  ],
  "cosinus": [
    0.23662458584222001
  ]
}