{
  "voc_eval_res": {
    "precision": 8.3333,
    "recall": 7.1429,
    "f-score": 7.6923
  },
  "KL_res": {
    "KL divergence": 7.679485293395086,
    "Euclidean Dist.": 0.3781519089111569,
    "WER": 0.9285714285714286,
    "CER": 0.6952380952380952,
    "Cosine Dist.": 0.8567770251921134
  },
  "occ_eval_res": {
    "precision": 8.3333,
    "recall": 7.1429,
    "f-score": 7.6923
  },
  "clean_eval": {
    "f-score": 60.32786885245901,
    "precision": 54.11764705882353,
    "recall": 68.14814814814815,
    "tp": 92,
    "fp": 78,
    "fn": 43
  },
  "jaccard": [
    0.7053941908713693
  ],
  "braycurtis": [
    0.5851063829787234
  ],
  "dice": [
    0.5448717948717948
  ],
  "cosinus": [
    0.4842153542503591
  ]
}