{
  "voc_eval_res": {
    "precision": 37.5,
    "recall": 37.5,
    "f-score": 37.5
  },
  "KL_res": {
    "KL divergence": 4.2874482948695185,
    "Euclidean Dist.": 0.39528470752104744,
    "WER": 1.0,
    "CER": 1.0303030303030303,
    "Cosine Dist.": 0.4545454545454546
  },
  "occ_eval_res": {
    "precision": 37.5,
    "recall": 37.5,
    "f-score": 37.5
  },
  "clean_eval": {
    "f-score": 62.16216216216216,
    "precision": 74.19354838709677,
    "recall": 53.48837209302325,
    "tp": 46,
    "fp": 16,
    "fn": 40
  },
  "jaccard": [
    0.7043478260869566
  ],
  "braycurtis": [
    0.5584415584415584
  ],
  "dice": [
    0.5436241610738255
  ],
  "cosinus": [
    0.5337686524626812
  ]
}