{
  "voc_eval_res": {
    "precision": 57.1429,
    "recall": 66.6667,
    "f-score": 61.5385
  },
  "KL_res": {
    "KL divergence": 1.80490040205108,
    "Euclidean Dist.": 0.21048822533735959,
    "WER": 0.5833333333333334,
    "CER": 0.3779527559055118,
    "Cosine Dist.": 0.23019964108049906
  },
  "occ_eval_res": {
    "precision": 60.8696,
    "recall": 58.3333,
    "f-score": 59.5745
  },
  "clean_eval": {
    "f-score": 49.17355371900827,
    "precision": 49.17355371900827,
    "recall": 49.17355371900827,
    "tp": 119,
    "fp": 123,
    "fn": 123
  },
  "jaccard": [
    0.37327188940092165
  ],
  "braycurtis": [
    0.26506024096385544
  ],
  "dice": [
    0.22946175637393768
  ],
  "cosinus": [
    0.17793371552405812
  ]
}