{
  "voc_eval_res": {
    "precision": 33.3333,
    "recall": 50.0,
    "f-score": 40.0
  },
  "KL_res": {
    "KL divergence": 2.2074931703989877,
    "Euclidean Dist.": 0.5400617248673216,
    "WER": 0.6666666666666666,
    "CER": 0.3076923076923077,
    "Cosine Dist.": 0.1567259572884323
  },
  "occ_eval_res": {
    "precision": 50.0,
    "recall": 66.6667,
    "f-score": 57.1429
  },
  "clean_eval": {
    "f-score": 80.51948051948051,
    "precision": 81.57894736842105,
    "recall": 79.48717948717949,
    "tp": 31,
    "fp": 7,
    "fn": 8
  },
  "jaccard": [
    0.22
  ],
  "braycurtis": [
    0.14285714285714285
  ],
  "dice": [
    0.12359550561797752
  ],
  "cosinus": [
    0.08787655093927604
  ]
}