{
  "voc_eval_res": {
    "precision": 42.3077,
    "recall": 52.381,
    "f-score": 46.8085
  },
  "KL_res": {
    "KL divergence": 2.046195298148575,
    "Euclidean Dist.": 0.20663898011395412,
    "WER": 0.7058823529411765,
    "CER": 0.6,
    "Cosine Dist.": 0.17678264575674374
  },
  "occ_eval_res": {
    "precision": 51.4286,
    "recall": 52.9412,
    "f-score": 52.1739
  },
  "clean_eval": {
    "f-score": 18.471337579617835,
    "precision": 20.863309352517987,
    "recall": 16.57142857142857,
    "tp": 58,
    "fp": 220,
    "fn": 292
  },
  "jaccard": [
    0.5414012738853503
  ],
  "braycurtis": [
    0.4005305039787798
  ],
  "dice": [
    0.37117903930131
  ],
  "cosinus": [
    0.23221474319858915
  ]
}