{
  "voc_eval_res": {
    "precision": 36.3636,
    "recall": 53.3333,
    "f-score": 43.2432
  },
  "KL_res": {
    "KL divergence": 3.0339900610662927,
    "Euclidean Dist.": 0.32840925489591705,
    "WER": 1.5789473684210527,
    "CER": 0.8490566037735849,
    "Cosine Dist.": 0.5368578144948055
  },
  "occ_eval_res": {
    "precision": 27.2727,
    "recall": 47.3684,
    "f-score": 34.6154
  },
  "clean_eval": {
    "f-score": 13.461538461538462,
    "precision": 15.217391304347828,
    "recall": 12.068965517241379,
    "tp": 35,
    "fp": 195,
    "fn": 255
  },
  "jaccard": [
    0.4795539033457249
  ],
  "braycurtis": [
    0.3267605633802817
  ],
  "dice": [
    0.3154034229828851
  ],
  "cosinus": [
    0.18874161334715245
  ]
}