{
  "voc_eval_res": {
    "precision": 30.7692,
    "recall": 47.0588,
    "f-score": 37.2093
  },
  "KL_res": {
    "KL divergence": 3.5846788265719622,
    "Euclidean Dist.": 0.37230513172814467,
    "WER": 1.6,
    "CER": 0.7446808510638298,
    "Cosine Dist.": 0.5577833612859469
  },
  "occ_eval_res": {
    "precision": 21.6667,
    "recall": 43.3333,
    "f-score": 28.8889
  },
  "clean_eval": {
    "f-score": 26.42487046632125,
    "precision": 30.17751479289941,
    "recall": 23.502304147465438,
    "tp": 102,
    "fp": 236,
    "fn": 332
  },
  "jaccard": [
    0.5780730897009967
  ],
  "braycurtis": [
    0.4853801169590643
  ],
  "dice": [
    0.40654205607476634
  ],
  "cosinus": [
    0.4382159062864802
  ]
}