{
  "voc_eval_res": {
    "precision": 63.3333,
    "recall": 48.7179,
    "f-score": 55.0725
  },
  "KL_res": {
    "KL divergence": 2.5463293611882554,
    "Euclidean Dist.": 0.16751730667960876,
    "WER": 0.5454545454545454,
    "CER": 0.36363636363636365,
    "Cosine Dist.": 0.26475598166771697
  },
  "occ_eval_res": {
    "precision": 65.625,
    "recall": 47.7273,
    "f-score": 55.2632
  },
  "clean_eval": {
    "f-score": 21.782178217821784,
    "precision": 18.72340425531915,
    "recall": 26.035502958579883,
    "tp": 88,
    "fp": 382,
    "fn": 250
  },
  "jaccard": [
    0.4400977995110024
  ],
  "braycurtis": [
    0.314453125
  ],
  "dice": [
    0.28213166144200624
  ],
  "cosinus": [
    0.17495543831602867
  ]
}