{
  "voc_eval_res": {
    "precision": 23.6842,
    "recall": 64.2857,
    "f-score": 34.6154
  },
  "KL_res": {
    "KL divergence": 1.9788108767170458,
    "Euclidean Dist.": 0.34155833755482584,
    "WER": 2.1052631578947367,
    "CER": 1.06993006993007,
    "Cosine Dist.": 0.4889536372502733
  },
  "occ_eval_res": {
    "precision": 22.9167,
    "recall": 57.8947,
    "f-score": 32.8358
  },
  "clean_eval": {
    "f-score": 23.926380368098158,
    "precision": 32.231404958677686,
    "recall": 19.024390243902438,
    "tp": 78,
    "fp": 164,
    "fn": 332
  },
  "jaccard": [
    0.5865102639296188
  ],
  "braycurtis": [
    0.4449877750611247
  ],
  "dice": [
    0.4149377593360996
  ],
  "cosinus": [
    0.3343768479687341
  ]
}