{
  "voc_eval_res": {
    "precision": 53.3333,
    "recall": 55.1724,
    "f-score": 54.2373
  },
  "KL_res": {
    "KL divergence": 2.0253481608964816,
    "Euclidean Dist.": 0.18924309690583788,
    "WER": 0.7368421052631579,
    "CER": 0.5329949238578681,
    "Cosine Dist.": 0.18121377764461133
  },
  "occ_eval_res": {
    "precision": 51.1628,
    "recall": 57.8947,
    "f-score": 54.321
  },
  "clean_eval": {
    "f-score": 8.430232558139535,
    "precision": 9.235668789808917,
    "recall": 7.754010695187167,
    "tp": 29,
    "fp": 285,
    "fn": 345
  },
  "jaccard": [
    0.5163043478260869
  ],
  "braycurtis": [
    0.3619047619047619
  ],
  "dice": [
    0.34798534798534797
  ],
  "cosinus": [
    0.22781272187482793
  ]
}