{
  "voc_eval_res": {
    "precision": 16.6667,
    "recall": 100.0,
    "f-score": 28.5714
  },
  "KL_res": {
    "KL divergence": 1.2524501528666367,
    "Euclidean Dist.": 1.2360330811826106,
    "WER": 5.0,
    "CER": 7.0,
    "Cosine Dist.": 0.4654775161751513
  },
  "occ_eval_res": {
    "precision": 16.6667,
    "recall": 100.0,
    "f-score": 28.5714
  },
  "clean_eval": {
    "f-score": 36.36363636363637,
    "precision": 85.71428571428571,
    "recall": 23.076923076923077,
    "tp": 12,
    "fp": 2,
    "fn": 40
  },
  "jaccard": [
    0.9027777777777778
  ],
  "braycurtis": [
    0.8333333333333334
  ],
  "dice": [
    0.8227848101265823
  ],
  "cosinus": [
    0.675823640610757
  ]
}