{
  "voc_eval_res": {
    "precision": 40.7407,
    "recall": 50.0,
    "f-score": 44.898
  },
  "KL_res": {
    "KL divergence": 1.923337914378436,
    "Euclidean Dist.": 0.1628951270200135,
    "WER": 0.71875,
    "CER": 0.5094339622641509,
    "Cosine Dist.": 0.11258057970696445
  },
  "occ_eval_res": {
    "precision": 54.0541,
    "recall": 62.5,
    "f-score": 57.971
  },
  "clean_eval": {
    "f-score": 26.737967914438503,
    "precision": 30.67484662576687,
    "recall": 23.696682464454977,
    "tp": 100,
    "fp": 226,
    "fn": 322
  },
  "jaccard": [
    0.5484848484848485
  ],
  "braycurtis": [
    0.2854251012145749
  ],
  "dice": [
    0.3778705636743215
  ],
  "cosinus": [
    0.10074307538870819
  ]
}