{
  "voc_eval_res": {
    "precision": 55.5556,
    "recall": 71.4286,
    "f-score": 62.5
  },
  "KL_res": {
    "KL divergence": 1.1349775505693005,
    "Euclidean Dist.": 0.1434344886054413,
    "WER": 0.7142857142857143,
    "CER": 0.5281385281385281,
    "Cosine Dist.": 0.13227816872537546
  },
  "occ_eval_res": {
    "precision": 59.0909,
    "recall": 74.2857,
    "f-score": 65.8228
  },
  "clean_eval": {
    "f-score": 7.416563658838071,
    "precision": 8.02139037433155,
    "recall": 6.896551724137931,
    "tp": 30,
    "fp": 344,
    "fn": 405
  },
  "jaccard": [
    0.4430992736077482
  ],
  "braycurtis": [
    0.2977941176470588
  ],
  "dice": [
    0.2846034214618974
  ],
  "cosinus": [
    0.13804457445713847
  ]
}