{
  "voc_eval_res": {
    "precision": 23.0769,
    "recall": 17.6471,
    "f-score": 20.0
  },
  "KL_res": {
    "KL divergence": 6.906368727206586,
    "Euclidean Dist.": 0.3894857235671038,
    "WER": 0.9583333333333334,
    "CER": 0.6403508771929824,
    "Cosine Dist.": 0.7977400412610274
  },
  "occ_eval_res": {
    "precision": 23.0769,
    "recall": 12.5,
    "f-score": 16.2162
  },
  "clean_eval": {
    "f-score": 65.18987341772151,
    "precision": 60.588235294117645,
    "recall": 70.54794520547945,
    "tp": 103,
    "fp": 67,
    "fn": 43
  },
  "jaccard": [
    0.6320346320346321
  ],
  "braycurtis": [
    0.539906103286385
  ],
  "dice": [
    0.4620253164556962
  ],
  "cosinus": [
    0.5382939312056176
  ]
}