{
  "voc_eval_res": {
    "precision": 9.0909,
    "recall": 11.1111,
    "f-score": 10.0
  },
  "KL_res": {
    "KL divergence": 7.472834484482515,
    "Euclidean Dist.": 0.4268797294770796,
    "WER": 1.2222222222222223,
    "CER": 0.7241379310344828,
    "Cosine Dist.": 0.8174258141649446
  },
  "occ_eval_res": {
    "precision": 9.0909,
    "recall": 11.1111,
    "f-score": 10.0
  },
  "clean_eval": {
    "f-score": 62.7906976744186,
    "precision": 62.7906976744186,
    "recall": 62.7906976744186,
    "tp": 54,
    "fp": 32,
    "fn": 32
  },
  "jaccard": [
    0.8409090909090909
  ],
  "braycurtis": [
    0.7155172413793104
  ],
  "dice": [
    0.7254901960784313
  ],
  "cosinus": [
    0.6195855451563245
  ]
}