{
  "voc_eval_res": {
    "precision": 59.0909,
    "recall": 59.0909,
    "f-score": 59.0909
  },
  "KL_res": {
    "KL divergence": 2.21379833362616,
    "Euclidean Dist.": 0.19481166751840673,
    "WER": 0.5416666666666666,
    "CER": 0.33974358974358976,
    "Cosine Dist.": 0.24658942504318193
  },
  "occ_eval_res": {
    "precision": 60.8696,
    "recall": 58.3333,
    "f-score": 59.5745
  },
  "clean_eval": {
    "f-score": 6.985294117647061,
    "precision": 6.83453237410072,
    "recall": 7.142857142857142,
    "tp": 19,
    "fp": 259,
    "fn": 247
  },
  "jaccard": [
    0.4384057971014493
  ],
  "braycurtis": [
    0.27129337539432175
  ],
  "dice": [
    0.28074245939675174
  ],
  "cosinus": [
    0.15872128307209088
  ]
}