{
  "voc_eval_res": {
    "precision": 50.0,
    "recall": 50.0,
    "f-score": 50.0
  },
  "KL_res": {
    "KL divergence": 1.3839753838162656,
    "Euclidean Dist.": 0.1882333860510281,
    "WER": 0.5897435897435898,
    "CER": 0.38095238095238093,
    "Cosine Dist.": 0.12903061957902728
  },
  "occ_eval_res": {
    "precision": 64.5161,
    "recall": 51.2821,
    "f-score": 57.1429
  },
  "clean_eval": {
    "f-score": 17.429837518463813,
    "precision": 16.298342541436465,
    "recall": 18.73015873015873,
    "tp": 59,
    "fp": 303,
    "fn": 256
  },
  "jaccard": [
    0.5807560137457045
  ],
  "braycurtis": [
    0.33240997229916897
  ],
  "dice": [
    0.4092009685230024
  ],
  "cosinus": [
    0.15252948577613434
  ]
}