{
  "voc_eval_res": {
    "precision": 43.3333,
    "recall": 52.0,
    "f-score": 47.2727
  },
  "KL_res": {
    "KL divergence": 1.7254938982821961,
    "Euclidean Dist.": 0.17478755883355426,
    "WER": 0.7368421052631579,
    "CER": 0.6467391304347826,
    "Cosine Dist.": 0.1440444330107239
  },
  "occ_eval_res": {
    "precision": 53.4884,
    "recall": 60.5263,
    "f-score": 56.7901
  },
  "clean_eval": {
    "f-score": 7.327001356852102,
    "precision": 7.988165680473373,
    "recall": 6.7669172932330826,
    "tp": 27,
    "fp": 311,
    "fn": 372
  },
  "jaccard": [
    0.5472222222222223
  ],
  "braycurtis": [
    0.3783783783783784
  ],
  "dice": [
    0.37667304015296366
  ],
  "cosinus": [
    0.16745495320346637
  ]
}