{
  "voc_eval_res": {
    "precision": 55.1724,
    "recall": 76.1905,
    "f-score": 64.0
  },
  "KL_res": {
    "KL divergence": 1.2277413564660813,
    "Euclidean Dist.": 0.1756534594629783,
    "WER": 0.7272727272727273,
    "CER": 0.48125,
    "Cosine Dist.": 0.1920428367532232
  },
  "occ_eval_res": {
    "precision": 54.8387,
    "recall": 77.2727,
    "f-score": 64.1509
  },
  "clean_eval": {
    "f-score": 48.275862068965516,
    "precision": 57.85123966942148,
    "recall": 41.42011834319527,
    "tp": 140,
    "fp": 102,
    "fn": 198
  },
  "jaccard": [
    0.43962848297213625
  ],
  "braycurtis": [
    0.27034120734908135
  ],
  "dice": [
    0.28174603174603174
  ],
  "cosinus": [
    0.10717763364845467
  ]
}