{
  "voc_eval_res": {
    "precision": 31.5789,
    "recall": 50.0,
    "f-score": 38.7097
  },
  "KL_res": {
    "KL divergence": 2.5848534637379137,
    "Euclidean Dist.": 0.2756151643521482,
    "WER": 1.0714285714285714,
    "CER": 1.0547945205479452,
    "Cosine Dist.": 0.25005978239218773
  },
  "occ_eval_res": {
    "precision": 38.0952,
    "recall": 57.1429,
    "f-score": 45.7143
  },
  "clean_eval": {
    "f-score": 31.318681318681314,
    "precision": 36.075949367088604,
    "recall": 27.669902912621357,
    "tp": 57,
    "fp": 101,
    "fn": 149
  },
  "jaccard": [
    0.7149122807017544
  ],
  "braycurtis": [
    0.5073170731707317
  ],
  "dice": [
    0.5563139931740614
  ],
  "cosinus": [
    0.34563845485114686
  ]
}