{
  "voc_eval_res": {
    "precision": 44.8276,
    "recall": 41.9355,
    "f-score": 43.3333
  },
  "KL_res": {
    "KL divergence": 3.3517173122268633,
    "Euclidean Dist.": 0.202139026380754,
    "WER": 0.7647058823529411,
    "CER": 0.6079545454545454,
    "Cosine Dist.": 0.3789409965918813
  },
  "occ_eval_res": {
    "precision": 43.75,
    "recall": 41.1765,
    "f-score": 42.4242
  },
  "clean_eval": {
    "f-score": 22.29299363057325,
    "precision": 21.472392638036812,
    "recall": 23.178807947019866,
    "tp": 70,
    "fp": 256,
    "fn": 232
  },
  "jaccard": [
    0.6122448979591837
  ],
  "braycurtis": [
    0.43661971830985913
  ],
  "dice": [
    0.4411764705882353
  ],
  "cosinus": [
    0.29190928053177756
  ]
}