{
  "voc_eval_res": {
    "precision": 46.2963,
    "recall": 56.8182,
    "f-score": 51.0204
  },
  "KL_res": {
    "KL divergence": 2.0612722971091304,
    "Euclidean Dist.": 0.14302745148433507,
    "WER": 1.0151515151515151,
    "CER": 0.9033232628398792,
    "Cosine Dist.": 0.25768095290115556
  },
  "occ_eval_res": {
    "precision": 52.2388,
    "recall": 53.0303,
    "f-score": 52.6316
  },
  "clean_eval": {
    "f-score": 9.198813056379821,
    "precision": 10.299003322259136,
    "recall": 8.310991957104557,
    "tp": 62,
    "fp": 540,
    "fn": 684
  },
  "jaccard": [
    0.5563380281690141
  ],
  "braycurtis": [
    0.3905635648754915
  ],
  "dice": [
    0.3853658536585366
  ],
  "cosinus": [
    0.21398443610386075
  ]
}