{
  "voc_eval_res": {
    "precision": 57.8947,
    "recall": 56.4103,
    "f-score": 57.1429
  },
  "KL_res": {
    "KL divergence": 1.6073336545207837,
    "Euclidean Dist.": 0.17024600739238097,
    "WER": 0.9,
    "CER": 0.7222222222222222,
    "Cosine Dist.": 0.17275180326816797
  },
  "occ_eval_res": {
    "precision": 63.8298,
    "recall": 50.0,
    "f-score": 56.0748
  },
  "clean_eval": {
    "f-score": 11.888111888111888,
    "precision": 11.074918566775244,
    "recall": 12.830188679245284,
    "tp": 68,
    "fp": 546,
    "fn": 462
  },
  "jaccard": [
    0.5208747514910537
  ],
  "braycurtis": [
    0.3372093023255814
  ],
  "dice": [
    0.3521505376344086
  ],
  "cosinus": [
    0.17411190201918947
  ]
}