{
  "voc_eval_res": {
    "precision": 25.7576,
    "recall": 34.6939,
    "f-score": 29.5652
  },
  "KL_res": {
    "KL divergence": 2.944878330642893,
    "Euclidean Dist.": 0.18074768024572366,
    "WER": 0.8777777777777778,
    "CER": 0.5929203539823009,
    "Cosine Dist.": 0.29048481708913687
  },
  "occ_eval_res": {
    "precision": 33.6957,
    "recall": 34.4444,
    "f-score": 34.0659
  },
  "clean_eval": {
    "f-score": 6.83371298405467,
    "precision": 7.228915662650602,
    "recall": 6.479481641468683,
    "tp": 60,
    "fp": 770,
    "fn": 866
  },
  "jaccard": [
    0.6106060606060606
  ],
  "braycurtis": [
    0.38187976291278575
  ],
  "dice": [
    0.4394765539803708
  ],
  "cosinus": [
    0.16801685235285435
  ]
}