{
  "voc_eval_res": {
    "precision": 30.0,
    "recall": 27.2727,
    "f-score": 28.5714
  },
  "KL_res": {
    "KL divergence": 5.474708375695964,
    "Euclidean Dist.": 0.3847798793538399,
    "WER": 0.8333333333333334,
    "CER": 0.3150684931506849,
    "Cosine Dist.": 0.5963963236022127
  },
  "occ_eval_res": {
    "precision": 30.0,
    "recall": 25.0,
    "f-score": 27.2727
  },
  "clean_eval": {
    "f-score": 71.15384615384616,
    "precision": 75.51020408163265,
    "recall": 67.27272727272727,
    "tp": 74,
    "fp": 24,
    "fn": 36
  },
  "jaccard": [
    0.47398843930635837
  ],
  "braycurtis": [
    0.34615384615384615
  ],
  "dice": [
    0.3106060606060606
  ],
  "cosinus": [
    0.31168214946097395
  ]
}