{
  "voc_eval_res": {
    "precision": 33.3333,
    "recall": 18.1818,
    "f-score": 23.5294
  },
  "KL_res": {
    "KL divergence": 6.482577469852058,
    "Euclidean Dist.": 0.4714045207910317,
    "WER": 0.8333333333333334,
    "CER": 0.4,
    "Cosine Dist.": 0.6464466094067263
  },
  "occ_eval_res": {
    "precision": 33.3333,
    "recall": 16.6667,
    "f-score": 22.2222
  },
  "clean_eval": {
    "f-score": 57.50000000000001,
    "precision": 46.93877551020408,
    "recall": 74.19354838709677,
    "tp": 46,
    "fp": 52,
    "fn": 16
  },
  "jaccard": [
    0.5555555555555556
  ],
  "braycurtis": [
    0.416
  ],
  "dice": [
    0.38461538461538464
  ],
  "cosinus": [
    0.3408921469309125
  ]
}