{
  "voc_eval_res": {
    "precision": 0,
    "recall": 0,
    "f-score": 0
  },
  "KL_res": {
    "KL divergence": 9.566864516215192,
    "Euclidean Dist.": 1.0690449676496976,
    "WER": 1.0,
    "CER": 0.8857142857142857,
    "Cosine Dist.": 1.0
  },
  "occ_eval_res": {
    "precision": 0,
    "recall": 0,
    "f-score": 0
  },
  "clean_eval": {
    "f-score": 30.76923076923077,
    "precision": 19.607843137254903,
    "recall": 71.42857142857143,
    "tp": 10,
    "fp": 41,
    "fn": 4
  },
  "jaccard": [
    0.9876543209876543
  ],
  "braycurtis": [
    0.9767441860465116
  ],
  "dice": [
    0.975609756097561
  ],
  "cosinus": [
    0.9695568717226009
  ]
}