{
  "voc_eval_res": {
    "precision": 33.3333,
    "recall": 25.0,
    "f-score": 28.5714
  },
  "KL_res": {
    "KL divergence": 5.208245414118598,
    "Euclidean Dist.": 0.29814239699997197,
    "WER": 0.9047619047619048,
    "CER": 0.5966386554621849,
    "Cosine Dist.": 0.5774228726357417
  },
  "occ_eval_res": {
    "precision": 33.3333,
    "recall": 23.8095,
    "f-score": 27.7778
  },
  "clean_eval": {
    "f-score": 62.94117647058823,
    "precision": 55.154639175257735,
    "recall": 73.28767123287672,
    "tp": 107,
    "fp": 87,
    "fn": 39
  },
  "jaccard": [
    0.6614173228346457
  ],
  "braycurtis": [
    0.5023474178403756
  ],
  "dice": [
    0.49411764705882355
  ],
  "cosinus": [
    0.40590045766858607
  ]
}