{
  "voc_eval_res": {
    "precision": 32.1429,
    "recall": 50.0,
    "f-score": 39.1304
  },
  "KL_res": {
    "KL divergence": 1.9189424947514442,
    "Euclidean Dist.": 0.23872978278738372,
    "WER": 0.8076923076923077,
    "CER": 0.7194244604316546,
    "Cosine Dist.": 0.15243054341261342
  },
  "occ_eval_res": {
    "precision": 42.8571,
    "recall": 57.6923,
    "f-score": 49.1803
  },
  "clean_eval": {
    "f-score": 23.64864864864865,
    "precision": 27.559055118110237,
    "recall": 20.710059171597635,
    "tp": 70,
    "fp": 184,
    "fn": 268
  },
  "jaccard": [
    0.5666666666666667
  ],
  "braycurtis": [
    0.41002949852507375
  ],
  "dice": [
    0.3953488372093023
  ],
  "cosinus": [
    0.2163497298197442
  ]
}