{
  "voc_eval_res": {
    "precision": 57.1429,
    "recall": 40.0,
    "f-score": 47.0588
  },
  "KL_res": {
    "KL divergence": 2.9088619119853565,
    "Euclidean Dist.": 0.22740354666032445,
    "WER": 0.7027027027027027,
    "CER": 0.5829383886255924,
    "Cosine Dist.": 0.22622404550058173
  },
  "occ_eval_res": {
    "precision": 59.2593,
    "recall": 43.2432,
    "f-score": 50.0
  },
  "clean_eval": {
    "f-score": 28.965517241379313,
    "precision": 25.766871165644172,
    "recall": 33.07086614173229,
    "tp": 84,
    "fp": 242,
    "fn": 170
  },
  "jaccard": [
    0.5988372093023255
  ],
  "braycurtis": [
    0.4143646408839779
  ],
  "dice": [
    0.42738589211618255
  ],
  "cosinus": [
    0.2368506833240478
  ]
}