{
  "voc_eval_res": {
    "precision": 28.5714,
    "recall": 66.6667,
    "f-score": 40.0
  },
  "KL_res": {
    "KL divergence": 2.402091684331711,
    "Euclidean Dist.": 0.43969686527576396,
    "WER": 1.8333333333333333,
    "CER": 1.162162162162162,
    "Cosine Dist.": 0.44794755252611673
  },
  "occ_eval_res": {
    "precision": 26.6667,
    "recall": 66.6667,
    "f-score": 38.0952
  },
  "clean_eval": {
    "f-score": 51.81818181818183,
    "precision": 77.02702702702703,
    "recall": 39.04109589041096,
    "tp": 57,
    "fp": 17,
    "fn": 89
  },
  "jaccard": [
    0.6405228758169934
  ],
  "braycurtis": [
    0.5
  ],
  "dice": [
    0.47115384615384615
  ],
  "cosinus": [
    0.42452231512130123
  ]
}