{
  "voc_eval_res": {
    "precision": 16.6667,
    "recall": 14.2857,
    "f-score": 15.3846
  },
  "KL_res": {
    "KL divergence": 7.1566132819744706,
    "Euclidean Dist.": 0.5123198759845241,
    "WER": 0.8571428571428571,
    "CER": 0.7105263157894737,
    "Cosine Dist.": 0.7327387580875757
  },
  "occ_eval_res": {
    "precision": 16.6667,
    "recall": 14.2857,
    "f-score": 15.3846
  },
  "clean_eval": {
    "f-score": 64.70588235294117,
    "precision": 70.96774193548387,
    "recall": 59.45945945945946,
    "tp": 44,
    "fp": 18,
    "fn": 30
  },
  "jaccard": [
    0.8604651162790697
  ],
  "braycurtis": [
    0.7662337662337663
  ],
  "dice": [
    0.7551020408163265
  ],
  "cosinus": [
    0.7617527700360456
  ]
}