{
  "voc_eval_res": {
    "precision": 23.5294,
    "recall": 25.0,
    "f-score": 24.2424
  },
  "KL_res": {
    "KL divergence": 5.445412940100702,
    "Euclidean Dist.": 0.321342878674385,
    "WER": 1.0,
    "CER": 0.47572815533980584,
    "Cosine Dist.": 0.6370229956796862
  },
  "occ_eval_res": {
    "precision": 20.0,
    "recall": 23.5294,
    "f-score": 21.6216
  },
  "clean_eval": {
    "f-score": 72.35294117647058,
    "precision": 72.35294117647058,
    "recall": 72.35294117647058,
    "tp": 123,
    "fp": 47,
    "fn": 47
  },
  "jaccard": [
    0.6536796536796536
  ],
  "braycurtis": [
    0.5073891625615764
  ],
  "dice": [
    0.4855305466237942
  ],
  "cosinus": [
    0.4191382450910831
  ]
}