{
  "voc_eval_res": {
    "precision": 61.5385,
    "recall": 66.6667,
    "f-score": 64.0
  },
  "KL_res": {
    "KL divergence": 1.422358306231763,
    "Euclidean Dist.": 0.22924241172464865,
    "WER": 0.5333333333333333,
    "CER": 0.4298245614035088,
    "Cosine Dist.": 0.135728368597114
  },
  "occ_eval_res": {
    "precision": 62.5,
    "recall": 66.6667,
    "f-score": 64.5161
  },
  "clean_eval": {
    "f-score": 68.13186813186812,
    "precision": 72.94117647058823,
    "recall": 63.91752577319587,
    "tp": 124,
    "fp": 46,
    "fn": 70
  },
  "jaccard": [
    0.3645320197044335
  ],
  "braycurtis": [
    0.24583333333333332
  ],
  "dice": [
    0.22289156626506024
  ],
  "cosinus": [
    0.12224699072167633
  ]
}