{
  "voc_eval_res": {
    "precision": 54.5455,
    "recall": 70.5882,
    "f-score": 61.5385
  },
  "KL_res": {
    "KL divergence": 1.3542725166927592,
    "Euclidean Dist.": 0.19996301433163016,
    "WER": 0.65,
    "CER": 0.4177215189873418,
    "Cosine Dist.": 0.18490561241496994
  },
  "occ_eval_res": {
    "precision": 53.8462,
    "recall": 70.0,
    "f-score": 60.8696
  },
  "clean_eval": {
    "f-score": 50.76923076923078,
    "precision": 54.54545454545454,
    "recall": 47.482014388489205,
    "tp": 132,
    "fp": 110,
    "fn": 146
  },
  "jaccard": [
    0.42045454545454547
  ],
  "braycurtis": [
    0.29376854599406527
  ],
  "dice": [
    0.26618705035971224
  ],
  "cosinus": [
    0.14737652473613483
  ]
}