{
  "voc_eval_res": {
    "precision": 26.3158,
    "recall": 45.4545,
    "f-score": 33.3333
  },
  "KL_res": {
    "KL divergence": 3.4821187311686335,
    "Euclidean Dist.": 0.33356963000390455,
    "WER": 1.2105263157894737,
    "CER": 0.7088607594936709,
    "Cosine Dist.": 0.4495181174368198
  },
  "occ_eval_res": {
    "precision": 28.0,
    "recall": 36.8421,
    "f-score": 31.8182
  },
  "clean_eval": {
    "f-score": 13.157894736842108,
    "precision": 14.46280991735537,
    "recall": 12.068965517241379,
    "tp": 35,
    "fp": 207,
    "fn": 255
  },
  "jaccard": [
    0.604
  ],
  "braycurtis": [
    0.40406976744186046
  ],
  "dice": [
    0.4326647564469914
  ],
  "cosinus": [
    0.2153562649552132
  ]
}