{
  "voc_eval_res": {
    "precision": 15.3846,
    "recall": 16.6667,
    "f-score": 16.0
  },
  "KL_res": {
    "KL divergence": 6.960494294365471,
    "Euclidean Dist.": 0.387238915459546,
    "WER": 0.8666666666666667,
    "CER": 0.5368421052631579,
    "Cosine Dist.": 0.7846472391767338
  },
  "occ_eval_res": {
    "precision": 15.3846,
    "recall": 13.3333,
    "f-score": 14.2857
  },
  "clean_eval": {
    "f-score": 67.85714285714286,
    "precision": 70.8955223880597,
    "recall": 65.06849315068493,
    "tp": 95,
    "fp": 39,
    "fn": 51
  },
  "jaccard": [
    0.6303317535545023
  ],
  "braycurtis": [
    0.4869109947643979
  ],
  "dice": [
    0.4602076124567474
  ],
  "cosinus": [
    0.3999153259944981
  ]
}