{
  "voc_eval_res": {
    "precision": 50.0,
    "recall": 57.1429,
    "f-score": 53.3333
  },
  "KL_res": {
    "KL divergence": 2.65946526047433,
    "Euclidean Dist.": 0.3553526561095071,
    "WER": 0.7142857142857143,
    "CER": 0.5652173913043478,
    "Cosine Dist.": 0.3036893761772088
  },
  "occ_eval_res": {
    "precision": 50.0,
    "recall": 57.1429,
    "f-score": 53.3333
  },
  "clean_eval": {
    "f-score": 67.44186046511628,
    "precision": 67.44186046511628,
    "recall": 67.44186046511628,
    "tp": 58,
    "fp": 28,
    "fn": 28
  },
  "jaccard": [
    0.6349206349206349
  ],
  "braycurtis": [
    0.44680851063829785
  ],
  "dice": [
    0.46511627906976744
  ],
  "cosinus": [
    0.4011887058082477
  ]
}