{
  "voc_eval_res": {
    "precision": 32.0,
    "recall": 36.3636,
    "f-score": 34.0426
  },
  "KL_res": {
    "KL divergence": 1.9292364756705285,
    "Euclidean Dist.": 0.22330391068824793,
    "WER": 0.7894736842105263,
    "CER": 0.6983240223463687,
    "Cosine Dist.": 0.16794970566215617
  },
  "occ_eval_res": {
    "precision": 45.2381,
    "recall": 50.0,
    "f-score": 47.5
  },
  "clean_eval": {
    "f-score": 27.348066298342538,
    "precision": 29.289940828402365,
    "recall": 25.647668393782386,
    "tp": 99,
    "fp": 239,
    "fn": 287
  },
  "jaccard": [
    0.7032967032967034
  ],
  "braycurtis": [
    0.4671717171717172
  ],
  "dice": [
    0.5423728813559322
  ],
  "cosinus": [
    0.21108439207940033
  ]
}