{
  "voc_eval_res": {
    "precision": 31.5789,
    "recall": 50.0,
    "f-score": 38.7097
  },
  "KL_res": {
    "KL divergence": 2.9323310301916328,
    "Euclidean Dist.": 0.3013856886670854,
    "WER": 1.0,
    "CER": 0.7469879518072289,
    "Cosine Dist.": 0.3746946005192777
  },
  "occ_eval_res": {
    "precision": 35.0,
    "recall": 46.6667,
    "f-score": 40.0
  },
  "clean_eval": {
    "f-score": 50.0,
    "precision": 61.19402985074627,
    "recall": 42.2680412371134,
    "tp": 82,
    "fp": 52,
    "fn": 112
  },
  "jaccard": [
    0.6044444444444445
  ],
  "braycurtis": [
    0.4144144144144144
  ],
  "dice": [
    0.43312101910828027
  ],
  "cosinus": [
    0.24710792335250154
  ]
}