{
  "voc_eval_res": {
    "precision": 54.1667,
    "recall": 65.0,
    "f-score": 59.0909
  },
  "KL_res": {
    "KL divergence": 1.2375154767117331,
    "Euclidean Dist.": 0.17421641890046013,
    "WER": 0.41379310344827586,
    "CER": 0.3333333333333333,
    "Cosine Dist.": 0.11792868199536621
  },
  "occ_eval_res": {
    "precision": 64.5161,
    "recall": 68.9655,
    "f-score": 66.6667
  },
  "clean_eval": {
    "f-score": 31.456953642384107,
    "precision": 31.456953642384107,
    "recall": 31.456953642384107,
    "tp": 95,
    "fp": 207,
    "fn": 207
  },
  "jaccard": [
    0.4340277777777778
  ],
  "braycurtis": [
    0.3028571428571429
  ],
  "dice": [
    0.2771618625277162
  ],
  "cosinus": [
    0.1983021179248171
  ]
}