{
  "voc_eval_res": {
    "precision": 27.2727,
    "recall": 27.2727,
    "f-score": 27.2727
  },
  "KL_res": {
    "KL divergence": 5.044408111508348,
    "Euclidean Dist.": 0.2919237550080453,
    "WER": 0.8888888888888888,
    "CER": 0.8041958041958042,
    "Cosine Dist.": 0.6053238913118367
  },
  "occ_eval_res": {
    "precision": 25.0,
    "recall": 22.2222,
    "f-score": 23.5294
  },
  "clean_eval": {
    "f-score": 30.08474576271187,
    "precision": 32.56880733944954,
    "recall": 27.95275590551181,
    "tp": 71,
    "fp": 147,
    "fn": 183
  },
  "jaccard": [
    0.774798927613941
  ],
  "braycurtis": [
    0.6568627450980392
  ],
  "dice": [
    0.6323851203501094
  ],
  "cosinus": [
    0.5701215054127464
  ]
}