{
  "voc_eval_res": {
    "precision": 55.5556,
    "recall": 83.3333,
    "f-score": 66.6667
  },
  "KL_res": {
    "KL divergence": 1.087797995739869,
    "Euclidean Dist.": 0.32867109906108977,
    "WER": 0.6666666666666666,
    "CER": 0.5121951219512195,
    "Cosine Dist.": 0.19417703597461988
  },
  "occ_eval_res": {
    "precision": 55.5556,
    "recall": 83.3333,
    "f-score": 66.6667
  },
  "clean_eval": {
    "f-score": 61.728395061728406,
    "precision": 79.36507936507937,
    "recall": 50.505050505050505,
    "tp": 50,
    "fp": 13,
    "fn": 49
  },
  "jaccard": [
    0.5370370370370371
  ],
  "braycurtis": [
    0.3804347826086957
  ],
  "dice": [
    0.3670886075949367
  ],
  "cosinus": [
    0.31781349918064083
  ]
}