{
  "voc_eval_res": {
    "precision": 50.0,
    "recall": 33.3333,
    "f-score": 40.0
  },
  "KL_res": {
    "KL divergence": 5.122094222398647,
    "Euclidean Dist.": 0.7264831572567789,
    "WER": 0.6666666666666666,
    "CER": 0.7,
    "Cosine Dist.": 0.42264973081037427
  },
  "occ_eval_res": {
    "precision": 50.0,
    "recall": 33.3333,
    "f-score": 40.0
  },
  "clean_eval": {
    "f-score": 62.5,
    "precision": 52.63157894736842,
    "recall": 76.92307692307693,
    "tp": 20,
    "fp": 18,
    "fn": 6
  },
  "jaccard": [
    0.8936170212765957
  ],
  "braycurtis": [
    0.8076923076923077
  ],
  "dice": [
    0.8076923076923077
  ],
  "cosinus": [
    0.7877618200109956
  ]
}