{
  "voc_eval_res": {
    "precision": 48.0,
    "recall": 44.4444,
    "f-score": 46.1538
  },
  "KL_res": {
    "KL divergence": 1.76699078738476,
    "Euclidean Dist.": 0.176490445882259,
    "WER": 0.5957446808510638,
    "CER": 0.5106382978723404,
    "Cosine Dist.": 0.077733461951914
  },
  "occ_eval_res": {
    "precision": 61.1111,
    "recall": 46.8085,
    "f-score": 53.012
  },
  "clean_eval": {
    "f-score": 39.65763195435093,
    "precision": 36.01036269430052,
    "recall": 44.12698412698413,
    "tp": 139,
    "fp": 247,
    "fn": 176
  },
  "jaccard": [
    0.6210191082802548
  ],
  "braycurtis": [
    0.4281609195402299
  ],
  "dice": [
    0.4503464203233256
  ],
  "cosinus": [
    0.18517510061778863
  ]
}