{
  "voc_eval_res": {
    "precision": 36.8421,
    "recall": 43.75,
    "f-score": 40.0
  },
  "KL_res": {
    "KL divergence": 3.4744611936295557,
    "Euclidean Dist.": 0.2641224100808661,
    "WER": 0.8125,
    "CER": 0.4945054945054945,
    "Cosine Dist.": 0.4274974259233285
  },
  "occ_eval_res": {
    "precision": 36.8421,
    "recall": 43.75,
    "f-score": 40.0
  },
  "clean_eval": {
    "f-score": 62.94117647058823,
    "precision": 73.28767123287672,
    "recall": 55.154639175257735,
    "tp": 107,
    "fp": 39,
    "fn": 87
  },
  "jaccard": [
    0.5753968253968254
  ],
  "braycurtis": [
    0.413953488372093
  ],
  "dice": [
    0.403899721448468
  ],
  "cosinus": [
    0.300576064238372
  ]
}