{
  "voc_eval_res": {
    "precision": 50.0,
    "recall": 44.4444,
    "f-score": 47.0588
  },
  "KL_res": {
    "KL divergence": 3.5478675422933046,
    "Euclidean Dist.": 0.35464292596676955,
    "WER": 0.7777777777777778,
    "CER": 0.43636363636363634,
    "Cosine Dist.": 0.3594873847796516
  },
  "occ_eval_res": {
    "precision": 50.0,
    "recall": 44.4444,
    "f-score": 47.0588
  },
  "clean_eval": {
    "f-score": 61.25000000000001,
    "precision": 56.97674418604651,
    "recall": 66.21621621621621,
    "tp": 49,
    "fp": 37,
    "fn": 25
  },
  "jaccard": [
    0.536
  ],
  "braycurtis": [
    0.37735849056603776
  ],
  "dice": [
    0.366120218579235
  ],
  "cosinus": [
    0.3092133419813672
  ]
}