{
  "voc_eval_res": {
    "precision": 29.4118,
    "recall": 45.4545,
    "f-score": 35.7143
  },
  "KL_res": {
    "KL divergence": 3.5512303343658385,
    "Euclidean Dist.": 0.31215226546186753,
    "WER": 1.2727272727272727,
    "CER": 1.14,
    "Cosine Dist.": 0.43305329048615926
  },
  "occ_eval_res": {
    "precision": 27.7778,
    "recall": 45.4545,
    "f-score": 34.4828
  },
  "clean_eval": {
    "f-score": 48.24902723735408,
    "precision": 71.26436781609196,
    "recall": 36.470588235294116,
    "tp": 62,
    "fp": 25,
    "fn": 108
  },
  "jaccard": [
    0.7076923076923077
  ],
  "braycurtis": [
    0.5974025974025974
  ],
  "dice": [
    0.5476190476190477
  ],
  "cosinus": [
    0.574937006637916
  ]
}