{
  "voc_eval_res": {
    "precision": 60.8696,
    "recall": 41.1765,
    "f-score": 49.1228
  },
  "KL_res": {
    "KL divergence": 2.6257095381756894,
    "Euclidean Dist.": 0.1852449143318124,
    "WER": 0.5957446808510638,
    "CER": 0.5164835164835165,
    "Cosine Dist.": 0.1968743386496894
  },
  "occ_eval_res": {
    "precision": 70.0,
    "recall": 44.6809,
    "f-score": 54.5455
  },
  "clean_eval": {
    "f-score": 18.181818181818183,
    "precision": 15.668202764976957,
    "recall": 21.656050955414013,
    "tp": 68,
    "fp": 366,
    "fn": 246
  },
  "jaccard": [
    0.5026041666666666
  ],
  "braycurtis": [
    0.3922413793103448
  ],
  "dice": [
    0.3356521739130435
  ],
  "cosinus": [
    0.22303124547129494
  ]
}