{
  "voc_eval_res": {
    "precision": 55.5556,
    "recall": 45.4545,
    "f-score": 50.0
  },
  "KL_res": {
    "KL divergence": 3.359520789340227,
    "Euclidean Dist.": 0.32101512287011524,
    "WER": 0.5454545454545454,
    "CER": 0.48,
    "Cosine Dist.": 0.33184689521893906
  },
  "occ_eval_res": {
    "precision": 55.5556,
    "recall": 45.4545,
    "f-score": 50.0
  },
  "clean_eval": {
    "f-score": 71.54471544715449,
    "precision": 65.18518518518519,
    "recall": 79.27927927927928,
    "tp": 88,
    "fp": 47,
    "fn": 23
  },
  "jaccard": [
    0.5644171779141104
  ],
  "braycurtis": [
    0.38571428571428573
  ],
  "dice": [
    0.39316239316239315
  ],
  "cosinus": [
    0.27818793427385247
  ]
}