{
  "voc_eval_res": {
    "precision": 50.0,
    "recall": 70.5882,
    "f-score": 58.5366
  },
  "KL_res": {
    "KL divergence": 1.03155902696721,
    "Euclidean Dist.": 0.19673535389967473,
    "WER": 0.5769230769230769,
    "CER": 0.532258064516129,
    "Cosine Dist.": 0.09648792347216884
  },
  "occ_eval_res": {
    "precision": 60.0,
    "recall": 69.2308,
    "f-score": 64.2857
  },
  "clean_eval": {
    "f-score": 43.609022556390975,
    "precision": 47.93388429752066,
    "recall": 40.0,
    "tp": 116,
    "fp": 126,
    "fn": 174
  },
  "jaccard": [
    0.5738831615120275
  ],
  "braycurtis": [
    0.3835125448028674
  ],
  "dice": [
    0.40240963855421685
  ],
  "cosinus": [
    0.22459798897682437
  ]
}