{
  "voc_eval_res": {
    "precision": 32.0,
    "recall": 36.3636,
    "f-score": 34.0426
  },
  "KL_res": {
    "KL divergence": 4.4654506806314265,
    "Euclidean Dist.": 0.3922223067511036,
    "WER": 0.9069767441860465,
    "CER": 0.6683417085427136,
    "Cosine Dist.": 0.6160202686799238
  },
  "occ_eval_res": {
    "precision": 34.4828,
    "recall": 23.2558,
    "f-score": 27.7778
  },
  "clean_eval": {
    "f-score": 38.554216867469876,
    "precision": 39.50617283950617,
    "recall": 37.64705882352941,
    "tp": 96,
    "fp": 147,
    "fn": 159
  },
  "jaccard": [
    0.718562874251497
  ],
  "braycurtis": [
    0.6765498652291105
  ],
  "dice": [
    0.5607476635514018
  ],
  "cosinus": [
    0.7365531531284151
  ]
}