{
  "voc_eval_res": {
    "precision": 36.3636,
    "recall": 44.4444,
    "f-score": 40.0
  },
  "KL_res": {
    "KL divergence": 3.6482485737939423,
    "Euclidean Dist.": 0.3504919509676257,
    "WER": 0.8888888888888888,
    "CER": 0.6865671641791045,
    "Cosine Dist.": 0.42710810076845374
  },
  "occ_eval_res": {
    "precision": 36.3636,
    "recall": 44.4444,
    "f-score": 40.0
  },
  "clean_eval": {
    "f-score": 57.27272727272727,
    "precision": 57.27272727272727,
    "recall": 57.27272727272727,
    "tp": 63,
    "fp": 47,
    "fn": 47
  },
  "jaccard": [
    0.5964912280701754
  ],
  "braycurtis": [
    0.4244604316546763
  ],
  "dice": [
    0.425
  ],
  "cosinus": [
    0.35216582432617516
  ]
}