{
  "voc_eval_res": {
    "precision": 51.7241,
    "recall": 44.1176,
    "f-score": 47.619
  },
  "KL_res": {
    "KL divergence": 2.7135140265356776,
    "Euclidean Dist.": 0.18281891895036578,
    "WER": 0.8292682926829268,
    "CER": 0.6286764705882353,
    "Cosine Dist.": 0.2873610654671287
  },
  "occ_eval_res": {
    "precision": 54.5455,
    "recall": 43.9024,
    "f-score": 48.6486
  },
  "clean_eval": {
    "f-score": 15.172413793103448,
    "precision": 14.248704663212436,
    "recall": 16.224188790560472,
    "tp": 55,
    "fp": 331,
    "fn": 284
  },
  "jaccard": [
    0.5846867749419954
  ],
  "braycurtis": [
    0.412
  ],
  "dice": [
    0.4131147540983607
  ],
  "cosinus": [
    0.24009469028741082
  ]
}