{
  "voc_eval_res": {
    "precision": 18.1818,
    "recall": 14.2857,
    "f-score": 16.0
  },
  "KL_res": {
    "KL divergence": 6.627418989591489,
    "Euclidean Dist.": 0.3703007124515131,
    "WER": 0.8571428571428571,
    "CER": 0.6804123711340206,
    "Cosine Dist.": 0.7226499018873855
  },
  "occ_eval_res": {
    "precision": 18.1818,
    "recall": 14.2857,
    "f-score": 16.0
  },
  "clean_eval": {
    "f-score": 59.86842105263158,
    "precision": 53.529411764705884,
    "recall": 67.91044776119402,
    "tp": 91,
    "fp": 79,
    "fn": 43
  },
  "jaccard": [
    0.7205240174672489
  ],
  "braycurtis": [
    0.56
  ],
  "dice": [
    0.5631399317406144
  ],
  "cosinus": [
    0.4821637853844053
  ]
}