{
  "voc_eval_res": {
    "precision": 41.1765,
    "recall": 63.6364,
    "f-score": 50.0
  },
  "KL_res": {
    "KL divergence": 1.986197586539887,
    "Euclidean Dist.": 0.2721655269759087,
    "WER": 0.9166666666666666,
    "CER": 0.6526315789473685,
    "Cosine Dist.": 0.25464400750007044
  },
  "occ_eval_res": {
    "precision": 44.4444,
    "recall": 66.6667,
    "f-score": 53.3333
  },
  "clean_eval": {
    "f-score": 34.65909090909091,
    "precision": 41.78082191780822,
    "recall": 29.61165048543689,
    "tp": 61,
    "fp": 85,
    "fn": 145
  },
  "jaccard": [
    0.5742971887550201
  ],
  "braycurtis": [
    0.371900826446281
  ],
  "dice": [
    0.4028169014084507
  ],
  "cosinus": [
    0.23510397196327526
  ]
}