{
  "voc_eval_res": {
    "precision": 18.1818,
    "recall": 16.6667,
    "f-score": 17.3913
  },
  "KL_res": {
    "KL divergence": 6.4354367398536345,
    "Euclidean Dist.": 0.37954469848107114,
    "WER": 0.9166666666666666,
    "CER": 0.6923076923076923,
    "Cosine Dist.": 0.7035002733355595
  },
  "occ_eval_res": {
    "precision": 18.1818,
    "recall": 16.6667,
    "f-score": 17.3913
  },
  "clean_eval": {
    "f-score": 64.54545454545455,
    "precision": 58.19672131147541,
    "recall": 72.44897959183673,
    "tp": 71,
    "fp": 51,
    "fn": 27
  },
  "jaccard": [
    0.8157894736842105
  ],
  "braycurtis": [
    0.7142857142857143
  ],
  "dice": [
    0.6888888888888889
  ],
  "cosinus": [
    0.6539785368526421
  ]
}