{
  "voc_eval_res": {
    "precision": 50.0,
    "recall": 61.5385,
    "f-score": 55.1724
  },
  "KL_res": {
    "KL divergence": 2.214001589136131,
    "Euclidean Dist.": 0.25330653600614406,
    "WER": 0.9230769230769231,
    "CER": 0.5223880597014925,
    "Cosine Dist.": 0.28730335490020176
  },
  "occ_eval_res": {
    "precision": 50.0,
    "recall": 61.5385,
    "f-score": 55.1724
  },
  "clean_eval": {
    "f-score": 61.64383561643836,
    "precision": 73.77049180327869,
    "recall": 52.94117647058824,
    "tp": 90,
    "fp": 32,
    "fn": 80
  },
  "jaccard": [
    0.4602272727272727
  ],
  "braycurtis": [
    0.2903225806451613
  ],
  "dice": [
    0.2988929889298893
  ],
  "cosinus": [
    0.22012064432310396
  ]
}