{
  "voc_eval_res": {
    "precision": 22.2222,
    "recall": 25.0,
    "f-score": 23.5294
  },
  "KL_res": {
    "KL divergence": 5.683882568116505,
    "Euclidean Dist.": 0.42537202308648764,
    "WER": 1.125,
    "CER": 0.9361702127659575,
    "Cosine Dist.": 0.6186149643017631
  },
  "occ_eval_res": {
    "precision": 22.2222,
    "recall": 25.0,
    "f-score": 23.5294
  },
  "clean_eval": {
    "f-score": 41.860465116279066,
    "precision": 48.64864864864865,
    "recall": 36.734693877551024,
    "tp": 36,
    "fp": 38,
    "fn": 62
  },
  "jaccard": [
    0.8012048192771084
  ],
  "braycurtis": [
    0.6635514018691588
  ],
  "dice": [
    0.6683417085427136
  ],
  "cosinus": [
    0.6131785504378536
  ]
}