{
  "voc_eval_res": {
    "precision": 22.2222,
    "recall": 57.1429,
    "f-score": 32.0
  },
  "KL_res": {
    "KL divergence": 2.1196284055003076,
    "Euclidean Dist.": 0.48198967788405683,
    "WER": 1.6,
    "CER": 1.1538461538461537,
    "Cosine Dist.": 0.3092030514122439
  },
  "occ_eval_res": {
    "precision": 27.2727,
    "recall": 60.0,
    "f-score": 37.5
  },
  "clean_eval": {
    "f-score": 26.31578947368421,
    "precision": 40.816326530612244,
    "recall": 19.41747572815534,
    "tp": 40,
    "fp": 58,
    "fn": 166
  },
  "jaccard": [
    0.693069306930693
  ],
  "braycurtis": [
    0.4714285714285714
  ],
  "dice": [
    0.5303030303030303
  ],
  "cosinus": [
    0.23504180029756871
  ]
}