{
  "voc_eval_res": {
    "precision": 24.5283,
    "recall": 36.1111,
    "f-score": 29.2135
  },
  "KL_res": {
    "KL divergence": 3.3522443567709748,
    "Euclidean Dist.": 0.23705690089313858,
    "WER": 0.9859154929577465,
    "CER": 0.7100271002710027,
    "Cosine Dist.": 0.4806613530866911
  },
  "occ_eval_res": {
    "precision": 28.75,
    "recall": 32.3944,
    "f-score": 30.4636
  },
  "clean_eval": {
    "f-score": 4.117647058823529,
    "precision": 4.745762711864407,
    "recall": 3.6363636363636362,
    "tp": 28,
    "fp": 562,
    "fn": 742
  },
  "jaccard": [
    0.6672897196261682
  ],
  "braycurtis": [
    0.4872389791183295
  ],
  "dice": [
    0.5007012622720898
  ],
  "cosinus": [
    0.3232725302035919
  ]
}