{
  "voc_eval_res": {
    "precision": 25.0,
    "recall": 38.8889,
    "f-score": 30.4348
  },
  "KL_res": {
    "KL divergence": 4.203897673320467,
    "Euclidean Dist.": 0.3201230714337807,
    "WER": 1.5185185185185186,
    "CER": 0.7818181818181819,
    "Cosine Dist.": 0.5502006100400088
  },
  "occ_eval_res": {
    "precision": 20.8333,
    "recall": 37.037,
    "f-score": 26.6667
  },
  "clean_eval": {
    "f-score": 9.171597633136095,
    "precision": 10.689655172413794,
    "recall": 8.031088082901555,
    "tp": 31,
    "fp": 259,
    "fn": 355
  },
  "jaccard": [
    0.708092485549133
  ],
  "braycurtis": [
    0.5150115473441108
  ],
  "dice": [
    0.5480984340044742
  ],
  "cosinus": [
    0.4248829763122779
  ]
}