{
  "voc_eval_res": {
    "precision": 25.0,
    "recall": 58.3333,
    "f-score": 35.0
  },
  "KL_res": {
    "KL divergence": 3.407737998145484,
    "Euclidean Dist.": 0.3301988600194511,
    "WER": 1.375,
    "CER": 1.6578947368421053,
    "Cosine Dist.": 0.5548680927402742
  },
  "occ_eval_res": {
    "precision": 24.1379,
    "recall": 43.75,
    "f-score": 31.1111
  },
  "clean_eval": {
    "f-score": 23.394495412844037,
    "precision": 41.80327868852459,
    "recall": 16.24203821656051,
    "tp": 51,
    "fp": 71,
    "fn": 263
  },
  "jaccard": [
    0.7006369426751592
  ],
  "braycurtis": [
    0.6204379562043796
  ],
  "dice": [
    0.5392156862745098
  ],
  "cosinus": [
    0.5289120688523307
  ]
}