{
  "voc_eval_res": {
    "precision": 26.6667,
    "recall": 28.5714,
    "f-score": 27.5862
  },
  "KL_res": {
    "KL divergence": 4.7088956883206725,
    "Euclidean Dist.": 0.3264657119991487,
    "WER": 0.8125,
    "CER": 0.6071428571428571,
    "Cosine Dist.": 0.5584892143116521
  },
  "occ_eval_res": {
    "precision": 26.6667,
    "recall": 25.0,
    "f-score": 25.8065
  },
  "clean_eval": {
    "f-score": 57.85714285714286,
    "precision": 55.47945205479452,
    "recall": 60.447761194029844,
    "tp": 81,
    "fp": 65,
    "fn": 53
  },
  "jaccard": [
    0.7192982456140351
  ],
  "braycurtis": [
    0.6
  ],
  "dice": [
    0.5616438356164384
  ],
  "cosinus": [
    0.5005126034911993
  ]
}