{
  "voc_eval_res": {
    "precision": 37.037,
    "recall": 41.6667,
    "f-score": 39.2157
  },
  "KL_res": {
    "KL divergence": 3.7674730256834916,
    "Euclidean Dist.": 0.23777627268241605,
    "WER": 1.0769230769230769,
    "CER": 0.8881987577639752,
    "Cosine Dist.": 0.48231711413148715
  },
  "occ_eval_res": {
    "precision": 35.7143,
    "recall": 38.4615,
    "f-score": 37.037
  },
  "clean_eval": {
    "f-score": 9.859154929577464,
    "precision": 10.526315789473683,
    "recall": 9.271523178807946,
    "tp": 28,
    "fp": 238,
    "fn": 274
  },
  "jaccard": [
    0.5115606936416185
  ],
  "braycurtis": [
    0.36507936507936506
  ],
  "dice": [
    0.34368932038834954
  ],
  "cosinus": [
    0.2547265833074476
  ]
}