{
  "voc_eval_res": {
    "precision": 57.8947,
    "recall": 55.0,
    "f-score": 56.4103
  },
  "KL_res": {
    "KL divergence": 2.459202784625824,
    "Euclidean Dist.": 0.2179449471770337,
    "WER": 0.65,
    "CER": 0.28346456692913385,
    "Cosine Dist.": 0.28157879189290036
  },
  "occ_eval_res": {
    "precision": 55.0,
    "recall": 55.0,
    "f-score": 55.0
  },
  "clean_eval": {
    "f-score": 54.36893203883495,
    "precision": 54.36893203883495,
    "recall": 54.36893203883495,
    "tp": 112,
    "fp": 94,
    "fn": 94
  },
  "jaccard": [
    0.421259842519685
  ],
  "braycurtis": [
    0.2692307692307692
  ],
  "dice": [
    0.26683291770573564
  ],
  "cosinus": [
    0.16544588243214142
  ]
}