{
  "voc_eval_res": {
    "precision": 39.1304,
    "recall": 40.9091,
    "f-score": 40.0
  },
  "KL_res": {
    "KL divergence": 3.814560881563128,
    "Euclidean Dist.": 0.2578086865665411,
    "WER": 0.8461538461538461,
    "CER": 0.7054263565891473,
    "Cosine Dist.": 0.48487780363006816
  },
  "occ_eval_res": {
    "precision": 37.5,
    "recall": 34.6154,
    "f-score": 36.0
  },
  "clean_eval": {
    "f-score": 38.01652892561984,
    "precision": 42.201834862385326,
    "recall": 34.58646616541353,
    "tp": 92,
    "fp": 126,
    "fn": 174
  },
  "jaccard": [
    0.6086956521739131
  ],
  "braycurtis": [
    0.484472049689441
  ],
  "dice": [
    0.4375
  ],
  "cosinus": [
    0.3438622817388288
  ]
}