{
  "voc_eval_res": {
    "precision": 36.3636,
    "recall": 36.3636,
    "f-score": 36.3636
  },
  "KL_res": {
    "KL divergence": 4.27692591104006,
    "Euclidean Dist.": 0.3574280640025894,
    "WER": 1.0909090909090908,
    "CER": 0.8913043478260869,
    "Cosine Dist.": 0.5131355044398525
  },
  "occ_eval_res": {
    "precision": 33.3333,
    "recall": 36.3636,
    "f-score": 34.7826
  },
  "clean_eval": {
    "f-score": 61.224489795918366,
    "precision": 69.76744186046511,
    "recall": 54.54545454545454,
    "tp": 60,
    "fp": 26,
    "fn": 50
  },
  "jaccard": [
    0.6666666666666666
  ],
  "braycurtis": [
    0.5047619047619047
  ],
  "dice": [
    0.5
  ],
  "cosinus": [
    0.4584238831916869
  ]
}