{
  "voc_eval_res": {
    "precision": 26.3158,
    "recall": 22.7273,
    "f-score": 24.3902
  },
  "KL_res": {
    "KL divergence": 6.182241234390746,
    "Euclidean Dist.": 0.33541822591013043,
    "WER": 0.8666666666666667,
    "CER": 0.6573426573426573,
    "Cosine Dist.": 0.7610907587162518
  },
  "occ_eval_res": {
    "precision": 26.3158,
    "recall": 16.6667,
    "f-score": 20.4082
  },
  "clean_eval": {
    "f-score": 40.56603773584906,
    "precision": 41.74757281553398,
    "recall": 39.44954128440367,
    "tp": 86,
    "fp": 120,
    "fn": 132
  },
  "jaccard": [
    0.7694610778443114
  ],
  "braycurtis": [
    0.657243816254417
  ],
  "dice": [
    0.6253041362530414
  ],
  "cosinus": [
    0.6356251918365527
  ]
}