{
  "voc_eval_res": {
    "precision": 25.0,
    "recall": 26.6667,
    "f-score": 25.8065
  },
  "KL_res": {
    "KL divergence": 4.962811384568191,
    "Euclidean Dist.": 0.3306152865266717,
    "WER": 0.9047619047619048,
    "CER": 0.6636363636363637,
    "Cosine Dist.": 0.515104787403671
  },
  "occ_eval_res": {
    "precision": 29.4118,
    "recall": 23.8095,
    "f-score": 26.3158
  },
  "clean_eval": {
    "f-score": 65.24390243902438,
    "precision": 67.72151898734177,
    "recall": 62.94117647058823,
    "tp": 107,
    "fp": 51,
    "fn": 63
  },
  "jaccard": [
    0.6896551724137931
  ],
  "braycurtis": [
    0.5352697095435685
  ],
  "dice": [
    0.5263157894736842
  ],
  "cosinus": [
    0.4280212984269409
  ]
}