{
  "voc_eval_res": {
    "precision": 32.3077,
    "recall": 30.4348,
    "f-score": 31.3433
  },
  "KL_res": {
    "KL divergence": 2.766089711865569,
    "Euclidean Dist.": 0.16260526348213258,
    "WER": 0.8333333333333334,
    "CER": 0.5751231527093597,
    "Cosine Dist.": 0.27794917451737244
  },
  "occ_eval_res": {
    "precision": 42.1053,
    "recall": 29.6296,
    "f-score": 34.7826
  },
  "clean_eval": {
    "f-score": 8.499095840867993,
    "precision": 7.309486780715396,
    "recall": 10.151187904967603,
    "tp": 94,
    "fp": 1192,
    "fn": 832
  },
  "jaccard": [
    0.5314207650273224
  ],
  "braycurtis": [
    0.3397573162027123
  ],
  "dice": [
    0.36186046511627906
  ],
  "cosinus": [
    0.07284445260773387
  ]
}