{
  "voc_eval_res": {
    "precision": 23.0769,
    "recall": 33.3333,
    "f-score": 27.2727
  },
  "KL_res": {
    "KL divergence": 5.4618151829657515,
    "Euclidean Dist.": 0.40960594254312105,
    "WER": 1.0909090909090908,
    "CER": 0.7631578947368421,
    "Cosine Dist.": 0.6755571577384749
  },
  "occ_eval_res": {
    "precision": 21.4286,
    "recall": 27.2727,
    "f-score": 24.0
  },
  "clean_eval": {
    "f-score": 53.73134328358209,
    "precision": 59.01639344262295,
    "recall": 49.31506849315068,
    "tp": 72,
    "fp": 50,
    "fn": 74
  },
  "jaccard": [
    0.6073298429319371
  ],
  "braycurtis": [
    0.45977011494252873
  ],
  "dice": [
    0.43609022556390975
  ],
  "cosinus": [
    0.3390043246287042
  ]
}