{
  "voc_eval_res": {
    "precision": 12.5,
    "recall": 40.0,
    "f-score": 19.0476
  },
  "KL_res": {
    "KL divergence": 1.8998107873086216,
    "Euclidean Dist.": 0.4922960206022658,
    "WER": 1.2727272727272727,
    "CER": 2.0,
    "Cosine Dist.": 0.1706863114418945
  },
  "occ_eval_res": {
    "precision": 30.0,
    "recall": 54.5455,
    "f-score": 38.7097
  },
  "clean_eval": {
    "f-score": 32.74021352313167,
    "precision": 53.48837209302325,
    "recall": 23.589743589743588,
    "tp": 46,
    "fp": 40,
    "fn": 149
  },
  "jaccard": [
    0.859375
  ],
  "braycurtis": [
    0.6971830985915493
  ],
  "dice": [
    0.7534246575342466
  ],
  "cosinus": [
    0.45237574112640444
  ]
}