{
  "voc_eval_res": {
    "precision": 39.2857,
    "recall": 44.0,
    "f-score": 41.5094
  },
  "KL_res": {
    "KL divergence": 3.0617466857550815,
    "Euclidean Dist.": 0.22102800422863053,
    "WER": 0.8235294117647058,
    "CER": 0.6994219653179191,
    "Cosine Dist.": 0.3573814303388204
  },
  "occ_eval_res": {
    "precision": 41.9355,
    "recall": 38.2353,
    "f-score": 40.0
  },
  "clean_eval": {
    "f-score": 23.4375,
    "precision": 24.834437086092713,
    "recall": 22.189349112426036,
    "tp": 75,
    "fp": 227,
    "fn": 263
  },
  "jaccard": [
    0.6238805970149254
  ],
  "braycurtis": [
    0.43989071038251365
  ],
  "dice": [
    0.45336225596529284
  ],
  "cosinus": [
    0.27440862337998906
  ]
}