{
  "voc_eval_res": {
    "precision": 60.0,
    "recall": 48.3871,
    "f-score": 53.5714
  },
  "KL_res": {
    "KL divergence": 2.028335474580574,
    "Euclidean Dist.": 0.16201601189918183,
    "WER": 0.6097560975609756,
    "CER": 0.5207373271889401,
    "Cosine Dist.": 0.1577337386851524
  },
  "occ_eval_res": {
    "precision": 66.6667,
    "recall": 53.6585,
    "f-score": 59.4595
  },
  "clean_eval": {
    "f-score": 41.988950276243095,
    "precision": 39.37823834196891,
    "recall": 44.97041420118343,
    "tp": 152,
    "fp": 234,
    "fn": 186
  },
  "jaccard": [
    0.5357142857142857
  ],
  "braycurtis": [
    0.3817733990147783
  ],
  "dice": [
    0.36585365853658536
  ],
  "cosinus": [
    0.23903504943346188
  ]
}