{
  "voc_eval_res": {
    "precision": 62.963,
    "recall": 54.8387,
    "f-score": 58.6207
  },
  "KL_res": {
    "KL divergence": 1.7800188825618959,
    "Euclidean Dist.": 0.16288914493368342,
    "WER": 0.5,
    "CER": 0.413953488372093,
    "Cosine Dist.": 0.1688396223812335
  },
  "occ_eval_res": {
    "precision": 62.8571,
    "recall": 57.8947,
    "f-score": 60.274
  },
  "clean_eval": {
    "f-score": 12.228260869565217,
    "precision": 12.032085561497325,
    "recall": 12.430939226519337,
    "tp": 45,
    "fp": 329,
    "fn": 317
  },
  "jaccard": [
    0.456973293768546
  ],
  "braycurtis": [
    0.3439635535307517
  ],
  "dice": [
    0.29615384615384616
  ],
  "cosinus": [
    0.2059817458560913
  ]
}