{
  "voc_eval_res": {
    "precision": 30.0,
    "recall": 37.5,
    "f-score": 33.3333
  },
  "KL_res": {
    "KL divergence": 4.35286664192887,
    "Euclidean Dist.": 0.3897114317029974,
    "WER": 1.0,
    "CER": 0.43548387096774194,
    "Cosine Dist.": 0.49825479399574546
  },
  "occ_eval_res": {
    "precision": 30.0,
    "recall": 37.5,
    "f-score": 33.3333
  },
  "clean_eval": {
    "f-score": 68.6046511627907,
    "precision": 68.6046511627907,
    "recall": 68.6046511627907,
    "tp": 59,
    "fp": 27,
    "fn": 27
  },
  "jaccard": [
    0.44029850746268656
  ],
  "braycurtis": [
    0.31746031746031744
  ],
  "dice": [
    0.2822966507177033
  ],
  "cosinus": [
    0.2570068778355421
  ]
}