{
  "voc_eval_res": {
    "precision": 53.3333,
    "recall": 72.7273,
    "f-score": 61.5385
  },
  "KL_res": {
    "KL divergence": 1.2873976444490713,
    "Euclidean Dist.": 0.1767501768033062,
    "WER": 0.64,
    "CER": 0.4696132596685083,
    "Cosine Dist.": 0.19285823270486413
  },
  "occ_eval_res": {
    "precision": 56.25,
    "recall": 72.0,
    "f-score": 63.1579
  },
  "clean_eval": {
    "f-score": 8.4375,
    "precision": 8.940397350993377,
    "recall": 7.988165680473373,
    "tp": 27,
    "fp": 275,
    "fn": 311
  },
  "jaccard": [
    0.4447852760736196
  ],
  "braycurtis": [
    0.27040816326530615
  ],
  "dice": [
    0.2859960552268245
  ],
  "cosinus": [
    0.1185393059219415
  ]
}