{
  "voc_eval_res": {
    "precision": 44.4444,
    "recall": 57.1429,
    "f-score": 50.0
  },
  "KL_res": {
    "KL divergence": 2.171507344910007,
    "Euclidean Dist.": 0.19144230485294766,
    "WER": 0.72,
    "CER": 0.7441860465116279,
    "Cosine Dist.": 0.21157803467794056
  },
  "occ_eval_res": {
    "precision": 48.3871,
    "recall": 60.0,
    "f-score": 53.5714
  },
  "clean_eval": {
    "f-score": 33.45323741007194,
    "precision": 38.429752066115704,
    "recall": 29.617834394904456,
    "tp": 93,
    "fp": 149,
    "fn": 221
  },
  "jaccard": [
    0.5799373040752351
  ],
  "braycurtis": [
    0.3853503184713376
  ],
  "dice": [
    0.4083885209713024
  ],
  "cosinus": [
    0.22409163601243498
  ]
}