{
  "voc_eval_res": {
    "precision": 54.5455,
    "recall": 62.069,
    "f-score": 58.0645
  },
  "KL_res": {
    "KL divergence": 1.3293794216702666,
    "Euclidean Dist.": 0.14496211797697597,
    "WER": 0.6046511627906976,
    "CER": 0.38073394495412843,
    "Cosine Dist.": 0.10320343126549691
  },
  "occ_eval_res": {
    "precision": 63.0435,
    "recall": 67.4419,
    "f-score": 65.1685
  },
  "clean_eval": {
    "f-score": 39.51219512195122,
    "precision": 40.7035175879397,
    "recall": 38.388625592417064,
    "tp": 162,
    "fp": 236,
    "fn": 260
  },
  "jaccard": [
    0.44505494505494503
  ],
  "braycurtis": [
    0.2800875273522976
  ],
  "dice": [
    0.2862190812720848
  ],
  "cosinus": [
    0.15787429419478605
  ]
}