{
  "voc_eval_res": {
    "precision": 50.0,
    "recall": 60.0,
    "f-score": 54.5455
  },
  "KL_res": {
    "KL divergence": 2.547837863990949,
    "Euclidean Dist.": 0.4123105625617661,
    "WER": 0.6,
    "CER": 0.4166666666666667,
    "Cosine Dist.": 0.29289321881345265
  },
  "occ_eval_res": {
    "precision": 50.0,
    "recall": 60.0,
    "f-score": 54.5455
  },
  "clean_eval": {
    "f-score": 70.58823529411764,
    "precision": 77.41935483870968,
    "recall": 64.86486486486487,
    "tp": 48,
    "fp": 14,
    "fn": 26
  },
  "jaccard": [
    0.6593406593406593
  ],
  "braycurtis": [
    0.4714285714285714
  ],
  "dice": [
    0.4918032786885246
  ],
  "cosinus": [
    0.38481646132629943
  ]
}