{
  "voc_eval_res": {
    "precision": 20.0,
    "recall": 22.2222,
    "f-score": 21.0526
  },
  "KL_res": {
    "KL divergence": 5.94713662020843,
    "Euclidean Dist.": 0.4085505846855608,
    "WER": 1.0,
    "CER": 0.7192982456140351,
    "Cosine Dist.": 0.6518446880886044
  },
  "occ_eval_res": {
    "precision": 20.0,
    "recall": 22.2222,
    "f-score": 21.0526
  },
  "clean_eval": {
    "f-score": 63.04347826086958,
    "precision": 67.44186046511628,
    "recall": 59.183673469387756,
    "tp": 58,
    "fp": 28,
    "fn": 40
  },
  "jaccard": [
    0.8141025641025641
  ],
  "braycurtis": [
    0.6491228070175439
  ],
  "dice": [
    0.6864864864864865
  ],
  "cosinus": [
    0.502787926511995
  ]
}