{
  "voc_eval_res": {
    "precision": 39.4737,
    "recall": 39.4737,
    "f-score": 39.4737
  },
  "KL_res": {
    "KL divergence": 3.25425359212006,
    "Euclidean Dist.": 0.18434559636202766,
    "WER": 0.9166666666666666,
    "CER": 0.7346153846153847,
    "Cosine Dist.": 0.3323021391104112
  },
  "occ_eval_res": {
    "precision": 43.1818,
    "recall": 39.5833,
    "f-score": 41.3043
  },
  "clean_eval": {
    "f-score": 6.550218340611353,
    "precision": 6.550218340611353,
    "recall": 6.550218340611353,
    "tp": 30,
    "fp": 428,
    "fn": 428
  },
  "jaccard": [
    0.604887983706721
  ],
  "braycurtis": [
    0.4621359223300971
  ],
  "dice": [
    0.4335766423357664
  ],
  "cosinus": [
    0.3329586122611463
  ]
}