{
  "voc_eval_res": {
    "precision": 53.8462,
    "recall": 53.8462,
    "f-score": 53.8462
  },
  "KL_res": {
    "KL divergence": 2.285300311626281,
    "Euclidean Dist.": 0.2755903352316801,
    "WER": 0.7333333333333333,
    "CER": 0.671875,
    "Cosine Dist.": 0.28848752646211473
  },
  "occ_eval_res": {
    "precision": 53.8462,
    "recall": 46.6667,
    "f-score": 50.0
  },
  "clean_eval": {
    "f-score": 50.0,
    "precision": 50.0,
    "recall": 50.0,
    "tp": 67,
    "fp": 67,
    "fn": 67
  },
  "jaccard": [
    0.6294117647058823
  ],
  "braycurtis": [
    0.5
  ],
  "dice": [
    0.4592274678111588
  ],
  "cosinus": [
    0.38246225017033053
  ]
}