{
  "voc_eval_res": {
    "precision": 29.4118,
    "recall": 35.7143,
    "f-score": 32.2581
  },
  "KL_res": {
    "KL divergence": 3.8973237318302445,
    "Euclidean Dist.": 0.30515247258761646,
    "WER": 1.0,
    "CER": 0.6973684210526315,
    "Cosine Dist.": 0.4883182807465348
  },
  "occ_eval_res": {
    "precision": 29.4118,
    "recall": 33.3333,
    "f-score": 31.25
  },
  "clean_eval": {
    "f-score": 55.263157894736835,
    "precision": 57.534246575342465,
    "recall": 53.16455696202531,
    "tp": 84,
    "fp": 62,
    "fn": 74
  },
  "jaccard": [
    0.6651376146788991
  ],
  "braycurtis": [
    0.5388888888888889
  ],
  "dice": [
    0.49828178694158076
  ],
  "cosinus": [
    0.45156355400108217
  ]
}