{
  "voc_eval_res": {
    "precision": 28.5714,
    "recall": 61.5385,
    "f-score": 39.0244
  },
  "KL_res": {
    "KL divergence": 2.365362934493266,
    "Euclidean Dist.": 0.30896361653682974,
    "WER": 1.8571428571428572,
    "CER": 1.117117117117117,
    "Cosine Dist.": 0.44529980377477096
  },
  "occ_eval_res": {
    "precision": 27.5862,
    "recall": 57.1429,
    "f-score": 37.2093
  },
  "clean_eval": {
    "f-score": 16.94214876033058,
    "precision": 19.902912621359224,
    "recall": 14.748201438848922,
    "tp": 41,
    "fp": 165,
    "fn": 237
  },
  "jaccard": [
    0.5429553264604811
  ],
  "braycurtis": [
    0.39730639730639733
  ],
  "dice": [
    0.37264150943396224
  ],
  "cosinus": [
    0.24581312266609678
  ]
}