{
  "voc_eval_res": {
    "precision": 23.0769,
    "recall": 37.5,
    "f-score": 28.5714
  },
  "KL_res": {
    "KL divergence": 5.2228441486578845,
    "Euclidean Dist.": 0.3267728373838127,
    "WER": 1.1818181818181819,
    "CER": 0.9112903225806451,
    "Cosine Dist.": 0.7072299781154401
  },
  "occ_eval_res": {
    "precision": 22.2222,
    "recall": 27.2727,
    "f-score": 24.4898
  },
  "clean_eval": {
    "f-score": 17.431192660550458,
    "precision": 22.35294117647059,
    "recall": 14.285714285714285,
    "tp": 38,
    "fp": 132,
    "fn": 228
  },
  "jaccard": [
    0.7155172413793104
  ],
  "braycurtis": [
    0.60625
  ],
  "dice": [
    0.5570469798657718
  ],
  "cosinus": [
    0.5121040398612634
  ]
}