{
  "voc_eval_res": {
    "precision": 56.0,
    "recall": 63.6364,
    "f-score": 59.5745
  },
  "KL_res": {
    "KL divergence": 1.288776056139399,
    "Euclidean Dist.": 0.14122642663916418,
    "WER": 0.4666666666666667,
    "CER": 0.3273809523809524,
    "Cosine Dist.": 0.08362041009468568
  },
  "occ_eval_res": {
    "precision": 66.6667,
    "recall": 73.3333,
    "f-score": 69.8413
  },
  "clean_eval": {
    "f-score": 21.753246753246756,
    "precision": 22.185430463576157,
    "recall": 21.337579617834397,
    "tp": 67,
    "fp": 235,
    "fn": 247
  },
  "jaccard": [
    0.4375
  ],
  "braycurtis": [
    0.2346368715083799
  ],
  "dice": [
    0.28
  ],
  "cosinus": [
    0.11281764730128119
  ]
}