{
  "voc_eval_res": {
    "precision": 27.2727,
    "recall": 33.3333,
    "f-score": 30.0
  },
  "KL_res": {
    "KL divergence": 3.4725765689325234,
    "Euclidean Dist.": 0.31693060681467583,
    "WER": 1.0,
    "CER": 0.7538461538461538,
    "Cosine Dist.": 0.2794233078771079
  },
  "occ_eval_res": {
    "precision": 38.4615,
    "recall": 45.4545,
    "f-score": 41.6667
  },
  "clean_eval": {
    "f-score": 68.48249027237355,
    "precision": 72.1311475409836,
    "recall": 65.18518518518519,
    "tp": 88,
    "fp": 34,
    "fn": 47
  },
  "jaccard": [
    0.7100591715976331
  ],
  "braycurtis": [
    0.49640287769784175
  ],
  "dice": [
    0.5504587155963303
  ],
  "cosinus": [
    0.3822861432463749
  ]
}