{
  "voc_eval_res": {
    "precision": 62.5,
    "recall": 83.3333,
    "f-score": 71.4286
  },
  "KL_res": {
    "KL divergence": 1.3039730710754496,
    "Euclidean Dist.": 0.22493341530842867,
    "WER": 0.5909090909090909,
    "CER": 0.3851851851851852,
    "Cosine Dist.": 0.2628458597992587
  },
  "occ_eval_res": {
    "precision": 60.0,
    "recall": 68.1818,
    "f-score": 63.8298
  },
  "clean_eval": {
    "f-score": 56.33802816901407,
    "precision": 57.85123966942148,
    "recall": 54.90196078431373,
    "tp": 140,
    "fp": 102,
    "fn": 115
  },
  "jaccard": [
    0.4199288256227758
  ],
  "braycurtis": [
    0.3146853146853147
  ],
  "dice": [
    0.26576576576576577
  ],
  "cosinus": [
    0.2322965529321278
  ]
}