{
  "voc_eval_res": {
    "precision": 50.0,
    "recall": 71.4286,
    "f-score": 58.8235
  },
  "KL_res": {
    "KL divergence": 1.7578606459895867,
    "Euclidean Dist.": 0.33042952874915366,
    "WER": 0.8571428571428571,
    "CER": 0.5967741935483871,
    "Cosine Dist.": 0.2546440075000702
  },
  "occ_eval_res": {
    "precision": 50.0,
    "recall": 71.4286,
    "f-score": 58.8235
  },
  "clean_eval": {
    "f-score": 56.12244897959183,
    "precision": 63.95348837209303,
    "recall": 50.0,
    "tp": 55,
    "fp": 31,
    "fn": 55
  },
  "jaccard": [
    0.4507042253521127
  ],
  "braycurtis": [
    0.3014705882352941
  ],
  "dice": [
    0.2909090909090909
  ],
  "cosinus": [
    0.24702215320398357
  ]
}