{
  "voc_eval_res": {
    "precision": 44.4444,
    "recall": 53.3333,
    "f-score": 48.4848
  },
  "KL_res": {
    "KL divergence": 2.762956409846641,
    "Euclidean Dist.": 0.2640496586292477,
    "WER": 0.9333333333333333,
    "CER": 0.5591397849462365,
    "Cosine Dist.": 0.3655833608347828
  },
  "occ_eval_res": {
    "precision": 40.0,
    "recall": 53.3333,
    "f-score": 45.7143
  },
  "clean_eval": {
    "f-score": 45.12195121951219,
    "precision": 50.68493150684932,
    "recall": 40.65934065934066,
    "tp": 74,
    "fp": 72,
    "fn": 108
  },
  "jaccard": [
    0.5589519650655022
  ],
  "braycurtis": [
    0.4563106796116505
  ],
  "dice": [
    0.3878787878787879
  ],
  "cosinus": [
    0.4263506798062966
  ]
}