{
  "voc_eval_res": {
    "precision": 7.4074,
    "recall": 15.3846,
    "f-score": 10.0
  },
  "KL_res": {
    "KL divergence": 6.681752737362952,
    "Euclidean Dist.": 0.32518593899442216,
    "WER": 1.9230769230769231,
    "CER": 1.7532467532467533,
    "Cosine Dist.": 0.8082146794058463
  },
  "occ_eval_res": {
    "precision": 7.4074,
    "recall": 15.3846,
    "f-score": 10.0
  },
  "clean_eval": {
    "f-score": 26.605504587155966,
    "precision": 47.540983606557376,
    "recall": 18.471337579617835,
    "tp": 58,
    "fp": 64,
    "fn": 256
  },
  "jaccard": [
    0.7840909090909091
  ],
  "braycurtis": [
    0.6953405017921147
  ],
  "dice": [
    0.6448598130841121
  ],
  "cosinus": [
    0.5427385710723179
  ]
}