{
  "voc_eval_res": {
    "precision": 32.0,
    "recall": 33.3333,
    "f-score": 32.6531
  },
  "KL_res": {
    "KL divergence": 4.453694618683539,
    "Euclidean Dist.": 0.25220917401161547,
    "WER": 1.0,
    "CER": 0.8616352201257862,
    "Cosine Dist.": 0.54426728481235
  },
  "occ_eval_res": {
    "precision": 30.7692,
    "recall": 30.7692,
    "f-score": 30.7692
  },
  "clean_eval": {
    "f-score": 9.23076923076923,
    "precision": 10.434782608695652,
    "recall": 8.275862068965518,
    "tp": 24,
    "fp": 206,
    "fn": 266
  },
  "jaccard": [
    0.5529411764705883
  ],
  "braycurtis": [
    0.3848314606741573
  ],
  "dice": [
    0.3821138211382114
  ],
  "cosinus": [
    0.2517689421393621
  ]
}