{
  "voc_eval_res": {
    "precision": 0,
    "recall": 0,
    "f-score": 0
  },
  "KL_res": {
    "KL divergence": 10.126232183440985,
    "Euclidean Dist.": 0.8660254037844386,
    "WER": 1.0,
    "CER": 0.8076923076923077,
    "Cosine Dist.": 1.0
  },
  "occ_eval_res": {
    "precision": 0,
    "recall": 0,
    "f-score": 0
  },
  "clean_eval": {
    "f-score": 55.26315789473685,
    "precision": 42.0,
    "recall": 80.76923076923077,
    "tp": 21,
    "fp": 29,
    "fn": 5
  },
  "jaccard": [
    0.9743589743589743
  ],
  "braycurtis": [
    0.9512195121951219
  ],
  "dice": [
    0.95
  ],
  "cosinus": [
    0.9526618931668849
  ]
}