{
  "voc_eval_res": {
    "precision": 70.0,
    "recall": 72.4138,
    "f-score": 71.1864
  },
  "KL_res": {
    "KL divergence": 1.281519189692587,
    "Euclidean Dist.": 0.13808582215437432,
    "WER": 0.3783783783783784,
    "CER": 0.2024793388429752,
    "Cosine Dist.": 0.1255392776092592
  },
  "occ_eval_res": {
    "precision": 74.2857,
    "recall": 70.2703,
    "f-score": 72.2222
  },
  "clean_eval": {
    "f-score": 52.38095238095237,
    "precision": 51.657458563535904,
    "recall": 53.125,
    "tp": 187,
    "fp": 175,
    "fn": 165
  },
  "jaccard": [
    0.3026706231454006
  ],
  "braycurtis": [
    0.16565656565656567
  ],
  "dice": [
    0.17832167832167833
  ],
  "cosinus": [
    0.08041935557221369
  ]
}