{
  "voc_eval_res": {
    "precision": 45.4545,
    "recall": 65.2174,
    "f-score": 53.5714
  },
  "KL_res": {
    "KL divergence": 2.1799316873357157,
    "Euclidean Dist.": 0.2461148938450428,
    "WER": 1.037037037037037,
    "CER": 0.5024390243902439,
    "Cosine Dist.": 0.46768477605350045
  },
  "occ_eval_res": {
    "precision": 37.2093,
    "recall": 59.2593,
    "f-score": 45.7143
  },
  "clean_eval": {
    "f-score": 26.857142857142858,
    "precision": 28.834355828220858,
    "recall": 25.13368983957219,
    "tp": 94,
    "fp": 232,
    "fn": 280
  },
  "jaccard": [
    0.4141689373297003
  ],
  "braycurtis": [
    0.3540772532188841
  ],
  "dice": [
    0.2611683848797251
  ],
  "cosinus": [
    0.3474755289211272
  ]
}