{
  "voc_eval_res": {
    "precision": 23.4375,
    "recall": 23.8095,
    "f-score": 23.622
  },
  "KL_res": {
    "KL divergence": 3.3774318842052384,
    "Euclidean Dist.": 0.18267877752909165,
    "WER": 0.8645833333333334,
    "CER": 0.6194444444444445,
    "Cosine Dist.": 0.40845099049253275
  },
  "occ_eval_res": {
    "precision": 28.7671,
    "recall": 21.875,
    "f-score": 24.8521
  },
  "clean_eval": {
    "f-score": 2.3904382470119523,
    "precision": 2.079722703639515,
    "recall": 2.810304449648712,
    "tp": 24,
    "fp": 1130,
    "fn": 830
  },
  "jaccard": [
    0.5613540197461213
  ],
  "braycurtis": [
    0.413469068128426
  ],
  "dice": [
    0.39019607843137255
  ],
  "cosinus": [
    0.1480115134013794
  ]
}