{
  "voc_eval_res": {
    "precision": 23.0769,
    "recall": 60.0,
    "f-score": 33.3333
  },
  "KL_res": {
    "KL divergence": 2.9293362265802103,
    "Euclidean Dist.": 0.4796448390190738,
    "WER": 2.0,
    "CER": 0.9393939393939394,
    "Cosine Dist.": 0.4696699141100894
  },
  "occ_eval_res": {
    "precision": 23.0769,
    "recall": 60.0,
    "f-score": 33.3333
  },
  "clean_eval": {
    "f-score": 51.08695652173913,
    "precision": 75.80645161290323,
    "recall": 38.52459016393443,
    "tp": 47,
    "fp": 15,
    "fn": 75
  },
  "jaccard": [
    0.6875
  ],
  "braycurtis": [
    0.5052631578947369
  ],
  "dice": [
    0.5238095238095238
  ],
  "cosinus": [
    0.40047553009253634
  ]
}