{
  "voc_eval_res": {
    "precision": 35.7143,
    "recall": 35.7143,
    "f-score": 35.7143
  },
  "KL_res": {
    "KL divergence": 3.770012150583077,
    "Euclidean Dist.": 0.2867139011473129,
    "WER": 0.9333333333333333,
    "CER": 0.8064516129032258,
    "Cosine Dist.": 0.3534209127036104
  },
  "occ_eval_res": {
    "precision": 37.5,
    "recall": 40.0,
    "f-score": 38.7097
  },
  "clean_eval": {
    "f-score": 56.71641791044777,
    "precision": 69.0909090909091,
    "recall": 48.10126582278481,
    "tp": 76,
    "fp": 34,
    "fn": 82
  },
  "jaccard": [
    0.6827956989247311
  ],
  "braycurtis": [
    0.5140845070422535
  ],
  "dice": [
    0.5183673469387755
  ],
  "cosinus": [
    0.38863319782533357
  ]
}