{
  "voc_eval_res": {
    "precision": 48.4848,
    "recall": 69.5652,
    "f-score": 57.1429
  },
  "KL_res": {
    "KL divergence": 1.297109359932801,
    "Euclidean Dist.": 0.18786973058962764,
    "WER": 0.7931034482758621,
    "CER": 0.7023809523809523,
    "Cosine Dist.": 0.17386423912075977
  },
  "occ_eval_res": {
    "precision": 52.5,
    "recall": 72.4138,
    "f-score": 60.8696
  },
  "clean_eval": {
    "f-score": 32.544378698224854,
    "precision": 36.423841059602644,
    "recall": 29.411764705882355,
    "tp": 110,
    "fp": 192,
    "fn": 264
  },
  "jaccard": [
    0.5706214689265536
  ],
  "braycurtis": [
    0.3937947494033413
  ],
  "dice": [
    0.39920948616600793
  ],
  "cosinus": [
    0.2508714640643356
  ]
}