{
  "voc_eval_res": {
    "precision": 55.0,
    "recall": 70.9677,
    "f-score": 61.9718
  },
  "KL_res": {
    "KL divergence": 1.1348786203336536,
    "Euclidean Dist.": 0.16164280083482963,
    "WER": 0.5777777777777777,
    "CER": 0.45493562231759654,
    "Cosine Dist.": 0.16907547662956046
  },
  "occ_eval_res": {
    "precision": 60.0,
    "recall": 66.6667,
    "f-score": 63.1579
  },
  "clean_eval": {
    "f-score": 28.01724137931034,
    "precision": 29.953917050691242,
    "recall": 26.31578947368421,
    "tp": 130,
    "fp": 304,
    "fn": 364
  },
  "jaccard": [
    0.44416243654822335
  ],
  "braycurtis": [
    0.29750479846449135
  ],
  "dice": [
    0.28548123980424145
  ],
  "cosinus": [
    0.16429744252551026
  ]
}