{
  "voc_eval_res": {
    "precision": 50.0,
    "recall": 50.0,
    "f-score": 50.0
  },
  "KL_res": {
    "KL divergence": 2.380223531762092,
    "Euclidean Dist.": 0.2167396325320355,
    "WER": 0.6521739130434783,
    "CER": 0.4064516129032258,
    "Cosine Dist.": 0.18480668659246935
  },
  "occ_eval_res": {
    "precision": 57.1429,
    "recall": 52.1739,
    "f-score": 54.5455
  },
  "clean_eval": {
    "f-score": 9.821428571428573,
    "precision": 10.091743119266056,
    "recall": 9.565217391304348,
    "tp": 22,
    "fp": 196,
    "fn": 208
  },
  "jaccard": [
    0.4690909090909091
  ],
  "braycurtis": [
    0.305993690851735
  ],
  "dice": [
    0.30641330166270786
  ],
  "cosinus": [
    0.15521898323212113
  ]
}