{
  "voc_eval_res": {
    "precision": 47.0588,
    "recall": 53.3333,
    "f-score": 50.0
  },
  "KL_res": {
    "KL divergence": 2.8144802418229022,
    "Euclidean Dist.": 0.26077872313009093,
    "WER": 1.303030303030303,
    "CER": 0.6141732283464567,
    "Cosine Dist.": 0.6106767854780957
  },
  "occ_eval_res": {
    "precision": 30.3571,
    "recall": 51.5152,
    "f-score": 38.2022
  },
  "clean_eval": {
    "f-score": 34.948979591836746,
    "precision": 36.63101604278075,
    "recall": 33.41463414634146,
    "tp": 137,
    "fp": 237,
    "fn": 273
  },
  "jaccard": [
    0.46396396396396394
  ],
  "braycurtis": [
    0.40394973070017953
  ],
  "dice": [
    0.3020527859237537
  ],
  "cosinus": [
    0.46818718488791355
  ]
}