{
  "voc_eval_res": {
    "precision": 18.75,
    "recall": 33.3333,
    "f-score": 24.0
  },
  "KL_res": {
    "KL divergence": 2.4620959854420046,
    "Euclidean Dist.": 0.35353735606229686,
    "WER": 1.0,
    "CER": 1.9230769230769231,
    "Cosine Dist.": 0.19812462612551973
  },
  "occ_eval_res": {
    "precision": 33.3333,
    "recall": 46.6667,
    "f-score": 38.8889
  },
  "clean_eval": {
    "f-score": 14.634146341463417,
    "precision": 21.818181818181817,
    "recall": 11.009174311926607,
    "tp": 24,
    "fp": 86,
    "fn": 194
  },
  "jaccard": [
    0.8546255506607929
  ],
  "braycurtis": [
    0.6918918918918919
  ],
  "dice": [
    0.7461538461538462
  ],
  "cosinus": [
    0.50554362947746
  ]
}