{
  "voc_eval_res": {
    "precision": 16.6667,
    "recall": 20.0,
    "f-score": 18.1818
  },
  "KL_res": {
    "KL divergence": 6.443166059746406,
    "Euclidean Dist.": 0.41062708408120835,
    "WER": 1.0909090909090908,
    "CER": 0.55,
    "Cosine Dist.": 0.7495102835659402
  },
  "occ_eval_res": {
    "precision": 15.3846,
    "recall": 18.1818,
    "f-score": 16.6667
  },
  "clean_eval": {
    "f-score": 61.71875,
    "precision": 64.75409836065575,
    "recall": 58.95522388059702,
    "tp": 79,
    "fp": 43,
    "fn": 55
  },
  "jaccard": [
    0.5586592178770949
  ],
  "braycurtis": [
    0.4269005847953216
  ],
  "dice": [
    0.3875968992248062
  ],
  "cosinus": [
    0.28642476920296045
  ]
}