{
  "voc_eval_res": {
    "precision": 66.6667,
    "recall": 66.6667,
    "f-score": 66.6667
  },
  "KL_res": {
    "KL divergence": 2.08278765265545,
    "Euclidean Dist.": 0.4714045207910317,
    "WER": 0.6666666666666666,
    "CER": 0.8235294117647058,
    "Cosine Dist.": 0.20000000000000007
  },
  "occ_eval_res": {
    "precision": 66.6667,
    "recall": 66.6667,
    "f-score": 66.6667
  },
  "clean_eval": {
    "f-score": 52.63157894736842,
    "precision": 52.63157894736842,
    "recall": 52.63157894736842,
    "tp": 20,
    "fp": 18,
    "fn": 18
  },
  "jaccard": [
    0.7704918032786885
  ],
  "braycurtis": [
    0.631578947368421
  ],
  "dice": [
    0.6266666666666667
  ],
  "cosinus": [
    0.6107505279192385
  ]
}