{
  "voc_eval_res": {
    "precision": 44.4444,
    "recall": 47.619,
    "f-score": 45.977
  },
  "KL_res": {
    "KL divergence": 1.6908438373835604,
    "Euclidean Dist.": 0.13229946866072936,
    "WER": 0.8857142857142857,
    "CER": 0.7522388059701492,
    "Cosine Dist.": 0.10099695699822142
  },
  "occ_eval_res": {
    "precision": 57.1429,
    "recall": 51.4286,
    "f-score": 54.1353
  },
  "clean_eval": {
    "f-score": 9.7667638483965,
    "precision": 9.598853868194842,
    "recall": 9.940652818991099,
    "tp": 67,
    "fp": 631,
    "fn": 607
  },
  "jaccard": [
    0.5401869158878505
  ],
  "braycurtis": [
    0.3592644978783593
  ],
  "dice": [
    0.3700384122919334
  ],
  "cosinus": [
    0.15133405665189048
  ]
}