{
  "voc_eval_res": {
    "precision": 46.3415,
    "recall": 31.6667,
    "f-score": 37.6238
  },
  "KL_res": {
    "KL divergence": 2.252737793222186,
    "Euclidean Dist.": 0.19381319211180983,
    "WER": 0.7472527472527473,
    "CER": 0.593114241001565,
    "Cosine Dist.": 0.22691241790888195
  },
  "occ_eval_res": {
    "precision": 59.2593,
    "recall": 35.1648,
    "f-score": 44.1379
  },
  "clean_eval": {
    "f-score": 4.503464203233256,
    "precision": 3.5648994515539303,
    "recall": 6.112852664576803,
    "tp": 39,
    "fp": 1055,
    "fn": 599
  },
  "jaccard": [
    0.5325884543761639
  ],
  "braycurtis": [
    0.35631067961165047
  ],
  "dice": [
    0.3629441624365482
  ],
  "cosinus": [
    0.08545249142116129
  ]
}