{
  "voc_eval_res": {
    "precision": 41.6667,
    "recall": 45.4545,
    "f-score": 43.4783
  },
  "KL_res": {
    "KL divergence": 3.10564067944137,
    "Euclidean Dist.": 0.3227486121839514,
    "WER": 0.8333333333333334,
    "CER": 0.734375,
    "Cosine Dist.": 0.3794947720059769
  },
  "occ_eval_res": {
    "precision": 41.6667,
    "recall": 41.6667,
    "f-score": 41.6667
  },
  "clean_eval": {
    "f-score": 44.897959183673464,
    "precision": 45.08196721311475,
    "recall": 44.71544715447154,
    "tp": 55,
    "fp": 67,
    "fn": 68
  },
  "jaccard": [
    0.6971428571428572
  ],
  "braycurtis": [
    0.5581395348837209
  ],
  "dice": [
    0.5350877192982456
  ],
  "cosinus": [
    0.4709570233480562
  ]
}