{
  "voc_eval_res": {
    "precision": 60.0,
    "recall": 57.1429,
    "f-score": 58.5366
  },
  "KL_res": {
    "KL divergence": 2.109541992456766,
    "Euclidean Dist.": 0.2474317056878359,
    "WER": 0.5714285714285714,
    "CER": 0.46099290780141844,
    "Cosine Dist.": 0.2478076395821709
  },
  "occ_eval_res": {
    "precision": 60.0,
    "recall": 53.5714,
    "f-score": 56.6038
  },
  "clean_eval": {
    "f-score": 32.645403377110696,
    "precision": 32.70676691729324,
    "recall": 32.58426966292135,
    "tp": 87,
    "fp": 179,
    "fn": 180
  },
  "jaccard": [
    0.5166051660516605
  ],
  "braycurtis": [
    0.3680555555555556
  ],
  "dice": [
    0.3482587064676617
  ],
  "cosinus": [
    0.2560842516987557
  ]
}