{
  "voc_eval_res": {
    "precision": 20.8333,
    "recall": 26.3158,
    "f-score": 23.2558
  },
  "KL_res": {
    "KL divergence": 5.024046966082481,
    "Euclidean Dist.": 0.2688080183382175,
    "WER": 1.2105263157894737,
    "CER": 0.8761061946902655,
    "Cosine Dist.": 0.5691797815723354
  },
  "occ_eval_res": {
    "precision": 18.5185,
    "recall": 26.3158,
    "f-score": 21.7391
  },
  "clean_eval": {
    "f-score": 32.142857142857146,
    "precision": 37.11340206185567,
    "recall": 28.346456692913385,
    "tp": 72,
    "fp": 122,
    "fn": 182
  },
  "jaccard": [
    0.7723342939481268
  ],
  "braycurtis": [
    0.6591760299625468
  ],
  "dice": [
    0.6291079812206573
  ],
  "cosinus": [
    0.5824256129366163
  ]
}