{
  "voc_eval_res": {
    "precision": 28.5714,
    "recall": 100.0,
    "f-score": 44.4444
  },
  "KL_res": {
    "KL divergence": 0.8106347288339057,
    "Euclidean Dist.": 0.7824607964359516,
    "WER": 2.5,
    "CER": 3.0,
    "Cosine Dist.": 0.33333333333333337
  },
  "occ_eval_res": {
    "precision": 28.5714,
    "recall": 100.0,
    "f-score": 44.4444
  },
  "clean_eval": {
    "f-score": 41.584158415841586,
    "precision": 80.76923076923077,
    "recall": 28.000000000000004,
    "tp": 21,
    "fp": 5,
    "fn": 54
  },
  "jaccard": [
    0.7368421052631579
  ],
  "braycurtis": [
    0.631578947368421
  ],
  "dice": [
    0.5833333333333334
  ],
  "cosinus": [
    0.3623703869811207
  ]
}