{
  "voc_eval_res": {
    "precision": 45.8333,
    "recall": 64.7059,
    "f-score": 53.6585
  },
  "KL_res": {
    "KL divergence": 1.1581913171582268,
    "Euclidean Dist.": 0.17704803804895494,
    "WER": 0.6296296296296297,
    "CER": 0.3383838383838384,
    "Cosine Dist.": 0.05948631111887681
  },
  "occ_eval_res": {
    "precision": 60.6061,
    "recall": 74.0741,
    "f-score": 66.6667
  },
  "clean_eval": {
    "f-score": 34.61538461538461,
    "precision": 37.261146496815286,
    "recall": 32.32044198895028,
    "tp": 117,
    "fp": 197,
    "fn": 245
  },
  "jaccard": [
    0.48717948717948717
  ],
  "braycurtis": [
    0.22323462414578588
  ],
  "dice": [
    0.3220338983050847
  ],
  "cosinus": [
    0.06137904310121223
  ]
}