{
  "voc_eval_res": {
    "precision": 45.8333,
    "recall": 51.1628,
    "f-score": 48.3516
  },
  "KL_res": {
    "KL divergence": 1.9891875464013162,
    "Euclidean Dist.": 0.15231618593088248,
    "WER": 0.7580645161290323,
    "CER": 0.49838187702265374,
    "Cosine Dist.": 0.17801962224500745
  },
  "occ_eval_res": {
    "precision": 47.9452,
    "recall": 56.4516,
    "f-score": 51.8519
  },
  "clean_eval": {
    "f-score": 8.761329305135952,
    "precision": 10.034602076124568,
    "recall": 7.774798927613941,
    "tp": 58,
    "fp": 520,
    "fn": 688
  },
  "jaccard": [
    0.5869191049913941
  ],
  "braycurtis": [
    0.4
  ],
  "dice": [
    0.415347137637028
  ],
  "cosinus": [
    0.21794385108412118
  ]
}