{
  "voc_eval_res": {
    "precision": 56.25,
    "recall": 56.25,
    "f-score": 56.25
  },
  "KL_res": {
    "KL divergence": 1.984985750024205,
    "Euclidean Dist.": 0.23919354012554783,
    "WER": 0.5909090909090909,
    "CER": 0.4810126582278481,
    "Cosine Dist.": 0.20118743365524305
  },
  "occ_eval_res": {
    "precision": 61.1111,
    "recall": 50.0,
    "f-score": 55.0
  },
  "clean_eval": {
    "f-score": 63.20754716981133,
    "precision": 55.371900826446286,
    "recall": 73.62637362637363,
    "tp": 134,
    "fp": 108,
    "fn": 48
  },
  "jaccard": [
    0.48333333333333334
  ],
  "braycurtis": [
    0.37545126353790614
  ],
  "dice": [
    0.31868131868131866
  ],
  "cosinus": [
    0.19479807112825354
  ]
}