{
  "voc_eval_res": {
    "precision": 54.1985,
    "recall": 68.932,
    "f-score": 60.6838
  },
  "KL_res": {
    "KL divergence": 1.1927159271778618,
    "Euclidean Dist.": 0.09039078348316557,
    "WER": 0.6645161290322581,
    "CER": 0.43741588156123823,
    "Cosine Dist.": 0.17258333115093738
  },
  "occ_eval_res": {
    "precision": 54.902,
    "recall": 72.2581,
    "f-score": 62.3955
  },
  "clean_eval": {
    "f-score": 52.12121212121211,
    "precision": 61.87050359712231,
    "recall": 45.0261780104712,
    "tp": 86,
    "fp": 53,
    "fn": 105
  },
  "jaccard": [
    0.4148827726809378
  ],
  "braycurtis": [
    0.3131094257854821
  ],
  "dice": [
    0.2617363344051447
  ],
  "cosinus": [
    0.13856236651011355
  ]
}