{
  "voc_eval_res": {
    "precision": 68.9922,
    "recall": 80.9091,
    "f-score": 74.477
  },
  "KL_res": {
    "KL divergence": 0.915608877606759,
    "Euclidean Dist.": 0.09435359948975938,
    "WER": 0.5620915032679739,
    "CER": 0.33866995073891626,
    "Cosine Dist.": 0.16550672283592205
  },
  "occ_eval_res": {
    "precision": 61.658,
    "recall": 77.7778,
    "f-score": 68.7861
  },
  "clean_eval": {
    "f-score": 61.875,
    "precision": 71.22302158273382,
    "recall": 54.69613259668509,
    "tp": 99,
    "fp": 40,
    "fn": 82
  },
  "jaccard": [
    0.3578076525336091
  ],
  "braycurtis": [
    0.27044989775051126
  ],
  "dice": [
    0.21788413098236775
  ],
  "cosinus": [
    0.11298204291280534
  ]
}