{
  "voc_eval_res": {
    "precision": 53.4653,
    "recall": 74.4828,
    "f-score": 62.2478
  },
  "KL_res": {
    "KL divergence": 0.8517557232927284,
    "Euclidean Dist.": 0.08049627098401392,
    "WER": 0.782608695652174,
    "CER": 0.4963072378138848,
    "Cosine Dist.": 0.13843840836635435
  },
  "occ_eval_res": {
    "precision": 53.3693,
    "recall": 78.2609,
    "f-score": 63.4615
  },
  "clean_eval": {
    "f-score": 51.85185185185185,
    "precision": 62.5531914893617,
    "recall": 44.27710843373494,
    "tp": 147,
    "fp": 88,
    "fn": 185
  },
  "jaccard": [
    0.4116788321167883
  ],
  "braycurtis": [
    0.2996525767226404
  ],
  "dice": [
    0.25919117647058826
  ],
  "cosinus": [
    0.08367066459220396
  ]
}