{
  "voc_eval_res": {
    "precision": 67.4074,
    "recall": 72.8,
    "f-score": 70.0
  },
  "KL_res": {
    "KL divergence": 0.6416099046013293,
    "Euclidean Dist.": 0.05648826227606366,
    "WER": 0.28365384615384615,
    "CER": 0.07929515418502203,
    "Cosine Dist.": 0.06367374089501776
  },
  "occ_eval_res": {
    "precision": 75.0,
    "recall": 77.8846,
    "f-score": 76.4151
  },
  "clean_eval": {
    "f-score": 64.09638554216866,
    "precision": 63.942307692307686,
    "recall": 64.25120772946859,
    "tp": 133,
    "fp": 75,
    "fn": 74
  },
  "jaccard": [
    0.33572159672466734
  ],
  "braycurtis": [
    0.14822635135135134
  ],
  "dice": [
    0.2017220172201722
  ],
  "cosinus": [
    0.033669072993963045
  ]
}