{
  "voc_eval_res": {
    "precision": 67.3469,
    "recall": 69.7183,
    "f-score": 68.5121
  },
  "KL_res": {
    "KL divergence": 0.9041837888802147,
    "Euclidean Dist.": 0.06059733904200802,
    "WER": 0.33507853403141363,
    "CER": 0.0627763041556145,
    "Cosine Dist.": 0.05867796626219046
  },
  "occ_eval_res": {
    "precision": 69.5,
    "recall": 72.7749,
    "f-score": 71.0997
  },
  "clean_eval": {
    "f-score": 67.17557251908397,
    "precision": 66.66666666666666,
    "recall": 67.6923076923077,
    "tp": 132,
    "fp": 66,
    "fn": 63
  },
  "jaccard": [
    0.316776007497657
  ],
  "braycurtis": [
    0.13832976445396145
  ],
  "dice": [
    0.18819599109131402
  ],
  "cosinus": [
    0.028787648301664248
  ]
}