{
  "voc_eval_res": {
    "precision": 73.4177,
    "recall": 73.4177,
    "f-score": 73.4177
  },
  "KL_res": {
    "KL divergence": 1.0641721865692266,
    "Euclidean Dist.": 0.08555186199604818,
    "WER": 0.3870967741935484,
    "CER": 0.1534090909090909,
    "Cosine Dist.": 0.13789899981354703
  },
  "occ_eval_res": {
    "precision": 73.4043,
    "recall": 74.1935,
    "f-score": 73.7968
  },
  "clean_eval": {
    "f-score": 66.29834254143645,
    "precision": 65.93406593406593,
    "recall": 66.66666666666666,
    "tp": 60,
    "fp": 31,
    "fn": 30
  },
  "jaccard": [
    0.32421875
  ],
  "braycurtis": [
    0.18980667838312829
  ],
  "dice": [
    0.19347319347319347
  ],
  "cosinus": [
    0.09551023239347267
  ]
}