{
  "voc_eval_res": {
    "precision": 48.1752,
    "recall": 68.75,
    "f-score": 56.6524
  },
  "KL_res": {
    "KL divergence": 1.0670323837060345,
    "Euclidean Dist.": 0.09110370189181675,
    "WER": 0.7651515151515151,
    "CER": 0.4318181818181818,
    "Cosine Dist.": 0.1804817537572313
  },
  "occ_eval_res": {
    "precision": 49.4792,
    "recall": 71.9697,
    "f-score": 58.642
  },
  "clean_eval": {
    "f-score": 54.93827160493827,
    "precision": 63.12056737588653,
    "recall": 48.63387978142077,
    "tp": 89,
    "fp": 52,
    "fn": 94
  },
  "jaccard": [
    0.4242125984251969
  ],
  "braycurtis": [
    0.2707509881422925
  ],
  "dice": [
    0.2692067457838851
  ],
  "cosinus": [
    0.07396115637029954
  ]
}