{
  "voc_eval_res": {
    "precision": 67.2956,
    "recall": 72.7891,
    "f-score": 69.9346
  },
  "KL_res": {
    "KL divergence": 0.8730203335842003,
    "Euclidean Dist.": 0.08551216454922571,
    "WER": 0.41403508771929826,
    "CER": 0.1511864406779661,
    "Cosine Dist.": 0.15850989046424124
  },
  "occ_eval_res": {
    "precision": 69.2308,
    "recall": 72.6316,
    "f-score": 70.8904
  },
  "clean_eval": {
    "f-score": 59.68379446640315,
    "precision": 60.6425702811245,
    "recall": 58.754863813229576,
    "tp": 151,
    "fp": 98,
    "fn": 106
  },
  "jaccard": [
    0.3813354786806114
  ],
  "braycurtis": [
    0.22243226212980466
  ],
  "dice": [
    0.2355864811133201
  ],
  "cosinus": [
    0.11866853951455725
  ]
}