{
  "voc_eval_res": {
    "precision": 60.5769,
    "recall": 75.9036,
    "f-score": 67.3797
  },
  "KL_res": {
    "KL divergence": 0.5543717662985997,
    "Euclidean Dist.": 0.05469668251343253,
    "WER": 0.532258064516129,
    "CER": 0.35257603972687773,
    "Cosine Dist.": 0.05297946596963832
  },
  "occ_eval_res": {
    "precision": 62.6214,
    "recall": 83.2258,
    "f-score": 71.4681
  },
  "clean_eval": {
    "f-score": 69.3409742120344,
    "precision": 79.08496732026144,
    "recall": 61.73469387755102,
    "tp": 242,
    "fp": 64,
    "fn": 150
  },
  "jaccard": [
    0.412180052956752
  ],
  "braycurtis": [
    0.22935535428875867
  ],
  "dice": [
    0.2595886603668705
  ],
  "cosinus": [
    0.02502288740960268
  ]
}