{
  "voc_eval_res": {
    "precision": 58.8889,
    "recall": 61.6279,
    "f-score": 60.2273
  },
  "KL_res": {
    "KL divergence": 1.4802335997928897,
    "Euclidean Dist.": 0.16460613177046657,
    "WER": 0.5905511811023622,
    "CER": 0.18064516129032257,
    "Cosine Dist.": 0.3989297377871407
  },
  "occ_eval_res": {
    "precision": 53.0303,
    "recall": 55.1181,
    "f-score": 54.0541
  },
  "clean_eval": {
    "f-score": 43.438914027149316,
    "precision": 42.857142857142854,
    "recall": 44.03669724770643,
    "tp": 48,
    "fp": 64,
    "fn": 61
  },
  "jaccard": [
    0.4576271186440678
  ],
  "braycurtis": [
    0.3021690351533283
  ],
  "dice": [
    0.2967032967032967
  ],
  "cosinus": [
    0.19422155731567792
  ]
}