{
  "voc_eval_res": {
    "precision": 48.7805,
    "recall": 48.7805,
    "f-score": 48.7805
  },
  "KL_res": {
    "KL divergence": 1.8869627309256538,
    "Euclidean Dist.": 0.0979957420610304,
    "WER": 0.49504950495049505,
    "CER": 0.23529411764705882,
    "Cosine Dist.": 0.16401489560188243
  },
  "occ_eval_res": {
    "precision": 56.1224,
    "recall": 54.4554,
    "f-score": 55.2764
  },
  "clean_eval": {
    "f-score": 52.84974093264248,
    "precision": 52.04081632653062,
    "recall": 53.68421052631579,
    "tp": 51,
    "fp": 47,
    "fn": 44
  },
  "jaccard": [
    0.5266272189349113
  ],
  "braycurtis": [
    0.30371713508612874
  ],
  "dice": [
    0.357429718875502
  ],
  "cosinus": [
    0.1049373923855208
  ]
}