{
  "voc_eval_res": {
    "precision": 65.4412,
    "recall": 68.4615,
    "f-score": 66.9173
  },
  "KL_res": {
    "KL divergence": 0.8370798287908551,
    "Euclidean Dist.": 0.09893472558902712,
    "WER": 0.3524229074889868,
    "CER": 0.11512027491408934,
    "Cosine Dist.": 0.14505459270147025
  },
  "occ_eval_res": {
    "precision": 71.4286,
    "recall": 72.6872,
    "f-score": 72.0524
  },
  "clean_eval": {
    "f-score": 60.45454545454545,
    "precision": 59.64125560538116,
    "recall": 61.29032258064516,
    "tp": 133,
    "fp": 90,
    "fn": 84
  },
  "jaccard": [
    0.3679927667269439
  ],
  "braycurtis": [
    0.18576104746317512
  ],
  "dice": [
    0.22548476454293628
  ],
  "cosinus": [
    0.06314809022606727
  ]
}