{
  "voc_eval_res": {
    "precision": 64.6341,
    "recall": 60.9195,
    "f-score": 62.7219
  },
  "KL_res": {
    "KL divergence": 1.34230934772284,
    "Euclidean Dist.": 0.09354162886535784,
    "WER": 0.42063492063492064,
    "CER": 0.1263318112633181,
    "Cosine Dist.": 0.12804223633519973
  },
  "occ_eval_res": {
    "precision": 70.7965,
    "recall": 63.4921,
    "f-score": 66.9456
  },
  "clean_eval": {
    "f-score": 59.154929577464785,
    "precision": 57.27272727272727,
    "recall": 61.165048543689316,
    "tp": 63,
    "fp": 47,
    "fn": 40
  },
  "jaccard": [
    0.3708690330477356
  ],
  "braycurtis": [
    0.20353982300884957
  ],
  "dice": [
    0.22764838467317805
  ],
  "cosinus": [
    0.08657260935863387
  ]
}