{
  "voc_eval_res": {
    "precision": 64.3836,
    "recall": 70.1493,
    "f-score": 67.1429
  },
  "KL_res": {
    "KL divergence": 0.8294466064751177,
    "Euclidean Dist.": 0.0643371930499356,
    "WER": 0.3108108108108108,
    "CER": 0.0640625,
    "Cosine Dist.": 0.08058130592104085
  },
  "occ_eval_res": {
    "precision": 73.8739,
    "recall": 73.8739,
    "f-score": 73.8739
  },
  "clean_eval": {
    "f-score": 64.74820143884892,
    "precision": 64.28571428571429,
    "recall": 65.21739130434783,
    "tp": 135,
    "fp": 75,
    "fn": 72
  },
  "jaccard": [
    0.29600778967867575
  ],
  "braycurtis": [
    0.14109281437125748
  ],
  "dice": [
    0.1737142857142857
  ],
  "cosinus": [
    0.04907331866827036
  ]
}