{
  "voc_eval_res": {
    "precision": 68.1818,
    "recall": 81.5217,
    "f-score": 74.2574
  },
  "KL_res": {
    "KL divergence": 0.9787330521684144,
    "Euclidean Dist.": 0.09976060762382793,
    "WER": 0.5343511450381679,
    "CER": 0.35139318885448917,
    "Cosine Dist.": 0.16960132475704326
  },
  "occ_eval_res": {
    "precision": 62.5767,
    "recall": 77.8626,
    "f-score": 69.3878
  },
  "clean_eval": {
    "f-score": 61.003861003861005,
    "precision": 69.2982456140351,
    "recall": 54.48275862068965,
    "tp": 79,
    "fp": 35,
    "fn": 66
  },
  "jaccard": [
    0.36591179976162097
  ],
  "braycurtis": [
    0.28203477141017386
  ],
  "dice": [
    0.22392414296134208
  ],
  "cosinus": [
    0.1592731377263592
  ]
}