{
  "voc_eval_res": {
    "precision": 69.0265,
    "recall": 85.7143,
    "f-score": 76.4706
  },
  "KL_res": {
    "KL divergence": 0.5976912850281091,
    "Euclidean Dist.": 0.08835750139038573,
    "WER": 0.5384615384615384,
    "CER": 0.30657894736842106,
    "Cosine Dist.": 0.14033601434301646
  },
  "occ_eval_res": {
    "precision": 65.7609,
    "recall": 84.6154,
    "f-score": 74.0061
  },
  "clean_eval": {
    "f-score": 64.5367412140575,
    "precision": 72.66187050359713,
    "recall": 58.04597701149425,
    "tp": 101,
    "fp": 38,
    "fn": 73
  },
  "jaccard": [
    0.34837962962962965
  ],
  "braycurtis": [
    0.22658440830061694
  ],
  "dice": [
    0.21093202522775054
  ],
  "cosinus": [
    0.06743672740107709
  ]
}