{
  "voc_eval_res": {
    "precision": 66.4474,
    "recall": 71.1268,
    "f-score": 68.7075
  },
  "KL_res": {
    "KL divergence": 0.7440077394625362,
    "Euclidean Dist.": 0.05628529044313252,
    "WER": 0.3755656108597285,
    "CER": 0.17454858125537404,
    "Cosine Dist.": 0.0690241921559267
  },
  "occ_eval_res": {
    "precision": 72.4576,
    "recall": 77.3756,
    "f-score": 74.8359
  },
  "clean_eval": {
    "f-score": 64.96519721577727,
    "precision": 65.72769953051643,
    "recall": 64.22018348623854,
    "tp": 140,
    "fp": 73,
    "fn": 78
  },
  "jaccard": [
    0.3700787401574803
  ],
  "braycurtis": [
    0.19336337566571077
  ],
  "dice": [
    0.22705314009661837
  ],
  "cosinus": [
    0.05569192552256952
  ]
}