{
  "voc_eval_res": {
    "precision": 80.1802,
    "recall": 80.9091,
    "f-score": 80.543
  },
  "KL_res": {
    "KL divergence": 0.6668211173418981,
    "Euclidean Dist.": 0.07621007285131784,
    "WER": 0.26704545454545453,
    "CER": 0.08217716115261472,
    "Cosine Dist.": 0.1051730112998569
  },
  "occ_eval_res": {
    "precision": 79.7753,
    "recall": 80.6818,
    "f-score": 80.226
  },
  "clean_eval": {
    "f-score": 77.53846153846152,
    "precision": 76.36363636363637,
    "recall": 78.75,
    "tp": 126,
    "fp": 39,
    "fn": 34
  },
  "jaccard": [
    0.3117178612059158
  ],
  "braycurtis": [
    0.16700715015321757
  ],
  "dice": [
    0.18463611859838275
  ],
  "cosinus": [
    0.07795599498309769
  ]
}