{
  "voc_eval_res": {
    "precision": 84.5238,
    "recall": 84.5238,
    "f-score": 84.5238
  },
  "KL_res": {
    "KL divergence": 0.7228995363903558,
    "Euclidean Dist.": 0.0837887530378302,
    "WER": 0.21428571428571427,
    "CER": 0.05289256198347107,
    "Cosine Dist.": 0.12516348737064587
  },
  "occ_eval_res": {
    "precision": 85.1852,
    "recall": 82.1429,
    "f-score": 83.6364
  },
  "clean_eval": {
    "f-score": 75.8974358974359,
    "precision": 75.51020408163265,
    "recall": 76.28865979381443,
    "tp": 74,
    "fp": 24,
    "fn": 23
  },
  "jaccard": [
    0.24027777777777778
  ],
  "braycurtis": [
    0.14885193982581155
  ],
  "dice": [
    0.13654301499605367
  ],
  "cosinus": [
    0.10818136017457991
  ]
}