{
  "voc_eval_res": {
    "precision": 67.0732,
    "recall": 63.2184,
    "f-score": 65.0888
  },
  "KL_res": {
    "KL divergence": 1.1693942844819478,
    "Euclidean Dist.": 0.08740181259781392,
    "WER": 0.416,
    "CER": 0.14414414414414414,
    "Cosine Dist.": 0.08392339518371672
  },
  "occ_eval_res": {
    "precision": 72.4771,
    "recall": 63.2,
    "f-score": 67.5214
  },
  "clean_eval": {
    "f-score": 57.14285714285713,
    "precision": 54.385964912280706,
    "recall": 60.19417475728155,
    "tp": 62,
    "fp": 52,
    "fn": 41
  },
  "jaccard": [
    0.41952506596306066
  ],
  "braycurtis": [
    0.22782608695652173
  ],
  "dice": [
    0.2654424040066778
  ],
  "cosinus": [
    0.07433353410243793
  ]
}