{
  "voc_eval_res": {
    "precision": 69.7674,
    "recall": 72.5806,
    "f-score": 71.1462
  },
  "KL_res": {
    "KL divergence": 0.999125510839767,
    "Euclidean Dist.": 0.09099043264038638,
    "WER": 0.3435897435897436,
    "CER": 0.08820614469772052,
    "Cosine Dist.": 0.09813300658618529
  },
  "occ_eval_res": {
    "precision": 70.1031,
    "recall": 69.7436,
    "f-score": 69.9229
  },
  "clean_eval": {
    "f-score": 67.40947075208913,
    "precision": 66.85082872928176,
    "recall": 67.97752808988764,
    "tp": 121,
    "fp": 60,
    "fn": 57
  },
  "jaccard": [
    0.3394406943105111
  ],
  "braycurtis": [
    0.1780885780885781
  ],
  "dice": [
    0.20441347270615565
  ],
  "cosinus": [
    0.08061869390486864
  ]
}