{
  "voc_eval_res": {
    "precision": 71.5976,
    "recall": 78.5714,
    "f-score": 74.9226
  },
  "KL_res": {
    "KL divergence": 0.5461017626520497,
    "Euclidean Dist.": 0.0517390699420074,
    "WER": 0.303886925795053,
    "CER": 0.13437926330150068,
    "Cosine Dist.": 0.04438594918151029
  },
  "occ_eval_res": {
    "precision": 75.3165,
    "recall": 84.0989,
    "f-score": 79.4658
  },
  "clean_eval": {
    "f-score": 75.77854671280278,
    "precision": 80.21978021978022,
    "recall": 71.80327868852459,
    "tp": 219,
    "fp": 54,
    "fn": 86
  },
  "jaccard": [
    0.322
  ],
  "braycurtis": [
    0.1569377990430622
  ],
  "dice": [
    0.19189511323003575
  ],
  "cosinus": [
    0.028490763560092613
  ]
}