{
  "voc_eval_res": {
    "precision": 65.4867,
    "recall": 77.0833,
    "f-score": 70.8134
  },
  "KL_res": {
    "KL divergence": 1.0846005922867423,
    "Euclidean Dist.": 0.1187957356876634,
    "WER": 0.546583850931677,
    "CER": 0.3704188481675393,
    "Cosine Dist.": 0.2263060174194137
  },
  "occ_eval_res": {
    "precision": 62.3711,
    "recall": 75.1553,
    "f-score": 68.169
  },
  "clean_eval": {
    "f-score": 59.67213114754097,
    "precision": 67.91044776119402,
    "recall": 53.216374269005854,
    "tp": 91,
    "fp": 43,
    "fn": 80
  },
  "jaccard": [
    0.4089422028353326
  ],
  "braycurtis": [
    0.2835820895522388
  ],
  "dice": [
    0.2570253598355038
  ],
  "cosinus": [
    0.19223668607486954
  ]
}