{
  "voc_eval_res": {
    "precision": 80.2632,
    "recall": 72.619,
    "f-score": 76.25
  },
  "KL_res": {
    "KL divergence": 1.0807979961888876,
    "Euclidean Dist.": 0.10146448305842815,
    "WER": 0.32727272727272727,
    "CER": 0.09895833333333333,
    "Cosine Dist.": 0.13783378029490578
  },
  "occ_eval_res": {
    "precision": 78.0,
    "recall": 70.9091,
    "f-score": 74.2857
  },
  "clean_eval": {
    "f-score": 67.02702702702703,
    "precision": 64.58333333333334,
    "recall": 69.66292134831461,
    "tp": 62,
    "fp": 34,
    "fn": 27
  },
  "jaccard": [
    0.3161559888579387
  ],
  "braycurtis": [
    0.19435215946843853
  ],
  "dice": [
    0.18775847808105872
  ],
  "cosinus": [
    0.11579299390288289
  ]
}