{
  "voc_eval_res": {
    "precision": 74.4186,
    "recall": 81.0127,
    "f-score": 77.5758
  },
  "KL_res": {
    "KL divergence": 0.5781986925678596,
    "Euclidean Dist.": 0.06489371244873124,
    "WER": 0.45925925925925926,
    "CER": 0.21736158578263842,
    "Cosine Dist.": 0.09943056798872696
  },
  "occ_eval_res": {
    "precision": 71.1039,
    "recall": 81.1111,
    "f-score": 75.7785
  },
  "clean_eval": {
    "f-score": 61.23893805309735,
    "precision": 64.55223880597015,
    "recall": 58.24915824915825,
    "tp": 173,
    "fp": 95,
    "fn": 124
  },
  "jaccard": [
    0.32152347209920284
  ],
  "braycurtis": [
    0.15840652446675033
  ],
  "dice": [
    0.19155672823218997
  ],
  "cosinus": [
    0.033835039084459284
  ]
}