{
  "voc_eval_res": {
    "precision": 59.3548,
    "recall": 76.6667,
    "f-score": 66.9091
  },
  "KL_res": {
    "KL divergence": 1.0098987858708237,
    "Euclidean Dist.": 0.0948223704807662,
    "WER": 0.6745562130177515,
    "CER": 0.39655172413793105,
    "Cosine Dist.": 0.17442767110089796
  },
  "occ_eval_res": {
    "precision": 54.661,
    "recall": 76.3314,
    "f-score": 63.7037
  },
  "clean_eval": {
    "f-score": 59.10290237467019,
    "precision": 69.1358024691358,
    "recall": 51.61290322580645,
    "tp": 112,
    "fp": 50,
    "fn": 105
  },
  "jaccard": [
    0.40294117647058825
  ],
  "braycurtis": [
    0.2839341344014241
  ],
  "dice": [
    0.2523020257826888
  ],
  "cosinus": [
    0.08459318498302182
  ]
}