{
  "voc_eval_res": {
    "precision": 61.4719,
    "recall": 67.9426,
    "f-score": 64.5455
  },
  "KL_res": {
    "KL divergence": 0.9736677912837807,
    "Euclidean Dist.": 0.0827999372206815,
    "WER": 0.37971698113207547,
    "CER": 0.10847766636280766,
    "Cosine Dist.": 0.12358543480592965
  },
  "occ_eval_res": {
    "precision": 69.5122,
    "recall": 67.217,
    "f-score": 68.3453
  },
  "clean_eval": {
    "f-score": 56.613756613756614,
    "precision": 56.02094240837696,
    "recall": 57.21925133689839,
    "tp": 214,
    "fp": 168,
    "fn": 160
  },
  "jaccard": [
    0.33161953727506427
  ],
  "braycurtis": [
    0.1685610122238902
  ],
  "dice": [
    0.1987673343605547
  ],
  "cosinus": [
    0.08033139213055718
  ]
}