{
  "voc_eval_res": {
    "precision": 83.4783,
    "recall": 84.9558,
    "f-score": 84.2105
  },
  "KL_res": {
    "KL divergence": 0.5170082865036709,
    "Euclidean Dist.": 0.05942637641529452,
    "WER": 0.19879518072289157,
    "CER": 0.04338842975206612,
    "Cosine Dist.": 0.06216194263135366
  },
  "occ_eval_res": {
    "precision": 84.0237,
    "recall": 85.5422,
    "f-score": 84.7761
  },
  "clean_eval": {
    "f-score": 79.23322683706071,
    "precision": 77.9874213836478,
    "recall": 80.51948051948052,
    "tp": 124,
    "fp": 35,
    "fn": 30
  },
  "jaccard": [
    0.2748414376321353
  ],
  "braycurtis": [
    0.13462493790362642
  ],
  "dice": [
    0.15931372549019607
  ],
  "cosinus": [
    0.04620801397261254
  ]
}