{
  "voc_eval_res": {
    "precision": 80.7229,
    "recall": 79.7619,
    "f-score": 80.2395
  },
  "KL_res": {
    "KL divergence": 0.7593951741715239,
    "Euclidean Dist.": 0.0764787306314919,
    "WER": 0.3064516129032258,
    "CER": 0.13122923588039867,
    "Cosine Dist.": 0.07496021842029421
  },
  "occ_eval_res": {
    "precision": 80.4878,
    "recall": 79.8387,
    "f-score": 80.1619
  },
  "clean_eval": {
    "f-score": 69.7872340425532,
    "precision": 71.9298245614035,
    "recall": 67.76859504132231,
    "tp": 82,
    "fp": 32,
    "fn": 39
  },
  "jaccard": [
    0.3156498673740053
  ],
  "braycurtis": [
    0.17915057915057914
  ],
  "dice": [
    0.18740157480314962
  ],
  "cosinus": [
    0.08593422132378348
  ]
}