{
  "voc_eval_res": {
    "precision": 76.4151,
    "recall": 81.0,
    "f-score": 78.6408
  },
  "KL_res": {
    "KL divergence": 0.5002694319397794,
    "Euclidean Dist.": 0.050294051373255225,
    "WER": 0.22941176470588234,
    "CER": 0.07728337236533958,
    "Cosine Dist.": 0.038957662042410135
  },
  "occ_eval_res": {
    "precision": 84.0237,
    "recall": 83.5294,
    "f-score": 83.7758
  },
  "clean_eval": {
    "f-score": 76.78571428571429,
    "precision": 76.33136094674556,
    "recall": 77.24550898203593,
    "tp": 129,
    "fp": 40,
    "fn": 38
  },
  "jaccard": [
    0.315527950310559
  ],
  "braycurtis": [
    0.13885778275475924
  ],
  "dice": [
    0.1873156342182891
  ],
  "cosinus": [
    0.03894897471020997
  ]
}