{
  "voc_eval_res": {
    "precision": 58.0952,
    "recall": 77.707,
    "f-score": 66.485
  },
  "KL_res": {
    "KL divergence": 0.7362983335021306,
    "Euclidean Dist.": 0.07298788506195834,
    "WER": 0.5604026845637584,
    "CER": 0.350765306122449,
    "Cosine Dist.": 0.07917588421326704
  },
  "occ_eval_res": {
    "precision": 60.6771,
    "recall": 78.1879,
    "f-score": 68.3284
  },
  "clean_eval": {
    "f-score": 56.514913657770805,
    "precision": 64.74820143884892,
    "recall": 50.13927576601671,
    "tp": 180,
    "fp": 98,
    "fn": 179
  },
  "jaccard": [
    0.389351081530782
  ],
  "braycurtis": [
    0.24161439869102808
  ],
  "dice": [
    0.24173553719008264
  ],
  "cosinus": [
    0.044977738444195836
  ]
}