{
  "voc_eval_res": {
    "precision": 64.1148,
    "recall": 74.0331,
    "f-score": 68.7179
  },
  "KL_res": {
    "KL divergence": 0.5941734160550145,
    "Euclidean Dist.": 0.0460731045421527,
    "WER": 0.33647798742138363,
    "CER": 0.13810597519729426,
    "Cosine Dist.": 0.04188970390759772
  },
  "occ_eval_res": {
    "precision": 71.2707,
    "recall": 81.1321,
    "f-score": 75.8824
  },
  "clean_eval": {
    "f-score": 72.94832826747721,
    "precision": 76.92307692307693,
    "recall": 69.36416184971098,
    "tp": 240,
    "fp": 72,
    "fn": 106
  },
  "jaccard": [
    0.34404865334491747
  ],
  "braycurtis": [
    0.14716075713143162
  ],
  "dice": [
    0.20776495278069254
  ],
  "cosinus": [
    0.02052921199499147
  ]
}