{
  "voc_eval_res": {
    "precision": 72.0,
    "recall": 75.6303,
    "f-score": 73.7705
  },
  "KL_res": {
    "KL divergence": 0.9948388860960963,
    "Euclidean Dist.": 0.0977121243649866,
    "WER": 0.34269662921348315,
    "CER": 0.08795811518324607,
    "Cosine Dist.": 0.16786800424478576
  },
  "occ_eval_res": {
    "precision": 72.043,
    "recall": 75.2809,
    "f-score": 73.6264
  },
  "clean_eval": {
    "f-score": 71.51515151515152,
    "precision": 71.08433734939759,
    "recall": 71.95121951219512,
    "tp": 118,
    "fp": 48,
    "fn": 46
  },
  "jaccard": [
    0.35490394337714865
  ],
  "braycurtis": [
    0.20315581854043394
  ],
  "dice": [
    0.21573448063921327
  ],
  "cosinus": [
    0.10347224070923045
  ]
}