{
  "voc_eval_res": {
    "precision": 70.7071,
    "recall": 72.9167,
    "f-score": 71.7949
  },
  "KL_res": {
    "KL divergence": 1.0494963129269683,
    "Euclidean Dist.": 0.09592375468341569,
    "WER": 0.3602941176470588,
    "CER": 0.09077809798270893,
    "Cosine Dist.": 0.18754487303400358
  },
  "occ_eval_res": {
    "precision": 71.4286,
    "recall": 69.8529,
    "f-score": 70.632
  },
  "clean_eval": {
    "f-score": 64.73029045643155,
    "precision": 63.934426229508205,
    "recall": 65.54621848739495,
    "tp": 78,
    "fp": 44,
    "fn": 41
  },
  "jaccard": [
    0.3456937799043062
  ],
  "braycurtis": [
    0.19485038274182323
  ],
  "dice": [
    0.20896601590744757
  ],
  "cosinus": [
    0.1102517294030173
  ]
}