{
  "voc_eval_res": {
    "precision": 58.2822,
    "recall": 75.3968,
    "f-score": 65.7439
  },
  "KL_res": {
    "KL divergence": 0.8656687857160987,
    "Euclidean Dist.": 0.07838675446276556,
    "WER": 0.6022727272727273,
    "CER": 0.29721669980119286,
    "Cosine Dist.": 0.13748625880914922
  },
  "occ_eval_res": {
    "precision": 58.4746,
    "recall": 78.4091,
    "f-score": 66.9903
  },
  "clean_eval": {
    "f-score": 58.01526717557252,
    "precision": 65.14285714285715,
    "recall": 52.293577981651374,
    "tp": 114,
    "fp": 61,
    "fn": 104
  },
  "jaccard": [
    0.36436884512085943
  ],
  "braycurtis": [
    0.23959646910466584
  ],
  "dice": [
    0.2227695675971538
  ],
  "cosinus": [
    0.07675978952591378
  ]
}