{
  "voc_eval_res": {
    "precision": 71.7172,
    "recall": 87.6543,
    "f-score": 78.8889
  },
  "KL_res": {
    "KL divergence": 0.4994995514938455,
    "Euclidean Dist.": 0.0742788058615832,
    "WER": 0.373134328358209,
    "CER": 0.29329173166926675,
    "Cosine Dist.": 0.0777227315461897
  },
  "occ_eval_res": {
    "precision": 73.125,
    "recall": 87.3134,
    "f-score": 79.5918
  },
  "clean_eval": {
    "f-score": 70.94339622641509,
    "precision": 77.68595041322314,
    "recall": 65.27777777777779,
    "tp": 94,
    "fp": 27,
    "fn": 50
  },
  "jaccard": [
    0.3554987212276215
  ],
  "braycurtis": [
    0.22757697456492637
  ],
  "dice": [
    0.2161741835147745
  ],
  "cosinus": [
    0.07475390448570485
  ]
}