{
  "voc_eval_res": {
    "precision": 79.7753,
    "recall": 82.5581,
    "f-score": 81.1429
  },
  "KL_res": {
    "KL divergence": 0.5236206232117151,
    "Euclidean Dist.": 0.06190505174448675,
    "WER": 0.22727272727272727,
    "CER": 0.07280832095096583,
    "Cosine Dist.": 0.055466679264157825
  },
  "occ_eval_res": {
    "precision": 81.7518,
    "recall": 84.8485,
    "f-score": 83.2714
  },
  "clean_eval": {
    "f-score": 75.1937984496124,
    "precision": 75.78125,
    "recall": 74.61538461538461,
    "tp": 97,
    "fp": 31,
    "fn": 33
  },
  "jaccard": [
    0.3221216041397154
  ],
  "braycurtis": [
    0.1606896551724138
  ],
  "dice": [
    0.19198149575944487
  ],
  "cosinus": [
    0.05668678778408898
  ]
}