{
  "voc_eval_res": {
    "precision": 69.3642,
    "recall": 79.4702,
    "f-score": 74.0741
  },
  "KL_res": {
    "KL divergence": 0.5775365069271599,
    "Euclidean Dist.": 0.0615278317493032,
    "WER": 0.34385964912280703,
    "CER": 0.13511611541168192,
    "Cosine Dist.": 0.07198598604814677
  },
  "occ_eval_res": {
    "precision": 75.0,
    "recall": 81.0526,
    "f-score": 77.9089
  },
  "clean_eval": {
    "f-score": 70.22058823529413,
    "precision": 73.18007662835248,
    "recall": 67.49116607773851,
    "tp": 191,
    "fp": 70,
    "fn": 92
  },
  "jaccard": [
    0.349609375
  ],
  "braycurtis": [
    0.17052980132450332
  ],
  "dice": [
    0.2118343195266272
  ],
  "cosinus": [
    0.052919483738680384
  ]
}