{
  "voc_eval_res": {
    "precision": 73.516,
    "recall": 73.1818,
    "f-score": 73.3485
  },
  "KL_res": {
    "KL divergence": 0.7553243094144328,
    "Euclidean Dist.": 0.05750005264014729,
    "WER": 0.3138888888888889,
    "CER": 0.10458526532715096,
    "Cosine Dist.": 0.06645912284794864
  },
  "occ_eval_res": {
    "precision": 76.4706,
    "recall": 75.8333,
    "f-score": 76.1506
  },
  "clean_eval": {
    "f-score": 67.45213549337262,
    "precision": 66.95906432748538,
    "recall": 67.95252225519289,
    "tp": 229,
    "fp": 113,
    "fn": 108
  },
  "jaccard": [
    0.345642540620384
  ],
  "braycurtis": [
    0.15201782619460263
  ],
  "dice": [
    0.20892857142857144
  ],
  "cosinus": [
    0.04012047177458866
  ]
}