{
  "voc_eval_res": {
    "precision": 57.1429,
    "recall": 44.4444,
    "f-score": 50.0
  },
  "KL_res": {
    "KL divergence": 3.0634495643651434,
    "Euclidean Dist.": 0.35885304820229913,
    "WER": 0.6,
    "CER": 0.4074074074074074,
    "Cosine Dist.": 0.3082855361339255
  },
  "occ_eval_res": {
    "precision": 57.1429,
    "recall": 40.0,
    "f-score": 47.0588
  },
  "clean_eval": {
    "f-score": 35.51401869158878,
    "precision": 24.675324675324674,
    "recall": 63.33333333333333,
    "tp": 19,
    "fp": 58,
    "fn": 11
  },
  "jaccard": [
    0.5151515151515151
  ],
  "braycurtis": [
    0.38372093023255816
  ],
  "dice": [
    0.3469387755102041
  ],
  "cosinus": [
    0.2503286263576684
  ]
}