{
  "voc_eval_res": {
    "precision": 40.9091,
    "recall": 39.1304,
    "f-score": 40.0
  },
  "KL_res": {
    "KL divergence": 2.7341143655734066,
    "Euclidean Dist.": 0.196990604735123,
    "WER": 0.6875,
    "CER": 0.5615384615384615,
    "Cosine Dist.": 0.19727332009519416
  },
  "occ_eval_res": {
    "precision": 51.8519,
    "recall": 43.75,
    "f-score": 47.4576
  },
  "clean_eval": {
    "f-score": 63.703703703703695,
    "precision": 58.108108108108105,
    "recall": 70.49180327868852,
    "tp": 86,
    "fp": 62,
    "fn": 36
  },
  "jaccard": [
    0.6568265682656826
  ],
  "braycurtis": [
    0.4574898785425101
  ],
  "dice": [
    0.489010989010989
  ],
  "cosinus": [
    0.27468731394707
  ]
}