{
  "voc_eval_res": {
    "precision": 0,
    "recall": 0,
    "f-score": 0
  },
  "KL_res": {
    "KL divergence": 9.468602208132882,
    "Euclidean Dist.": 0.5499719409228703,
    "WER": 1.0,
    "CER": 0.5689655172413793,
    "Cosine Dist.": 1.0
  },
  "occ_eval_res": {
    "precision": 0,
    "recall": 0,
    "f-score": 0
  },
  "clean_eval": {
    "f-score": 39.583333333333336,
    "precision": 28.78787878787879,
    "recall": 63.33333333333333,
    "tp": 19,
    "fp": 47,
    "fn": 11
  },
  "jaccard": [
    0.7846153846153846
  ],
  "braycurtis": [
    0.6304347826086957
  ],
  "dice": [
    0.6455696202531646
  ],
  "cosinus": [
    0.4933957231245061
  ]
}