{
  "voc_eval_res": {
    "precision": 37.1429,
    "recall": 43.3333,
    "f-score": 40.0
  },
  "KL_res": {
    "KL divergence": 2.613277412066731,
    "Euclidean Dist.": 0.21717628297179412,
    "WER": 0.8571428571428571,
    "CER": 0.7474747474747475,
    "Cosine Dist.": 0.2752873562313748
  },
  "occ_eval_res": {
    "precision": 48.8372,
    "recall": 42.8571,
    "f-score": 45.6522
  },
  "clean_eval": {
    "f-score": 42.72559852670349,
    "precision": 44.106463878327,
    "recall": 41.42857142857143,
    "tp": 116,
    "fp": 147,
    "fn": 164
  },
  "jaccard": [
    0.612987012987013
  ],
  "braycurtis": [
    0.4405594405594406
  ],
  "dice": [
    0.4419475655430712
  ],
  "cosinus": [
    0.3199414448479989
  ]
}