{
  "voc_eval_res": {
    "precision": 36.1111,
    "recall": 34.2105,
    "f-score": 35.1351
  },
  "KL_res": {
    "KL divergence": 3.087781695015128,
    "Euclidean Dist.": 0.1731469885577263,
    "WER": 0.8409090909090909,
    "CER": 0.5894308943089431,
    "Cosine Dist.": 0.31741082792111674
  },
  "occ_eval_res": {
    "precision": 41.4634,
    "recall": 38.6364,
    "f-score": 40.0
  },
  "clean_eval": {
    "f-score": 32.35294117647059,
    "precision": 35.648148148148145,
    "recall": 29.615384615384617,
    "tp": 77,
    "fp": 139,
    "fn": 183
  },
  "jaccard": [
    0.5514705882352942
  ],
  "braycurtis": [
    0.3373253493013972
  ],
  "dice": [
    0.38071065989847713
  ],
  "cosinus": [
    0.1506897811331377
  ]
}