{
  "voc_eval_res": {
    "precision": 40.0,
    "recall": 57.1429,
    "f-score": 47.0588
  },
  "KL_res": {
    "KL divergence": 1.2622886900966586,
    "Euclidean Dist.": 0.22986602092080619,
    "WER": 0.5384615384615384,
    "CER": 0.4230769230769231,
    "Cosine Dist.": 0.074095539199457
  },
  "occ_eval_res": {
    "precision": 62.5,
    "recall": 76.9231,
    "f-score": 68.9655
  },
  "clean_eval": {
    "f-score": 63.440860215053775,
    "precision": 72.8395061728395,
    "recall": 56.19047619047619,
    "tp": 59,
    "fp": 22,
    "fn": 46
  },
  "jaccard": [
    0.5503875968992248
  ],
  "braycurtis": [
    0.22162162162162163
  ],
  "dice": [
    0.37967914438502676
  ],
  "cosinus": [
    0.07820002017823469
  ]
}