{
  "voc_eval_res": {
    "precision": 26.6667,
    "recall": 29.6296,
    "f-score": 28.0702
  },
  "KL_res": {
    "KL divergence": 4.569557196418101,
    "Euclidean Dist.": 0.2611354283247596,
    "WER": 0.8918918918918919,
    "CER": 0.8354430379746836,
    "Cosine Dist.": 0.5749701878356974
  },
  "occ_eval_res": {
    "precision": 30.303,
    "recall": 27.027,
    "f-score": 28.5714
  },
  "clean_eval": {
    "f-score": 31.512605042016805,
    "precision": 33.03964757709251,
    "recall": 30.120481927710845,
    "tp": 75,
    "fp": 152,
    "fn": 174
  },
  "jaccard": [
    0.6968911917098446
  ],
  "braycurtis": [
    0.5895522388059702
  ],
  "dice": [
    0.5347912524850894
  ],
  "cosinus": [
    0.5418772024244529
  ]
}