{
  "voc_eval_res": {
    "precision": 62.5,
    "recall": 45.4545,
    "f-score": 52.6316
  },
  "KL_res": {
    "KL divergence": 2.9226854117737107,
    "Euclidean Dist.": 0.3017439025333393,
    "WER": 0.5,
    "CER": 0.2,
    "Cosine Dist.": 0.21741441912877046
  },
  "occ_eval_res": {
    "precision": 66.6667,
    "recall": 50.0,
    "f-score": 57.1429
  },
  "clean_eval": {
    "f-score": 45.45454545454545,
    "precision": 37.3134328358209,
    "recall": 58.139534883720934,
    "tp": 25,
    "fp": 42,
    "fn": 18
  },
  "jaccard": [
    0.4537037037037037
  ],
  "braycurtis": [
    0.24509803921568626
  ],
  "dice": [
    0.2934131736526946
  ],
  "cosinus": [
    0.16431089996319126
  ]
}