{
  "voc_eval_res": {
    "precision": 66.6667,
    "recall": 40.0,
    "f-score": 50.0
  },
  "KL_res": {
    "KL divergence": 3.299795261312056,
    "Euclidean Dist.": 0.3580272403140317,
    "WER": 0.5454545454545454,
    "CER": 0.3508771929824561,
    "Cosine Dist.": 0.2173762078750736
  },
  "occ_eval_res": {
    "precision": 71.4286,
    "recall": 45.4545,
    "f-score": 55.5556
  },
  "clean_eval": {
    "f-score": 57.407407407407405,
    "precision": 46.26865671641791,
    "recall": 75.60975609756098,
    "tp": 31,
    "fp": 36,
    "fn": 10
  },
  "jaccard": [
    0.48484848484848486
  ],
  "braycurtis": [
    0.27956989247311825
  ],
  "dice": [
    0.32
  ],
  "cosinus": [
    0.17689324756874947
  ]
}