{
  "voc_eval_res": {
    "precision": 48.0,
    "recall": 46.1538,
    "f-score": 47.0588
  },
  "KL_res": {
    "KL divergence": 3.213552697353852,
    "Euclidean Dist.": 0.26678356281404425,
    "WER": 0.6571428571428571,
    "CER": 0.46,
    "Cosine Dist.": 0.4657159826085341
  },
  "occ_eval_res": {
    "precision": 46.4286,
    "recall": 37.1429,
    "f-score": 41.2698
  },
  "clean_eval": {
    "f-score": 54.700854700854705,
    "precision": 50.0,
    "recall": 60.37735849056604,
    "tp": 96,
    "fp": 96,
    "fn": 63
  },
  "jaccard": [
    0.5250836120401338
  ],
  "braycurtis": [
    0.3968253968253968
  ],
  "dice": [
    0.35600907029478457
  ],
  "cosinus": [
    0.3113085687447372
  ]
}