{
  "voc_eval_res": {
    "precision": 40.0,
    "recall": 45.4545,
    "f-score": 42.5532
  },
  "KL_res": {
    "KL divergence": 3.312465083005879,
    "Euclidean Dist.": 0.24632237908454677,
    "WER": 0.8888888888888888,
    "CER": 0.5944055944055944,
    "Cosine Dist.": 0.4084943494566622
  },
  "occ_eval_res": {
    "precision": 41.3793,
    "recall": 44.4444,
    "f-score": 42.8571
  },
  "clean_eval": {
    "f-score": 24.752475247524753,
    "precision": 23.58490566037736,
    "recall": 26.041666666666668,
    "tp": 50,
    "fp": 162,
    "fn": 142
  },
  "jaccard": [
    0.6554878048780488
  ],
  "braycurtis": [
    0.45307443365695793
  ],
  "dice": [
    0.4875283446712018
  ],
  "cosinus": [
    0.3117192416610436
  ]
}