{
  "voc_eval_res": {
    "precision": 43.3333,
    "recall": 76.4706,
    "f-score": 55.3191
  },
  "KL_res": {
    "KL divergence": 1.7347346059700228,
    "Euclidean Dist.": 0.24679860008676527,
    "WER": 1.2380952380952381,
    "CER": 1.352112676056338,
    "Cosine Dist.": 0.3186700312507976
  },
  "occ_eval_res": {
    "precision": 41.6667,
    "recall": 71.4286,
    "f-score": 52.6316
  },
  "clean_eval": {
    "f-score": 28.405797101449277,
    "precision": 38.88888888888889,
    "recall": 22.37442922374429,
    "tp": 49,
    "fp": 77,
    "fn": 170
  },
  "jaccard": [
    0.658703071672355
  ],
  "braycurtis": [
    0.525691699604743
  ],
  "dice": [
    0.4910941475826972
  ],
  "cosinus": [
    0.43618621579714345
  ]
}