{
  "voc_eval_res": {
    "precision": 28.3582,
    "recall": 31.1475,
    "f-score": 29.6875
  },
  "KL_res": {
    "KL divergence": 3.817103379882359,
    "Euclidean Dist.": 0.17509625403940346,
    "WER": 0.9135802469135802,
    "CER": 0.5674518201284796,
    "Cosine Dist.": 0.5349652594251474
  },
  "occ_eval_res": {
    "precision": 28.75,
    "recall": 28.3951,
    "f-score": 28.5714
  },
  "clean_eval": {
    "f-score": 9.30232558139535,
    "precision": 9.745762711864407,
    "recall": 8.897485493230175,
    "tp": 46,
    "fp": 426,
    "fn": 471
  },
  "jaccard": [
    0.577524893314367
  ],
  "braycurtis": [
    0.3756243756243756
  ],
  "dice": [
    0.406
  ],
  "cosinus": [
    0.18559762679221914
  ]
}