{
  "voc_eval_res": {
    "precision": 33.3333,
    "recall": 25.0,
    "f-score": 28.5714
  },
  "KL_res": {
    "KL divergence": 3.540286149634469,
    "Euclidean Dist.": 0.28602819822093556,
    "WER": 0.725,
    "CER": 0.6691176470588235,
    "Cosine Dist.": 0.17994627151140474
  },
  "occ_eval_res": {
    "precision": 61.5385,
    "recall": 40.0,
    "f-score": 48.4848
  },
  "clean_eval": {
    "f-score": 41.904761904761905,
    "precision": 41.70616113744076,
    "recall": 42.10526315789473,
    "tp": 88,
    "fp": 123,
    "fn": 121
  },
  "jaccard": [
    0.78099173553719
  ],
  "braycurtis": [
    0.59375
  ],
  "dice": [
    0.6406779661016949
  ],
  "cosinus": [
    0.4456421249515834
  ]
}