{
  "voc_eval_res": {
    "precision": 62.5,
    "recall": 50.0,
    "f-score": 55.5556
  },
  "KL_res": {
    "KL divergence": 2.3608279626962534,
    "Euclidean Dist.": 0.2978834804101002,
    "WER": 0.5,
    "CER": 0.2222222222222222,
    "Cosine Dist.": 0.20528058576097374
  },
  "occ_eval_res": {
    "precision": 66.6667,
    "recall": 50.0,
    "f-score": 57.1429
  },
  "clean_eval": {
    "f-score": 64.28571428571428,
    "precision": 52.94117647058824,
    "recall": 81.81818181818183,
    "tp": 36,
    "fp": 32,
    "fn": 8
  },
  "jaccard": [
    0.3238095238095238
  ],
  "braycurtis": [
    0.17699115044247787
  ],
  "dice": [
    0.19318181818181818
  ],
  "cosinus": [
    0.10694043547438536
  ]
}