{
  "voc_eval_res": {
    "precision": 71.4286,
    "recall": 83.3333,
    "f-score": 76.9231
  },
  "KL_res": {
    "KL divergence": 0.7996446838117779,
    "Euclidean Dist.": 0.2382440011451131,
    "WER": 0.2857142857142857,
    "CER": 0.16279069767441862,
    "Cosine Dist.": 0.08534087923995315
  },
  "occ_eval_res": {
    "precision": 75.0,
    "recall": 85.7143,
    "f-score": 80.0
  },
  "clean_eval": {
    "f-score": 68.9655172413793,
    "precision": 71.42857142857143,
    "recall": 66.66666666666666,
    "tp": 30,
    "fp": 12,
    "fn": 15
  },
  "jaccard": [
    0.3563218390804598
  ],
  "braycurtis": [
    0.18888888888888888
  ],
  "dice": [
    0.21678321678321677
  ],
  "cosinus": [
    0.12534372791828152
  ]
}