{
  "voc_eval_res": {
    "precision": 44.4444,
    "recall": 44.4444,
    "f-score": 44.4444
  },
  "KL_res": {
    "KL divergence": 3.0697041225089117,
    "Euclidean Dist.": 0.31622776601683794,
    "WER": 0.5,
    "CER": 0.19607843137254902,
    "Cosine Dist.": 0.26315789473684215
  },
  "occ_eval_res": {
    "precision": 50.0,
    "recall": 50.0,
    "f-score": 50.0
  },
  "clean_eval": {
    "f-score": 67.21311475409836,
    "precision": 62.121212121212125,
    "recall": 73.21428571428571,
    "tp": 41,
    "fp": 25,
    "fn": 15
  },
  "jaccard": [
    0.5130434782608696
  ],
  "braycurtis": [
    0.3018867924528302
  ],
  "dice": [
    0.34502923976608185
  ],
  "cosinus": [
    0.20194600142265595
  ]
}