{
  "voc_eval_res": {
    "precision": 33.3333,
    "recall": 61.1111,
    "f-score": 43.1373
  },
  "KL_res": {
    "KL divergence": 2.5069148537482135,
    "Euclidean Dist.": 0.2657777128838396,
    "WER": 1.3181818181818181,
    "CER": 1.0095238095238095,
    "Cosine Dist.": 0.43536861181573483
  },
  "occ_eval_res": {
    "precision": 33.3333,
    "recall": 59.0909,
    "f-score": 42.623
  },
  "clean_eval": {
    "f-score": 33.63228699551569,
    "precision": 43.604651162790695,
    "recall": 27.37226277372263,
    "tp": 75,
    "fp": 97,
    "fn": 199
  },
  "jaccard": [
    0.6696696696696697
  ],
  "braycurtis": [
    0.5321100917431193
  ],
  "dice": [
    0.5033860045146726
  ],
  "cosinus": [
    0.4570313874144172
  ]
}