{
  "voc_eval_res": {
    "precision": 54.5455,
    "recall": 62.069,
    "f-score": 58.0645
  },
  "KL_res": {
    "KL divergence": 1.5128144391164895,
    "Euclidean Dist.": 0.16312146637183508,
    "WER": 0.5918367346938775,
    "CER": 0.5440414507772021,
    "Cosine Dist.": 0.1296983238985414
  },
  "occ_eval_res": {
    "precision": 63.8298,
    "recall": 61.2245,
    "f-score": 62.5
  },
  "clean_eval": {
    "f-score": 26.119402985074625,
    "precision": 28.57142857142857,
    "recall": 24.054982817869416,
    "tp": 70,
    "fp": 175,
    "fn": 221
  },
  "jaccard": [
    0.5073313782991202
  ],
  "braycurtis": [
    0.34467120181405897
  ],
  "dice": [
    0.33988212180746563
  ],
  "cosinus": [
    0.2295875175638593
  ]
}