{
  "voc_eval_res": {
    "precision": 28.125,
    "recall": 56.25,
    "f-score": 37.5
  },
  "KL_res": {
    "KL divergence": 1.7667992018890248,
    "Euclidean Dist.": 0.23399192066161442,
    "WER": 1.0769230769230769,
    "CER": 1.0267857142857142,
    "Cosine Dist.": 0.1416370900103492
  },
  "occ_eval_res": {
    "precision": 42.5,
    "recall": 65.3846,
    "f-score": 51.5152
  },
  "clean_eval": {
    "f-score": 29.1970802919708,
    "precision": 39.21568627450981,
    "recall": 23.25581395348837,
    "tp": 60,
    "fp": 93,
    "fn": 198
  },
  "jaccard": [
    0.7346938775510204
  ],
  "braycurtis": [
    0.5222929936305732
  ],
  "dice": [
    0.5806451612903226
  ],
  "cosinus": [
    0.27851316863848585
  ]
}