{
  "voc_eval_res": {
    "precision": 37.5,
    "recall": 30.0,
    "f-score": 33.3333
  },
  "KL_res": {
    "KL divergence": 4.601466957193956,
    "Euclidean Dist.": 0.39747466725706065,
    "WER": 0.8333333333333334,
    "CER": 0.6666666666666666,
    "Cosine Dist.": 0.48574052277342006
  },
  "occ_eval_res": {
    "precision": 37.5,
    "recall": 25.0,
    "f-score": 30.0
  },
  "clean_eval": {
    "f-score": 63.33333333333334,
    "precision": 55.88235294117647,
    "recall": 73.07692307692307,
    "tp": 38,
    "fp": 30,
    "fn": 14
  },
  "jaccard": [
    0.8188976377952756
  ],
  "braycurtis": [
    0.6344086021505376
  ],
  "dice": [
    0.6933333333333334
  ],
  "cosinus": [
    0.4582176518278809
  ]
}