{
  "voc_eval_res": {
    "precision": 25.0,
    "recall": 40.7407,
    "f-score": 30.9859
  },
  "KL_res": {
    "KL divergence": 2.8511189268222807,
    "Euclidean Dist.": 0.23140138252212514,
    "WER": 0.975609756097561,
    "CER": 0.9018691588785047,
    "Cosine Dist.": 0.3493804023810376
  },
  "occ_eval_res": {
    "precision": 30.7692,
    "recall": 39.0244,
    "f-score": 34.4086
  },
  "clean_eval": {
    "f-score": 23.248407643312103,
    "precision": 24.829931972789115,
    "recall": 21.856287425149702,
    "tp": 73,
    "fp": 221,
    "fn": 261
  },
  "jaccard": [
    0.6247288503253796
  ],
  "braycurtis": [
    0.45636363636363636
  ],
  "dice": [
    0.45425867507886436
  ],
  "cosinus": [
    0.2535283052174917
  ]
}