{
  "voc_eval_res": {
    "precision": 62.5,
    "recall": 50.0,
    "f-score": 55.5556
  },
  "KL_res": {
    "KL divergence": 2.614529349912528,
    "Euclidean Dist.": 0.2913576788253729,
    "WER": 0.45454545454545453,
    "CER": 0.2982456140350877,
    "Cosine Dist.": 0.19899812108518578
  },
  "occ_eval_res": {
    "precision": 66.6667,
    "recall": 54.5455,
    "f-score": 60.0
  },
  "clean_eval": {
    "f-score": 71.66666666666667,
    "precision": 64.17910447761194,
    "recall": 81.13207547169812,
    "tp": 43,
    "fp": 24,
    "fn": 10
  },
  "jaccard": [
    0.43
  ],
  "braycurtis": [
    0.23711340206185566
  ],
  "dice": [
    0.27388535031847133
  ],
  "cosinus": [
    0.1530524313957069
  ]
}