{
  "voc_eval_res": {
    "precision": 35.0,
    "recall": 50.0,
    "f-score": 41.1765
  },
  "KL_res": {
    "KL divergence": 2.6056900694524137,
    "Euclidean Dist.": 0.2918764066085059,
    "WER": 0.8571428571428571,
    "CER": 0.5733333333333334,
    "Cosine Dist.": 0.28933094548129845
  },
  "occ_eval_res": {
    "precision": 40.0,
    "recall": 47.619,
    "f-score": 43.4783
  },
  "clean_eval": {
    "f-score": 61.3861386138614,
    "precision": 56.024096385542165,
    "recall": 67.88321167883211,
    "tp": 93,
    "fp": 73,
    "fn": 44
  },
  "jaccard": [
    0.5168067226890757
  ],
  "braycurtis": [
    0.32507739938080493
  ],
  "dice": [
    0.34844192634560905
  ],
  "cosinus": [
    0.1263182852956185
  ]
}