{
  "voc_eval_res": {
    "precision": 37.5,
    "recall": 37.5,
    "f-score": 37.5
  },
  "KL_res": {
    "KL divergence": 3.582515403141476,
    "Euclidean Dist.": 0.35136418446315326,
    "WER": 0.6666666666666666,
    "CER": 0.2127659574468085,
    "Cosine Dist.": 0.2941176470588235
  },
  "occ_eval_res": {
    "precision": 44.4444,
    "recall": 44.4444,
    "f-score": 44.4444
  },
  "clean_eval": {
    "f-score": 61.22448979591836,
    "precision": 55.55555555555556,
    "recall": 68.18181818181817,
    "tp": 30,
    "fp": 24,
    "fn": 14
  },
  "jaccard": [
    0.4803921568627451
  ],
  "braycurtis": [
    0.2736842105263158
  ],
  "dice": [
    0.3161290322580645
  ],
  "cosinus": [
    0.19382778850251925
  ]
}