{
  "voc_eval_res": {
    "precision": 44.7368,
    "recall": 54.8387,
    "f-score": 49.2754
  },
  "KL_res": {
    "KL divergence": 2.302100031809523,
    "Euclidean Dist.": 0.27669196697057663,
    "WER": 1.027027027027027,
    "CER": 0.9444444444444444,
    "Cosine Dist.": 0.5808299863502031
  },
  "occ_eval_res": {
    "precision": 38.2979,
    "recall": 48.6486,
    "f-score": 42.8571
  },
  "clean_eval": {
    "f-score": 16.520210896309315,
    "precision": 27.167630057803464,
    "recall": 11.868686868686869,
    "tp": 47,
    "fp": 126,
    "fn": 349
  },
  "jaccard": [
    0.6293706293706294
  ],
  "braycurtis": [
    0.513189448441247
  ],
  "dice": [
    0.45918367346938777
  ],
  "cosinus": [
    0.4957555806673061
  ]
}