{
  "voc_eval_res": {
    "precision": 31.8182,
    "recall": 43.75,
    "f-score": 36.8421
  },
  "KL_res": {
    "KL divergence": 2.613377657509705,
    "Euclidean Dist.": 0.1853668377505324,
    "WER": 0.8863636363636364,
    "CER": 0.7264150943396226,
    "Cosine Dist.": 0.30336391331604085
  },
  "occ_eval_res": {
    "precision": 38.8889,
    "recall": 47.7273,
    "f-score": 42.8571
  },
  "clean_eval": {
    "f-score": 16.030534351145036,
    "precision": 18.103448275862068,
    "recall": 14.383561643835616,
    "tp": 42,
    "fp": 190,
    "fn": 250
  },
  "jaccard": [
    0.5789473684210527
  ],
  "braycurtis": [
    0.43021032504780116
  ],
  "dice": [
    0.4074074074074074
  ],
  "cosinus": [
    0.2412228146396509
  ]
}