{
  "voc_eval_res": {
    "precision": 34.0426,
    "recall": 50.0,
    "f-score": 40.5063
  },
  "KL_res": {
    "KL divergence": 2.3686774552398298,
    "Euclidean Dist.": 0.19742626464764104,
    "WER": 0.9361702127659575,
    "CER": 0.9016393442622951,
    "Cosine Dist.": 0.31132619845221987
  },
  "occ_eval_res": {
    "precision": 38.8889,
    "recall": 44.6809,
    "f-score": 41.5842
  },
  "clean_eval": {
    "f-score": 20.97902097902098,
    "precision": 27.027027027027028,
    "recall": 17.142857142857142,
    "tp": 60,
    "fp": 162,
    "fn": 290
  },
  "jaccard": [
    0.6556291390728477
  ],
  "braycurtis": [
    0.5244897959183673
  ],
  "dice": [
    0.4876847290640394
  ],
  "cosinus": [
    0.3837925961734491
  ]
}