{
  "voc_eval_res": {
    "precision": 66.6667,
    "recall": 50.0,
    "f-score": 57.1429
  },
  "KL_res": {
    "KL divergence": 2.5791378281346597,
    "Euclidean Dist.": 0.32296809443453656,
    "WER": 0.4444444444444444,
    "CER": 0.19148936170212766,
    "Cosine Dist.": 0.1750420886156946
  },
  "occ_eval_res": {
    "precision": 71.4286,
    "recall": 55.5556,
    "f-score": 62.5
  },
  "clean_eval": {
    "f-score": 63.917525773195884,
    "precision": 57.407407407407405,
    "recall": 72.09302325581395,
    "tp": 31,
    "fp": 23,
    "fn": 12
  },
  "jaccard": [
    0.45263157894736844
  ],
  "braycurtis": [
    0.26881720430107525
  ],
  "dice": [
    0.2925170068027211
  ],
  "cosinus": [
    0.17357299803164916
  ]
}