{
  "voc_eval_res": {
    "precision": 37.0968,
    "recall": 67.6471,
    "f-score": 47.9167
  },
  "KL_res": {
    "KL divergence": 1.8944632972300428,
    "Euclidean Dist.": 0.19532945628781614,
    "WER": 1.1666666666666667,
    "CER": 0.874439461883408,
    "Cosine Dist.": 0.34487971934631834
  },
  "occ_eval_res": {
    "precision": 38.961,
    "recall": 62.5,
    "f-score": 48.0
  },
  "clean_eval": {
    "f-score": 24.966442953020135,
    "precision": 30.097087378640776,
    "recall": 21.3302752293578,
    "tp": 93,
    "fp": 216,
    "fn": 343
  },
  "jaccard": [
    0.5494949494949495
  ],
  "braycurtis": [
    0.405320813771518
  ],
  "dice": [
    0.3788300835654596
  ],
  "cosinus": [
    0.2593623391195763
  ]
}