{
  "voc_eval_res": {
    "precision": 52.6316,
    "recall": 74.0741,
    "f-score": 61.5385
  },
  "KL_res": {
    "KL divergence": 1.610437291585825,
    "Euclidean Dist.": 0.21765188434047184,
    "WER": 0.7435897435897436,
    "CER": 0.5679012345679012,
    "Cosine Dist.": 0.33749499788623794
  },
  "occ_eval_res": {
    "precision": 53.3333,
    "recall": 61.5385,
    "f-score": 57.1429
  },
  "clean_eval": {
    "f-score": 34.98920086393088,
    "precision": 37.5,
    "recall": 32.79352226720648,
    "tp": 81,
    "fp": 135,
    "fn": 166
  },
  "jaccard": [
    0.4408284023668639
  ],
  "braycurtis": [
    0.35523114355231145
  ],
  "dice": [
    0.2827324478178368
  ],
  "cosinus": [
    0.3188301081723173
  ]
}