{
  "voc_eval_res": {
    "precision": 28.5714,
    "recall": 41.1765,
    "f-score": 33.7349
  },
  "KL_res": {
    "KL divergence": 3.2745237109263066,
    "Euclidean Dist.": 0.20378149020871936,
    "WER": 1.2195121951219512,
    "CER": 0.8427947598253275,
    "Cosine Dist.": 0.4546130603064761
  },
  "occ_eval_res": {
    "precision": 27.4194,
    "recall": 41.4634,
    "f-score": 33.0097
  },
  "clean_eval": {
    "f-score": 11.032531824611032,
    "precision": 9.67741935483871,
    "recall": 12.828947368421053,
    "tp": 39,
    "fp": 364,
    "fn": 265
  },
  "jaccard": [
    0.6468253968253969
  ],
  "braycurtis": [
    0.48705501618122976
  ],
  "dice": [
    0.4780058651026393
  ],
  "cosinus": [
    0.33052620325436943
  ]
}