{
  "voc_eval_res": {
    "precision": 60.0,
    "recall": 41.3793,
    "f-score": 48.9796
  },
  "KL_res": {
    "KL divergence": 2.6988945421671517,
    "Euclidean Dist.": 0.22346064445729433,
    "WER": 0.6410256410256411,
    "CER": 0.4678362573099415,
    "Cosine Dist.": 0.17493054875139924
  },
  "occ_eval_res": {
    "precision": 66.6667,
    "recall": 46.1538,
    "f-score": 54.5455
  },
  "clean_eval": {
    "f-score": 59.71830985915493,
    "precision": 60.91954022988506,
    "recall": 58.5635359116022,
    "tp": 106,
    "fp": 68,
    "fn": 75
  },
  "jaccard": [
    0.5904761904761905
  ],
  "braycurtis": [
    0.4074074074074074
  ],
  "dice": [
    0.4189189189189189
  ],
  "cosinus": [
    0.2693194625903259
  ]
}