{
  "voc_eval_res": {
    "precision": 27.2727,
    "recall": 16.6667,
    "f-score": 20.6897
  },
  "KL_res": {
    "KL divergence": 5.0354622606248265,
    "Euclidean Dist.": 0.330197838037892,
    "WER": 0.85,
    "CER": 0.7142857142857143,
    "Cosine Dist.": 0.3617152614957747
  },
  "occ_eval_res": {
    "precision": 35.7143,
    "recall": 25.0,
    "f-score": 29.4118
  },
  "clean_eval": {
    "f-score": 48.031496062992126,
    "precision": 43.57142857142857,
    "recall": 53.50877192982456,
    "tp": 61,
    "fp": 79,
    "fn": 53
  },
  "jaccard": [
    0.7729468599033816
  ],
  "braycurtis": [
    0.6298701298701299
  ],
  "dice": [
    0.6299212598425197
  ],
  "cosinus": [
    0.42894661657264055
  ]
}