{
  "voc_eval_res": {
    "precision": 50.0,
    "recall": 55.5556,
    "f-score": 52.6316
  },
  "KL_res": {
    "KL divergence": 2.33901777927514,
    "Euclidean Dist.": 0.28747978728803447,
    "WER": 0.5,
    "CER": 0.2222222222222222,
    "Cosine Dist.": 0.21927994164117326
  },
  "occ_eval_res": {
    "precision": 54.5455,
    "recall": 60.0,
    "f-score": 57.1429
  },
  "clean_eval": {
    "f-score": 61.15702479338842,
    "precision": 56.060606060606055,
    "recall": 67.27272727272727,
    "tp": 37,
    "fp": 29,
    "fn": 18
  },
  "jaccard": [
    0.4368932038834951
  ],
  "braycurtis": [
    0.23232323232323232
  ],
  "dice": [
    0.2795031055900621
  ],
  "cosinus": [
    0.1549230059220441
  ]
}