{
  "voc_eval_res": {
    "precision": 40.0,
    "recall": 18.1818,
    "f-score": 25.0
  },
  "KL_res": {
    "KL divergence": 5.364468301474907,
    "Euclidean Dist.": 0.46037424389777115,
    "WER": 0.8333333333333334,
    "CER": 0.7012987012987013,
    "Cosine Dist.": 0.479734018285528
  },
  "occ_eval_res": {
    "precision": 40.0,
    "recall": 16.6667,
    "f-score": 23.5294
  },
  "clean_eval": {
    "f-score": 57.36434108527132,
    "precision": 47.43589743589743,
    "recall": 72.54901960784314,
    "tp": 37,
    "fp": 41,
    "fn": 14
  },
  "jaccard": [
    0.821917808219178
  ],
  "braycurtis": [
    0.6635514018691588
  ],
  "dice": [
    0.6976744186046512
  ],
  "cosinus": [
    0.5122982288956885
  ]
}