{
  "voc_eval_res": {
    "precision": 52.6316,
    "recall": 62.5,
    "f-score": 57.1429
  },
  "KL_res": {
    "KL divergence": 1.3550814789575627,
    "Euclidean Dist.": 0.12762164449820806,
    "WER": 0.5510204081632653,
    "CER": 0.4977168949771689,
    "Cosine Dist.": 0.06887694008555534
  },
  "occ_eval_res": {
    "precision": 65.3846,
    "recall": 69.3878,
    "f-score": 67.3267
  },
  "clean_eval": {
    "f-score": 50.1639344262295,
    "precision": 52.57731958762887,
    "recall": 47.96238244514107,
    "tp": 153,
    "fp": 138,
    "fn": 166
  },
  "jaccard": [
    0.47911547911547914
  ],
  "braycurtis": [
    0.3182751540041068
  ],
  "dice": [
    0.3150242326332795
  ],
  "cosinus": [
    0.17199210754559158
  ]
}