{
  "voc_eval_res": {
    "precision": 52.1739,
    "recall": 60.0,
    "f-score": 55.814
  },
  "KL_res": {
    "KL divergence": 2.2538487975332737,
    "Euclidean Dist.": 0.21452234081965404,
    "WER": 0.6363636363636364,
    "CER": 0.6206896551724138,
    "Cosine Dist.": 0.2936775859779832
  },
  "occ_eval_res": {
    "precision": 52.0,
    "recall": 59.0909,
    "f-score": 55.3191
  },
  "clean_eval": {
    "f-score": 57.42574257425742,
    "precision": 63.04347826086957,
    "recall": 52.72727272727272,
    "tp": 87,
    "fp": 51,
    "fn": 78
  },
  "jaccard": [
    0.6024590163934426
  ],
  "braycurtis": [
    0.43137254901960786
  ],
  "dice": [
    0.4310850439882698
  ],
  "cosinus": [
    0.35077915452937847
  ]
}