{
  "voc_eval_res": {
    "precision": 72.7273,
    "recall": 66.6667,
    "f-score": 69.5652
  },
  "KL_res": {
    "KL divergence": 1.486484654154493,
    "Euclidean Dist.": 0.22619047619047616,
    "WER": 0.35714285714285715,
    "CER": 0.16417910447761194,
    "Cosine Dist.": 0.15147186257614287
  },
  "occ_eval_res": {
    "precision": 75.0,
    "recall": 64.2857,
    "f-score": 69.2308
  },
  "clean_eval": {
    "f-score": 62.365591397849464,
    "precision": 50.0,
    "recall": 82.85714285714286,
    "tp": 29,
    "fp": 29,
    "fn": 6
  },
  "jaccard": [
    0.29310344827586204
  ],
  "braycurtis": [
    0.1532258064516129
  ],
  "dice": [
    0.1717171717171717
  ],
  "cosinus": [
    0.09229405811964309
  ]
}