{
  "voc_eval_res": {
    "precision": 30.4348,
    "recall": 17.5,
    "f-score": 22.2222
  },
  "KL_res": {
    "KL divergence": 5.776691629967155,
    "Euclidean Dist.": 0.25258587040483155,
    "WER": 0.9130434782608695,
    "CER": 0.6282051282051282,
    "Cosine Dist.": 0.6966540269877921
  },
  "occ_eval_res": {
    "precision": 30.4348,
    "recall": 15.2174,
    "f-score": 20.2899
  },
  "clean_eval": {
    "f-score": 42.25352112676057,
    "precision": 36.29032258064516,
    "recall": 50.56179775280899,
    "tp": 90,
    "fp": 158,
    "fn": 88
  },
  "jaccard": [
    0.6510416666666666
  ],
  "braycurtis": [
    0.5370370370370371
  ],
  "dice": [
    0.4826254826254826
  ],
  "cosinus": [
    0.37028879675063375
  ]
}