{
  "voc_eval_res": {
    "precision": 71.4286,
    "recall": 50.0,
    "f-score": 58.8235
  },
  "KL_res": {
    "KL divergence": 2.580259847354882,
    "Euclidean Dist.": 0.3019393239906005,
    "WER": 0.5454545454545454,
    "CER": 0.29411764705882354,
    "Cosine Dist.": 0.1770488002021765
  },
  "occ_eval_res": {
    "precision": 75.0,
    "recall": 54.5455,
    "f-score": 63.1579
  },
  "clean_eval": {
    "f-score": 50.57471264367817,
    "precision": 40.0,
    "recall": 68.75,
    "tp": 22,
    "fp": 33,
    "fn": 10
  },
  "jaccard": [
    0.37777777777777777
  ],
  "braycurtis": [
    0.1978021978021978
  ],
  "dice": [
    0.2328767123287671
  ],
  "cosinus": [
    0.1344571368388613
  ]
}