{
  "voc_eval_res": {
    "precision": 33.9623,
    "recall": 43.9024,
    "f-score": 38.2979
  },
  "KL_res": {
    "KL divergence": 2.742616054552238,
    "Euclidean Dist.": 0.20223736503146075,
    "WER": 1.0163934426229508,
    "CER": 0.7062146892655368,
    "Cosine Dist.": 0.4300519634815728
  },
  "occ_eval_res": {
    "precision": 35.9375,
    "recall": 37.7049,
    "f-score": 36.8
  },
  "clean_eval": {
    "f-score": 11.404728789986091,
    "precision": 11.141304347826086,
    "recall": 11.68091168091168,
    "tp": 41,
    "fp": 327,
    "fn": 310
  },
  "jaccard": [
    0.6310861423220974
  ],
  "braycurtis": [
    0.461864406779661
  ],
  "dice": [
    0.46101231190150477
  ],
  "cosinus": [
    0.2599401275430273
  ]
}