{
  "voc_eval_res": {
    "precision": 31.8182,
    "recall": 35.0,
    "f-score": 33.3333
  },
  "KL_res": {
    "KL divergence": 2.2851785262676048,
    "Euclidean Dist.": 0.20282798143012815,
    "WER": 0.7714285714285715,
    "CER": 0.5360824742268041,
    "Cosine Dist.": 0.16485323805700158
  },
  "occ_eval_res": {
    "precision": 50.0,
    "recall": 45.7143,
    "f-score": 47.7612
  },
  "clean_eval": {
    "f-score": 36.994219653179194,
    "precision": 37.42690058479532,
    "recall": 36.57142857142857,
    "tp": 64,
    "fp": 107,
    "fn": 111
  },
  "jaccard": [
    0.640625
  ],
  "braycurtis": [
    0.4030612244897959
  ],
  "dice": [
    0.47126436781609193
  ],
  "cosinus": [
    0.17454147144626253
  ]
}