{
  "voc_eval_res": {
    "precision": 70.7865,
    "recall": 72.4138,
    "f-score": 71.5909
  },
  "KL_res": {
    "KL divergence": 1.0195983116087937,
    "Euclidean Dist.": 0.092946507489189,
    "WER": 0.3384615384615385,
    "CER": 0.07757404795486601,
    "Cosine Dist.": 0.1385183731580023
  },
  "occ_eval_res": {
    "precision": 73.0769,
    "recall": 73.0769,
    "f-score": 73.0769
  },
  "clean_eval": {
    "f-score": 68.10344827586208,
    "precision": 67.52136752136752,
    "recall": 68.69565217391305,
    "tp": 79,
    "fp": 38,
    "fn": 36
  },
  "jaccard": [
    0.30144167758846657
  ],
  "braycurtis": [
    0.17164179104477612
  ],
  "dice": [
    0.17746913580246915
  ],
  "cosinus": [
    0.09576927694919934
  ]
}