{
  "voc_eval_res": {
    "precision": 56.1151,
    "recall": 68.4211,
    "f-score": 61.6601
  },
  "KL_res": {
    "KL divergence": 1.3004533633969049,
    "Euclidean Dist.": 0.10856330748624321,
    "WER": 0.6033755274261603,
    "CER": 0.278853601859024,
    "Cosine Dist.": 0.24148196804915634
  },
  "occ_eval_res": {
    "precision": 58.7302,
    "recall": 62.4473,
    "f-score": 60.5317
  },
  "clean_eval": {
    "f-score": 31.98198198198198,
    "precision": 32.71889400921659,
    "recall": 31.277533039647576,
    "tp": 71,
    "fp": 146,
    "fn": 156
  },
  "jaccard": [
    0.4131551901336074
  ],
  "braycurtis": [
    0.24831020988971897
  ],
  "dice": [
    0.2603626943005181
  ],
  "cosinus": [
    0.15047125668241312
  ]
}