{
  "voc_eval_res": {
    "precision": 60.3774,
    "recall": 62.3377,
    "f-score": 61.3419
  },
  "KL_res": {
    "KL divergence": 1.2304762345694522,
    "Euclidean Dist.": 0.10070701288614373,
    "WER": 0.47368421052631576,
    "CER": 0.17584605175846052,
    "Cosine Dist.": 0.1650349867590063
  },
  "occ_eval_res": {
    "precision": 63.3441,
    "recall": 64.8026,
    "f-score": 64.065
  },
  "clean_eval": {
    "f-score": 50.751879699248114,
    "precision": 50.56179775280899,
    "recall": 50.943396226415096,
    "tp": 135,
    "fp": 132,
    "fn": 130
  },
  "jaccard": [
    0.4098073555166375
  ],
  "braycurtis": [
    0.25633713561470217
  ],
  "dice": [
    0.2577092511013216
  ],
  "cosinus": [
    0.18744011860545318
  ]
}