{
  "voc_eval_res": {
    "precision": 75.0,
    "recall": 50.0,
    "f-score": 60.0
  },
  "KL_res": {
    "KL divergence": 3.1241524382523926,
    "Euclidean Dist.": 0.4330127018922193,
    "WER": 0.5,
    "CER": 0.1724137931034483,
    "Cosine Dist.": 0.24407105398154572
  },
  "occ_eval_res": {
    "precision": 75.0,
    "recall": 50.0,
    "f-score": 60.0
  },
  "clean_eval": {
    "f-score": 44.44444444444445,
    "precision": 40.0,
    "recall": 50.0,
    "tp": 2,
    "fp": 3,
    "fn": 2
  },
  "jaccard": [
    0.48717948717948717
  ],
  "braycurtis": [
    0.31666666666666665
  ],
  "dice": [
    0.3220338983050847
  ],
  "cosinus": [
    0.3056382781415231
  ]
}