{
  "voc_eval_res": {
    "precision": 47.8873,
    "recall": 50.0,
    "f-score": 48.9209
  },
  "KL_res": {
    "KL divergence": 2.164506447377479,
    "Euclidean Dist.": 0.1632027365577999,
    "WER": 0.5982142857142857,
    "CER": 0.3063457330415755,
    "Cosine Dist.": 0.32628321716138997
  },
  "occ_eval_res": {
    "precision": 54.1667,
    "recall": 46.4286,
    "f-score": 50.0
  },
  "clean_eval": {
    "f-score": 32.0,
    "precision": 31.46067415730337,
    "recall": 32.55813953488372,
    "tp": 28,
    "fp": 61,
    "fn": 58
  },
  "jaccard": [
    0.5385674931129476
  ],
  "braycurtis": [
    0.3883399209486166
  ],
  "dice": [
    0.3685202639019793
  ],
  "cosinus": [
    0.3442882281513816
  ]
}