{
  "voc_eval_res": {
    "precision": 67.6301,
    "recall": 75.4839,
    "f-score": 71.3415
  },
  "KL_res": {
    "KL divergence": 1.0542420690937435,
    "Euclidean Dist.": 0.10389954428654942,
    "WER": 0.42023346303501946,
    "CER": 0.15822291504286828,
    "Cosine Dist.": 0.24783455412994426
  },
  "occ_eval_res": {
    "precision": 68.8889,
    "recall": 72.3735,
    "f-score": 70.5882
  },
  "clean_eval": {
    "f-score": 60.65934065934064,
    "precision": 63.013698630136986,
    "recall": 58.47457627118644,
    "tp": 138,
    "fp": 81,
    "fn": 98
  },
  "jaccard": [
    0.3723487824037706
  ],
  "braycurtis": [
    0.22360028348688873
  ],
  "dice": [
    0.22876447876447875
  ],
  "cosinus": [
    0.17508407778676882
  ]
}