{
  "voc_eval_res": {
    "precision": 58.3333,
    "recall": 70.0,
    "f-score": 63.6364
  },
  "KL_res": {
    "KL divergence": 1.5126066703608767,
    "Euclidean Dist.": 0.2414360349878611,
    "WER": 0.45454545454545453,
    "CER": 0.06666666666666667,
    "Cosine Dist.": 0.1659423437717008
  },
  "occ_eval_res": {
    "precision": 61.5385,
    "recall": 72.7273,
    "f-score": 66.6667
  },
  "clean_eval": {
    "f-score": 58.333333333333336,
    "precision": 53.84615384615385,
    "recall": 63.63636363636363,
    "tp": 7,
    "fp": 6,
    "fn": 4
  },
  "jaccard": [
    0.41847826086956524
  ],
  "braycurtis": [
    0.2545454545454545
  ],
  "dice": [
    0.2646048109965636
  ],
  "cosinus": [
    0.21225538727088578
  ]
}