{
  "voc_eval_res": {
    "precision": 31.7073,
    "recall": 53.0612,
    "f-score": 39.6947
  },
  "KL_res": {
    "KL divergence": 2.18502800812266,
    "Euclidean Dist.": 0.14086034755693844,
    "WER": 1.3272727272727274,
    "CER": 0.8063492063492064,
    "Cosine Dist.": 0.26280802557989447
  },
  "occ_eval_res": {
    "precision": 31.3725,
    "recall": 58.1818,
    "f-score": 40.7643
  },
  "clean_eval": {
    "f-score": 38.62068965517241,
    "precision": 52.83018867924528,
    "recall": 30.434782608695656,
    "tp": 28,
    "fp": 25,
    "fn": 64
  },
  "jaccard": [
    0.5244956772334294
  ],
  "braycurtis": [
    0.3919075144508671
  ],
  "dice": [
    0.35546875
  ],
  "cosinus": [
    0.15696856565877126
  ]
}