{
  "voc_eval_res": {
    "precision": 72.3684,
    "recall": 75.3425,
    "f-score": 73.8255
  },
  "KL_res": {
    "KL divergence": 1.017779317135225,
    "Euclidean Dist.": 0.09645721374184639,
    "WER": 0.3076923076923077,
    "CER": 0.07869481765834933,
    "Cosine Dist.": 0.1154929208339619
  },
  "occ_eval_res": {
    "precision": 77.0,
    "recall": 74.0385,
    "f-score": 75.4902
  },
  "clean_eval": {
    "f-score": 74.59459459459458,
    "precision": 74.19354838709677,
    "recall": 75.0,
    "tp": 69,
    "fp": 24,
    "fn": 23
  },
  "jaccard": [
    0.3424068767908309
  ],
  "braycurtis": [
    0.1918918918918919
  ],
  "dice": [
    0.2065687121866897
  ],
  "cosinus": [
    0.09503926341630986
  ]
}