{
  "voc_eval_res": {
    "precision": 76.3158,
    "recall": 76.3158,
    "f-score": 76.3158
  },
  "KL_res": {
    "KL divergence": 0.7872241950211901,
    "Euclidean Dist.": 0.07893019118245996,
    "WER": 0.25471698113207547,
    "CER": 0.0677361853832442,
    "Cosine Dist.": 0.08057273989857605
  },
  "occ_eval_res": {
    "precision": 78.3019,
    "recall": 78.3019,
    "f-score": 78.3019
  },
  "clean_eval": {
    "f-score": 75.37688442211055,
    "precision": 75.75757575757575,
    "recall": 75.0,
    "tp": 75,
    "fp": 24,
    "fn": 25
  },
  "jaccard": [
    0.31946508172362553
  ],
  "braycurtis": [
    0.17012089810017272
  ],
  "dice": [
    0.1900972590627763
  ],
  "cosinus": [
    0.06532146514774095
  ]
}