{
  "voc_eval_res": {
    "precision": 38.4615,
    "recall": 41.6667,
    "f-score": 40.0
  },
  "KL_res": {
    "KL divergence": 3.7408954086123227,
    "Euclidean Dist.": 0.3104179490462372,
    "WER": 0.6666666666666666,
    "CER": 0.1728395061728395,
    "Cosine Dist.": 0.4283380495249707
  },
  "occ_eval_res": {
    "precision": 38.4615,
    "recall": 41.6667,
    "f-score": 40.0
  },
  "clean_eval": {
    "f-score": 30.769230769230766,
    "precision": 28.57142857142857,
    "recall": 33.33333333333333,
    "tp": 4,
    "fp": 10,
    "fn": 8
  },
  "jaccard": [
    0.5211267605633803
  ],
  "braycurtis": [
    0.3488372093023256
  ],
  "dice": [
    0.3523809523809524
  ],
  "cosinus": [
    0.3187133701620941
  ]
}