{
  "voc_eval_res": {
    "precision": 64.6465,
    "recall": 67.3684,
    "f-score": 65.9794
  },
  "KL_res": {
    "KL divergence": 1.3587318338775753,
    "Euclidean Dist.": 0.10281622962681317,
    "WER": 0.46153846153846156,
    "CER": 0.11764705882352941,
    "Cosine Dist.": 0.22106243062676678
  },
  "occ_eval_res": {
    "precision": 61.5385,
    "recall": 67.6923,
    "f-score": 64.4689
  },
  "clean_eval": {
    "f-score": 64.43514644351465,
    "precision": 64.70588235294117,
    "recall": 64.16666666666667,
    "tp": 77,
    "fp": 42,
    "fn": 43
  },
  "jaccard": [
    0.39444444444444443
  ],
  "braycurtis": [
    0.24131147540983608
  ],
  "dice": [
    0.24567474048442905
  ],
  "cosinus": [
    0.1370823132553478
  ]
}