{
  "voc_eval_res": {
    "precision": 60.0,
    "recall": 65.035,
    "f-score": 62.4161
  },
  "KL_res": {
    "KL divergence": 1.212707662942942,
    "Euclidean Dist.": 0.08614206210011445,
    "WER": 0.5619834710743802,
    "CER": 0.26031746031746034,
    "Cosine Dist.": 0.12049262503692726
  },
  "occ_eval_res": {
    "precision": 59.058,
    "recall": 67.3554,
    "f-score": 62.9344
  },
  "clean_eval": {
    "f-score": 51.89873417721519,
    "precision": 54.18502202643172,
    "recall": 49.797570850202426,
    "tp": 123,
    "fp": 104,
    "fn": 124
  },
  "jaccard": [
    0.3637152777777778
  ],
  "braycurtis": [
    0.25098743267504486
  ],
  "dice": [
    0.2222811671087533
  ],
  "cosinus": [
    0.14734110360482955
  ]
}