{
  "voc_eval_res": {
    "precision": 65.5738,
    "recall": 67.7966,
    "f-score": 66.6667
  },
  "KL_res": {
    "KL divergence": 1.1454121974952574,
    "Euclidean Dist.": 0.09125076934447786,
    "WER": 0.46808510638297873,
    "CER": 0.15906562847608455,
    "Cosine Dist.": 0.11469524162767497
  },
  "occ_eval_res": {
    "precision": 65.641,
    "recall": 68.0851,
    "f-score": 66.8407
  },
  "clean_eval": {
    "f-score": 59.47521865889212,
    "precision": 58.95953757225434,
    "recall": 60.0,
    "tp": 102,
    "fp": 71,
    "fn": 68
  },
  "jaccard": [
    0.4117100371747212
  ],
  "braycurtis": [
    0.2341069626639758
  ],
  "dice": [
    0.2592159157401989
  ],
  "cosinus": [
    0.10919828505502749
  ]
}