{
  "voc_eval_res": {
    "precision": 36.6667,
    "recall": 28.5714,
    "f-score": 32.1168
  },
  "KL_res": {
    "KL divergence": 3.498362402245949,
    "Euclidean Dist.": 0.19679184090246493,
    "WER": 0.9108910891089109,
    "CER": 0.6486486486486487,
    "Cosine Dist.": 0.6029617966702651
  },
  "occ_eval_res": {
    "precision": 32.8767,
    "recall": 23.7624,
    "f-score": 27.5862
  },
  "clean_eval": {
    "f-score": 16.091954022988507,
    "precision": 15.384615384615385,
    "recall": 16.867469879518072,
    "tp": 14,
    "fp": 77,
    "fn": 69
  },
  "jaccard": [
    0.6720647773279352
  ],
  "braycurtis": [
    0.5259165613147914
  ],
  "dice": [
    0.5060975609756098
  ],
  "cosinus": [
    0.3043240913787466
  ]
}