{
  "voc_eval_res": {
    "precision": 56.9106,
    "recall": 67.3077,
    "f-score": 61.674
  },
  "KL_res": {
    "KL divergence": 1.457444728368781,
    "Euclidean Dist.": 0.1242245135997279,
    "WER": 0.5261194029850746,
    "CER": 0.15666901905434016,
    "Cosine Dist.": 0.215103942720972
  },
  "occ_eval_res": {
    "precision": 58.4192,
    "recall": 63.4328,
    "f-score": 60.8229
  },
  "clean_eval": {
    "f-score": 47.15127701375245,
    "precision": 48.78048780487805,
    "recall": 45.627376425855516,
    "tp": 120,
    "fp": 126,
    "fn": 143
  },
  "jaccard": [
    0.4198161389172625
  ],
  "braycurtis": [
    0.24312220089571338
  ],
  "dice": [
    0.2656755009696186
  ],
  "cosinus": [
    0.14260180570719327
  ]
}