{
  "voc_eval_res": {
    "precision": 70.9302,
    "recall": 70.1149,
    "f-score": 70.5202
  },
  "KL_res": {
    "KL divergence": 1.1665534078485618,
    "Euclidean Dist.": 0.10440289114614656,
    "WER": 0.36774193548387096,
    "CER": 0.1295060080106809,
    "Cosine Dist.": 0.10312128476589522
  },
  "occ_eval_res": {
    "precision": 71.8121,
    "recall": 69.0323,
    "f-score": 70.3947
  },
  "clean_eval": {
    "f-score": 62.456140350877185,
    "precision": 61.37931034482759,
    "recall": 63.57142857142857,
    "tp": 89,
    "fp": 56,
    "fn": 51
  },
  "jaccard": [
    0.38562874251497004
  ],
  "braycurtis": [
    0.2252199413489736
  ],
  "dice": [
    0.23887240356083086
  ],
  "cosinus": [
    0.12373774737609855
  ]
}