{
  "voc_eval_res": {
    "precision": 86.9565,
    "recall": 80.0,
    "f-score": 83.3333
  },
  "KL_res": {
    "KL divergence": 1.015556360352388,
    "Euclidean Dist.": 0.14089659985908762,
    "WER": 0.25925925925925924,
    "CER": 0.1417910447761194,
    "Cosine Dist.": 0.11922898789891168
  },
  "occ_eval_res": {
    "precision": 84.0,
    "recall": 77.7778,
    "f-score": 80.7692
  },
  "clean_eval": {
    "f-score": 73.91304347826087,
    "precision": 70.83333333333334,
    "recall": 77.27272727272727,
    "tp": 17,
    "fp": 7,
    "fn": 5
  },
  "jaccard": [
    0.3401639344262295
  ],
  "braycurtis": [
    0.21481481481481482
  ],
  "dice": [
    0.20493827160493827
  ],
  "cosinus": [
    0.16007674471565436
  ]
}