{
  "voc_eval_res": {
    "precision": 75.8929,
    "recall": 77.9817,
    "f-score": 76.9231
  },
  "KL_res": {
    "KL divergence": 0.9872883412473566,
    "Euclidean Dist.": 0.10992715516551917,
    "WER": 0.33495145631067963,
    "CER": 0.10532276330690826,
    "Cosine Dist.": 0.1794923950221523
  },
  "occ_eval_res": {
    "precision": 74.5098,
    "recall": 73.7864,
    "f-score": 74.1463
  },
  "clean_eval": {
    "f-score": 67.59776536312849,
    "precision": 67.22222222222223,
    "recall": 67.97752808988764,
    "tp": 121,
    "fp": 59,
    "fn": 57
  },
  "jaccard": [
    0.34059633027522934
  ],
  "braycurtis": [
    0.21320852834113366
  ],
  "dice": [
    0.20525224602626124
  ],
  "cosinus": [
    0.1785857092620764
  ]
}