{
  "voc_eval_res": {
    "precision": 78.1609,
    "recall": 78.1609,
    "f-score": 78.1609
  },
  "KL_res": {
    "KL divergence": 0.8552839258576455,
    "Euclidean Dist.": 0.09947574197532566,
    "WER": 0.3157894736842105,
    "CER": 0.06623586429725363,
    "Cosine Dist.": 0.15044621446893425
  },
  "occ_eval_res": {
    "precision": 76.0684,
    "recall": 78.0702,
    "f-score": 77.0563
  },
  "clean_eval": {
    "f-score": 74.75728155339806,
    "precision": 74.75728155339806,
    "recall": 74.75728155339806,
    "tp": 77,
    "fp": 26,
    "fn": 26
  },
  "jaccard": [
    0.296551724137931
  ],
  "braycurtis": [
    0.17078825347758886
  ],
  "dice": [
    0.17408906882591094
  ],
  "cosinus": [
    0.0913010214999167
  ]
}