{
  "voc_eval_res": {
    "precision": 64.5161,
    "recall": 74.0741,
    "f-score": 68.9655
  },
  "KL_res": {
    "KL divergence": 1.1867321998385096,
    "Euclidean Dist.": 0.16123611921947864,
    "WER": 0.4117647058823529,
    "CER": 0.07425742574257425,
    "Cosine Dist.": 0.17807813293746966
  },
  "occ_eval_res": {
    "precision": 63.1579,
    "recall": 70.5882,
    "f-score": 66.6667
  },
  "clean_eval": {
    "f-score": 68.65671641791046,
    "precision": 67.64705882352942,
    "recall": 69.6969696969697,
    "tp": 23,
    "fp": 11,
    "fn": 10
  },
  "jaccard": [
    0.3465909090909091
  ],
  "braycurtis": [
    0.19458128078817735
  ],
  "dice": [
    0.20962199312714777
  ],
  "cosinus": [
    0.1145925414711535
  ]
}