{
  "voc_eval_res": {
    "precision": 42.1053,
    "recall": 43.956,
    "f-score": 43.0108
  },
  "KL_res": {
    "KL divergence": 1.9663030531048993,
    "Euclidean Dist.": 0.11370756486145006,
    "WER": 0.593103448275862,
    "CER": 0.2481962481962482,
    "Cosine Dist.": 0.17152273943291052
  },
  "occ_eval_res": {
    "precision": 54.5455,
    "recall": 49.6552,
    "f-score": 51.9856
  },
  "clean_eval": {
    "f-score": 48.99598393574297,
    "precision": 48.8,
    "recall": 49.193548387096776,
    "tp": 61,
    "fp": 64,
    "fn": 63
  },
  "jaccard": [
    0.5395763656633222
  ],
  "braycurtis": [
    0.3273356401384083
  ],
  "dice": [
    0.36946564885496186
  ],
  "cosinus": [
    0.15297388630942121
  ]
}