{
  "voc_eval_res": {
    "precision": 41.6667,
    "recall": 43.4783,
    "f-score": 42.5532
  },
  "KL_res": {
    "KL divergence": 3.3250477020535194,
    "Euclidean Dist.": 0.22807155710583582,
    "WER": 0.7391304347826086,
    "CER": 0.2028985507246377,
    "Cosine Dist.": 0.42763619296785715
  },
  "occ_eval_res": {
    "precision": 40.0,
    "recall": 43.4783,
    "f-score": 41.6667
  },
  "clean_eval": {
    "f-score": 42.85714285714286,
    "precision": 41.37931034482759,
    "recall": 44.44444444444444,
    "tp": 12,
    "fp": 17,
    "fn": 15
  },
  "jaccard": [
    0.4970588235294118
  ],
  "braycurtis": [
    0.3322784810126582
  ],
  "dice": [
    0.33072407045009783
  ],
  "cosinus": [
    0.2489746152096568
  ]
}