{
  "voc_eval_res": {
    "precision": 63.75,
    "recall": 65.8065,
    "f-score": 64.7619
  },
  "KL_res": {
    "KL divergence": 1.2407448235504757,
    "Euclidean Dist.": 0.09545049297928042,
    "WER": 0.467680608365019,
    "CER": 0.10896057347670252,
    "Cosine Dist.": 0.1975746162240466
  },
  "occ_eval_res": {
    "precision": 61.9565,
    "recall": 65.019,
    "f-score": 63.4508
  },
  "clean_eval": {
    "f-score": 56.95931477516061,
    "precision": 56.59574468085107,
    "recall": 57.327586206896555,
    "tp": 133,
    "fp": 102,
    "fn": 99
  },
  "jaccard": [
    0.3588676103247294
  ],
  "braycurtis": [
    0.2118209771096686
  ],
  "dice": [
    0.21867072552004058
  ],
  "cosinus": [
    0.13336499486796172
  ]
}