{
  "voc_eval_res": {
    "precision": 62.7737,
    "recall": 63.7037,
    "f-score": 63.2353
  },
  "KL_res": {
    "KL divergence": 1.2969606584593738,
    "Euclidean Dist.": 0.11493810393691145,
    "WER": 0.5054945054945055,
    "CER": 0.20444104134762633,
    "Cosine Dist.": 0.21427646650384458
  },
  "occ_eval_res": {
    "precision": 65.5556,
    "recall": 64.8352,
    "f-score": 65.1934
  },
  "clean_eval": {
    "f-score": 48.18763326226013,
    "precision": 47.88135593220339,
    "recall": 48.497854077253216,
    "tp": 113,
    "fp": 123,
    "fn": 120
  },
  "jaccard": [
    0.40304182509505704
  ],
  "braycurtis": [
    0.24910522548317823
  ],
  "dice": [
    0.2523809523809524
  ],
  "cosinus": [
    0.2117966230894177
  ]
}