{
  "voc_eval_res": {
    "precision": 63.6364,
    "recall": 63.253,
    "f-score": 63.4441
  },
  "KL_res": {
    "KL divergence": 1.1398091004707593,
    "Euclidean Dist.": 0.08753104159623262,
    "WER": 0.41471571906354515,
    "CER": 0.10084580351333768,
    "Cosine Dist.": 0.13591829914894848
  },
  "occ_eval_res": {
    "precision": 66.4516,
    "recall": 68.8963,
    "f-score": 67.6519
  },
  "clean_eval": {
    "f-score": 62.92134831460674,
    "precision": 63.1578947368421,
    "recall": 62.68656716417911,
    "tp": 168,
    "fp": 98,
    "fn": 100
  },
  "jaccard": [
    0.3655115511551155
  ],
  "braycurtis": [
    0.20493827160493827
  ],
  "dice": [
    0.22362443210499747
  ],
  "cosinus": [
    0.13641197390519477
  ]
}