{
  "voc_eval_res": {
    "precision": 73.3333,
    "recall": 74.1573,
    "f-score": 73.743
  },
  "KL_res": {
    "KL divergence": 0.9533502290600865,
    "Euclidean Dist.": 0.0939496470736433,
    "WER": 0.4214876033057851,
    "CER": 0.15048543689320387,
    "Cosine Dist.": 0.15505315154883104
  },
  "occ_eval_res": {
    "precision": 72.0339,
    "recall": 70.2479,
    "f-score": 71.1297
  },
  "clean_eval": {
    "f-score": 59.03083700440529,
    "precision": 58.77192982456141,
    "recall": 59.29203539823009,
    "tp": 67,
    "fp": 47,
    "fn": 46
  },
  "jaccard": [
    0.3648989898989899
  ],
  "braycurtis": [
    0.23118279569892472
  ],
  "dice": [
    0.22316602316602316
  ],
  "cosinus": [
    0.10919256022446933
  ]
}