{
  "voc_eval_res": {
    "precision": 50.5495,
    "recall": 46.9388,
    "f-score": 48.6772
  },
  "KL_res": {
    "KL divergence": 1.7871147838381147,
    "Euclidean Dist.": 0.1009259123010909,
    "WER": 0.6439393939393939,
    "CER": 0.24525547445255474,
    "Cosine Dist.": 0.14099727684673924
  },
  "occ_eval_res": {
    "precision": 54.9618,
    "recall": 54.5455,
    "f-score": 54.7529
  },
  "clean_eval": {
    "f-score": 50.819672131147556,
    "precision": 49.2063492063492,
    "recall": 52.54237288135594,
    "tp": 62,
    "fp": 64,
    "fn": 56
  },
  "jaccard": [
    0.536046511627907
  ],
  "braycurtis": [
    0.2971014492753623
  ],
  "dice": [
    0.36616362192216045
  ],
  "cosinus": [
    0.11535202192432126
  ]
}