{
  "voc_eval_res": {
    "precision": 65.9091,
    "recall": 68.2353,
    "f-score": 67.052
  },
  "KL_res": {
    "KL divergence": 1.8843858137905583,
    "Euclidean Dist.": 0.22545045805152303,
    "WER": 0.4801980198019802,
    "CER": 0.29723991507430997,
    "Cosine Dist.": 0.3025312066213359
  },
  "occ_eval_res": {
    "precision": 71.6867,
    "recall": 58.9109,
    "f-score": 64.6739
  },
  "clean_eval": {
    "f-score": 51.66240409207161,
    "precision": 50.5,
    "recall": 52.879581151832454,
    "tp": 101,
    "fp": 99,
    "fn": 90
  },
  "jaccard": [
    0.38516992790937177
  ],
  "braycurtis": [
    0.30639324487334135
  ],
  "dice": [
    0.2385204081632653
  ],
  "cosinus": [
    0.23699778481769052
  ]
}