{
  "voc_eval_res": {
    "precision": 75.6757,
    "recall": 72.7273,
    "f-score": 74.1722
  },
  "KL_res": {
    "KL divergence": 0.9856798658224827,
    "Euclidean Dist.": 0.09824981318584403,
    "WER": 0.5555555555555556,
    "CER": 0.340036563071298,
    "Cosine Dist.": 0.12053688106073923
  },
  "occ_eval_res": {
    "precision": 75.7282,
    "recall": 72.2222,
    "f-score": 73.9336
  },
  "clean_eval": {
    "f-score": 59.80392156862745,
    "precision": 59.22330097087378,
    "recall": 60.396039603960396,
    "tp": 61,
    "fp": 42,
    "fn": 40
  },
  "jaccard": [
    0.2802816901408451
  ],
  "braycurtis": [
    0.16608695652173913
  ],
  "dice": [
    0.16298116298116297
  ],
  "cosinus": [
    0.09048818571900563
  ]
}