{
  "voc_eval_res": {
    "precision": 62.406,
    "recall": 73.4513,
    "f-score": 67.4797
  },
  "KL_res": {
    "KL divergence": 0.8599704111147523,
    "Euclidean Dist.": 0.07970808586284217,
    "WER": 0.38768115942028986,
    "CER": 0.12041884816753927,
    "Cosine Dist.": 0.10194781708466738
  },
  "occ_eval_res": {
    "precision": 70.9091,
    "recall": 70.6522,
    "f-score": 70.7804
  },
  "clean_eval": {
    "f-score": 60.52104208416833,
    "precision": 62.139917695473244,
    "recall": 58.984375,
    "tp": 151,
    "fp": 92,
    "fn": 105
  },
  "jaccard": [
    0.37883597883597886
  ],
  "braycurtis": [
    0.20113515431003903
  ],
  "dice": [
    0.23368146214099217
  ],
  "cosinus": [
    0.09535307276658156
  ]
}