{
  "voc_eval_res": {
    "precision": 88.8889,
    "recall": 88.8889,
    "f-score": 88.8889
  },
  "KL_res": {
    "KL divergence": 0.547930185931611,
    "Euclidean Dist.": 0.15713484026367722,
    "WER": 0.1111111111111111,
    "CER": 0.05172413793103448,
    "Cosine Dist.": 0.05882352941176472
  },
  "occ_eval_res": {
    "precision": 88.8889,
    "recall": 88.8889,
    "f-score": 88.8889
  },
  "clean_eval": {
    "f-score": 70.0,
    "precision": 63.63636363636363,
    "recall": 77.77777777777779,
    "tp": 7,
    "fp": 4,
    "fn": 2
  },
  "jaccard": [
    0.37593984962406013
  ],
  "braycurtis": [
    0.226890756302521
  ],
  "dice": [
    0.23148148148148148
  ],
  "cosinus": [
    0.18996004827311241
  ]
}