{
  "voc_eval_res": {
    "precision": 66.6667,
    "recall": 61.8182,
    "f-score": 64.1509
  },
  "KL_res": {
    "KL divergence": 1.3126258837099427,
    "Euclidean Dist.": 0.10760320583273549,
    "WER": 0.3695652173913043,
    "CER": 0.07303370786516854,
    "Cosine Dist.": 0.13138354402072505
  },
  "occ_eval_res": {
    "precision": 68.4783,
    "recall": 68.4783,
    "f-score": 68.4783
  },
  "clean_eval": {
    "f-score": 66.66666666666666,
    "precision": 66.29213483146067,
    "recall": 67.04545454545455,
    "tp": 59,
    "fp": 30,
    "fn": 29
  },
  "jaccard": [
    0.3
  ],
  "braycurtis": [
    0.17407071622846781
  ],
  "dice": [
    0.17647058823529413
  ],
  "cosinus": [
    0.0954567269748281
  ]
}