{
  "voc_eval_res": {
    "precision": 58.7413,
    "recall": 71.7949,
    "f-score": 64.6154
  },
  "KL_res": {
    "KL divergence": 1.0558980532688578,
    "Euclidean Dist.": 0.1121412531237412,
    "WER": 0.49829351535836175,
    "CER": 0.27503628447024675,
    "Cosine Dist.": 0.18448179903559125
  },
  "occ_eval_res": {
    "precision": 65.7407,
    "recall": 72.6962,
    "f-score": 69.0438
  },
  "clean_eval": {
    "f-score": 50.38461538461539,
    "precision": 54.58333333333333,
    "recall": 46.785714285714285,
    "tp": 131,
    "fp": 109,
    "fn": 149
  },
  "jaccard": [
    0.41098677517802645
  ],
  "braycurtis": [
    0.26610116242538484
  ],
  "dice": [
    0.2586427656850192
  ],
  "cosinus": [
    0.2187767297636085
  ]
}