{
  "voc_eval_res": {
    "precision": 65.1685,
    "recall": 68.2353,
    "f-score": 66.6667
  },
  "KL_res": {
    "KL divergence": 1.2510908482491405,
    "Euclidean Dist.": 0.0948583662142236,
    "WER": 0.4956521739130435,
    "CER": 0.22259136212624583,
    "Cosine Dist.": 0.13552507874740738
  },
  "occ_eval_res": {
    "precision": 68.6957,
    "recall": 68.6957,
    "f-score": 68.6957
  },
  "clean_eval": {
    "f-score": 61.904761904761905,
    "precision": 63.725490196078425,
    "recall": 60.18518518518518,
    "tp": 65,
    "fp": 37,
    "fn": 43
  },
  "jaccard": [
    0.3451910408432148
  ],
  "braycurtis": [
    0.20665083135391923
  ],
  "dice": [
    0.2085987261146497
  ],
  "cosinus": [
    0.1016200860077976
  ]
}