{
  "voc_eval_res": {
    "precision": 72.8395,
    "recall": 73.75,
    "f-score": 73.2919
  },
  "KL_res": {
    "KL divergence": 0.8842442558281943,
    "Euclidean Dist.": 0.08157948827537993,
    "WER": 0.3135593220338983,
    "CER": 0.08688524590163935,
    "Cosine Dist.": 0.07589249232008366
  },
  "occ_eval_res": {
    "precision": 75.6303,
    "recall": 76.2712,
    "f-score": 75.9494
  },
  "clean_eval": {
    "f-score": 66.66666666666666,
    "precision": 68.51851851851852,
    "recall": 64.91228070175438,
    "tp": 74,
    "fp": 34,
    "fn": 40
  },
  "jaccard": [
    0.34916201117318435
  ],
  "braycurtis": [
    0.19135802469135801
  ],
  "dice": [
    0.21150592216582065
  ],
  "cosinus": [
    0.08920265285757123
  ]
}