{
  "voc_eval_res": {
    "precision": 65.3333,
    "recall": 67.1233,
    "f-score": 66.2162
  },
  "KL_res": {
    "KL divergence": 1.2971207687428792,
    "Euclidean Dist.": 0.10819420069209376,
    "WER": 0.43243243243243246,
    "CER": 0.1079136690647482,
    "Cosine Dist.": 0.16739255298401035
  },
  "occ_eval_res": {
    "precision": 66.9725,
    "recall": 65.7658,
    "f-score": 66.3636
  },
  "clean_eval": {
    "f-score": 59.29648241206029,
    "precision": 59.0,
    "recall": 59.59595959595959,
    "tp": 59,
    "fp": 41,
    "fn": 40
  },
  "jaccard": [
    0.36363636363636365
  ],
  "braycurtis": [
    0.20395869191049915
  ],
  "dice": [
    0.2222222222222222
  ],
  "cosinus": [
    0.1129817907314028
  ]
}