{
  "voc_eval_res": {
    "precision": 66.3158,
    "recall": 74.1176,
    "f-score": 70.0
  },
  "KL_res": {
    "KL divergence": 0.7785998640352667,
    "Euclidean Dist.": 0.0698853476429698,
    "WER": 0.2962962962962963,
    "CER": 0.1037463976945245,
    "Cosine Dist.": 0.04883955963234887
  },
  "occ_eval_res": {
    "precision": 74.2857,
    "recall": 77.037,
    "f-score": 75.6364
  },
  "clean_eval": {
    "f-score": 72.93233082706766,
    "precision": 74.61538461538461,
    "recall": 71.32352941176471,
    "tp": 97,
    "fp": 33,
    "fn": 39
  },
  "jaccard": [
    0.3135935397039031
  ],
  "braycurtis": [
    0.17714672075726842
  ],
  "dice": [
    0.18595371109337588
  ],
  "cosinus": [
    0.07390183764638714
  ]
}