{
  "voc_eval_res": {
    "precision": 72.8395,
    "recall": 76.6234,
    "f-score": 74.6835
  },
  "KL_res": {
    "KL divergence": 0.7878654540786291,
    "Euclidean Dist.": 0.08106220384515382,
    "WER": 0.376,
    "CER": 0.1712,
    "Cosine Dist.": 0.08422958713511763
  },
  "occ_eval_res": {
    "precision": 78.6885,
    "recall": 76.8,
    "f-score": 77.7328
  },
  "clean_eval": {
    "f-score": 66.35944700460831,
    "precision": 66.05504587155964,
    "recall": 66.66666666666666,
    "tp": 72,
    "fp": 37,
    "fn": 36
  },
  "jaccard": [
    0.29910714285714285
  ],
  "braycurtis": [
    0.16486068111455107
  ],
  "dice": [
    0.17585301837270342
  ],
  "cosinus": [
    0.08258157448730874
  ]
}