{
  "voc_eval_res": {
    "precision": 71.3376,
    "recall": 74.6667,
    "f-score": 72.9642
  },
  "KL_res": {
    "KL divergence": 0.6677598045385097,
    "Euclidean Dist.": 0.05923656936836469,
    "WER": 0.2886178861788618,
    "CER": 0.07407407407407407,
    "Cosine Dist.": 0.04922142843488331
  },
  "occ_eval_res": {
    "precision": 77.0492,
    "recall": 76.4228,
    "f-score": 76.7347
  },
  "clean_eval": {
    "f-score": 69.81981981981983,
    "precision": 69.19642857142857,
    "recall": 70.45454545454545,
    "tp": 155,
    "fp": 69,
    "fn": 65
  },
  "jaccard": [
    0.30140845070422534
  ],
  "braycurtis": [
    0.1508401719421649
  ],
  "dice": [
    0.17744610281923714
  ],
  "cosinus": [
    0.04870550598391288
  ]
}