{
  "voc_eval_res": {
    "precision": 73.1343,
    "recall": 73.1343,
    "f-score": 73.1343
  },
  "KL_res": {
    "KL divergence": 0.9810394821300013,
    "Euclidean Dist.": 0.08472421566845027,
    "WER": 0.2727272727272727,
    "CER": 0.06910569105691057,
    "Cosine Dist.": 0.0990274337933379
  },
  "occ_eval_res": {
    "precision": 75.8621,
    "recall": 75.0,
    "f-score": 75.4286
  },
  "clean_eval": {
    "f-score": 72.18934911242604,
    "precision": 71.76470588235294,
    "recall": 72.61904761904762,
    "tp": 61,
    "fp": 24,
    "fn": 23
  },
  "jaccard": [
    0.3116279069767442
  ],
  "braycurtis": [
    0.16765873015873015
  ],
  "dice": [
    0.18457300275482094
  ],
  "cosinus": [
    0.05948448267067108
  ]
}