{
  "voc_eval_res": {
    "precision": 70.4225,
    "recall": 72.4638,
    "f-score": 71.4286
  },
  "KL_res": {
    "KL divergence": 0.7653929372496739,
    "Euclidean Dist.": 0.08031482553599334,
    "WER": 0.2857142857142857,
    "CER": 0.05536912751677853,
    "Cosine Dist.": 0.05793490690641967
  },
  "occ_eval_res": {
    "precision": 75.4545,
    "recall": 74.1071,
    "f-score": 74.7748
  },
  "clean_eval": {
    "f-score": 70.58823529411765,
    "precision": 70.27027027027027,
    "recall": 70.9090909090909,
    "tp": 78,
    "fp": 33,
    "fn": 32
  },
  "jaccard": [
    0.2692967409948542
  ],
  "braycurtis": [
    0.14950980392156862
  ],
  "dice": [
    0.155599603567889
  ],
  "cosinus": [
    0.0647467867113991
  ]
}