{
  "voc_eval_res": {
    "precision": 70.1493,
    "recall": 68.1159,
    "f-score": 69.1176
  },
  "KL_res": {
    "KL divergence": 1.089446430427974,
    "Euclidean Dist.": 0.08557581958214965,
    "WER": 0.32857142857142857,
    "CER": 0.08434864104967198,
    "Cosine Dist.": 0.15489677389308665
  },
  "occ_eval_res": {
    "precision": 74.3719,
    "recall": 70.4762,
    "f-score": 72.3716
  },
  "clean_eval": {
    "f-score": 68.09651474530833,
    "precision": 67.9144385026738,
    "recall": 68.27956989247312,
    "tp": 127,
    "fp": 60,
    "fn": 59
  },
  "jaccard": [
    0.32294617563739375
  ],
  "braycurtis": [
    0.18438761776581428
  ],
  "dice": [
    0.19256756756756757
  ],
  "cosinus": [
    0.09851268657370216
  ]
}