{
  "voc_eval_res": {
    "precision": 68.3099,
    "recall": 73.4848,
    "f-score": 70.8029
  },
  "KL_res": {
    "KL divergence": 0.8588837467815703,
    "Euclidean Dist.": 0.08126639296359574,
    "WER": 0.41472868217054265,
    "CER": 0.15274463007159905,
    "Cosine Dist.": 0.10658811121094536
  },
  "occ_eval_res": {
    "precision": 70.8185,
    "recall": 77.1318,
    "f-score": 73.8404
  },
  "clean_eval": {
    "f-score": 61.28364389233955,
    "precision": 65.19823788546255,
    "recall": 57.8125,
    "tp": 148,
    "fp": 79,
    "fn": 108
  },
  "jaccard": [
    0.3415892672858617
  ],
  "braycurtis": [
    0.20695970695970695
  ],
  "dice": [
    0.2059738643434972
  ],
  "cosinus": [
    0.11019541443205638
  ]
}