{
  "voc_eval_res": {
    "precision": 54.1899,
    "recall": 68.7943,
    "f-score": 60.625
  },
  "KL_res": {
    "KL divergence": 1.0012405601951246,
    "Euclidean Dist.": 0.0741418410385798,
    "WER": 0.5948275862068966,
    "CER": 0.3015202702702703,
    "Cosine Dist.": 0.08258311717527167
  },
  "occ_eval_res": {
    "precision": 58.6572,
    "recall": 71.5517,
    "f-score": 64.466
  },
  "clean_eval": {
    "f-score": 54.430379746835435,
    "precision": 59.72222222222222,
    "recall": 50.0,
    "tp": 129,
    "fp": 87,
    "fn": 129
  },
  "jaccard": [
    0.37796610169491524
  ],
  "braycurtis": [
    0.2578870139398386
  ],
  "dice": [
    0.2330198537095089
  ],
  "cosinus": [
    0.08711197989415775
  ]
}