{
  "voc_eval_res": {
    "precision": 64.7059,
    "recall": 71.4286,
    "f-score": 67.9012
  },
  "KL_res": {
    "KL divergence": 1.2048925279209808,
    "Euclidean Dist.": 0.1270358925967561,
    "WER": 0.4263565891472868,
    "CER": 0.1478537360890302,
    "Cosine Dist.": 0.19075351698729937
  },
  "occ_eval_res": {
    "precision": 69.0476,
    "recall": 67.4419,
    "f-score": 68.2353
  },
  "clean_eval": {
    "f-score": 63.63636363636363,
    "precision": 66.0377358490566,
    "recall": 61.40350877192983,
    "tp": 70,
    "fp": 36,
    "fn": 44
  },
  "jaccard": [
    0.3375886524822695
  ],
  "braycurtis": [
    0.2118768328445748
  ],
  "dice": [
    0.2030716723549488
  ],
  "cosinus": [
    0.15880645328763832
  ]
}