{
  "voc_eval_res": {
    "precision": 65.0,
    "recall": 68.4211,
    "f-score": 66.6667
  },
  "KL_res": {
    "KL divergence": 1.095274041714593,
    "Euclidean Dist.": 0.09055707818532828,
    "WER": 0.39805825242718446,
    "CER": 0.12355212355212356,
    "Cosine Dist.": 0.1118675992288326
  },
  "occ_eval_res": {
    "precision": 69.9029,
    "recall": 69.9029,
    "f-score": 69.9029
  },
  "clean_eval": {
    "f-score": 65.28497409326425,
    "precision": 65.625,
    "recall": 64.94845360824742,
    "tp": 63,
    "fp": 33,
    "fn": 34
  },
  "jaccard": [
    0.3498542274052478
  ],
  "braycurtis": [
    0.20515179392824287
  ],
  "dice": [
    0.21201413427561838
  ],
  "cosinus": [
    0.09560517161630777
  ]
}