{
  "voc_eval_res": {
    "precision": 62.9921,
    "recall": 72.0721,
    "f-score": 67.2269
  },
  "KL_res": {
    "KL divergence": 1.0031973836179109,
    "Euclidean Dist.": 0.10744510279754887,
    "WER": 0.39361702127659576,
    "CER": 0.13343002175489485,
    "Cosine Dist.": 0.16680792419304502
  },
  "occ_eval_res": {
    "precision": 72.6236,
    "recall": 67.7305,
    "f-score": 70.0917
  },
  "clean_eval": {
    "f-score": 56.17021276595744,
    "precision": 56.41025641025641,
    "recall": 55.932203389830505,
    "tp": 132,
    "fp": 102,
    "fn": 104
  },
  "jaccard": [
    0.376536312849162
  ],
  "braycurtis": [
    0.21597222222222223
  ],
  "dice": [
    0.23193392980041294
  ],
  "cosinus": [
    0.17850331879352654
  ]
}