{
  "voc_eval_res": {
    "precision": 68.9655,
    "recall": 71.4286,
    "f-score": 70.1754
  },
  "KL_res": {
    "KL divergence": 1.1186995689481218,
    "Euclidean Dist.": 0.10778557821239715,
    "WER": 0.3404255319148936,
    "CER": 0.08950617283950617,
    "Cosine Dist.": 0.14567513826296064
  },
  "occ_eval_res": {
    "precision": 74.2424,
    "recall": 69.5035,
    "f-score": 71.7949
  },
  "clean_eval": {
    "f-score": 67.21991701244814,
    "precision": 66.39344262295081,
    "recall": 68.0672268907563,
    "tp": 81,
    "fp": 41,
    "fn": 38
  },
  "jaccard": [
    0.3404255319148936
  ],
  "braycurtis": [
    0.2055800293685756
  ],
  "dice": [
    0.20512820512820512
  ],
  "cosinus": [
    0.1474392665051506
  ]
}