{
  "voc_eval_res": {
    "precision": 56.7742,
    "recall": 67.1756,
    "f-score": 61.5385
  },
  "KL_res": {
    "KL divergence": 0.8974182500111124,
    "Euclidean Dist.": 0.08272223204307698,
    "WER": 0.45454545454545453,
    "CER": 0.18585402558314523,
    "Cosine Dist.": 0.06464390394605646
  },
  "occ_eval_res": {
    "precision": 65.0,
    "recall": 71.9368,
    "f-score": 68.2927
  },
  "clean_eval": {
    "f-score": 52.83018867924528,
    "precision": 56.00000000000001,
    "recall": 50.0,
    "tp": 126,
    "fp": 99,
    "fn": 126
  },
  "jaccard": [
    0.3525046382189239
  ],
  "braycurtis": [
    0.200490711531721
  ],
  "dice": [
    0.21396396396396397
  ],
  "cosinus": [
    0.053808447758882494
  ]
}