{
  "voc_eval_res": {
    "precision": 50.0,
    "recall": 57.1429,
    "f-score": 53.3333
  },
  "KL_res": {
    "KL divergence": 2.470155586137256,
    "Euclidean Dist.": 0.2512722728476837,
    "WER": 0.9285714285714286,
    "CER": 0.6176470588235294,
    "Cosine Dist.": 0.3036893761772089
  },
  "occ_eval_res": {
    "precision": 50.0,
    "recall": 57.1429,
    "f-score": 53.3333
  },
  "clean_eval": {
    "f-score": 38.70967741935484,
    "precision": 37.5,
    "recall": 40.0,
    "tp": 6,
    "fp": 10,
    "fn": 9
  },
  "jaccard": [
    0.37333333333333335
  ],
  "braycurtis": [
    0.2222222222222222
  ],
  "dice": [
    0.22950819672131148
  ],
  "cosinus": [
    0.1702063104892776
  ]
}