{
  "voc_eval_res": {
    "precision": 64.5669,
    "recall": 68.3333,
    "f-score": 66.3968
  },
  "KL_res": {
    "KL divergence": 1.0834306372952092,
    "Euclidean Dist.": 0.08587408918384101,
    "WER": 0.4,
    "CER": 0.1312169312169312,
    "Cosine Dist.": 0.12732803293325945
  },
  "occ_eval_res": {
    "precision": 71.9101,
    "recall": 67.3684,
    "f-score": 69.5652
  },
  "clean_eval": {
    "f-score": 64.07185628742515,
    "precision": 64.45783132530121,
    "recall": 63.69047619047619,
    "tp": 107,
    "fp": 59,
    "fn": 61
  },
  "jaccard": [
    0.3379237288135593
  ],
  "braycurtis": [
    0.1917389087200408
  ],
  "dice": [
    0.20331421287444232
  ],
  "cosinus": [
    0.08332719985149795
  ]
}