{
  "voc_eval_res": {
    "precision": 68.6047,
    "recall": 68.6047,
    "f-score": 68.6047
  },
  "KL_res": {
    "KL divergence": 1.0602173333682308,
    "Euclidean Dist.": 0.10331653441920043,
    "WER": 0.3561643835616438,
    "CER": 0.09467455621301775,
    "Cosine Dist.": 0.1422938308704048
  },
  "occ_eval_res": {
    "precision": 73.3813,
    "recall": 69.863,
    "f-score": 71.5789
  },
  "clean_eval": {
    "f-score": 64.82213438735177,
    "precision": 64.56692913385827,
    "recall": 65.07936507936508,
    "tp": 82,
    "fp": 45,
    "fn": 44
  },
  "jaccard": [
    0.3468208092485549
  ],
  "braycurtis": [
    0.20336605890603085
  ],
  "dice": [
    0.2097902097902098
  ],
  "cosinus": [
    0.1200453782896348
  ]
}