{
  "voc_eval_res": {
    "precision": 63.75,
    "recall": 76.1194,
    "f-score": 69.3878
  },
  "KL_res": {
    "KL divergence": 0.9728187778794962,
    "Euclidean Dist.": 0.10868091104606904,
    "WER": 0.4,
    "CER": 0.1601489757914339,
    "Cosine Dist.": 0.1278911242810098
  },
  "occ_eval_res": {
    "precision": 72.0339,
    "recall": 70.8333,
    "f-score": 71.4286
  },
  "clean_eval": {
    "f-score": 58.986175115207374,
    "precision": 62.13592233009708,
    "recall": 56.14035087719298,
    "tp": 64,
    "fp": 39,
    "fn": 50
  },
  "jaccard": [
    0.3606010016694491
  ],
  "braycurtis": [
    0.22823330515638207
  ],
  "dice": [
    0.219959266802444
  ],
  "cosinus": [
    0.14013165059284116
  ]
}