{
  "voc_eval_res": {
    "precision": 62.7586,
    "recall": 68.4211,
    "f-score": 65.4676
  },
  "KL_res": {
    "KL divergence": 1.0690221027192235,
    "Euclidean Dist.": 0.09787566995674832,
    "WER": 0.40077821011673154,
    "CER": 0.1410459587955626,
    "Cosine Dist.": 0.13638991003542533
  },
  "occ_eval_res": {
    "precision": 69.9219,
    "recall": 69.6498,
    "f-score": 69.7856
  },
  "clean_eval": {
    "f-score": 59.242761692650326,
    "precision": 61.57407407407407,
    "recall": 57.08154506437768,
    "tp": 133,
    "fp": 83,
    "fn": 100
  },
  "jaccard": [
    0.34393638170974156
  ],
  "braycurtis": [
    0.20717721050684423
  ],
  "dice": [
    0.20768307322929172
  ],
  "cosinus": [
    0.15817978729493842
  ]
}