{
  "voc_eval_res": {
    "precision": 65.0,
    "recall": 65.8228,
    "f-score": 65.4088
  },
  "KL_res": {
    "KL divergence": 1.32091895502833,
    "Euclidean Dist.": 0.0900345499413046,
    "WER": 0.375,
    "CER": 0.14655172413793102,
    "Cosine Dist.": 0.12119338004950364
  },
  "occ_eval_res": {
    "precision": 68.4211,
    "recall": 67.7083,
    "f-score": 68.0628
  },
  "clean_eval": {
    "f-score": 67.40331491712706,
    "precision": 67.03296703296702,
    "recall": 67.77777777777779,
    "tp": 61,
    "fp": 30,
    "fn": 29
  },
  "jaccard": [
    0.31700680272108844
  ],
  "braycurtis": [
    0.1781512605042017
  ],
  "dice": [
    0.1883589329021827
  ],
  "cosinus": [
    0.0743454915453472
  ]
}