{
  "voc_eval_res": {
    "precision": 88.8889,
    "recall": 76.1905,
    "f-score": 82.0513
  },
  "KL_res": {
    "KL divergence": 0.8396627534516405,
    "Euclidean Dist.": 0.1530968692847092,
    "WER": 0.7037037037037037,
    "CER": 0.6311475409836066,
    "Cosine Dist.": 0.10217459310683585
  },
  "occ_eval_res": {
    "precision": 86.3636,
    "recall": 70.3704,
    "f-score": 77.551
  },
  "clean_eval": {
    "f-score": 52.083333333333336,
    "precision": 48.38709677419355,
    "recall": 56.390977443609025,
    "tp": 75,
    "fp": 80,
    "fn": 58
  },
  "jaccard": [
    0.3991228070175439
  ],
  "braycurtis": [
    0.2701612903225806
  ],
  "dice": [
    0.2493150684931507
  ],
  "cosinus": [
    0.15712432493399153
  ]
}