{
  "voc_eval_res": {
    "precision": 50.0,
    "recall": 27.2727,
    "f-score": 35.2941
  },
  "KL_res": {
    "KL divergence": 5.112803221761609,
    "Euclidean Dist.": 0.42881732418439106,
    "WER": 0.7272727272727273,
    "CER": 0.5925925925925926,
    "Cosine Dist.": 0.4654775161751512
  },
  "occ_eval_res": {
    "precision": 50.0,
    "recall": 27.2727,
    "f-score": 35.2941
  },
  "clean_eval": {
    "f-score": 64.4736842105263,
    "precision": 54.44444444444444,
    "recall": 79.03225806451613,
    "tp": 49,
    "fp": 41,
    "fn": 13
  },
  "jaccard": [
    0.6190476190476191
  ],
  "braycurtis": [
    0.5
  ],
  "dice": [
    0.4482758620689655
  ],
  "cosinus": [
    0.3877136875112356
  ]
}