{
  "voc_eval_res": {
    "precision": 50.0,
    "recall": 20.0,
    "f-score": 28.5714
  },
  "KL_res": {
    "KL divergence": 6.519914037639101,
    "Euclidean Dist.": 0.7681145747868608,
    "WER": 0.8,
    "CER": 0.5454545454545454,
    "Cosine Dist.": 0.5285954792089683
  },
  "occ_eval_res": {
    "precision": 50.0,
    "recall": 20.0,
    "f-score": 28.5714
  },
  "clean_eval": {
    "f-score": 45.45454545454545,
    "precision": 32.25806451612903,
    "recall": 76.92307692307693,
    "tp": 20,
    "fp": 42,
    "fn": 6
  },
  "jaccard": [
    0.6046511627906976
  ],
  "braycurtis": [
    0.43548387096774194
  ],
  "dice": [
    0.43333333333333335
  ],
  "cosinus": [
    0.3778845713697485
  ]
}