{
  "voc_eval_res": {
    "precision": 60.0,
    "recall": 75.0,
    "f-score": 66.6667
  },
  "KL_res": {
    "KL divergence": 1.148578857340399,
    "Euclidean Dist.": 0.16801313063804238,
    "WER": 0.7407407407407407,
    "CER": 0.5419847328244275,
    "Cosine Dist.": 0.13946945405010802
  },
  "occ_eval_res": {
    "precision": 60.6061,
    "recall": 74.0741,
    "f-score": 66.6667
  },
  "clean_eval": {
    "f-score": 48.25174825174825,
    "precision": 47.58620689655172,
    "recall": 48.93617021276596,
    "tp": 69,
    "fp": 76,
    "fn": 72
  },
  "jaccard": [
    0.42962962962962964
  ],
  "braycurtis": [
    0.30930930930930933
  ],
  "dice": [
    0.27358490566037735
  ],
  "cosinus": [
    0.17553320678931827
  ]
}