{
  "voc_eval_res": {
    "precision": 68.1818,
    "recall": 38.4615,
    "f-score": 49.1803
  },
  "KL_res": {
    "KL divergence": 2.8565928726296157,
    "Euclidean Dist.": 0.2121748849844906,
    "WER": 0.7045454545454546,
    "CER": 0.5518672199170125,
    "Cosine Dist.": 0.31999074461255517
  },
  "occ_eval_res": {
    "precision": 64.0,
    "recall": 36.3636,
    "f-score": 46.3768
  },
  "clean_eval": {
    "f-score": 32.098765432098766,
    "precision": 23.985239852398525,
    "recall": 48.507462686567166,
    "tp": 65,
    "fp": 206,
    "fn": 69
  },
  "jaccard": [
    0.608355091383812
  ],
  "braycurtis": [
    0.4599483204134367
  ],
  "dice": [
    0.4371482176360225
  ],
  "cosinus": [
    0.270470794413356
  ]
}