{
  "voc_eval_res": {
    "precision": 64.2857,
    "recall": 51.4286,
    "f-score": 57.1429
  },
  "KL_res": {
    "KL divergence": 2.3301885176158925,
    "Euclidean Dist.": 0.1805929305636866,
    "WER": 0.6486486486486487,
    "CER": 0.4427860696517413,
    "Cosine Dist.": 0.2741416185755735
  },
  "occ_eval_res": {
    "precision": 57.5758,
    "recall": 51.3514,
    "f-score": 54.2857
  },
  "clean_eval": {
    "f-score": 53.69458128078818,
    "precision": 47.18614718614719,
    "recall": 62.28571428571429,
    "tp": 109,
    "fp": 122,
    "fn": 66
  },
  "jaccard": [
    0.5247252747252747
  ],
  "braycurtis": [
    0.37270341207349084
  ],
  "dice": [
    0.35567970204841715
  ],
  "cosinus": [
    0.22769788588320794
  ]
}