{
  "voc_eval_res": {
    "precision": 50.0,
    "recall": 25.0,
    "f-score": 33.3333
  },
  "KL_res": {
    "KL divergence": 5.5649288904412195,
    "Euclidean Dist.": 0.5303300858899106,
    "WER": 0.75,
    "CER": 0.4117647058823529,
    "Cosine Dist.": 0.4836022205056778
  },
  "occ_eval_res": {
    "precision": 50.0,
    "recall": 25.0,
    "f-score": 33.3333
  },
  "clean_eval": {
    "f-score": 56.33802816901409,
    "precision": 46.51162790697674,
    "recall": 71.42857142857143,
    "tp": 20,
    "fp": 23,
    "fn": 8
  },
  "jaccard": [
    0.48514851485148514
  ],
  "braycurtis": [
    0.3291139240506329
  ],
  "dice": [
    0.3202614379084967
  ],
  "cosinus": [
    0.28208804210680316
  ]
}