{
  "voc_eval_res": {
    "precision": 30.1587,
    "recall": 36.5385,
    "f-score": 33.0435
  },
  "KL_res": {
    "KL divergence": 2.9240969521628712,
    "Euclidean Dist.": 0.16531553615960384,
    "WER": 0.9558823529411765,
    "CER": 0.6928571428571428,
    "Cosine Dist.": 0.3604683066633355
  },
  "occ_eval_res": {
    "precision": 33.7838,
    "recall": 36.7647,
    "f-score": 35.2113
  },
  "clean_eval": {
    "f-score": 9.930715935334874,
    "precision": 10.141509433962264,
    "recall": 9.728506787330318,
    "tp": 43,
    "fp": 381,
    "fn": 399
  },
  "jaccard": [
    0.5811437403400309
  ],
  "braycurtis": [
    0.37188208616780044
  ],
  "dice": [
    0.4095860566448802
  ],
  "cosinus": [
    0.1658412630911651
  ]
}