{
  "voc_eval_res": {
    "precision": 30.7692,
    "recall": 75.0,
    "f-score": 43.6364
  },
  "KL_res": {
    "KL divergence": 1.6727578004517853,
    "Euclidean Dist.": 0.24489793792516912,
    "WER": 2.4375,
    "CER": 1.9528301886792452,
    "Cosine Dist.": 0.32677090818062327
  },
  "occ_eval_res": {
    "precision": 24.0,
    "recall": 75.0,
    "f-score": 36.3636
  },
  "clean_eval": {
    "f-score": 24.186046511627907,
    "precision": 37.68115942028986,
    "recall": 17.80821917808219,
    "tp": 52,
    "fp": 86,
    "fn": 240
  },
  "jaccard": [
    0.5449591280653951
  ],
  "braycurtis": [
    0.5268065268065268
  ],
  "dice": [
    0.37453183520599254
  ],
  "cosinus": [
    0.25212155456377894
  ]
}