{
  "voc_eval_res": {
    "precision": 71.4286,
    "recall": 45.4545,
    "f-score": 55.5556
  },
  "KL_res": {
    "KL divergence": 3.2997952613120556,
    "Euclidean Dist.": 0.34262093398111476,
    "WER": 0.6363636363636364,
    "CER": 0.4807692307692308,
    "Cosine Dist.": 0.27831216351296784
  },
  "occ_eval_res": {
    "precision": 71.4286,
    "recall": 45.4545,
    "f-score": 55.5556
  },
  "clean_eval": {
    "f-score": 54.92957746478873,
    "precision": 44.31818181818182,
    "recall": 72.22222222222221,
    "tp": 39,
    "fp": 49,
    "fn": 15
  },
  "jaccard": [
    0.5630252100840336
  ],
  "braycurtis": [
    0.39361702127659576
  ],
  "dice": [
    0.391812865497076
  ],
  "cosinus": [
    0.32387659621718634
  ]
}