{
  "voc_eval_res": {
    "precision": 50.0,
    "recall": 56.25,
    "f-score": 52.9412
  },
  "KL_res": {
    "KL divergence": 1.914269020075088,
    "Euclidean Dist.": 0.1988788017305459,
    "WER": 0.6,
    "CER": 0.35947712418300654,
    "Cosine Dist.": 0.14133463134227853
  },
  "occ_eval_res": {
    "precision": 62.5,
    "recall": 60.0,
    "f-score": 61.2245
  },
  "clean_eval": {
    "f-score": 47.95321637426901,
    "precision": 44.086021505376344,
    "recall": 52.56410256410257,
    "tp": 82,
    "fp": 104,
    "fn": 74
  },
  "jaccard": [
    0.502127659574468
  ],
  "braycurtis": [
    0.2899022801302932
  ],
  "dice": [
    0.3352272727272727
  ],
  "cosinus": [
    0.15316263426557453
  ]
}