{
  "voc_eval_res": {
    "precision": 50.0,
    "recall": 50.0,
    "f-score": 50.0
  },
  "KL_res": {
    "KL divergence": 3.60649658630429,
    "Euclidean Dist.": 0.7071067811865476,
    "WER": 0.5,
    "CER": 0.058823529411764705,
    "Cosine Dist.": 0.33333333333333337
  },
  "occ_eval_res": {
    "precision": 50.0,
    "recall": 50.0,
    "f-score": 50.0
  },
  "clean_eval": {
    "f-score": 88.46153846153845,
    "precision": 88.46153846153845,
    "recall": 88.46153846153845,
    "tp": 23,
    "fp": 3,
    "fn": 3
  },
  "jaccard": [
    0.12121212121212122
  ],
  "braycurtis": [
    0.06451612903225806
  ],
  "dice": [
    0.06451612903225806
  ],
  "cosinus": [
    0.06451612903225823
  ]
}