{
  "voc_eval_res": {
    "precision": 40.0,
    "recall": 50.0,
    "f-score": 44.4444
  },
  "KL_res": {
    "KL divergence": 3.2237525850827784,
    "Euclidean Dist.": 0.3570714214271425,
    "WER": 1.0,
    "CER": 0.7111111111111111,
    "Cosine Dist.": 0.38278660015163246
  },
  "occ_eval_res": {
    "precision": 40.0,
    "recall": 50.0,
    "f-score": 44.4444
  },
  "clean_eval": {
    "f-score": 40.845070422535215,
    "precision": 33.72093023255814,
    "recall": 51.78571428571429,
    "tp": 29,
    "fp": 57,
    "fn": 27
  },
  "jaccard": [
    0.47692307692307695
  ],
  "braycurtis": [
    0.33636363636363636
  ],
  "dice": [
    0.31313131313131315
  ],
  "cosinus": [
    0.2977835986511399
  ]
}