{
  "voc_eval_res": {
    "precision": 66.6667,
    "recall": 66.6667,
    "f-score": 66.6667
  },
  "KL_res": {
    "KL divergence": 1.944093216037893,
    "Euclidean Dist.": 0.3333333333333333,
    "WER": 0.6666666666666666,
    "CER": 0.47368421052631576,
    "Cosine Dist.": 0.20000000000000007
  },
  "occ_eval_res": {
    "precision": 66.6667,
    "recall": 66.6667,
    "f-score": 66.6667
  },
  "clean_eval": {
    "f-score": 48.78048780487804,
    "precision": 38.46153846153847,
    "recall": 66.66666666666666,
    "tp": 20,
    "fp": 32,
    "fn": 10
  },
  "jaccard": [
    0.4266666666666667
  ],
  "braycurtis": [
    0.2714285714285714
  ],
  "dice": [
    0.2711864406779661
  ],
  "cosinus": [
    0.21236472818934204
  ]
}