{
  "voc_eval_res": {
    "precision": 43.75,
    "recall": 53.8462,
    "f-score": 48.2759
  },
  "KL_res": {
    "KL divergence": 2.3180498039455055,
    "Euclidean Dist.": 0.1934294858246657,
    "WER": 1.25,
    "CER": 0.9127906976744186,
    "Cosine Dist.": 0.27991770017690454
  },
  "occ_eval_res": {
    "precision": 38.0952,
    "recall": 57.1429,
    "f-score": 45.7143
  },
  "clean_eval": {
    "f-score": 16.136919315403425,
    "precision": 22.2972972972973,
    "recall": 12.643678160919542,
    "tp": 33,
    "fp": 115,
    "fn": 228
  },
  "jaccard": [
    0.4782608695652174
  ],
  "braycurtis": [
    0.39090909090909093
  ],
  "dice": [
    0.3142857142857143
  ],
  "cosinus": [
    0.20640454020317545
  ]
}