{
  "voc_eval_res": {
    "precision": 83.3333,
    "recall": 75.7576,
    "f-score": 79.3651
  },
  "KL_res": {
    "KL divergence": 0.530034446503507,
    "Euclidean Dist.": 0.08804652485952028,
    "WER": 0.4253731343283582,
    "CER": 0.28674351585014407,
    "Cosine Dist.": 0.08460069258823122
  },
  "occ_eval_res": {
    "precision": 82.5,
    "recall": 73.8806,
    "f-score": 77.9528
  },
  "clean_eval": {
    "f-score": 26.76167854315123,
    "precision": 24.635568513119534,
    "recall": 29.289428076256502,
    "tp": 169,
    "fp": 517,
    "fn": 408
  },
  "jaccard": [
    0.26497277676951
  ],
  "braycurtis": [
    0.1497515968772179
  ],
  "dice": [
    0.15271966527196654
  ],
  "cosinus": [
    0.039918577142293965
  ]
}