{
  "voc_eval_res": {
    "precision": 40.0,
    "recall": 48.4848,
    "f-score": 43.8356
  },
  "KL_res": {
    "KL divergence": 3.0020271707951744,
    "Euclidean Dist.": 0.21397253872869332,
    "WER": 1.0789473684210527,
    "CER": 0.6776556776556777,
    "Cosine Dist.": 0.47018705717398246
  },
  "occ_eval_res": {
    "precision": 34.6939,
    "recall": 44.7368,
    "f-score": 39.0805
  },
  "clean_eval": {
    "f-score": 8.576329331046312,
    "precision": 7.763975155279502,
    "recall": 9.578544061302683,
    "tp": 25,
    "fp": 297,
    "fn": 236
  },
  "jaccard": [
    0.5419222903885481
  ],
  "braycurtis": [
    0.3944636678200692
  ],
  "dice": [
    0.37166900420757365
  ],
  "cosinus": [
    0.2676751439071392
  ]
}