{
  "voc_eval_res": {
    "precision": 40.5405,
    "recall": 68.1818,
    "f-score": 50.8475
  },
  "KL_res": {
    "KL divergence": 1.8827095987598816,
    "Euclidean Dist.": 0.19934628111305341,
    "WER": 1.5,
    "CER": 1.292857142857143,
    "Cosine Dist.": 0.2653861939731391
  },
  "occ_eval_res": {
    "precision": 32.6531,
    "recall": 66.6667,
    "f-score": 43.8356
  },
  "clean_eval": {
    "f-score": 22.695035460992905,
    "precision": 31.16883116883117,
    "recall": 17.843866171003718,
    "tp": 48,
    "fp": 106,
    "fn": 221
  },
  "jaccard": [
    0.46111111111111114
  ],
  "braycurtis": [
    0.44713656387665196
  ],
  "dice": [
    0.2996389891696751
  ],
  "cosinus": [
    0.2324776480147982
  ]
}