{
  "voc_eval_res": {
    "precision": 37.5,
    "recall": 50.0,
    "f-score": 42.8571
  },
  "KL_res": {
    "KL divergence": 3.3447249806651036,
    "Euclidean Dist.": 0.414578098794425,
    "WER": 0.8333333333333334,
    "CER": 0.16666666666666666,
    "Cosine Dist.": 0.39697731084447285
  },
  "occ_eval_res": {
    "precision": 37.5,
    "recall": 50.0,
    "f-score": 42.8571
  },
  "clean_eval": {
    "f-score": 70.80745341614907,
    "precision": 77.02702702702703,
    "recall": 65.51724137931035,
    "tp": 57,
    "fp": 17,
    "fn": 30
  },
  "jaccard": [
    0.37606837606837606
  ],
  "braycurtis": [
    0.22935779816513763
  ],
  "dice": [
    0.23157894736842105
  ],
  "cosinus": [
    0.17430925126596886
  ]
}