{
  "voc_eval_res": {
    "precision": 25.0,
    "recall": 33.3333,
    "f-score": 28.5714
  },
  "KL_res": {
    "KL divergence": 5.286104364553488,
    "Euclidean Dist.": 0.6508541396588878,
    "WER": 1.0,
    "CER": 0.375,
    "Cosine Dist.": 0.5527864045000421
  },
  "occ_eval_res": {
    "precision": 25.0,
    "recall": 33.3333,
    "f-score": 28.5714
  },
  "clean_eval": {
    "f-score": 84.21052631578947,
    "precision": 84.21052631578947,
    "recall": 84.21052631578947,
    "tp": 32,
    "fp": 6,
    "fn": 6
  },
  "jaccard": [
    0.5454545454545454
  ],
  "braycurtis": [
    0.375
  ],
  "dice": [
    0.375
  ],
  "cosinus": [
    0.3737757089148507
  ]
}