{
  "voc_eval_res": {
    "precision": 42.1053,
    "recall": 59.2593,
    "f-score": 49.2308
  },
  "KL_res": {
    "KL divergence": 2.190757291014368,
    "Euclidean Dist.": 0.18062482672859076,
    "WER": 1.0444444444444445,
    "CER": 0.6550308008213552,
    "Cosine Dist.": 0.3705501542925471
  },
  "occ_eval_res": {
    "precision": 40.5405,
    "recall": 50.0,
    "f-score": 44.7761
  },
  "clean_eval": {
    "f-score": 18.181818181818183,
    "precision": 19.62809917355372,
    "recall": 16.93404634581105,
    "tp": 95,
    "fp": 389,
    "fn": 466
  },
  "jaccard": [
    0.5057971014492754
  ],
  "braycurtis": [
    0.3873720136518771
  ],
  "dice": [
    0.3385063045586809
  ],
  "cosinus": [
    0.24112414423581008
  ]
}