{
  "voc_eval_res": {
    "precision": 33.3333,
    "recall": 42.3077,
    "f-score": 37.2881
  },
  "KL_res": {
    "KL divergence": 3.329282722459906,
    "Euclidean Dist.": 0.22028424174385428,
    "WER": 1.03125,
    "CER": 0.5450643776824035,
    "Cosine Dist.": 0.4197411468143405
  },
  "occ_eval_res": {
    "precision": 34.2105,
    "recall": 40.625,
    "f-score": 37.1429
  },
  "clean_eval": {
    "f-score": 42.007434944237914,
    "precision": 47.083333333333336,
    "recall": 37.919463087248324,
    "tp": 113,
    "fp": 127,
    "fn": 185
  },
  "jaccard": [
    0.4954545454545455
  ],
  "braycurtis": [
    0.34530938123752497
  ],
  "dice": [
    0.3293051359516616
  ],
  "cosinus": [
    0.2516416243140531
  ]
}