{
  "voc_eval_res": {
    "precision": 43.1034,
    "recall": 48.5437,
    "f-score": 45.6621
  },
  "KL_res": {
    "KL divergence": 1.9708837958487584,
    "Euclidean Dist.": 0.10320370728178348,
    "WER": 0.860655737704918,
    "CER": 0.5071521456436932,
    "Cosine Dist.": 0.2757124361774953
  },
  "occ_eval_res": {
    "precision": 42.6573,
    "recall": 50.0,
    "f-score": 46.0377
  },
  "clean_eval": {
    "f-score": 21.780909673286356,
    "precision": 19.340159271899886,
    "recall": 24.926686217008797,
    "tp": 170,
    "fp": 709,
    "fn": 512
  },
  "jaccard": [
    0.48990435706695007
  ],
  "braycurtis": [
    0.2971639950678175
  ],
  "dice": [
    0.32441942294159043
  ],
  "cosinus": [
    0.0997186078043244
  ]
}