{
  "voc_eval_res": {
    "precision": 52.0833,
    "recall": 65.7895,
    "f-score": 58.1395
  },
  "KL_res": {
    "KL divergence": 1.6033255306343919,
    "Euclidean Dist.": 0.13745569178127665,
    "WER": 1.0545454545454545,
    "CER": 0.8005050505050505,
    "Cosine Dist.": 0.17245194751277337
  },
  "occ_eval_res": {
    "precision": 59.322,
    "recall": 63.6364,
    "f-score": 61.4035
  },
  "clean_eval": {
    "f-score": 12.18836565096953,
    "precision": 11.956521739130435,
    "recall": 12.429378531073446,
    "tp": 44,
    "fp": 324,
    "fn": 310
  },
  "jaccard": [
    0.39148073022312374
  ],
  "braycurtis": [
    0.24171779141104294
  ],
  "dice": [
    0.24337957124842372
  ],
  "cosinus": [
    0.10384552496065491
  ]
}