{
  "voc_eval_res": {
    "precision": 83.3333,
    "recall": 55.5556,
    "f-score": 66.6667
  },
  "KL_res": {
    "KL divergence": 2.5362515900079816,
    "Euclidean Dist.": 0.32867109906108977,
    "WER": 0.4444444444444444,
    "CER": 0.29577464788732394,
    "Cosine Dist.": 0.19417703597461988
  },
  "occ_eval_res": {
    "precision": 83.3333,
    "recall": 55.5556,
    "f-score": 66.6667
  },
  "clean_eval": {
    "f-score": 71.60493827160494,
    "precision": 65.9090909090909,
    "recall": 78.37837837837837,
    "tp": 58,
    "fp": 30,
    "fn": 16
  },
  "jaccard": [
    0.28688524590163933
  ],
  "braycurtis": [
    0.17796610169491525
  ],
  "dice": [
    0.1674641148325359
  ],
  "cosinus": [
    0.12983076478716082
  ]
}