{
  "voc_eval_res": {
    "precision": 32.5,
    "recall": 33.3333,
    "f-score": 32.9114
  },
  "KL_res": {
    "KL divergence": 3.2873387152100535,
    "Euclidean Dist.": 0.1770805312261422,
    "WER": 0.7954545454545454,
    "CER": 0.47058823529411764,
    "Cosine Dist.": 0.3646619127977344
  },
  "occ_eval_res": {
    "precision": 35.5556,
    "recall": 36.3636,
    "f-score": 35.9551
  },
  "clean_eval": {
    "f-score": 19.900497512437813,
    "precision": 18.237082066869302,
    "recall": 21.897810218978105,
    "tp": 60,
    "fp": 269,
    "fn": 214
  },
  "jaccard": [
    0.5830258302583026
  ],
  "braycurtis": [
    0.38338658146964855
  ],
  "dice": [
    0.4114583333333333
  ],
  "cosinus": [
    0.20166759945462875
  ]
}