{
  "voc_eval_res": {
    "precision": 64.2857,
    "recall": 71.4286,
    "f-score": 67.6692
  },
  "KL_res": {
    "KL divergence": 0.8561673520856424,
    "Euclidean Dist.": 0.10714902536149382,
    "WER": 0.6336633663366337,
    "CER": 0.43134087237479807,
    "Cosine Dist.": 0.1312030556419228
  },
  "occ_eval_res": {
    "precision": 70.0,
    "recall": 69.3069,
    "f-score": 69.6517
  },
  "clean_eval": {
    "f-score": 31.384615384615387,
    "precision": 30.267062314540063,
    "recall": 32.587859424920126,
    "tp": 204,
    "fp": 470,
    "fn": 422
  },
  "jaccard": [
    0.3615733736762481
  ],
  "braycurtis": [
    0.21497584541062803
  ],
  "dice": [
    0.22068328716528163
  ],
  "cosinus": [
    0.06693322923256806
  ]
}