{
  "voc_eval_res": {
    "precision": 33.3333,
    "recall": 45.8333,
    "f-score": 38.5965
  },
  "KL_res": {
    "KL divergence": 2.4865426468282545,
    "Euclidean Dist.": 0.16259645274018594,
    "WER": 1.1612903225806452,
    "CER": 0.7316455696202532,
    "Cosine Dist.": 0.29817964302002287
  },
  "occ_eval_res": {
    "precision": 34.1176,
    "recall": 46.7742,
    "f-score": 39.4558
  },
  "clean_eval": {
    "f-score": 20.24471635150167,
    "precision": 20.919540229885058,
    "recall": 19.612068965517242,
    "tp": 91,
    "fp": 344,
    "fn": 373
  },
  "jaccard": [
    0.5495495495495496
  ],
  "braycurtis": [
    0.36095965103598693
  ],
  "dice": [
    0.37888198757763975
  ],
  "cosinus": [
    0.1598303200283927
  ]
}