{
  "voc_eval_res": {
    "precision": 41.0714,
    "recall": 46.9388,
    "f-score": 43.8095
  },
  "KL_res": {
    "KL divergence": 2.2271437688809463,
    "Euclidean Dist.": 0.14949659458253856,
    "WER": 0.8333333333333334,
    "CER": 0.5964912280701754,
    "Cosine Dist.": 0.2424025020555477
  },
  "occ_eval_res": {
    "precision": 45.122,
    "recall": 51.3889,
    "f-score": 48.0519
  },
  "clean_eval": {
    "f-score": 16.818181818181817,
    "precision": 14.979757085020243,
    "recall": 19.170984455958546,
    "tp": 74,
    "fp": 420,
    "fn": 312
  },
  "jaccard": [
    0.5326278659611993
  ],
  "braycurtis": [
    0.35
  ],
  "dice": [
    0.3629807692307692
  ],
  "cosinus": [
    0.17802422243628657
  ]
}