{
  "voc_eval_res": {
    "precision": 47.619,
    "recall": 83.3333,
    "f-score": 60.6061
  },
  "KL_res": {
    "KL divergence": 0.8507796734070915,
    "Euclidean Dist.": 0.2508307203989535,
    "WER": 0.9375,
    "CER": 0.6238532110091743,
    "Cosine Dist.": 0.17239411139763183
  },
  "occ_eval_res": {
    "precision": 50.0,
    "recall": 81.25,
    "f-score": 61.9048
  },
  "clean_eval": {
    "f-score": 64.75409836065575,
    "precision": 61.71875,
    "recall": 68.10344827586206,
    "tp": 79,
    "fp": 49,
    "fn": 37
  },
  "jaccard": [
    0.4041666666666667
  ],
  "braycurtis": [
    0.28
  ],
  "dice": [
    0.25326370757180156
  ],
  "cosinus": [
    0.15840685518897146
  ]
}