{
  "voc_eval_res": {
    "precision": 46.1538,
    "recall": 60.0,
    "f-score": 52.1739
  },
  "KL_res": {
    "KL divergence": 2.234598980051752,
    "Euclidean Dist.": 0.20953597649040362,
    "WER": 0.8,
    "CER": 0.48872180451127817,
    "Cosine Dist.": 0.3117527983883147
  },
  "occ_eval_res": {
    "precision": 46.1538,
    "recall": 60.0,
    "f-score": 52.1739
  },
  "clean_eval": {
    "f-score": 51.903114186851205,
    "precision": 62.5,
    "recall": 44.37869822485207,
    "tp": 75,
    "fp": 45,
    "fn": 94
  },
  "jaccard": [
    0.5032258064516129
  ],
  "braycurtis": [
    0.34098360655737703
  ],
  "dice": [
    0.33620689655172414
  ],
  "cosinus": [
    0.21658838292952864
  ]
}