{
  "voc_eval_res": {
    "precision": 77.7778,
    "recall": 79.0323,
    "f-score": 78.4
  },
  "KL_res": {
    "KL divergence": 0.5741355742002839,
    "Euclidean Dist.": 0.09441609551856359,
    "WER": 0.49166666666666664,
    "CER": 0.36538461538461536,
    "Cosine Dist.": 0.09752168849782294
  },
  "occ_eval_res": {
    "precision": 80.0,
    "recall": 70.0,
    "f-score": 74.6667
  },
  "clean_eval": {
    "f-score": 35.12841756420878,
    "precision": 31.50074294205052,
    "recall": 39.70037453183521,
    "tp": 212,
    "fp": 461,
    "fn": 322
  },
  "jaccard": [
    0.3267857142857143
  ],
  "braycurtis": [
    0.20146818923327894
  ],
  "dice": [
    0.19530416221985059
  ],
  "cosinus": [
    0.06337193240611882
  ]
}