{
  "voc_eval_res": {
    "precision": 50.0,
    "recall": 60.0,
    "f-score": 54.5455
  },
  "KL_res": {
    "KL divergence": 2.547837863990949,
    "Euclidean Dist.": 0.41231056256176607,
    "WER": 0.6,
    "CER": 0.23809523809523808,
    "Cosine Dist.": 0.29289321881345265
  },
  "occ_eval_res": {
    "precision": 50.0,
    "recall": 60.0,
    "f-score": 54.5455
  },
  "clean_eval": {
    "f-score": 85.48387096774194,
    "precision": 85.48387096774194,
    "recall": 85.48387096774194,
    "tp": 53,
    "fp": 9,
    "fn": 9
  },
  "jaccard": [
    0.5283018867924528
  ],
  "braycurtis": [
    0.36585365853658536
  ],
  "dice": [
    0.358974358974359
  ],
  "cosinus": [
    0.3400214489543697
  ]
}