{
  "voc_eval_res": {
    "precision": 40.0,
    "recall": 41.2698,
    "f-score": 40.625
  },
  "KL_res": {
    "KL divergence": 2.5245145847803805,
    "Euclidean Dist.": 0.13330872904082164,
    "WER": 0.7142857142857143,
    "CER": 0.4358353510895884,
    "Cosine Dist.": 0.3238765962171868
  },
  "occ_eval_res": {
    "precision": 43.8356,
    "recall": 41.5584,
    "f-score": 42.6667
  },
  "clean_eval": {
    "f-score": 20.873269435569757,
    "precision": 18.88246628131021,
    "recall": 23.333333333333332,
    "tp": 98,
    "fp": 421,
    "fn": 322
  },
  "jaccard": [
    0.4946889226100152
  ],
  "braycurtis": [
    0.3333333333333333
  ],
  "dice": [
    0.3286290322580645
  ],
  "cosinus": [
    0.15303142079637166
  ]
}