{
  "voc_eval_res": {
    "precision": 70.8333,
    "recall": 70.8333,
    "f-score": 70.8333
  },
  "KL_res": {
    "KL divergence": 1.095563109366661,
    "Euclidean Dist.": 0.1611627210855982,
    "WER": 0.5483870967741935,
    "CER": 0.36666666666666664,
    "Cosine Dist.": 0.148933160266436
  },
  "occ_eval_res": {
    "precision": 71.4286,
    "recall": 64.5161,
    "f-score": 67.7966
  },
  "clean_eval": {
    "f-score": 57.44125326370757,
    "precision": 48.458149779735685,
    "recall": 70.51282051282051,
    "tp": 110,
    "fp": 117,
    "fn": 46
  },
  "jaccard": [
    0.2828282828282828
  ],
  "braycurtis": [
    0.2442159383033419
  ],
  "dice": [
    0.16470588235294117
  ],
  "cosinus": [
    0.1248994541795021
  ]
}