{
  "voc_eval_res": {
    "precision": 42.8571,
    "recall": 52.9412,
    "f-score": 47.3684
  },
  "KL_res": {
    "KL divergence": 1.8126251362218493,
    "Euclidean Dist.": 0.13373040107443934,
    "WER": 0.8507462686567164,
    "CER": 0.5080459770114942,
    "Cosine Dist.": 0.1946844510522141
  },
  "occ_eval_res": {
    "precision": 47.5,
    "recall": 56.7164,
    "f-score": 51.7007
  },
  "clean_eval": {
    "f-score": 32.97491039426523,
    "precision": 31.944444444444443,
    "recall": 34.074074074074076,
    "tp": 138,
    "fp": 294,
    "fn": 267
  },
  "jaccard": [
    0.41207815275310833
  ],
  "braycurtis": [
    0.2662337662337662
  ],
  "dice": [
    0.2595078299776286
  ],
  "cosinus": [
    0.10772382945332315
  ]
}