{
  "voc_eval_res": {
    "precision": 28.5714,
    "recall": 33.3333,
    "f-score": 30.7692
  },
  "KL_res": {
    "KL divergence": 4.900740400078536,
    "Euclidean Dist.": 0.46413306403852206,
    "WER": 0.8333333333333334,
    "CER": 0.28,
    "Cosine Dist.": 0.5285954792089684
  },
  "occ_eval_res": {
    "precision": 28.5714,
    "recall": 33.3333,
    "f-score": 30.7692
  },
  "clean_eval": {
    "f-score": 58.73015873015872,
    "precision": 50.0,
    "recall": 71.15384615384616,
    "tp": 37,
    "fp": 37,
    "fn": 15
  },
  "jaccard": [
    0.5130434782608696
  ],
  "braycurtis": [
    0.3711340206185567
  ],
  "dice": [
    0.34502923976608185
  ],
  "cosinus": [
    0.3139558649000427
  ]
}