{
  "voc_eval_res": {
    "precision": 73.7705,
    "recall": 81.8182,
    "f-score": 77.5862
  },
  "KL_res": {
    "KL divergence": 0.5014048879395581,
    "Euclidean Dist.": 0.09807550573907726,
    "WER": 0.4051724137931034,
    "CER": 0.3295819935691318,
    "Cosine Dist.": 0.09776026198659471
  },
  "occ_eval_res": {
    "precision": 75.2137,
    "recall": 75.8621,
    "f-score": 75.5365
  },
  "clean_eval": {
    "f-score": 26.508226691042047,
    "precision": 23.770491803278688,
    "recall": 29.958677685950413,
    "tp": 145,
    "fp": 465,
    "fn": 339
  },
  "jaccard": [
    0.3555956678700361
  ],
  "braycurtis": [
    0.2126984126984127
  ],
  "dice": [
    0.21624588364434688
  ],
  "cosinus": [
    0.070780969867414
  ]
}