{
  "voc_eval_res": {
    "precision": 40.0,
    "recall": 57.1429,
    "f-score": 47.0588
  },
  "KL_res": {
    "KL divergence": 2.7525951368481887,
    "Euclidean Dist.": 0.3686710828732554,
    "WER": 0.8571428571428571,
    "CER": 0.8064516129032258,
    "Cosine Dist.": 0.3553416287796958
  },
  "occ_eval_res": {
    "precision": 40.0,
    "recall": 57.1429,
    "f-score": 47.0588
  },
  "clean_eval": {
    "f-score": 63.793103448275865,
    "precision": 72.54901960784314,
    "recall": 56.92307692307692,
    "tp": 37,
    "fp": 14,
    "fn": 28
  },
  "jaccard": [
    0.5283018867924528
  ],
  "braycurtis": [
    0.375
  ],
  "dice": [
    0.358974358974359
  ],
  "cosinus": [
    0.35156852289490115
  ]
}