{
  "voc_eval_res": {
    "precision": 51.2195,
    "recall": 77.7778,
    "f-score": 61.7647
  },
  "KL_res": {
    "KL divergence": 0.7714687100130457,
    "Euclidean Dist.": 0.125173010463424,
    "WER": 1.0701754385964912,
    "CER": 0.8399366085578447,
    "Cosine Dist.": 0.16759280351697692
  },
  "occ_eval_res": {
    "precision": 52.9762,
    "recall": 78.0702,
    "f-score": 63.1206
  },
  "clean_eval": {
    "f-score": 31.92227619708536,
    "precision": 36.74121405750799,
    "recall": 28.22085889570552,
    "tp": 230,
    "fp": 396,
    "fn": 585
  },
  "jaccard": [
    0.4618705035971223
  ],
  "braycurtis": [
    0.3353584447144593
  ],
  "dice": [
    0.30028063610851263
  ],
  "cosinus": [
    0.1189028617415363
  ]
}