{
  "voc_eval_res": {
    "precision": 66.6667,
    "recall": 50.0,
    "f-score": 57.1429
  },
  "KL_res": {
    "KL divergence": 3.2890308487358006,
    "Euclidean Dist.": 0.5137011669140813,
    "WER": 0.5,
    "CER": 0.3333333333333333,
    "Cosine Dist.": 0.26970325665977857
  },
  "occ_eval_res": {
    "precision": 66.6667,
    "recall": 50.0,
    "f-score": 57.1429
  },
  "clean_eval": {
    "f-score": 57.14285714285714,
    "precision": 44.0,
    "recall": 81.48148148148148,
    "tp": 22,
    "fp": 28,
    "fn": 5
  },
  "jaccard": [
    0.4
  ],
  "braycurtis": [
    0.24528301886792453
  ],
  "dice": [
    0.25
  ],
  "cosinus": [
    0.22341972528467868
  ]
}