{
  "voc_eval_res": {
    "precision": 57.1429,
    "recall": 67.6923,
    "f-score": 61.9718
  },
  "KL_res": {
    "KL divergence": 1.0528616766028738,
    "Euclidean Dist.": 0.09725083957688237,
    "WER": 0.6739130434782609,
    "CER": 0.4835164835164835,
    "Cosine Dist.": 0.11534826307061741
  },
  "occ_eval_res": {
    "precision": 63.3663,
    "recall": 69.5652,
    "f-score": 66.3212
  },
  "clean_eval": {
    "f-score": 31.897341888175983,
    "precision": 32.83018867924528,
    "recall": 31.016042780748666,
    "tp": 174,
    "fp": 356,
    "fn": 387
  },
  "jaccard": [
    0.4287690179806362
  ],
  "braycurtis": [
    0.2542927228127555
  ],
  "dice": [
    0.272887323943662
  ],
  "cosinus": [
    0.09162203517286116
  ]
}