{
  "voc_eval_res": {
    "precision": 53.4884,
    "recall": 67.6471,
    "f-score": 59.7403
  },
  "KL_res": {
    "KL divergence": 1.064897956340436,
    "Euclidean Dist.": 0.11736759665777019,
    "WER": 0.9322033898305084,
    "CER": 0.6629055007052186,
    "Cosine Dist.": 0.17292163155087836
  },
  "occ_eval_res": {
    "precision": 53.2051,
    "recall": 70.339,
    "f-score": 60.5839
  },
  "clean_eval": {
    "f-score": 26.699029126213592,
    "precision": 27.77777777777778,
    "recall": 25.70093457943925,
    "tp": 220,
    "fp": 572,
    "fn": 636
  },
  "jaccard": [
    0.4140845070422535
  ],
  "braycurtis": [
    0.2537037037037037
  ],
  "dice": [
    0.261101243339254
  ],
  "cosinus": [
    0.07643793648691
  ]
}