{
  "voc_eval_res": {
    "precision": 26.9231,
    "recall": 25.9259,
    "f-score": 26.4151
  },
  "KL_res": {
    "KL divergence": 4.5426539678952045,
    "Euclidean Dist.": 0.2640436378023371,
    "WER": 0.967741935483871,
    "CER": 0.7313432835820896,
    "Cosine Dist.": 0.5007308164685629
  },
  "occ_eval_res": {
    "precision": 25.8065,
    "recall": 25.8065,
    "f-score": 25.8065
  },
  "clean_eval": {
    "f-score": 52.3076923076923,
    "precision": 45.13274336283185,
    "recall": 62.19512195121951,
    "tp": 102,
    "fp": 124,
    "fn": 62
  },
  "jaccard": [
    0.7631578947368421
  ],
  "braycurtis": [
    0.6193771626297578
  ],
  "dice": [
    0.6170212765957447
  ],
  "cosinus": [
    0.4341049454623366
  ]
}