{
  "voc_eval_res": {
    "precision": 60.0,
    "recall": 75.0,
    "f-score": 66.6667
  },
  "KL_res": {
    "KL divergence": 1.4541868211039115,
    "Euclidean Dist.": 0.2870302486435247,
    "WER": 0.625,
    "CER": 0.16901408450704225,
    "Cosine Dist.": 0.2022759647825345
  },
  "occ_eval_res": {
    "precision": 54.5455,
    "recall": 75.0,
    "f-score": 63.1579
  },
  "clean_eval": {
    "f-score": 66.11570247933885,
    "precision": 61.53846153846154,
    "recall": 71.42857142857143,
    "tp": 40,
    "fp": 25,
    "fn": 16
  },
  "jaccard": [
    0.17532467532467533
  ],
  "braycurtis": [
    0.11409395973154363
  ],
  "dice": [
    0.09608540925266904
  ],
  "cosinus": [
    0.09319153921582046
  ]
}