{
  "voc_eval_res": {
    "precision": 29.2308,
    "recall": 47.5,
    "f-score": 36.1905
  },
  "KL_res": {
    "KL divergence": 2.3893855439103615,
    "Euclidean Dist.": 0.15900499755246741,
    "WER": 1.2307692307692308,
    "CER": 0.9483870967741935,
    "Cosine Dist.": 0.28392907208842666
  },
  "occ_eval_res": {
    "precision": 30.8642,
    "recall": 48.0769,
    "f-score": 37.594
  },
  "clean_eval": {
    "f-score": 11.995104039167686,
    "precision": 13.172043010752688,
    "recall": 11.01123595505618,
    "tp": 49,
    "fp": 323,
    "fn": 396
  },
  "jaccard": [
    0.541958041958042
  ],
  "braycurtis": [
    0.41304347826086957
  ],
  "dice": [
    0.37170263788968827
  ],
  "cosinus": [
    0.18111354565965943
  ]
}