{
  "voc_eval_res": {
    "precision": 40.4762,
    "recall": 54.8387,
    "f-score": 46.5753
  },
  "KL_res": {
    "KL divergence": 1.6106699091530685,
    "Euclidean Dist.": 0.1346241432743794,
    "WER": 0.8255813953488372,
    "CER": 0.5731225296442688,
    "Cosine Dist.": 0.26093555615143305
  },
  "occ_eval_res": {
    "precision": 44.9541,
    "recall": 56.9767,
    "f-score": 50.2564
  },
  "clean_eval": {
    "f-score": 38.612933458294286,
    "precision": 39.768339768339764,
    "recall": 37.52276867030965,
    "tp": 206,
    "fp": 312,
    "fn": 343
  },
  "jaccard": [
    0.48221343873517786
  ],
  "braycurtis": [
    0.3084192439862543
  ],
  "dice": [
    0.3177083333333333
  ],
  "cosinus": [
    0.12123930958204332
  ]
}