{
  "voc_eval_res": {
    "precision": 52.381,
    "recall": 75.8621,
    "f-score": 61.9718
  },
  "KL_res": {
    "KL divergence": 1.111785806997304,
    "Euclidean Dist.": 0.15650967891257972,
    "WER": 0.6470588235294118,
    "CER": 0.3069306930693069,
    "Cosine Dist.": 0.18127254993929776
  },
  "occ_eval_res": {
    "precision": 55.5556,
    "recall": 73.5294,
    "f-score": 63.2911
  },
  "clean_eval": {
    "f-score": 32.18390804597702,
    "precision": 30.246913580246915,
    "recall": 34.385964912280706,
    "tp": 98,
    "fp": 226,
    "fn": 187
  },
  "jaccard": [
    0.3611738148984199
  ],
  "braycurtis": [
    0.19783616692426584
  ],
  "dice": [
    0.22038567493112948
  ],
  "cosinus": [
    0.08348696285448409
  ]
}