{
  "voc_eval_res": {
    "precision": 17.2414,
    "recall": 21.7391,
    "f-score": 19.2308
  },
  "KL_res": {
    "KL divergence": 4.950371555051597,
    "Euclidean Dist.": 0.2705389240526133,
    "WER": 1.2222222222222223,
    "CER": 0.865546218487395,
    "Cosine Dist.": 0.5153724352938862
  },
  "occ_eval_res": {
    "precision": 18.9189,
    "recall": 25.9259,
    "f-score": 21.875
  },
  "clean_eval": {
    "f-score": 53.46534653465347,
    "precision": 48.4304932735426,
    "recall": 59.66850828729282,
    "tp": 108,
    "fp": 115,
    "fn": 73
  },
  "jaccard": [
    0.7885714285714286
  ],
  "braycurtis": [
    0.6411149825783972
  ],
  "dice": [
    0.6509433962264151
  ],
  "cosinus": [
    0.42641497674687845
  ]
}