{
  "voc_eval_res": {
    "precision": 54.5455,
    "recall": 52.9412,
    "f-score": 53.7313
  },
  "KL_res": {
    "KL divergence": 2.2789138994156137,
    "Euclidean Dist.": 0.1777250996121961,
    "WER": 0.8780487804878049,
    "CER": 0.6085526315789473,
    "Cosine Dist.": 0.29226177938309905
  },
  "occ_eval_res": {
    "precision": 54.0541,
    "recall": 48.7805,
    "f-score": 51.2821
  },
  "clean_eval": {
    "f-score": 33.06772908366534,
    "precision": 29.642857142857142,
    "recall": 37.38738738738739,
    "tp": 83,
    "fp": 197,
    "fn": 139
  },
  "jaccard": [
    0.38498789346246975
  ],
  "braycurtis": [
    0.2609457092819615
  ],
  "dice": [
    0.2383808095952024
  ],
  "cosinus": [
    0.11274231277830582
  ]
}