{
  "voc_eval_res": {
    "precision": 31.0345,
    "recall": 61.3636,
    "f-score": 41.2214
  },
  "KL_res": {
    "KL divergence": 1.862069659069186,
    "Euclidean Dist.": 0.16306507290836939,
    "WER": 1.6862745098039216,
    "CER": 1.2275280898876404,
    "Cosine Dist.": 0.3352427079851831
  },
  "occ_eval_res": {
    "precision": 28.1818,
    "recall": 60.7843,
    "f-score": 38.5093
  },
  "clean_eval": {
    "f-score": 21.338912133891213,
    "precision": 26.631853785900784,
    "recall": 17.801047120418847,
    "tp": 102,
    "fp": 281,
    "fn": 471
  },
  "jaccard": [
    0.5014705882352941
  ],
  "braycurtis": [
    0.4161260426320667
  ],
  "dice": [
    0.33464180569185475
  ],
  "cosinus": [
    0.1518857924256488
  ]
}