{
  "voc_eval_res": {
    "precision": 33.7079,
    "recall": 56.6038,
    "f-score": 42.2535
  },
  "KL_res": {
    "KL divergence": 1.962266695145013,
    "Euclidean Dist.": 0.13829302161881285,
    "WER": 1.1549295774647887,
    "CER": 0.8072289156626506,
    "Cosine Dist.": 0.26683832859498935
  },
  "occ_eval_res": {
    "precision": 36.5217,
    "recall": 59.1549,
    "f-score": 45.1613
  },
  "clean_eval": {
    "f-score": 8.434864104967197,
    "precision": 9.036144578313253,
    "recall": 7.9086115992970125,
    "tp": 45,
    "fp": 453,
    "fn": 524
  },
  "jaccard": [
    0.570281124497992
  ],
  "braycurtis": [
    0.3888380603842635
  ],
  "dice": [
    0.398876404494382
  ],
  "cosinus": [
    0.18795489085734352
  ]
}