{
  "voc_eval_res": {
    "precision": 100.0,
    "recall": 62.5,
    "f-score": 76.9231
  },
  "KL_res": {
    "KL divergence": 2.023070939851424,
    "Euclidean Dist.": 0.3211308144666283,
    "WER": 0.5,
    "CER": 0.5333333333333333,
    "Cosine Dist.": 0.12294198069297113
  },
  "occ_eval_res": {
    "precision": 100.0,
    "recall": 62.5,
    "f-score": 76.9231
  },
  "clean_eval": {
    "f-score": 52.991452991452995,
    "precision": 40.78947368421053,
    "recall": 75.60975609756098,
    "tp": 31,
    "fp": 45,
    "fn": 10
  },
  "jaccard": [
    0.45977011494252873
  ],
  "braycurtis": [
    0.3150684931506849
  ],
  "dice": [
    0.29850746268656714
  ],
  "cosinus": [
    0.2515365068591705
  ]
}