{
  "voc_eval_res": {
    "precision": 65.2174,
    "recall": 41.6667,
    "f-score": 50.8475
  },
  "KL_res": {
    "KL divergence": 2.8147504657555444,
    "Euclidean Dist.": 0.19730244664593485,
    "WER": 0.6923076923076923,
    "CER": 0.5694444444444444,
    "Cosine Dist.": 0.2790464569062474
  },
  "occ_eval_res": {
    "precision": 62.963,
    "recall": 43.5897,
    "f-score": 51.5152
  },
  "clean_eval": {
    "f-score": 47.41144414168937,
    "precision": 37.66233766233766,
    "recall": 63.970588235294116,
    "tp": 87,
    "fp": 144,
    "fn": 49
  },
  "jaccard": [
    0.6
  ],
  "braycurtis": [
    0.45528455284552843
  ],
  "dice": [
    0.42857142857142855
  ],
  "cosinus": [
    0.3264785993634798
  ]
}