{
  "voc_eval_res": {
    "precision": 42.8571,
    "recall": 37.5,
    "f-score": 40.0
  },
  "KL_res": {
    "KL divergence": 4.252938131565441,
    "Euclidean Dist.": 0.4020832231856322,
    "WER": 0.75,
    "CER": 0.37777777777777777,
    "Cosine Dist.": 0.42792244645264466
  },
  "occ_eval_res": {
    "precision": 42.8571,
    "recall": 37.5,
    "f-score": 40.0
  },
  "clean_eval": {
    "f-score": 50.724637681159415,
    "precision": 40.69767441860465,
    "recall": 67.3076923076923,
    "tp": 35,
    "fp": 51,
    "fn": 17
  },
  "jaccard": [
    0.5420560747663551
  ],
  "braycurtis": [
    0.3614457831325301
  ],
  "dice": [
    0.3717948717948718
  ],
  "cosinus": [
    0.3319415433702566
  ]
}