{
  "voc_eval_res": {
    "precision": 20.0,
    "recall": 20.0,
    "f-score": 20.0
  },
  "KL_res": {
    "KL divergence": 6.601774859610347,
    "Euclidean Dist.": 0.5656854249492381,
    "WER": 0.8,
    "CER": 0.6829268292682927,
    "Cosine Dist.": 0.6666666666666667
  },
  "occ_eval_res": {
    "precision": 20.0,
    "recall": 20.0,
    "f-score": 20.0
  },
  "clean_eval": {
    "f-score": 56.86274509803921,
    "precision": 46.774193548387096,
    "recall": 72.5,
    "tp": 29,
    "fp": 33,
    "fn": 11
  },
  "jaccard": [
    0.8461538461538461
  ],
  "braycurtis": [
    0.7377049180327869
  ],
  "dice": [
    0.7333333333333333
  ],
  "cosinus": [
    0.7184210695000266
  ]
}