{
  "voc_eval_res": {
    "precision": 57.1429,
    "recall": 44.4444,
    "f-score": 50.0
  },
  "KL_res": {
    "KL divergence": 2.989992542821608,
    "Euclidean Dist.": 0.24228317897027465,
    "WER": 0.7368421052631579,
    "CER": 0.5625,
    "Cosine Dist.": 0.2650315847408329
  },
  "occ_eval_res": {
    "precision": 60.0,
    "recall": 47.3684,
    "f-score": 52.9412
  },
  "clean_eval": {
    "f-score": 59.398496240601496,
    "precision": 52.666666666666664,
    "recall": 68.10344827586206,
    "tp": 79,
    "fp": 71,
    "fn": 37
  },
  "jaccard": [
    0.670995670995671
  ],
  "braycurtis": [
    0.5055555555555555
  ],
  "dice": [
    0.504885993485342
  ],
  "cosinus": [
    0.3797424592325399
  ]
}