{
  "voc_eval_res": {
    "precision": 66.6667,
    "recall": 25.0,
    "f-score": 36.3636
  },
  "KL_res": {
    "KL divergence": 5.555343269034353,
    "Euclidean Dist.": 0.6152009608430583,
    "WER": 0.75,
    "CER": 0.5686274509803921,
    "Cosine Dist.": 0.434314575050762
  },
  "occ_eval_res": {
    "precision": 66.6667,
    "recall": 25.0,
    "f-score": 36.3636
  },
  "clean_eval": {
    "f-score": 57.14285714285714,
    "precision": 46.51162790697674,
    "recall": 74.07407407407408,
    "tp": 20,
    "fp": 23,
    "fn": 7
  },
  "jaccard": [
    0.6020408163265306
  ],
  "braycurtis": [
    0.43661971830985913
  ],
  "dice": [
    0.4306569343065693
  ],
  "cosinus": [
    0.3514934482493245
  ]
}