{
  "voc_eval_res": {
    "precision": 71.6216,
    "recall": 67.0886,
    "f-score": 69.281
  },
  "KL_res": {
    "KL divergence": 0.7778402688210693,
    "Euclidean Dist.": 0.08475758691650906,
    "WER": 0.5,
    "CER": 0.364,
    "Cosine Dist.": 0.08818586006882578
  },
  "occ_eval_res": {
    "precision": 74.8092,
    "recall": 74.2424,
    "f-score": 74.5247
  },
  "clean_eval": {
    "f-score": 13.678618857901725,
    "precision": 13.104325699745548,
    "recall": 14.305555555555555,
    "tp": 103,
    "fp": 683,
    "fn": 617
  },
  "jaccard": [
    0.33972602739726027
  ],
  "braycurtis": [
    0.18210862619808307
  ],
  "dice": [
    0.20462046204620463
  ],
  "cosinus": [
    0.047091559045743026
  ]
}