{
  "voc_eval_res": {
    "precision": 25.0,
    "recall": 50.0,
    "f-score": 33.3333
  },
  "KL_res": {
    "KL divergence": 3.5193654458296875,
    "Euclidean Dist.": 0.4330127018922193,
    "WER": 1.6666666666666667,
    "CER": 1.25,
    "Cosine Dist.": 0.4836022205056777
  },
  "occ_eval_res": {
    "precision": 25.0,
    "recall": 50.0,
    "f-score": 33.3333
  },
  "clean_eval": {
    "f-score": 57.57575757575758,
    "precision": 73.07692307692307,
    "recall": 47.5,
    "tp": 38,
    "fp": 14,
    "fn": 42
  },
  "jaccard": [
    0.6330935251798561
  ],
  "braycurtis": [
    0.4811320754716981
  ],
  "dice": [
    0.4631578947368421
  ],
  "cosinus": [
    0.42498003368230375
  ]
}