{
  "voc_eval_res": {
    "precision": 43.5897,
    "recall": 50.7463,
    "f-score": 46.8966
  },
  "KL_res": {
    "KL divergence": 2.073640918245285,
    "Euclidean Dist.": 0.11775773253659783,
    "WER": 0.6941176470588235,
    "CER": 0.43418467583497056,
    "Cosine Dist.": 0.22655207329961058
  },
  "occ_eval_res": {
    "precision": 49.4382,
    "recall": 51.7647,
    "f-score": 50.5747
  },
  "clean_eval": {
    "f-score": 36.282394995531725,
    "precision": 34.7008547008547,
    "recall": 38.01498127340824,
    "tp": 203,
    "fp": 382,
    "fn": 331
  },
  "jaccard": [
    0.47485207100591714
  ],
  "braycurtis": [
    0.27724665391969405
  ],
  "dice": [
    0.3113482056256062
  ],
  "cosinus": [
    0.10394084159324635
  ]
}