{
  "voc_eval_res": {
    "precision": 48.5714,
    "recall": 70.8333,
    "f-score": 57.6271
  },
  "KL_res": {
    "KL divergence": 1.3419955189045198,
    "Euclidean Dist.": 0.17923456568659404,
    "WER": 0.875,
    "CER": 0.615,
    "Cosine Dist.": 0.20318092711040392
  },
  "occ_eval_res": {
    "precision": 50.0,
    "recall": 71.875,
    "f-score": 58.9744
  },
  "clean_eval": {
    "f-score": 42.38095238095239,
    "precision": 39.38053097345133,
    "recall": 45.876288659793815,
    "tp": 89,
    "fp": 137,
    "fn": 105
  },
  "jaccard": [
    0.4835164835164835
  ],
  "braycurtis": [
    0.3138075313807531
  ],
  "dice": [
    0.3188405797101449
  ],
  "cosinus": [
    0.14187246459062952
  ]
}