{
  "voc_eval_res": {
    "precision": 77.9412,
    "recall": 73.6111,
    "f-score": 75.7143
  },
  "KL_res": {
    "KL divergence": 0.7422457169316479,
    "Euclidean Dist.": 0.09197530693701375,
    "WER": 0.8402777777777778,
    "CER": 0.634088200238379,
    "Cosine Dist.": 0.10253562085991963
  },
  "occ_eval_res": {
    "precision": 77.0992,
    "recall": 70.1389,
    "f-score": 73.4545
  },
  "clean_eval": {
    "f-score": 26.791694574681852,
    "precision": 24.009603841536613,
    "recall": 30.303030303030305,
    "tp": 200,
    "fp": 633,
    "fn": 460
  },
  "jaccard": [
    0.31347962382445144
  ],
  "braycurtis": [
    0.19761606022584693
  ],
  "dice": [
    0.18587360594795538
  ],
  "cosinus": [
    0.05174892329457381
  ]
}