{
  "voc_eval_res": {
    "precision": 55.5556,
    "recall": 70.0,
    "f-score": 61.9469
  },
  "KL_res": {
    "KL divergence": 0.9156288834880402,
    "Euclidean Dist.": 0.10115203138081,
    "WER": 0.6351351351351351,
    "CER": 0.418,
    "Cosine Dist.": 0.10213414879151461
  },
  "occ_eval_res": {
    "precision": 60.6383,
    "recall": 77.027,
    "f-score": 67.8571
  },
  "clean_eval": {
    "f-score": 43.274853801169584,
    "precision": 42.5287356321839,
    "recall": 44.047619047619044,
    "tp": 222,
    "fp": 300,
    "fn": 282
  },
  "jaccard": [
    0.40938511326860844
  ],
  "braycurtis": [
    0.2254283137962128
  ],
  "dice": [
    0.25737538148524924
  ],
  "cosinus": [
    0.0730922822592972
  ]
}