{
  "voc_eval_res": {
    "precision": 35.0,
    "recall": 46.6667,
    "f-score": 40.0
  },
  "KL_res": {
    "KL divergence": 2.2170818981244107,
    "Euclidean Dist.": 0.1348033515858647,
    "WER": 1.0379746835443038,
    "CER": 0.748995983935743,
    "Cosine Dist.": 0.27087960513502596
  },
  "occ_eval_res": {
    "precision": 39.0,
    "recall": 49.3671,
    "f-score": 43.5754
  },
  "clean_eval": {
    "f-score": 27.985074626865668,
    "precision": 31.446540880503143,
    "recall": 25.210084033613445,
    "tp": 150,
    "fp": 327,
    "fn": 445
  },
  "jaccard": [
    0.4589928057553957
  ],
  "braycurtis": [
    0.3229706390328152
  ],
  "dice": [
    0.29785247432306255
  ],
  "cosinus": [
    0.14042814857817987
  ]
}