{
  "voc_eval_res": {
    "precision": 35.3659,
    "recall": 47.541,
    "f-score": 40.5594
  },
  "KL_res": {
    "KL divergence": 1.8217561359714463,
    "Euclidean Dist.": 0.11729364447383844,
    "WER": 0.8089887640449438,
    "CER": 0.5725190839694656,
    "Cosine Dist.": 0.14872970134030905
  },
  "occ_eval_res": {
    "precision": 43.75,
    "recall": 55.0562,
    "f-score": 48.7562
  },
  "clean_eval": {
    "f-score": 32.11009174311926,
    "precision": 33.396946564885496,
    "recall": 30.918727915194346,
    "tp": 175,
    "fp": 349,
    "fn": 391
  },
  "jaccard": [
    0.5364864864864864
  ],
  "braycurtis": [
    0.3117408906882591
  ],
  "dice": [
    0.36657433056325023
  ],
  "cosinus": [
    0.10536462969865446
  ]
}