{
  "voc_eval_res": {
    "precision": 25.0,
    "recall": 28.5714,
    "f-score": 26.6667
  },
  "KL_res": {
    "KL divergence": 5.403836837755004,
    "Euclidean Dist.": 0.4789444175497203,
    "WER": 1.4285714285714286,
    "CER": 0.5660377358490566,
    "Cosine Dist.": 0.6666666666666667
  },
  "occ_eval_res": {
    "precision": 20.0,
    "recall": 28.5714,
    "f-score": 23.5294
  },
  "clean_eval": {
    "f-score": 62.857142857142854,
    "precision": 58.666666666666664,
    "recall": 67.6923076923077,
    "tp": 44,
    "fp": 31,
    "fn": 21
  },
  "jaccard": [
    0.5813953488372093
  ],
  "braycurtis": [
    0.45871559633027525
  ],
  "dice": [
    0.4098360655737705
  ],
  "cosinus": [
    0.42159678241657983
  ]
}