{
  "voc_eval_res": {
    "precision": 50.0,
    "recall": 63.1579,
    "f-score": 55.814
  },
  "KL_res": {
    "KL divergence": 2.0308040774448917,
    "Euclidean Dist.": 0.2076280768165724,
    "WER": 0.8947368421052632,
    "CER": 0.6016260162601627,
    "Cosine Dist.": 0.28157879189290036
  },
  "occ_eval_res": {
    "precision": 50.0,
    "recall": 63.1579,
    "f-score": 55.814
  },
  "clean_eval": {
    "f-score": 69.76744186046511,
    "precision": 67.79661016949152,
    "recall": 71.8562874251497,
    "tp": 120,
    "fp": 57,
    "fn": 47
  },
  "jaccard": [
    0.48148148148148145
  ],
  "braycurtis": [
    0.3381294964028777
  ],
  "dice": [
    0.3170731707317073
  ],
  "cosinus": [
    0.24859048814838214
  ]
}