{
  "voc_eval_res": {
    "precision": 20.0,
    "recall": 20.0,
    "f-score": 20.0
  },
  "KL_res": {
    "KL divergence": 6.601774859610347,
    "Euclidean Dist.": 0.5656854249492381,
    "WER": 1.0,
    "CER": 0.3888888888888889,
    "Cosine Dist.": 0.6666666666666667
  },
  "occ_eval_res": {
    "precision": 20.0,
    "recall": 20.0,
    "f-score": 20.0
  },
  "clean_eval": {
    "f-score": 64.34782608695652,
    "precision": 58.730158730158735,
    "recall": 71.15384615384616,
    "tp": 37,
    "fp": 26,
    "fn": 15
  },
  "jaccard": [
    0.504950495049505
  ],
  "braycurtis": [
    0.3333333333333333
  ],
  "dice": [
    0.33774834437086093
  ],
  "cosinus": [
    0.2959173827924203
  ]
}