{
  "voc_eval_res": {
    "precision": 52.7027,
    "recall": 53.4247,
    "f-score": 53.0612
  },
  "KL_res": {
    "KL divergence": 1.5818220093981463,
    "Euclidean Dist.": 0.1122935977747604,
    "WER": 0.6509433962264151,
    "CER": 0.4818897637795276,
    "Cosine Dist.": 0.18218511544258464
  },
  "occ_eval_res": {
    "precision": 59.1837,
    "recall": 54.717,
    "f-score": 56.8627
  },
  "clean_eval": {
    "f-score": 45.057880676758685,
    "precision": 44.0,
    "recall": 46.167883211678834,
    "tp": 253,
    "fp": 322,
    "fn": 295
  },
  "jaccard": [
    0.46788990825688076
  ],
  "braycurtis": [
    0.2754399387911247
  ],
  "dice": [
    0.30538922155688625
  ],
  "cosinus": [
    0.11351561354396678
  ]
}