{
  "voc_eval_res": {
    "precision": 69.2308,
    "recall": 42.8571,
    "f-score": 52.9412
  },
  "KL_res": {
    "KL divergence": 2.5639174643365386,
    "Euclidean Dist.": 0.24869660230891777,
    "WER": 0.68,
    "CER": 0.4161490683229814,
    "Cosine Dist.": 0.22150105583847723
  },
  "occ_eval_res": {
    "precision": 68.75,
    "recall": 44.0,
    "f-score": 53.6585
  },
  "clean_eval": {
    "f-score": 49.83606557377049,
    "precision": 40.21164021164021,
    "recall": 65.51724137931035,
    "tp": 76,
    "fp": 113,
    "fn": 40
  },
  "jaccard": [
    0.4444444444444444
  ],
  "braycurtis": [
    0.304029304029304
  ],
  "dice": [
    0.2857142857142857
  ],
  "cosinus": [
    0.1548624740588056
  ]
}