{
  "voc_eval_res": {
    "precision": 31.5789,
    "recall": 20.6897,
    "f-score": 25.0
  },
  "KL_res": {
    "KL divergence": 4.244350095052415,
    "Euclidean Dist.": 0.27164663854919696,
    "WER": 0.8181818181818182,
    "CER": 0.6513157894736842,
    "Cosine Dist.": 0.3196107910999004
  },
  "occ_eval_res": {
    "precision": 37.5,
    "recall": 27.2727,
    "f-score": 31.5789
  },
  "clean_eval": {
    "f-score": 42.821158690176325,
    "precision": 32.44274809160305,
    "recall": 62.96296296296296,
    "tp": 85,
    "fp": 177,
    "fn": 50
  },
  "jaccard": [
    0.7980769230769231
  ],
  "braycurtis": [
    0.6345381526104418
  ],
  "dice": [
    0.664
  ],
  "cosinus": [
    0.4188324845188307
  ]
}