{
  "voc_eval_res": {
    "precision": 42.8571,
    "recall": 75.0,
    "f-score": 54.5455
  },
  "KL_res": {
    "KL divergence": 1.2112742383078474,
    "Euclidean Dist.": 0.2447674633424776,
    "WER": 0.8666666666666667,
    "CER": 0.7608695652173914,
    "Cosine Dist.": 0.15899018196356318
  },
  "occ_eval_res": {
    "precision": 48.0,
    "recall": 80.0,
    "f-score": 60.0
  },
  "clean_eval": {
    "f-score": 61.30268199233716,
    "precision": 69.56521739130434,
    "recall": 54.794520547945204,
    "tp": 80,
    "fp": 35,
    "fn": 66
  },
  "jaccard": [
    0.47058823529411764
  ],
  "braycurtis": [
    0.3134920634920635
  ],
  "dice": [
    0.3076923076923077
  ],
  "cosinus": [
    0.19113758791546775
  ]
}