{
  "voc_eval_res": {
    "precision": 40.0,
    "recall": 40.0,
    "f-score": 40.0
  },
  "KL_res": {
    "KL divergence": 4.244048646739784,
    "Euclidean Dist.": 0.48989794855663565,
    "WER": 0.8,
    "CER": 0.42424242424242425,
    "Cosine Dist.": 0.4285714285714285
  },
  "occ_eval_res": {
    "precision": 40.0,
    "recall": 40.0,
    "f-score": 40.0
  },
  "clean_eval": {
    "f-score": 54.36893203883495,
    "precision": 45.16129032258064,
    "recall": 68.29268292682927,
    "tp": 28,
    "fp": 34,
    "fn": 13
  },
  "jaccard": [
    0.6170212765957447
  ],
  "braycurtis": [
    0.45588235294117646
  ],
  "dice": [
    0.4461538461538462
  ],
  "cosinus": [
    0.42987592633724225
  ]
}