{
  "voc_eval_res": {
    "precision": 62.5,
    "recall": 47.619,
    "f-score": 54.0541
  },
  "KL_res": {
    "KL divergence": 2.937584227281363,
    "Euclidean Dist.": 0.24870188289165265,
    "WER": 0.7142857142857143,
    "CER": 0.5523809523809524,
    "Cosine Dist.": 0.296010530603953
  },
  "occ_eval_res": {
    "precision": 52.6316,
    "recall": 47.619,
    "f-score": 50.0
  },
  "clean_eval": {
    "f-score": 50.184501845018445,
    "precision": 41.717791411042946,
    "recall": 62.96296296296296,
    "tp": 68,
    "fp": 95,
    "fn": 40
  },
  "jaccard": [
    0.5276595744680851
  ],
  "braycurtis": [
    0.3632075471698113
  ],
  "dice": [
    0.3583815028901734
  ],
  "cosinus": [
    0.24761051721527438
  ]
}