{
  "voc_eval_res": {
    "precision": 38.7097,
    "recall": 60.0,
    "f-score": 47.0588
  },
  "KL_res": {
    "KL divergence": 2.2132506011960413,
    "Euclidean Dist.": 0.2251355805291145,
    "WER": 1.0476190476190477,
    "CER": 0.6618705035971223,
    "Cosine Dist.": 0.3511143154769498
  },
  "occ_eval_res": {
    "precision": 37.5,
    "recall": 57.1429,
    "f-score": 45.283
  },
  "clean_eval": {
    "f-score": 63.41463414634146,
    "precision": 68.93939393939394,
    "recall": 58.70967741935483,
    "tp": 91,
    "fp": 41,
    "fn": 64
  },
  "jaccard": [
    0.5529411764705883
  ],
  "braycurtis": [
    0.396011396011396
  ],
  "dice": [
    0.3821138211382114
  ],
  "cosinus": [
    0.2003614842531154
  ]
}