{
  "voc_eval_res": {
    "precision": 64.3836,
    "recall": 71.2121,
    "f-score": 67.6259
  },
  "KL_res": {
    "KL divergence": 0.6925990078575947,
    "Euclidean Dist.": 0.09828476043180606,
    "WER": 0.7248322147651006,
    "CER": 0.5511432009626955,
    "Cosine Dist.": 0.10475052806605734
  },
  "occ_eval_res": {
    "precision": 72.2222,
    "recall": 61.0738,
    "f-score": 66.1818
  },
  "clean_eval": {
    "f-score": 25.270270270270274,
    "precision": 23.943661971830984,
    "recall": 26.75250357653791,
    "tp": 187,
    "fp": 594,
    "fn": 512
  },
  "jaccard": [
    0.3916913946587537
  ],
  "braycurtis": [
    0.23815384615384616
  ],
  "dice": [
    0.24354243542435425
  ],
  "cosinus": [
    0.06885810262697845
  ]
}