{
  "voc_eval_res": {
    "precision": 56.25,
    "recall": 56.25,
    "f-score": 56.25
  },
  "KL_res": {
    "KL divergence": 1.4856786697938653,
    "Euclidean Dist.": 0.13137220268261265,
    "WER": 0.6029411764705882,
    "CER": 0.4429530201342282,
    "Cosine Dist.": 0.15491829381487876
  },
  "occ_eval_res": {
    "precision": 61.5385,
    "recall": 58.8235,
    "f-score": 60.1504
  },
  "clean_eval": {
    "f-score": 30.23809523809524,
    "precision": 26.348547717842326,
    "recall": 35.47486033519553,
    "tp": 127,
    "fp": 355,
    "fn": 231
  },
  "jaccard": [
    0.3951612903225806
  ],
  "braycurtis": [
    0.25206124852767964
  ],
  "dice": [
    0.24623115577889448
  ],
  "cosinus": [
    0.09552812064382021
  ]
}