{
  "voc_eval_res": {
    "precision": 34.6154,
    "recall": 50.9434,
    "f-score": 41.2214
  },
  "KL_res": {
    "KL divergence": 1.9986022200117088,
    "Euclidean Dist.": 0.14374103099322819,
    "WER": 1.144927536231884,
    "CER": 0.860730593607306,
    "Cosine Dist.": 0.2666928083199195
  },
  "occ_eval_res": {
    "precision": 36.7347,
    "recall": 52.1739,
    "f-score": 43.1138
  },
  "clean_eval": {
    "f-score": 31.034482758620683,
    "precision": 35.22504892367906,
    "recall": 27.73497688751926,
    "tp": 180,
    "fp": 331,
    "fn": 469
  },
  "jaccard": [
    0.4978165938864629
  ],
  "braycurtis": [
    0.37370892018779345
  ],
  "dice": [
    0.3313953488372093
  ],
  "cosinus": [
    0.16703937837486849
  ]
}