{
  "voc_eval_res": {
    "precision": 48.0769,
    "recall": 52.0833,
    "f-score": 50.0
  },
  "KL_res": {
    "KL divergence": 1.986787922658442,
    "Euclidean Dist.": 0.15088094493492546,
    "WER": 0.7,
    "CER": 0.47619047619047616,
    "Cosine Dist.": 0.27897381027559276
  },
  "occ_eval_res": {
    "precision": 50.0,
    "recall": 51.6667,
    "f-score": 50.8197
  },
  "clean_eval": {
    "f-score": 22.68041237113402,
    "precision": 20.85308056872038,
    "recall": 24.858757062146893,
    "tp": 88,
    "fp": 334,
    "fn": 266
  },
  "jaccard": [
    0.4802158273381295
  ],
  "braycurtis": [
    0.3048780487804878
  ],
  "dice": [
    0.31597633136094677
  ],
  "cosinus": [
    0.1279897531960269
  ]
}