{
  "voc_eval_res": {
    "precision": 57.1429,
    "recall": 66.6667,
    "f-score": 61.5385
  },
  "KL_res": {
    "KL divergence": 2.0084985518675134,
    "Euclidean Dist.": 0.34830330567447126,
    "WER": 0.6666666666666666,
    "CER": 0.39215686274509803,
    "Cosine Dist.": 0.2372299286035262
  },
  "occ_eval_res": {
    "precision": 57.1429,
    "recall": 66.6667,
    "f-score": 61.5385
  },
  "clean_eval": {
    "f-score": 55.474452554744516,
    "precision": 51.35135135135135,
    "recall": 60.317460317460316,
    "tp": 38,
    "fp": 36,
    "fn": 25
  },
  "jaccard": [
    0.336283185840708
  ],
  "braycurtis": [
    0.21
  ],
  "dice": [
    0.20212765957446807
  ],
  "cosinus": [
    0.18469058439194996
  ]
}