{
  "voc_eval_res": {
    "precision": 42.6667,
    "recall": 47.7612,
    "f-score": 45.0704
  },
  "KL_res": {
    "KL divergence": 2.24903220143098,
    "Euclidean Dist.": 0.14024633745709397,
    "WER": 0.8024691358024691,
    "CER": 0.52,
    "Cosine Dist.": 0.35581590630175675
  },
  "occ_eval_res": {
    "precision": 43.0233,
    "recall": 45.679,
    "f-score": 44.3114
  },
  "clean_eval": {
    "f-score": 35.706462212486315,
    "precision": 32.53493013972056,
    "recall": 39.56310679611651,
    "tp": 163,
    "fp": 338,
    "fn": 249
  },
  "jaccard": [
    0.5078909612625538
  ],
  "braycurtis": [
    0.35108695652173916
  ],
  "dice": [
    0.3403846153846154
  ],
  "cosinus": [
    0.15507778265237682
  ]
}