{
  "voc_eval_res": {
    "precision": 69.5652,
    "recall": 64.8649,
    "f-score": 67.1329
  },
  "KL_res": {
    "KL divergence": 1.2747084338849337,
    "Euclidean Dist.": 0.12089864775882628,
    "WER": 0.4528301886792453,
    "CER": 0.2871287128712871,
    "Cosine Dist.": 0.1762318801977767
  },
  "occ_eval_res": {
    "precision": 69.4737,
    "recall": 62.2642,
    "f-score": 65.6716
  },
  "clean_eval": {
    "f-score": 29.308755760368665,
    "precision": 26.949152542372882,
    "recall": 32.121212121212125,
    "tp": 159,
    "fp": 431,
    "fn": 336
  },
  "jaccard": [
    0.34110787172011664
  ],
  "braycurtis": [
    0.22231543624161074
  ],
  "dice": [
    0.2056239015817223
  ],
  "cosinus": [
    0.08675323199969875
  ]
}