{
  "voc_eval_res": {
    "precision": 36.3636,
    "recall": 44.4444,
    "f-score": 40.0
  },
  "KL_res": {
    "KL divergence": 3.123126234416577,
    "Euclidean Dist.": 0.1855566417917165,
    "WER": 1.0,
    "CER": 0.6159420289855072,
    "Cosine Dist.": 0.4491017690481206
  },
  "occ_eval_res": {
    "precision": 33.3333,
    "recall": 42.1053,
    "f-score": 37.2093
  },
  "clean_eval": {
    "f-score": 42.61036468330134,
    "precision": 41.2639405204461,
    "recall": 44.047619047619044,
    "tp": 111,
    "fp": 158,
    "fn": 141
  },
  "jaccard": [
    0.49478079331941544
  ],
  "braycurtis": [
    0.3482758620689655
  ],
  "dice": [
    0.3287101248266297
  ],
  "cosinus": [
    0.21470834435439012
  ]
}