{
  "voc_eval_res": {
    "precision": 54.1667,
    "recall": 44.8276,
    "f-score": 49.0566
  },
  "KL_res": {
    "KL divergence": 2.8904009614906516,
    "Euclidean Dist.": 0.21669764371390882,
    "WER": 0.6842105263157895,
    "CER": 0.5481171548117155,
    "Cosine Dist.": 0.3329366259690576
  },
  "occ_eval_res": {
    "precision": 51.5152,
    "recall": 44.7368,
    "f-score": 47.8873
  },
  "clean_eval": {
    "f-score": 52.459016393442624,
    "precision": 42.585551330798474,
    "recall": 68.29268292682927,
    "tp": 112,
    "fp": 151,
    "fn": 52
  },
  "jaccard": [
    0.49025069637883006
  ],
  "braycurtis": [
    0.3705357142857143
  ],
  "dice": [
    0.3247232472324723
  ],
  "cosinus": [
    0.24477781396514287
  ]
}