{
  "voc_eval_res": {
    "precision": 50.0,
    "recall": 33.3333,
    "f-score": 40.0
  },
  "KL_res": {
    "KL divergence": 4.775423382000247,
    "Euclidean Dist.": 0.5137011669140814,
    "WER": 0.6666666666666666,
    "CER": 0.36,
    "Cosine Dist.": 0.4226497308103744
  },
  "occ_eval_res": {
    "precision": 50.0,
    "recall": 33.3333,
    "f-score": 40.0
  },
  "clean_eval": {
    "f-score": 50.87719298245615,
    "precision": 39.189189189189186,
    "recall": 72.5,
    "tp": 29,
    "fp": 45,
    "fn": 11
  },
  "jaccard": [
    0.43617021276595747
  ],
  "braycurtis": [
    0.30120481927710846
  ],
  "dice": [
    0.2789115646258503
  ],
  "cosinus": [
    0.24781963844621735
  ]
}