{
  "voc_eval_res": {
    "precision": 50.0,
    "recall": 68.4211,
    "f-score": 57.7778
  },
  "KL_res": {
    "KL divergence": 1.5718951428960002,
    "Euclidean Dist.": 0.15795420126200568,
    "WER": 0.92,
    "CER": 0.6138996138996139,
    "Cosine Dist.": 0.2659124543048712
  },
  "occ_eval_res": {
    "precision": 49.1803,
    "recall": 60.0,
    "f-score": 54.0541
  },
  "clean_eval": {
    "f-score": 37.84665579119087,
    "precision": 39.32203389830509,
    "recall": 36.477987421383645,
    "tp": 116,
    "fp": 179,
    "fn": 202
  },
  "jaccard": [
    0.4574712643678161
  ],
  "braycurtis": [
    0.31493506493506496
  ],
  "dice": [
    0.2965722801788376
  ],
  "cosinus": [
    0.16476890648799014
  ]
}