{
  "voc_eval_res": {
    "precision": 44.9275,
    "recall": 67.3913,
    "f-score": 53.913
  },
  "KL_res": {
    "KL divergence": 1.5660867619906718,
    "Euclidean Dist.": 0.1734048790477428,
    "WER": 0.868421052631579,
    "CER": 0.5358744394618834,
    "Cosine Dist.": 0.3109059407529633
  },
  "occ_eval_res": {
    "precision": 45.2632,
    "recall": 56.5789,
    "f-score": 50.2924
  },
  "clean_eval": {
    "f-score": 10.961968680089484,
    "precision": 10.629067245119305,
    "recall": 11.316397228637413,
    "tp": 49,
    "fp": 412,
    "fn": 384
  },
  "jaccard": [
    0.4957410562180579
  ],
  "braycurtis": [
    0.3319796954314721
  ],
  "dice": [
    0.32955832389580975
  ],
  "cosinus": [
    0.17857013553520407
  ]
}