{
  "voc_eval_res": {
    "precision": 39.6226,
    "recall": 52.5,
    "f-score": 45.1613
  },
  "KL_res": {
    "KL divergence": 2.40283347130655,
    "Euclidean Dist.": 0.16525903594336122,
    "WER": 0.8490566037735849,
    "CER": 0.5286624203821656,
    "Cosine Dist.": 0.33846153846153837
  },
  "occ_eval_res": {
    "precision": 42.1875,
    "recall": 50.9434,
    "f-score": 46.1538
  },
  "clean_eval": {
    "f-score": 16.77762982689747,
    "precision": 16.49214659685864,
    "recall": 17.073170731707318,
    "tp": 63,
    "fp": 319,
    "fn": 306
  },
  "jaccard": [
    0.484629294755877
  ],
  "braycurtis": [
    0.29831932773109243
  ],
  "dice": [
    0.3198090692124105
  ],
  "cosinus": [
    0.1247352429420252
  ]
}