{
  "voc_eval_res": {
    "precision": 65.0,
    "recall": 61.9048,
    "f-score": 63.4146
  },
  "KL_res": {
    "KL divergence": 1.5127195282384804,
    "Euclidean Dist.": 0.1703060475782477,
    "WER": 0.4230769230769231,
    "CER": 0.2909090909090909,
    "Cosine Dist.": 0.14187212942021565
  },
  "occ_eval_res": {
    "precision": 69.5652,
    "recall": 61.5385,
    "f-score": 65.3061
  },
  "clean_eval": {
    "f-score": 50.49180327868853,
    "precision": 45.294117647058826,
    "recall": 57.03703703703704,
    "tp": 77,
    "fp": 93,
    "fn": 58
  },
  "jaccard": [
    0.381294964028777
  ],
  "braycurtis": [
    0.24923076923076923
  ],
  "dice": [
    0.23555555555555555
  ],
  "cosinus": [
    0.1461719287094253
  ]
}