{
  "voc_eval_res": {
    "precision": 60.5263,
    "recall": 62.1622,
    "f-score": 61.3333
  },
  "KL_res": {
    "KL divergence": 1.6103365119286654,
    "Euclidean Dist.": 0.15030404906897799,
    "WER": 0.7555555555555555,
    "CER": 0.4904214559386973,
    "Cosine Dist.": 0.2097658755312901
  },
  "occ_eval_res": {
    "precision": 59.5745,
    "recall": 62.2222,
    "f-score": 60.8696
  },
  "clean_eval": {
    "f-score": 21.0896309314587,
    "precision": 20.408163265306122,
    "recall": 21.818181818181817,
    "tp": 60,
    "fp": 234,
    "fn": 215
  },
  "jaccard": [
    0.4270557029177719
  ],
  "braycurtis": [
    0.24060150375939848
  ],
  "dice": [
    0.2715008431703204
  ],
  "cosinus": [
    0.09811993299773203
  ]
}