{
  "voc_eval_res": {
    "precision": 37.0968,
    "recall": 56.0976,
    "f-score": 44.6602
  },
  "KL_res": {
    "KL divergence": 2.0225567410542586,
    "Euclidean Dist.": 0.15652758871539574,
    "WER": 0.9193548387096774,
    "CER": 0.6198347107438017,
    "Cosine Dist.": 0.26865219084879144
  },
  "occ_eval_res": {
    "precision": 39.2857,
    "recall": 53.2258,
    "f-score": 45.2055
  },
  "clean_eval": {
    "f-score": 6.097560975609756,
    "precision": 6.329113924050633,
    "recall": 5.88235294117647,
    "tp": 25,
    "fp": 370,
    "fn": 400
  },
  "jaccard": [
    0.4828897338403042
  ],
  "braycurtis": [
    0.3445086705202312
  ],
  "dice": [
    0.3182957393483709
  ],
  "cosinus": [
    0.16751024093575995
  ]
}