{
  "voc_eval_res": {
    "precision": 60.0,
    "recall": 66.6667,
    "f-score": 63.1579
  },
  "KL_res": {
    "KL divergence": 1.9063335656166556,
    "Euclidean Dist.": 0.2802115602870776,
    "WER": 0.4444444444444444,
    "CER": 0.14102564102564102,
    "Cosine Dist.": 0.2254033307585166
  },
  "occ_eval_res": {
    "precision": 60.0,
    "recall": 66.6667,
    "f-score": 63.1579
  },
  "clean_eval": {
    "f-score": 76.62337662337663,
    "precision": 76.62337662337663,
    "recall": 76.62337662337663,
    "tp": 59,
    "fp": 18,
    "fn": 18
  },
  "jaccard": [
    0.2331288343558282
  ],
  "braycurtis": [
    0.13333333333333333
  ],
  "dice": [
    0.13194444444444445
  ],
  "cosinus": [
    0.12180427530438476
  ]
}