{
  "voc_eval_res": {
    "precision": 50.7463,
    "recall": 48.5714,
    "f-score": 49.635
  },
  "KL_res": {
    "KL divergence": 1.951476261126615,
    "Euclidean Dist.": 0.1248494907188701,
    "WER": 0.6494845360824743,
    "CER": 0.43575418994413406,
    "Cosine Dist.": 0.2223386020133571
  },
  "occ_eval_res": {
    "precision": 55.6818,
    "recall": 50.5155,
    "f-score": 52.973
  },
  "clean_eval": {
    "f-score": 13.41911764705882,
    "precision": 12.521440823327614,
    "recall": 14.455445544554454,
    "tp": 73,
    "fp": 510,
    "fn": 432
  },
  "jaccard": [
    0.4803030303030303
  ],
  "braycurtis": [
    0.29069767441860467
  ],
  "dice": [
    0.3160518444666002
  ],
  "cosinus": [
    0.1190667505817462
  ]
}