{
  "voc_eval_res": {
    "precision": 46.9136,
    "recall": 52.7778,
    "f-score": 49.6732
  },
  "KL_res": {
    "KL divergence": 1.6296784067145813,
    "Euclidean Dist.": 0.10274917081342627,
    "WER": 0.6464646464646465,
    "CER": 0.4438687392055268,
    "Cosine Dist.": 0.1449252676990953
  },
  "occ_eval_res": {
    "precision": 55.0,
    "recall": 55.5556,
    "f-score": 55.2764
  },
  "clean_eval": {
    "f-score": 30.973451327433626,
    "precision": 28.782894736842106,
    "recall": 33.524904214559385,
    "tp": 175,
    "fp": 433,
    "fn": 347
  },
  "jaccard": [
    0.4653179190751445
  ],
  "braycurtis": [
    0.2528334786399303
  ],
  "dice": [
    0.3032015065913371
  ],
  "cosinus": [
    0.07677875900776943
  ]
}