{
  "voc_eval_res": {
    "precision": 50.0,
    "recall": 66.6667,
    "f-score": 57.1429
  },
  "KL_res": {
    "KL divergence": 2.2074931703989886,
    "Euclidean Dist.": 0.5137011669140813,
    "WER": 1.0,
    "CER": 1.1666666666666667,
    "Cosine Dist.": 0.26970325665977857
  },
  "occ_eval_res": {
    "precision": 50.0,
    "recall": 66.6667,
    "f-score": 57.1429
  },
  "clean_eval": {
    "f-score": 75.32467532467534,
    "precision": 76.31578947368422,
    "recall": 74.35897435897436,
    "tp": 29,
    "fp": 9,
    "fn": 10
  },
  "jaccard": [
    0.6764705882352942
  ],
  "braycurtis": [
    0.5319148936170213
  ],
  "dice": [
    0.5111111111111111
  ],
  "cosinus": [
    0.47608782211505696
  ]
}