{
  "voc_eval_res": {
    "precision": 34.9206,
    "recall": 53.6585,
    "f-score": 42.3077
  },
  "KL_res": {
    "KL divergence": 2.1303887792074727,
    "Euclidean Dist.": 0.1502091876969818,
    "WER": 1.0925925925925926,
    "CER": 0.7109144542772862,
    "Cosine Dist.": 0.254011326345299
  },
  "occ_eval_res": {
    "precision": 37.5,
    "recall": 55.5556,
    "f-score": 44.7761
  },
  "clean_eval": {
    "f-score": 29.360100376411545,
    "precision": 31.283422459893046,
    "recall": 27.659574468085108,
    "tp": 117,
    "fp": 257,
    "fn": 306
  },
  "jaccard": [
    0.4689165186500888
  ],
  "braycurtis": [
    0.35071090047393366
  ],
  "dice": [
    0.3062645011600928
  ],
  "cosinus": [
    0.14790084958448202
  ]
}