{
  "voc_eval_res": {
    "precision": 26.9231,
    "recall": 42.4242,
    "f-score": 32.9412
  },
  "KL_res": {
    "KL divergence": 3.67685015052044,
    "Euclidean Dist.": 0.20776700495310546,
    "WER": 1.236842105263158,
    "CER": 0.808,
    "Cosine Dist.": 0.557874324289833
  },
  "occ_eval_res": {
    "precision": 24.5614,
    "recall": 36.8421,
    "f-score": 29.4737
  },
  "clean_eval": {
    "f-score": 30.312500000000004,
    "precision": 31.189710610932476,
    "recall": 29.48328267477204,
    "tp": 97,
    "fp": 214,
    "fn": 232
  },
  "jaccard": [
    0.5409252669039146
  ],
  "braycurtis": [
    0.4119496855345912
  ],
  "dice": [
    0.37073170731707317
  ],
  "cosinus": [
    0.2505750119857041
  ]
}