{
  "voc_eval_res": {
    "precision": 61.1111,
    "recall": 59.4595,
    "f-score": 60.274
  },
  "KL_res": {
    "KL divergence": 1.666256754606426,
    "Euclidean Dist.": 0.14753911207473872,
    "WER": 0.8163265306122449,
    "CER": 0.6101694915254238,
    "Cosine Dist.": 0.1839057332533519
  },
  "occ_eval_res": {
    "precision": 63.6364,
    "recall": 57.1429,
    "f-score": 60.2151
  },
  "clean_eval": {
    "f-score": 26.254826254826252,
    "precision": 23.61111111111111,
    "recall": 29.565217391304348,
    "tp": 68,
    "fp": 220,
    "fn": 162
  },
  "jaccard": [
    0.3709677419354839
  ],
  "braycurtis": [
    0.2328767123287671
  ],
  "dice": [
    0.22772277227722773
  ],
  "cosinus": [
    0.07279441600799086
  ]
}