{
  "voc_eval_res": {
    "precision": 68.1818,
    "recall": 69.7674,
    "f-score": 68.9655
  },
  "KL_res": {
    "KL divergence": 1.150472424561592,
    "Euclidean Dist.": 0.11970744165505837,
    "WER": 1.0,
    "CER": 0.7839195979899497,
    "Cosine Dist.": 0.13278814339844436
  },
  "occ_eval_res": {
    "precision": 70.6897,
    "recall": 69.4915,
    "f-score": 70.0855
  },
  "clean_eval": {
    "f-score": 10.404624277456648,
    "precision": 9.703504043126685,
    "recall": 11.214953271028037,
    "tp": 36,
    "fp": 335,
    "fn": 285
  },
  "jaccard": [
    0.339662447257384
  ],
  "braycurtis": [
    0.1997533908754624
  ],
  "dice": [
    0.204574332909784
  ],
  "cosinus": [
    0.08038960291295671
  ]
}