{
  "voc_eval_res": {
    "precision": 34.1463,
    "recall": 58.3333,
    "f-score": 43.0769
  },
  "KL_res": {
    "KL divergence": 2.7894619214017404,
    "Euclidean Dist.": 0.23971990595724088,
    "WER": 1.3928571428571428,
    "CER": 0.6862745098039216,
    "Cosine Dist.": 0.4830157378868025
  },
  "occ_eval_res": {
    "precision": 29.4118,
    "recall": 53.5714,
    "f-score": 37.9747
  },
  "clean_eval": {
    "f-score": 27.397260273972602,
    "precision": 29.78723404255319,
    "recall": 25.36231884057971,
    "tp": 70,
    "fp": 165,
    "fn": 206
  },
  "jaccard": [
    0.5357142857142857
  ],
  "braycurtis": [
    0.3824091778202677
  ],
  "dice": [
    0.36585365853658536
  ],
  "cosinus": [
    0.26999467227470664
  ]
}