{
  "voc_eval_res": {
    "precision": 66.6667,
    "recall": 60.0,
    "f-score": 63.1579
  },
  "KL_res": {
    "KL divergence": 2.2641755934855263,
    "Euclidean Dist.": 0.2802115602870776,
    "WER": 0.6,
    "CER": 0.4,
    "Cosine Dist.": 0.2254033307585166
  },
  "occ_eval_res": {
    "precision": 66.6667,
    "recall": 60.0,
    "f-score": 63.1579
  },
  "clean_eval": {
    "f-score": 47.13375796178344,
    "precision": 47.43589743589743,
    "recall": 46.835443037974684,
    "tp": 37,
    "fp": 41,
    "fn": 42
  },
  "jaccard": [
    0.4125874125874126
  ],
  "braycurtis": [
    0.28688524590163933
  ],
  "dice": [
    0.2599118942731278
  ],
  "cosinus": [
    0.2605493112000121
  ]
}