{
  "voc_eval_res": {
    "precision": 30.0,
    "recall": 42.8571,
    "f-score": 35.2941
  },
  "KL_res": {
    "KL divergence": 3.945832908608517,
    "Euclidean Dist.": 0.4033026918140887,
    "WER": 1.1428571428571428,
    "CER": 0.7804878048780488,
    "Cosine Dist.": 0.4737651884157824
  },
  "occ_eval_res": {
    "precision": 30.0,
    "recall": 42.8571,
    "f-score": 35.2941
  },
  "clean_eval": {
    "f-score": 44.628099173553714,
    "precision": 36.486486486486484,
    "recall": 57.446808510638306,
    "tp": 27,
    "fp": 47,
    "fn": 20
  },
  "jaccard": [
    0.6388888888888888
  ],
  "braycurtis": [
    0.49056603773584906
  ],
  "dice": [
    0.46938775510204084
  ],
  "cosinus": [
    0.43737195786189687
  ]
}