{
  "voc_eval_res": {
    "precision": 66.6667,
    "recall": 30.7692,
    "f-score": 42.1053
  },
  "KL_res": {
    "KL divergence": 3.7544707465630713,
    "Euclidean Dist.": 0.29104160427591985,
    "WER": 0.75,
    "CER": 0.5939849624060151,
    "Cosine Dist.": 0.2824526901475901
  },
  "occ_eval_res": {
    "precision": 66.6667,
    "recall": 35.7143,
    "f-score": 46.5116
  },
  "clean_eval": {
    "f-score": 43.84615384615385,
    "precision": 32.02247191011236,
    "recall": 69.51219512195121,
    "tp": 57,
    "fp": 121,
    "fn": 25
  },
  "jaccard": [
    0.6475409836065574
  ],
  "braycurtis": [
    0.48095238095238096
  ],
  "dice": [
    0.47878787878787876
  ],
  "cosinus": [
    0.26317608032802076
  ]
}