{
  "voc_eval_res": {
    "precision": 37.5,
    "recall": 100.0,
    "f-score": 54.5455
  },
  "KL_res": {
    "KL divergence": 0.6058504525621855,
    "Euclidean Dist.": 0.5818433351570392,
    "WER": 1.6666666666666667,
    "CER": 1.6666666666666667,
    "Cosine Dist.": 0.2614510541240038
  },
  "occ_eval_res": {
    "precision": 37.5,
    "recall": 100.0,
    "f-score": 54.5455
  },
  "clean_eval": {
    "f-score": 66.66666666666667,
    "precision": 76.47058823529412,
    "recall": 59.09090909090909,
    "tp": 39,
    "fp": 12,
    "fn": 27
  },
  "jaccard": [
    0.6893203883495146
  ],
  "braycurtis": [
    0.5277777777777778
  ],
  "dice": [
    0.5259259259259259
  ],
  "cosinus": [
    0.4559207762971237
  ]
}