{
  "voc_eval_res": {
    "precision": 50.0,
    "recall": 56.25,
    "f-score": 52.9412
  },
  "KL_res": {
    "KL divergence": 1.768754493605708,
    "Euclidean Dist.": 0.1487459930695102,
    "WER": 0.7540983606557377,
    "CER": 0.4368421052631579,
    "Cosine Dist.": 0.2608413128883599
  },
  "occ_eval_res": {
    "precision": 51.4706,
    "recall": 57.377,
    "f-score": 54.2636
  },
  "clean_eval": {
    "f-score": 17.070063694267517,
    "precision": 15.056179775280897,
    "recall": 19.705882352941178,
    "tp": 67,
    "fp": 378,
    "fn": 273
  },
  "jaccard": [
    0.41495327102803736
  ],
  "braycurtis": [
    0.2572509457755359
  ],
  "dice": [
    0.2617924528301887
  ],
  "cosinus": [
    0.10128605959520032
  ]
}