{
  "voc_eval_res": {
    "precision": 73.6842,
    "recall": 58.3333,
    "f-score": 65.1163
  },
  "KL_res": {
    "KL divergence": 1.8949944139643453,
    "Euclidean Dist.": 0.18873096503390682,
    "WER": 0.5,
    "CER": 0.27461139896373055,
    "Cosine Dist.": 0.14017018444942808
  },
  "occ_eval_res": {
    "precision": 80.0,
    "recall": 58.8235,
    "f-score": 67.7966
  },
  "clean_eval": {
    "f-score": 37.16814159292036,
    "precision": 30.88235294117647,
    "recall": 46.666666666666664,
    "tp": 63,
    "fp": 141,
    "fn": 72
  },
  "jaccard": [
    0.38721804511278196
  ],
  "braycurtis": [
    0.22375690607734808
  ],
  "dice": [
    0.2400932400932401
  ],
  "cosinus": [
    0.12319639941107385
  ]
}