{
  "voc_eval_res": {
    "precision": 55.5556,
    "recall": 66.6667,
    "f-score": 60.6061
  },
  "KL_res": {
    "KL divergence": 1.4095314671070172,
    "Euclidean Dist.": 0.15340946220785293,
    "WER": 0.7948717948717948,
    "CER": 0.5766666666666667,
    "Cosine Dist.": 0.1721656358224345
  },
  "occ_eval_res": {
    "precision": 61.9048,
    "recall": 66.6667,
    "f-score": 64.1975
  },
  "clean_eval": {
    "f-score": 25.199999999999996,
    "precision": 22.340425531914892,
    "recall": 28.899082568807337,
    "tp": 63,
    "fp": 219,
    "fn": 155
  },
  "jaccard": [
    0.38498789346246975
  ],
  "braycurtis": [
    0.22632423756019263
  ],
  "dice": [
    0.2383808095952024
  ],
  "cosinus": [
    0.08010477525199533
  ]
}