{
  "voc_eval_res": {
    "precision": 42.1053,
    "recall": 72.7273,
    "f-score": 53.3333
  },
  "KL_res": {
    "KL divergence": 1.2856652249046672,
    "Euclidean Dist.": 0.254374178630127,
    "WER": 0.8571428571428571,
    "CER": 0.8395061728395061,
    "Cosine Dist.": 0.15766136971467748
  },
  "occ_eval_res": {
    "precision": 47.8261,
    "recall": 78.5714,
    "f-score": 59.4595
  },
  "clean_eval": {
    "f-score": 61.06194690265486,
    "precision": 66.99029126213593,
    "recall": 56.09756097560976,
    "tp": 69,
    "fp": 34,
    "fn": 54
  },
  "jaccard": [
    0.4690265486725664
  ],
  "braycurtis": [
    0.33480176211453744
  ],
  "dice": [
    0.3063583815028902
  ],
  "cosinus": [
    0.17968200905839815
  ]
}