{
  "voc_eval_res": {
    "precision": 28.5714,
    "recall": 33.3333,
    "f-score": 30.7692
  },
  "KL_res": {
    "KL divergence": 4.900740400078536,
    "Euclidean Dist.": 0.46413306403852206,
    "WER": 0.8333333333333334,
    "CER": 0.4634146341463415,
    "Cosine Dist.": 0.5285954792089684
  },
  "occ_eval_res": {
    "precision": 28.5714,
    "recall": 33.3333,
    "f-score": 30.7692
  },
  "clean_eval": {
    "f-score": 58.26771653543307,
    "precision": 50.0,
    "recall": 69.81132075471697,
    "tp": 37,
    "fp": 37,
    "fn": 16
  },
  "jaccard": [
    0.6293103448275862
  ],
  "braycurtis": [
    0.47560975609756095
  ],
  "dice": [
    0.4591194968553459
  ],
  "cosinus": [
    0.45919821600238486
  ]
}