{
  "voc_eval_res": {
    "precision": 33.3333,
    "recall": 12.5,
    "f-score": 18.1818
  },
  "KL_res": {
    "KL divergence": 7.288814162912705,
    "Euclidean Dist.": 0.6468406123441677,
    "WER": 0.875,
    "CER": 0.5238095238095238,
    "Cosine Dist.": 0.6666666666666667
  },
  "occ_eval_res": {
    "precision": 33.3333,
    "recall": 12.5,
    "f-score": 18.1818
  },
  "clean_eval": {
    "f-score": 67.3913043478261,
    "precision": 57.407407407407405,
    "recall": 81.57894736842105,
    "tp": 31,
    "fp": 23,
    "fn": 7
  },
  "jaccard": [
    0.6083333333333333
  ],
  "braycurtis": [
    0.42391304347826086
  ],
  "dice": [
    0.437125748502994
  ],
  "cosinus": [
    0.3189033714298214
  ]
}