{
  "voc_eval_res": {
    "precision": 45.9016,
    "recall": 53.8462,
    "f-score": 49.5575
  },
  "KL_res": {
    "KL divergence": 1.8205003577337644,
    "Euclidean Dist.": 0.1446709746346387,
    "WER": 0.8142857142857143,
    "CER": 0.44419642857142855,
    "Cosine Dist.": 0.23507065109493241
  },
  "occ_eval_res": {
    "precision": 44.9438,
    "recall": 57.1429,
    "f-score": 50.3145
  },
  "clean_eval": {
    "f-score": 25.027685492801776,
    "precision": 22.46520874751491,
    "recall": 28.249999999999996,
    "tp": 113,
    "fp": 390,
    "fn": 287
  },
  "jaccard": [
    0.49093904448105435
  ],
  "braycurtis": [
    0.33195020746887965
  ],
  "dice": [
    0.32532751091703055
  ],
  "cosinus": [
    0.18386755841699753
  ]
}