{
  "voc_eval_res": {
    "precision": 57.1429,
    "recall": 57.1429,
    "f-score": 57.1429
  },
  "KL_res": {
    "KL divergence": 2.608953544934906,
    "Euclidean Dist.": 0.34992710611188255,
    "WER": 0.5714285714285714,
    "CER": 0.23684210526315788,
    "Cosine Dist.": 0.2727272727272727
  },
  "occ_eval_res": {
    "precision": 57.1429,
    "recall": 57.1429,
    "f-score": 57.1429
  },
  "clean_eval": {
    "f-score": 42.5531914893617,
    "precision": 31.746031746031743,
    "recall": 64.51612903225806,
    "tp": 20,
    "fp": 43,
    "fn": 11
  },
  "jaccard": [
    0.504950495049505
  ],
  "braycurtis": [
    0.34615384615384615
  ],
  "dice": [
    0.33774834437086093
  ],
  "cosinus": [
    0.32214516341094146
  ]
}