{
  "voc_eval_res": {
    "precision": 44.4444,
    "recall": 66.6667,
    "f-score": 53.3333
  },
  "KL_res": {
    "KL divergence": 2.1251407697426368,
    "Euclidean Dist.": 0.376796110173626,
    "WER": 1.0,
    "CER": 0.7142857142857143,
    "Cosine Dist.": 0.29835358455437677
  },
  "occ_eval_res": {
    "precision": 44.4444,
    "recall": 66.6667,
    "f-score": 53.3333
  },
  "clean_eval": {
    "f-score": 52.307692307692314,
    "precision": 45.94594594594595,
    "recall": 60.71428571428571,
    "tp": 34,
    "fp": 40,
    "fn": 22
  },
  "jaccard": [
    0.5338345864661654
  ],
  "braycurtis": [
    0.39622641509433965
  ],
  "dice": [
    0.3641025641025641
  ],
  "cosinus": [
    0.39329993953661946
  ]
}