{
  "voc_eval_res": {
    "precision": 42.8571,
    "recall": 61.2245,
    "f-score": 50.4202
  },
  "KL_res": {
    "KL divergence": 1.5182038769155723,
    "Euclidean Dist.": 0.15211952020351852,
    "WER": 0.8378378378378378,
    "CER": 0.5333333333333333,
    "Cosine Dist.": 0.2646703966757018
  },
  "occ_eval_res": {
    "precision": 44.3299,
    "recall": 58.1081,
    "f-score": 50.2924
  },
  "clean_eval": {
    "f-score": 29.19042189281642,
    "precision": 32.48730964467005,
    "recall": 26.501035196687372,
    "tp": 128,
    "fp": 266,
    "fn": 355
  },
  "jaccard": [
    0.4479166666666667
  ],
  "braycurtis": [
    0.283495145631068
  ],
  "dice": [
    0.28859060402684567
  ],
  "cosinus": [
    0.1122278805611302
  ]
}