{
  "voc_eval_res": {
    "precision": 30.5556,
    "recall": 39.2857,
    "f-score": 34.375
  },
  "KL_res": {
    "KL divergence": 3.6884622067945863,
    "Euclidean Dist.": 0.21024886117803346,
    "WER": 1.032258064516129,
    "CER": 0.5294117647058824,
    "Cosine Dist.": 0.466492754477816
  },
  "occ_eval_res": {
    "precision": 30.7692,
    "recall": 38.7097,
    "f-score": 34.2857
  },
  "clean_eval": {
    "f-score": 34.46808510638297,
    "precision": 35.68281938325991,
    "recall": 33.33333333333333,
    "tp": 81,
    "fp": 146,
    "fn": 162
  },
  "jaccard": [
    0.5036674816625917
  ],
  "braycurtis": [
    0.35
  ],
  "dice": [
    0.3366013071895425
  ],
  "cosinus": [
    0.2452903732487357
  ]
}