{
  "voc_eval_res": {
    "precision": 55.8824,
    "recall": 70.3704,
    "f-score": 62.2951
  },
  "KL_res": {
    "KL divergence": 1.284008049631693,
    "Euclidean Dist.": 0.1602078376563937,
    "WER": 0.71875,
    "CER": 0.3626373626373626,
    "Cosine Dist.": 0.1801084082500769
  },
  "occ_eval_res": {
    "precision": 57.8947,
    "recall": 68.75,
    "f-score": 62.8571
  },
  "clean_eval": {
    "f-score": 26.584867075664626,
    "precision": 24.528301886792452,
    "recall": 29.017857142857146,
    "tp": 65,
    "fp": 200,
    "fn": 159
  },
  "jaccard": [
    0.36436170212765956
  ],
  "braycurtis": [
    0.1931407942238267
  ],
  "dice": [
    0.22276422764227644
  ],
  "cosinus": [
    0.07243254883196615
  ]
}