{
  "voc_eval_res": {
    "precision": 37.037,
    "recall": 35.7143,
    "f-score": 36.3636
  },
  "KL_res": {
    "KL divergence": 4.330620578876683,
    "Euclidean Dist.": 0.24595688985402844,
    "WER": 0.9375,
    "CER": 0.6949152542372882,
    "Cosine Dist.": 0.591751709536137
  },
  "occ_eval_res": {
    "precision": 33.3333,
    "recall": 31.25,
    "f-score": 32.2581
  },
  "clean_eval": {
    "f-score": 38.74092009685231,
    "precision": 33.057851239669425,
    "recall": 46.783625730994146,
    "tp": 80,
    "fp": 162,
    "fn": 91
  },
  "jaccard": [
    0.5525
  ],
  "braycurtis": [
    0.43249427917620137
  ],
  "dice": [
    0.38169257340241797
  ],
  "cosinus": [
    0.3341688095409574
  ]
}