{
  "voc_eval_res": {
    "precision": 75.0,
    "recall": 66.6667,
    "f-score": 70.5882
  },
  "KL_res": {
    "KL divergence": 1.8175746287943908,
    "Euclidean Dist.": 0.26571008985706934,
    "WER": 0.4444444444444444,
    "CER": 0.3157894736842105,
    "Cosine Dist.": 0.171921328789175
  },
  "occ_eval_res": {
    "precision": 75.0,
    "recall": 66.6667,
    "f-score": 70.5882
  },
  "clean_eval": {
    "f-score": 60.256410256410255,
    "precision": 52.80898876404494,
    "recall": 70.1492537313433,
    "tp": 47,
    "fp": 42,
    "fn": 20
  },
  "jaccard": [
    0.3153846153846154
  ],
  "braycurtis": [
    0.211864406779661
  ],
  "dice": [
    0.1872146118721461
  ],
  "cosinus": [
    0.1967378407282654
  ]
}