{
  "voc_eval_res": {
    "precision": 80.0,
    "recall": 80.0,
    "f-score": 80.0
  },
  "KL_res": {
    "KL divergence": 1.100326373537758,
    "Euclidean Dist.": 0.28284271247461906,
    "WER": 0.4,
    "CER": 0.3888888888888889,
    "Cosine Dist.": 0.11111111111111116
  },
  "occ_eval_res": {
    "precision": 80.0,
    "recall": 80.0,
    "f-score": 80.0
  },
  "clean_eval": {
    "f-score": 63.76811594202898,
    "precision": 55.00000000000001,
    "recall": 75.86206896551724,
    "tp": 22,
    "fp": 18,
    "fn": 7
  },
  "jaccard": [
    0.3582089552238806
  ],
  "braycurtis": [
    0.2153846153846154
  ],
  "dice": [
    0.21818181818181817
  ],
  "cosinus": [
    0.16069773730246595
  ]
}