{
  "voc_eval_res": {
    "precision": 85.7143,
    "recall": 75.0,
    "f-score": 80.0
  },
  "KL_res": {
    "KL divergence": 1.114592977495512,
    "Euclidean Dist.": 0.2092572107405467,
    "WER": 0.2222222222222222,
    "CER": 0.1276595744680851,
    "Cosine Dist.": 0.07661948312336098
  },
  "occ_eval_res": {
    "precision": 87.5,
    "recall": 77.7778,
    "f-score": 82.3529
  },
  "clean_eval": {
    "f-score": 51.546391752577314,
    "precision": 46.2962962962963,
    "recall": 58.139534883720934,
    "tp": 25,
    "fp": 29,
    "fn": 18
  },
  "jaccard": [
    0.2839506172839506
  ],
  "braycurtis": [
    0.14772727272727273
  ],
  "dice": [
    0.16546762589928057
  ],
  "cosinus": [
    0.09923664122137332
  ]
}