{
  "voc_eval_res": {
    "precision": 66.6667,
    "recall": 66.6667,
    "f-score": 66.6667
  },
  "KL_res": {
    "KL divergence": 1.668788957881644,
    "Euclidean Dist.": 0.3579356280564978,
    "WER": 0.42857142857142855,
    "CER": 0.20930232558139536,
    "Cosine Dist.": 0.20943058495790523
  },
  "occ_eval_res": {
    "precision": 66.6667,
    "recall": 57.1429,
    "f-score": 61.5385
  },
  "clean_eval": {
    "f-score": 55.55555555555556,
    "precision": 47.61904761904761,
    "recall": 66.66666666666666,
    "tp": 20,
    "fp": 22,
    "fn": 10
  },
  "jaccard": [
    0.3157894736842105
  ],
  "braycurtis": [
    0.25
  ],
  "dice": [
    0.1875
  ],
  "cosinus": [
    0.16870167173925799
  ]
}