{
  "voc_eval_res": {
    "precision": 60.0,
    "recall": 100.0,
    "f-score": 75.0
  },
  "KL_res": {
    "KL divergence": 0.37749936416132823,
    "Euclidean Dist.": 0.3843530573929037,
    "WER": 0.75,
    "CER": 0.6458333333333334,
    "Cosine Dist.": 0.2166505481993598
  },
  "occ_eval_res": {
    "precision": 54.5455,
    "recall": 75.0,
    "f-score": 63.1579
  },
  "clean_eval": {
    "f-score": 46.00000000000001,
    "precision": 35.38461538461539,
    "recall": 65.71428571428571,
    "tp": 23,
    "fp": 42,
    "fn": 12
  },
  "jaccard": [
    0.42857142857142855
  ],
  "braycurtis": [
    0.3063063063063063
  ],
  "dice": [
    0.2727272727272727
  ],
  "cosinus": [
    0.19616534651077122
  ]
}