{
  "voc_eval_res": {
    "precision": 35.2941,
    "recall": 52.1739,
    "f-score": 42.1053
  },
  "KL_res": {
    "KL divergence": 2.265335016331528,
    "Euclidean Dist.": 0.22626956637309106,
    "WER": 0.95,
    "CER": 0.7636363636363637,
    "Cosine Dist.": 0.2721855549173129
  },
  "occ_eval_res": {
    "precision": 41.6667,
    "recall": 50.0,
    "f-score": 45.4545
  },
  "clean_eval": {
    "f-score": 22.869955156950674,
    "precision": 26.288659793814436,
    "recall": 20.238095238095237,
    "tp": 51,
    "fp": 143,
    "fn": 201
  },
  "jaccard": [
    0.6515151515151515
  ],
  "braycurtis": [
    0.4387990762124711
  ],
  "dice": [
    0.48314606741573035
  ],
  "cosinus": [
    0.26089561145435325
  ]
}