{
  "voc_eval_res": {
    "precision": 42.8571,
    "recall": 75.0,
    "f-score": 54.5455
  },
  "KL_res": {
    "KL divergence": 1.476161868916807,
    "Euclidean Dist.": 0.5166611805721464,
    "WER": 0.8,
    "CER": 0.6060606060606061,
    "Cosine Dist.": 0.29835358455437666
  },
  "occ_eval_res": {
    "precision": 42.8571,
    "recall": 60.0,
    "f-score": 50.0
  },
  "clean_eval": {
    "f-score": 54.71698113207548,
    "precision": 56.86274509803921,
    "recall": 52.72727272727272,
    "tp": 29,
    "fp": 22,
    "fn": 26
  },
  "jaccard": [
    0.5421686746987951
  ],
  "braycurtis": [
    0.4050632911392405
  ],
  "dice": [
    0.371900826446281
  ],
  "cosinus": [
    0.2716348058992474
  ]
}