{
  "voc_eval_res": {
    "precision": 40.0,
    "recall": 57.1429,
    "f-score": 47.0588
  },
  "KL_res": {
    "KL divergence": 1.786197462428156,
    "Euclidean Dist.": 0.2376524150100537,
    "WER": 0.7894736842105263,
    "CER": 0.5777777777777777,
    "Cosine Dist.": 0.18674993920955574
  },
  "occ_eval_res": {
    "precision": 48.0,
    "recall": 63.1579,
    "f-score": 54.5455
  },
  "clean_eval": {
    "f-score": 59.34718100890207,
    "precision": 67.56756756756756,
    "recall": 52.910052910052904,
    "tp": 100,
    "fp": 48,
    "fn": 89
  },
  "jaccard": [
    0.5864978902953587
  ],
  "braycurtis": [
    0.4018264840182648
  ],
  "dice": [
    0.41492537313432837
  ],
  "cosinus": [
    0.2674649407982703
  ]
}