{
  "voc_eval_res": {
    "precision": 88.8889,
    "recall": 88.8889,
    "f-score": 88.8889
  },
  "KL_res": {
    "KL divergence": 0.4258314397054966,
    "Euclidean Dist.": 0.16786757428909346,
    "WER": 0.16666666666666666,
    "CER": 0.09722222222222222,
    "Cosine Dist.": 0.05835276913848342
  },
  "occ_eval_res": {
    "precision": 90.9091,
    "recall": 83.3333,
    "f-score": 86.9565
  },
  "clean_eval": {
    "f-score": 62.60869565217392,
    "precision": 52.17391304347826,
    "recall": 78.26086956521739,
    "tp": 36,
    "fp": 33,
    "fn": 10
  },
  "jaccard": [
    0.010638297872340425
  ],
  "braycurtis": [
    0.044444444444444446
  ],
  "dice": [
    0.0053475935828877
  ],
  "cosinus": [
    0.016778641904562464
  ]
}