{
  "voc_eval_res": {
    "precision": 42.1053,
    "recall": 47.0588,
    "f-score": 44.4444
  },
  "KL_res": {
    "KL divergence": 3.1607248012971816,
    "Euclidean Dist.": 0.24945185236512307,
    "WER": 0.7058823529411765,
    "CER": 0.6470588235294118,
    "Cosine Dist.": 0.3841597128643991
  },
  "occ_eval_res": {
    "precision": 42.1053,
    "recall": 47.0588,
    "f-score": 44.4444
  },
  "clean_eval": {
    "f-score": 55.25525525525524,
    "precision": 57.49999999999999,
    "recall": 53.179190751445084,
    "tp": 92,
    "fp": 68,
    "fn": 81
  },
  "jaccard": [
    0.6630434782608695
  ],
  "braycurtis": [
    0.49122807017543857
  ],
  "dice": [
    0.4959349593495935
  ],
  "cosinus": [
    0.38982106469729483
  ]
}