{
  "voc_eval_res": {
    "precision": 77.7778,
    "recall": 77.7778,
    "f-score": 77.7778
  },
  "KL_res": {
    "KL divergence": 0.9855720984688766,
    "Euclidean Dist.": 0.2555375887004751,
    "WER": 0.36363636363636365,
    "CER": 0.22727272727272727,
    "Cosine Dist.": 0.14957993572923867
  },
  "occ_eval_res": {
    "precision": 77.7778,
    "recall": 63.6364,
    "f-score": 70.0
  },
  "clean_eval": {
    "f-score": 62.5,
    "precision": 51.470588235294116,
    "recall": 79.54545454545455,
    "tp": 35,
    "fp": 33,
    "fn": 9
  },
  "jaccard": [
    0.0989010989010989
  ],
  "braycurtis": [
    0.12931034482758622
  ],
  "dice": [
    0.05202312138728324
  ],
  "cosinus": [
    0.05065768928704861
  ]
}