{
  "voc_eval_res": {
    "precision": 26.9231,
    "recall": 28.0,
    "f-score": 27.451
  },
  "KL_res": {
    "KL divergence": 4.177592735504772,
    "Euclidean Dist.": 0.27311674969363814,
    "WER": 0.9310344827586207,
    "CER": 0.8014705882352942,
    "Cosine Dist.": 0.5630480327355735
  },
  "occ_eval_res": {
    "precision": 25.9259,
    "recall": 24.1379,
    "f-score": 25.0
  },
  "clean_eval": {
    "f-score": 47.826086956521735,
    "precision": 49.717514124293785,
    "recall": 46.07329842931937,
    "tp": 88,
    "fp": 89,
    "fn": 103
  },
  "jaccard": [
    0.7727272727272727
  ],
  "braycurtis": [
    0.622895622895623
  ],
  "dice": [
    0.6296296296296297
  ],
  "cosinus": [
    0.5371786934089536
  ]
}