{
  "voc_eval_res": {
    "precision": 45.1613,
    "recall": 58.3333,
    "f-score": 50.9091
  },
  "KL_res": {
    "KL divergence": 2.40136825316165,
    "Euclidean Dist.": 0.23887065396716317,
    "WER": 0.8421052631578947,
    "CER": 0.581081081081081,
    "Cosine Dist.": 0.3367668325552602
  },
  "occ_eval_res": {
    "precision": 51.4286,
    "recall": 47.3684,
    "f-score": 49.3151
  },
  "clean_eval": {
    "f-score": 29.126213592233007,
    "precision": 25.423728813559322,
    "recall": 34.090909090909086,
    "tp": 75,
    "fp": 220,
    "fn": 145
  },
  "jaccard": [
    0.5625
  ],
  "braycurtis": [
    0.4301675977653631
  ],
  "dice": [
    0.391304347826087
  ],
  "cosinus": [
    0.36702168388304
  ]
}