{
  "voc_eval_res": {
    "precision": 35.7143,
    "recall": 55.5556,
    "f-score": 43.4783
  },
  "KL_res": {
    "KL divergence": 2.8881835513609047,
    "Euclidean Dist.": 0.23443092424462444,
    "WER": 1.1515151515151516,
    "CER": 1.2794117647058822,
    "Cosine Dist.": 0.48644740898690464
  },
  "occ_eval_res": {
    "precision": 34.8837,
    "recall": 45.4545,
    "f-score": 39.4737
  },
  "clean_eval": {
    "f-score": 29.85074626865672,
    "precision": 42.5531914893617,
    "recall": 22.988505747126435,
    "tp": 80,
    "fp": 108,
    "fn": 268
  },
  "jaccard": [
    0.6345679012345679
  ],
  "braycurtis": [
    0.5256723716381418
  ],
  "dice": [
    0.46473779385171793
  ],
  "cosinus": [
    0.4103004227677275
  ]
}