{
  "voc_eval_res": {
    "precision": 80.0,
    "recall": 80.0,
    "f-score": 80.0
  },
  "KL_res": {
    "KL divergence": 0.9286878198713036,
    "Euclidean Dist.": 0.20747066572165382,
    "WER": 0.2727272727272727,
    "CER": 0.1568627450980392,
    "Cosine Dist.": 0.10557280900008414
  },
  "occ_eval_res": {
    "precision": 75.0,
    "recall": 81.8182,
    "f-score": 78.2609
  },
  "clean_eval": {
    "f-score": 51.61290322580645,
    "precision": 58.18181818181818,
    "recall": 46.3768115942029,
    "tp": 32,
    "fp": 23,
    "fn": 37
  },
  "jaccard": [
    0.32323232323232326
  ],
  "braycurtis": [
    0.19230769230769232
  ],
  "dice": [
    0.1927710843373494
  ],
  "cosinus": [
    0.14018372783234023
  ]
}