{
  "voc_eval_res": {
    "precision": 30.9524,
    "recall": 72.2222,
    "f-score": 43.3333
  },
  "KL_res": {
    "KL divergence": 1.4625531211052667,
    "Euclidean Dist.": 0.2317736142542175,
    "WER": 1.4090909090909092,
    "CER": 1.5918367346938775,
    "Cosine Dist.": 0.22933369499353573
  },
  "occ_eval_res": {
    "precision": 35.4167,
    "recall": 77.2727,
    "f-score": 48.5714
  },
  "clean_eval": {
    "f-score": 31.185031185031185,
    "precision": 49.01960784313725,
    "recall": 22.865853658536587,
    "tp": 75,
    "fp": 78,
    "fn": 253
  },
  "jaccard": [
    0.6493506493506493
  ],
  "braycurtis": [
    0.518005540166205
  ],
  "dice": [
    0.4807692307692308
  ],
  "cosinus": [
    0.3137818867848159
  ]
}