{
  "voc_eval_res": {
    "precision": 85.7143,
    "recall": 100.0,
    "f-score": 92.3077
  },
  "KL_res": {
    "KL divergence": 0.10869524040149103,
    "Euclidean Dist.": 0.21650635094610965,
    "WER": 0.125,
    "CER": 0.10204081632653061,
    "Cosine Dist.": 0.06341418841830604
  },
  "occ_eval_res": {
    "precision": 87.5,
    "recall": 87.5,
    "f-score": 87.5
  },
  "clean_eval": {
    "f-score": 40.0,
    "precision": 27.77777777777778,
    "recall": 71.42857142857143,
    "tp": 15,
    "fp": 39,
    "fn": 6
  },
  "jaccard": [
    0.14666666666666667
  ],
  "braycurtis": [
    0.10869565217391304
  ],
  "dice": [
    0.07913669064748201
  ],
  "cosinus": [
    0.06562905697337751
  ]
}