{
  "voc_eval_res": {
    "precision": 27.2727,
    "recall": 64.2857,
    "f-score": 38.2979
  },
  "KL_res": {
    "KL divergence": 2.520534230532154,
    "Euclidean Dist.": 0.30622349171958535,
    "WER": 1.875,
    "CER": 1.8108108108108107,
    "Cosine Dist.": 0.49368396015592253
  },
  "occ_eval_res": {
    "precision": 24.3243,
    "recall": 56.25,
    "f-score": 33.9623
  },
  "clean_eval": {
    "f-score": 17.94871794871795,
    "precision": 23.809523809523807,
    "recall": 14.40329218106996,
    "tp": 35,
    "fp": 112,
    "fn": 208
  },
  "jaccard": [
    0.672514619883041
  ],
  "braycurtis": [
    0.5853658536585366
  ],
  "dice": [
    0.5066079295154186
  ],
  "cosinus": [
    0.4334711771129347
  ]
}