{
  "voc_eval_res": {
    "precision": 21.7391,
    "recall": 29.4118,
    "f-score": 25.0
  },
  "KL_res": {
    "KL divergence": 4.7795203209574195,
    "Euclidean Dist.": 0.35099857549568486,
    "WER": 0.92,
    "CER": 0.8090909090909091,
    "Cosine Dist.": 0.6831527862474642
  },
  "occ_eval_res": {
    "precision": 20.0,
    "recall": 20.0,
    "f-score": 20.0
  },
  "clean_eval": {
    "f-score": 45.05494505494506,
    "precision": 47.398843930635834,
    "recall": 42.93193717277487,
    "tp": 82,
    "fp": 91,
    "fn": 109
  },
  "jaccard": [
    0.7209302325581395
  ],
  "braycurtis": [
    0.6374045801526718
  ],
  "dice": [
    0.5636363636363636
  ],
  "cosinus": [
    0.6040113128937952
  ]
}