{
  "voc_eval_res": {
    "precision": 35.0,
    "recall": 51.8519,
    "f-score": 41.791
  },
  "KL_res": {
    "KL divergence": 2.1223782869663665,
    "Euclidean Dist.": 0.16878357754359816,
    "WER": 0.975,
    "CER": 0.9805194805194806,
    "Cosine Dist.": 0.14897528743512323
  },
  "occ_eval_res": {
    "precision": 43.3962,
    "recall": 57.5,
    "f-score": 49.4624
  },
  "clean_eval": {
    "f-score": 28.52112676056338,
    "precision": 32.66129032258064,
    "recall": 25.3125,
    "tp": 81,
    "fp": 167,
    "fn": 239
  },
  "jaccard": [
    0.6731707317073171
  ],
  "braycurtis": [
    0.49764150943396224
  ],
  "dice": [
    0.5073529411764706
  ],
  "cosinus": [
    0.265609217576263
  ]
}