{
  "voc_eval_res": {
    "precision": 21.0526,
    "recall": 53.3333,
    "f-score": 30.1887
  },
  "KL_res": {
    "KL divergence": 3.1781076987196464,
    "Euclidean Dist.": 0.30047540186848526,
    "WER": 2.0588235294117645,
    "CER": 2.3230769230769233,
    "Cosine Dist.": 0.5587386959390861
  },
  "occ_eval_res": {
    "precision": 20.0,
    "recall": 47.0588,
    "f-score": 28.0702
  },
  "clean_eval": {
    "f-score": 25.287356321839077,
    "precision": 38.26086956521739,
    "recall": 18.88412017167382,
    "tp": 44,
    "fp": 71,
    "fn": 189
  },
  "jaccard": [
    0.8046875
  ],
  "braycurtis": [
    0.6989966555183946
  ],
  "dice": [
    0.673202614379085
  ],
  "cosinus": [
    0.5733304510445705
  ]
}