{
  "voc_eval_res": {
    "precision": 7.6923,
    "recall": 100.0,
    "f-score": 14.2857
  },
  "KL_res": {
    "KL divergence": 2.0141488227303683,
    "Euclidean Dist.": 1.3420210162897095,
    "WER": 13.0,
    "CER": 8.833333333333334,
    "Cosine Dist.": 0.6570028297149824
  },
  "occ_eval_res": {
    "precision": 7.1429,
    "recall": 100.0,
    "f-score": 13.3333
  },
  "clean_eval": {
    "f-score": 32.78688524590164,
    "precision": 71.42857142857143,
    "recall": 21.27659574468085,
    "tp": 10,
    "fp": 4,
    "fn": 37
  },
  "jaccard": [
    0.9142857142857143
  ],
  "braycurtis": [
    0.8676470588235294
  ],
  "dice": [
    0.8421052631578947
  ],
  "cosinus": [
    0.6472331585247213
  ]
}