{
  "voc_eval_res": {
    "precision": 23.0769,
    "recall": 56.25,
    "f-score": 32.7273
  },
  "KL_res": {
    "KL divergence": 2.9247764417729165,
    "Euclidean Dist.": 0.28147124766722204,
    "WER": 1.8888888888888888,
    "CER": 1.7311827956989247,
    "Cosine Dist.": 0.5002580645333198
  },
  "occ_eval_res": {
    "precision": 21.9512,
    "recall": 50.0,
    "f-score": 30.5085
  },
  "clean_eval": {
    "f-score": 27.272727272727277,
    "precision": 39.62264150943396,
    "recall": 20.792079207920793,
    "tp": 63,
    "fp": 96,
    "fn": 240
  },
  "jaccard": [
    0.6881443298969072
  ],
  "braycurtis": [
    0.6064139941690962
  ],
  "dice": [
    0.5245579567779961
  ],
  "cosinus": [
    0.40297222770864816
  ]
}