{
  "voc_eval_res": {
    "precision": 19.3548,
    "recall": 16.2162,
    "f-score": 17.6471
  },
  "KL_res": {
    "KL divergence": 4.819727931534223,
    "Euclidean Dist.": 0.2089389353864276,
    "WER": 0.9523809523809523,
    "CER": 0.6954545454545454,
    "Cosine Dist.": 0.5017958339550601
  },
  "occ_eval_res": {
    "precision": 24.2424,
    "recall": 19.0476,
    "f-score": 21.3333
  },
  "clean_eval": {
    "f-score": 38.013698630136986,
    "precision": 38.4083044982699,
    "recall": 37.6271186440678,
    "tp": 111,
    "fp": 178,
    "fn": 184
  },
  "jaccard": [
    0.7168539325842697
  ],
  "braycurtis": [
    0.5600961538461539
  ],
  "dice": [
    0.5586690017513135
  ],
  "cosinus": [
    0.40536460783458717
  ]
}