{
  "voc_eval_res": {
    "precision": 21.7391,
    "recall": 50.0,
    "f-score": 30.303
  },
  "KL_res": {
    "KL divergence": 3.1331826396918463,
    "Euclidean Dist.": 0.36531179683559956,
    "WER": 2.3636363636363638,
    "CER": 1.4482758620689655,
    "Cosine Dist.": 0.48919055576120307
  },
  "occ_eval_res": {
    "precision": 16.6667,
    "recall": 45.4545,
    "f-score": 24.3902
  },
  "clean_eval": {
    "f-score": 45.714285714285715,
    "precision": 72.72727272727273,
    "recall": 33.33333333333333,
    "tp": 64,
    "fp": 24,
    "fn": 128
  },
  "jaccard": [
    0.7541666666666667
  ],
  "braycurtis": [
    0.6767676767676768
  ],
  "dice": [
    0.6053511705685619
  ],
  "cosinus": [
    0.5614876934598433
  ]
}