{
  "voc_eval_res": {
    "precision": 57.1429,
    "recall": 66.6667,
    "f-score": 61.5385
  },
  "KL_res": {
    "KL divergence": 1.7383360967620236,
    "Euclidean Dist.": 0.3779644730092272,
    "WER": 0.5714285714285714,
    "CER": 0.3125,
    "Cosine Dist.": 0.24622163855559098
  },
  "occ_eval_res": {
    "precision": 57.1429,
    "recall": 57.1429,
    "f-score": 57.1429
  },
  "clean_eval": {
    "f-score": 56.60377358490566,
    "precision": 46.875,
    "recall": 71.42857142857143,
    "tp": 30,
    "fp": 34,
    "fn": 12
  },
  "jaccard": [
    0.32941176470588235
  ],
  "braycurtis": [
    0.25263157894736843
  ],
  "dice": [
    0.19718309859154928
  ],
  "cosinus": [
    0.15382876849267912
  ]
}