{
  "voc_eval_res": {
    "precision": 38.4615,
    "recall": 45.4545,
    "f-score": 41.6667
  },
  "KL_res": {
    "KL divergence": 3.4516050053803875,
    "Euclidean Dist.": 0.34079599255148274,
    "WER": 1.0930232558139534,
    "CER": 0.823170731707317,
    "Cosine Dist.": 0.48155301491671465
  },
  "occ_eval_res": {
    "precision": 30.0,
    "recall": 41.8605,
    "f-score": 34.9515
  },
  "clean_eval": {
    "f-score": 25.44731610337972,
    "precision": 30.046948356807512,
    "recall": 22.06896551724138,
    "tp": 64,
    "fp": 149,
    "fn": 226
  },
  "jaccard": [
    0.7116564417177914
  ],
  "braycurtis": [
    0.5638766519823789
  ],
  "dice": [
    0.5523809523809524
  ],
  "cosinus": [
    0.5342888329374453
  ]
}