{
  "voc_eval_res": {
    "precision": 34.4828,
    "recall": 32.2581,
    "f-score": 33.3333
  },
  "KL_res": {
    "KL divergence": 3.4065123939291393,
    "Euclidean Dist.": 0.200744731774053,
    "WER": 0.8648648648648649,
    "CER": 0.6875,
    "Cosine Dist.": 0.36579800779400773
  },
  "occ_eval_res": {
    "precision": 38.7097,
    "recall": 32.4324,
    "f-score": 35.2941
  },
  "clean_eval": {
    "f-score": 45.48736462093863,
    "precision": 42.71186440677966,
    "recall": 48.64864864864865,
    "tp": 126,
    "fp": 169,
    "fn": 133
  },
  "jaccard": [
    0.7248157248157249
  ],
  "braycurtis": [
    0.5694050991501416
  ],
  "dice": [
    0.5684007707129094
  ],
  "cosinus": [
    0.41034864622495615
  ]
}