{
  "voc_eval_res": {
    "precision": 38.2353,
    "recall": 68.4211,
    "f-score": 49.0566
  },
  "KL_res": {
    "KL divergence": 2.1986124687478616,
    "Euclidean Dist.": 0.2551083042818878,
    "WER": 1.2,
    "CER": 0.968,
    "Cosine Dist.": 0.38637801324134613
  },
  "occ_eval_res": {
    "precision": 38.8889,
    "recall": 56.0,
    "f-score": 45.9016
  },
  "clean_eval": {
    "f-score": 39.782016348773844,
    "precision": 47.712418300653596,
    "recall": 34.112149532710276,
    "tp": 73,
    "fp": 80,
    "fn": 141
  },
  "jaccard": [
    0.5787878787878787
  ],
  "braycurtis": [
    0.4678362573099415
  ],
  "dice": [
    0.4072494669509595
  ],
  "cosinus": [
    0.3328523333513146
  ]
}