{
  "voc_eval_res": {
    "precision": 29.2683,
    "recall": 50.0,
    "f-score": 36.9231
  },
  "KL_res": {
    "KL divergence": 2.0069957048187694,
    "Euclidean Dist.": 0.1784756316493764,
    "WER": 1.1875,
    "CER": 1.0576923076923077,
    "Cosine Dist.": 0.1455216015993539
  },
  "occ_eval_res": {
    "precision": 35.0877,
    "recall": 62.5,
    "f-score": 44.9438
  },
  "clean_eval": {
    "f-score": 22.99270072992701,
    "precision": 29.439252336448597,
    "recall": 18.862275449101794,
    "tp": 63,
    "fp": 151,
    "fn": 271
  },
  "jaccard": [
    0.6770601336302895
  ],
  "braycurtis": [
    0.5143487858719646
  ],
  "dice": [
    0.5117845117845118
  ],
  "cosinus": [
    0.22713161409413263
  ]
}