{
  "voc_eval_res": {
    "precision": 70.0,
    "recall": 77.7778,
    "f-score": 73.6842
  },
  "KL_res": {
    "KL divergence": 1.22440537299143,
    "Euclidean Dist.": 0.2537344785268782,
    "WER": 0.4444444444444444,
    "CER": 0.22,
    "Cosine Dist.": 0.16594234377170103
  },
  "occ_eval_res": {
    "precision": 63.6364,
    "recall": 77.7778,
    "f-score": 70.0
  },
  "clean_eval": {
    "f-score": 80.43478260869564,
    "precision": 86.04651162790698,
    "recall": 75.51020408163265,
    "tp": 74,
    "fp": 12,
    "fn": 24
  },
  "jaccard": [
    0.4339622641509434
  ],
  "braycurtis": [
    0.2828282828282828
  ],
  "dice": [
    0.27710843373493976
  ],
  "cosinus": [
    0.22929124697657122
  ]
}