{
  "voc_eval_res": {
    "precision": 29.6296,
    "recall": 66.6667,
    "f-score": 41.0256
  },
  "KL_res": {
    "KL divergence": 1.6754129938622453,
    "Euclidean Dist.": 0.31046560016995267,
    "WER": 1.4375,
    "CER": 1.15,
    "Cosine Dist.": 0.28625357285367015
  },
  "occ_eval_res": {
    "precision": 33.3333,
    "recall": 62.5,
    "f-score": 43.4783
  },
  "clean_eval": {
    "f-score": 19.939577039274926,
    "precision": 28.695652173913043,
    "recall": 15.277777777777779,
    "tp": 33,
    "fp": 82,
    "fn": 183
  },
  "jaccard": [
    0.7348993288590604
  ],
  "braycurtis": [
    0.553030303030303
  ],
  "dice": [
    0.5809018567639257
  ],
  "cosinus": [
    0.3762068626816648
  ]
}