{
  "voc_eval_res": {
    "precision": 46.6667,
    "recall": 87.5,
    "f-score": 60.8696
  },
  "KL_res": {
    "KL divergence": 0.858525951413209,
    "Euclidean Dist.": 0.3014240890862598,
    "WER": 0.8888888888888888,
    "CER": 0.5531914893617021,
    "Cosine Dist.": 0.17521390115767743
  },
  "occ_eval_res": {
    "precision": 50.0,
    "recall": 88.8889,
    "f-score": 64.0
  },
  "clean_eval": {
    "f-score": 58.571428571428584,
    "precision": 75.92592592592592,
    "recall": 47.674418604651166,
    "tp": 41,
    "fp": 13,
    "fn": 45
  },
  "jaccard": [
    0.4672131147540984
  ],
  "braycurtis": [
    0.31092436974789917
  ],
  "dice": [
    0.3048128342245989
  ],
  "cosinus": [
    0.23383210848143243
  ]
}