{
  "voc_eval_res": {
    "precision": 34.375,
    "recall": 37.931,
    "f-score": 36.0656
  },
  "KL_res": {
    "KL divergence": 4.038813499109264,
    "Euclidean Dist.": 0.24818697907926512,
    "WER": 0.8108108108108109,
    "CER": 0.7284768211920529,
    "Cosine Dist.": 0.5482460485473742
  },
  "occ_eval_res": {
    "precision": 36.3636,
    "recall": 32.4324,
    "f-score": 34.2857
  },
  "clean_eval": {
    "f-score": 21.86788154897494,
    "precision": 22.535211267605636,
    "recall": 21.238938053097346,
    "tp": 48,
    "fp": 165,
    "fn": 178
  },
  "jaccard": [
    0.6730245231607629
  ],
  "braycurtis": [
    0.5248618784530387
  ],
  "dice": [
    0.5071868583162218
  ],
  "cosinus": [
    0.46867115436497453
  ]
}