{
  "voc_eval_res": {
    "precision": 26.6667,
    "recall": 53.3333,
    "f-score": 35.5556
  },
  "KL_res": {
    "KL divergence": 3.02153728751902,
    "Euclidean Dist.": 0.2839206848465744,
    "WER": 1.5294117647058822,
    "CER": 1.6056338028169015,
    "Cosine Dist.": 0.4669982091109738
  },
  "occ_eval_res": {
    "precision": 25.8065,
    "recall": 47.0588,
    "f-score": 33.3333
  },
  "clean_eval": {
    "f-score": 28.654970760233923,
    "precision": 36.029411764705884,
    "recall": 23.78640776699029,
    "tp": 49,
    "fp": 87,
    "fn": 157
  },
  "jaccard": [
    0.7704402515723271
  ],
  "braycurtis": [
    0.6639344262295082
  ],
  "dice": [
    0.6265984654731458
  ],
  "cosinus": [
    0.5504482882356097
  ]
}