{
  "voc_eval_res": {
    "precision": 21.875,
    "recall": 31.8182,
    "f-score": 25.9259
  },
  "KL_res": {
    "KL divergence": 2.3642844082366543,
    "Euclidean Dist.": 0.2592916174062379,
    "WER": 0.9428571428571428,
    "CER": 0.9225806451612903,
    "Cosine Dist.": 0.14433608691219646
  },
  "occ_eval_res": {
    "precision": 37.5,
    "recall": 42.8571,
    "f-score": 40.0
  },
  "clean_eval": {
    "f-score": 46.484375,
    "precision": 48.178137651821864,
    "recall": 44.905660377358494,
    "tp": 119,
    "fp": 128,
    "fn": 146
  },
  "jaccard": [
    0.6720867208672087
  ],
  "braycurtis": [
    0.5093333333333333
  ],
  "dice": [
    0.5061224489795918
  ],
  "cosinus": [
    0.308829891281738
  ]
}