{
  "voc_eval_res": {
    "precision": 81.8182,
    "recall": 90.0,
    "f-score": 85.7143
  },
  "KL_res": {
    "KL divergence": 0.45499041309093485,
    "Euclidean Dist.": 0.20128613420650746,
    "WER": 0.23076923076923078,
    "CER": 0.10666666666666667,
    "Cosine Dist.": 0.09724376769317467
  },
  "occ_eval_res": {
    "precision": 83.3333,
    "recall": 76.9231,
    "f-score": 80.0
  },
  "clean_eval": {
    "f-score": 52.63157894736842,
    "precision": 42.3728813559322,
    "recall": 69.44444444444444,
    "tp": 25,
    "fp": 34,
    "fn": 11
  },
  "jaccard": [
    0.06796116504854369
  ],
  "braycurtis": [
    0.07801418439716312
  ],
  "dice": [
    0.035175879396984924
  ],
  "cosinus": [
    0.03629428208834051
  ]
}