{
  "voc_eval_res": {
    "precision": 81.2903,
    "recall": 78.75,
    "f-score": 80.0
  },
  "KL_res": {
    "KL divergence": 0.8026352544511873,
    "Euclidean Dist.": 0.10107323039280336,
    "WER": 0.2692307692307692,
    "CER": 0.11007957559681697,
    "Cosine Dist.": 0.18194703873563556
  },
  "occ_eval_res": {
    "precision": 81.9048,
    "recall": 76.3314,
    "f-score": 79.0199
  },
  "clean_eval": {
    "f-score": 68.07760141093475,
    "precision": 67.01388888888889,
    "recall": 69.17562724014337,
    "tp": 193,
    "fp": 95,
    "fn": 86
  },
  "jaccard": [
    0.33226065969428803
  ],
  "braycurtis": [
    0.1882316697473814
  ],
  "dice": [
    0.19922817173178967
  ],
  "cosinus": [
    0.15036525939632606
  ]
}