{
  "voc_eval_res": {
    "precision": 75.5102,
    "recall": 77.4869,
    "f-score": 76.4858
  },
  "KL_res": {
    "KL divergence": 0.6214496338133497,
    "Euclidean Dist.": 0.08935480704250306,
    "WER": 0.2680115273775216,
    "CER": 0.08074162679425838,
    "Cosine Dist.": 0.17088284009956534
  },
  "occ_eval_res": {
    "precision": 79.4798,
    "recall": 79.2507,
    "f-score": 79.3651
  },
  "clean_eval": {
    "f-score": 68.88888888888889,
    "precision": 68.88888888888889,
    "recall": 68.88888888888889,
    "tp": 217,
    "fp": 98,
    "fn": 98
  },
  "jaccard": [
    0.32579890880748247
  ],
  "braycurtis": [
    0.15836849507735584
  ],
  "dice": [
    0.1945996275605214
  ],
  "cosinus": [
    0.07288344252737478
  ]
}