{
  "voc_eval_res": {
    "precision": 73.2394,
    "recall": 76.4706,
    "f-score": 74.8201
  },
  "KL_res": {
    "KL divergence": 0.6691043665938631,
    "Euclidean Dist.": 0.0578387902838707,
    "WER": 0.26239067055393583,
    "CER": 0.0775462962962963,
    "Cosine Dist.": 0.08485061104556102
  },
  "occ_eval_res": {
    "precision": 80.3571,
    "recall": 78.7172,
    "f-score": 79.5287
  },
  "clean_eval": {
    "f-score": 71.656050955414,
    "precision": 71.8849840255591,
    "recall": 71.42857142857143,
    "tp": 225,
    "fp": 88,
    "fn": 90
  },
  "jaccard": [
    0.3034321372854914
  ],
  "braycurtis": [
    0.1536766730928119
  ],
  "dice": [
    0.17885057471264368
  ],
  "cosinus": [
    0.055923860366810296
  ]
}