{
  "voc_eval_res": {
    "precision": 50.0,
    "recall": 54.5455,
    "f-score": 52.1739
  },
  "KL_res": {
    "KL divergence": 3.1187524564784708,
    "Euclidean Dist.": 0.32602533184831317,
    "WER": 0.5714285714285714,
    "CER": 0.3561643835616438,
    "Cosine Dist.": 0.387236646654628
  },
  "occ_eval_res": {
    "precision": 50.0,
    "recall": 42.8571,
    "f-score": 46.1538
  },
  "clean_eval": {
    "f-score": 44.44444444444445,
    "precision": 40.0,
    "recall": 50.0,
    "tp": 6,
    "fp": 9,
    "fn": 6
  },
  "jaccard": [
    0.42857142857142855
  ],
  "braycurtis": [
    0.3333333333333333
  ],
  "dice": [
    0.2727272727272727
  ],
  "cosinus": [
    0.22034060743013972
  ]
}