{
  "voc_eval_res": {
    "precision": 42.1053,
    "recall": 66.6667,
    "f-score": 51.6129
  },
  "KL_res": {
    "KL divergence": 1.8564914680663271,
    "Euclidean Dist.": 0.33135350728817736,
    "WER": 1.1428571428571428,
    "CER": 0.6164383561643836,
    "Cosine Dist.": 0.4136980300220715
  },
  "occ_eval_res": {
    "precision": 34.7826,
    "recall": 57.1429,
    "f-score": 43.2432
  },
  "clean_eval": {
    "f-score": 38.095238095238095,
    "precision": 53.333333333333336,
    "recall": 29.629629629629626,
    "tp": 8,
    "fp": 7,
    "fn": 19
  },
  "jaccard": [
    0.559322033898305
  ],
  "braycurtis": [
    0.43646408839779005
  ],
  "dice": [
    0.38823529411764707
  ],
  "cosinus": [
    0.3585416002701156
  ]
}