{
  "voc_eval_res": {
    "precision": 75.0,
    "recall": 76.0369,
    "f-score": 75.5149
  },
  "KL_res": {
    "KL divergence": 0.6259001419291788,
    "Euclidean Dist.": 0.056145133135493394,
    "WER": 0.24330900243309003,
    "CER": 0.08021653543307086,
    "Cosine Dist.": 0.07122374082163752
  },
  "occ_eval_res": {
    "precision": 80.0493,
    "recall": 79.0754,
    "f-score": 79.5594
  },
  "clean_eval": {
    "f-score": 72.2077922077922,
    "precision": 72.39583333333334,
    "recall": 72.02072538860104,
    "tp": 278,
    "fp": 106,
    "fn": 108
  },
  "jaccard": [
    0.2961595273264402
  ],
  "braycurtis": [
    0.14030971374941342
  ],
  "dice": [
    0.17381881231035978
  ],
  "cosinus": [
    0.037548395485471064
  ]
}