{
  "voc_eval_res": {
    "precision": 77.7778,
    "recall": 75.4902,
    "f-score": 76.6169
  },
  "KL_res": {
    "KL divergence": 0.7429735060398477,
    "Euclidean Dist.": 0.07088823882572924,
    "WER": 0.25735294117647056,
    "CER": 0.08073654390934844,
    "Cosine Dist.": 0.08631095285575796
  },
  "occ_eval_res": {
    "precision": 78.4173,
    "recall": 80.1471,
    "f-score": 79.2727
  },
  "clean_eval": {
    "f-score": 76.62835249042146,
    "precision": 76.33587786259542,
    "recall": 76.92307692307693,
    "tp": 100,
    "fp": 31,
    "fn": 30
  },
  "jaccard": [
    0.28174603174603174
  ],
  "braycurtis": [
    0.15760495526496904
  ],
  "dice": [
    0.16397228637413394
  ],
  "cosinus": [
    0.0533147957249388
  ]
}