{
  "voc_eval_res": {
    "precision": 72.2222,
    "recall": 76.4706,
    "f-score": 74.2857
  },
  "KL_res": {
    "KL divergence": 1.0594762359811214,
    "Euclidean Dist.": 0.17455919949238946,
    "WER": 0.3157894736842105,
    "CER": 0.07216494845360824,
    "Cosine Dist.": 0.1375113079658703
  },
  "occ_eval_res": {
    "precision": 73.6842,
    "recall": 73.6842,
    "f-score": 73.6842
  },
  "clean_eval": {
    "f-score": 72.22222222222221,
    "precision": 68.42105263157895,
    "recall": 76.47058823529412,
    "tp": 13,
    "fp": 6,
    "fn": 4
  },
  "jaccard": [
    0.3439153439153439
  ],
  "braycurtis": [
    0.20634920634920634
  ],
  "dice": [
    0.20766773162939298
  ],
  "cosinus": [
    0.16245487364620925
  ]
}