{
  "voc_eval_res": {
    "precision": 66.6667,
    "recall": 50.0,
    "f-score": 57.1429
  },
  "KL_res": {
    "KL divergence": 2.6149492375749097,
    "Euclidean Dist.": 0.2648367500086131,
    "WER": 0.47368421052631576,
    "CER": 0.17777777777777778,
    "Cosine Dist.": 0.2093340622281591
  },
  "occ_eval_res": {
    "precision": 66.6667,
    "recall": 52.6316,
    "f-score": 58.8235
  },
  "clean_eval": {
    "f-score": 52.94117647058824,
    "precision": 47.368421052631575,
    "recall": 60.0,
    "tp": 9,
    "fp": 10,
    "fn": 6
  },
  "jaccard": [
    0.47701149425287354
  ],
  "braycurtis": [
    0.3076923076923077
  ],
  "dice": [
    0.3132075471698113
  ],
  "cosinus": [
    0.2086423566033636
  ]
}