{
  "voc_eval_res": {
    "precision": 78.5714,
    "recall": 61.1111,
    "f-score": 68.75
  },
  "KL_res": {
    "KL divergence": 1.7246309671092406,
    "Euclidean Dist.": 0.18582585934148133,
    "WER": 0.4,
    "CER": 0.17391304347826086,
    "Cosine Dist.": 0.12705651786273542
  },
  "occ_eval_res": {
    "precision": 81.25,
    "recall": 65.0,
    "f-score": 72.2222
  },
  "clean_eval": {
    "f-score": 66.66666666666666,
    "precision": 57.14285714285714,
    "recall": 80.0,
    "tp": 12,
    "fp": 9,
    "fn": 3
  },
  "jaccard": [
    0.45652173913043476
  ],
  "braycurtis": [
    0.2655367231638418
  ],
  "dice": [
    0.29577464788732394
  ],
  "cosinus": [
    0.18526060092704988
  ]
}