{
  "voc_eval_res": {
    "precision": 76.3158,
    "recall": 75.3247,
    "f-score": 75.817
  },
  "KL_res": {
    "KL divergence": 0.9139934941201163,
    "Euclidean Dist.": 0.0826122237163737,
    "WER": 0.25773195876288657,
    "CER": 0.07478632478632478,
    "Cosine Dist.": 0.105079604004787
  },
  "occ_eval_res": {
    "precision": 77.6596,
    "recall": 75.2577,
    "f-score": 76.4398
  },
  "clean_eval": {
    "f-score": 73.98843930635837,
    "precision": 73.5632183908046,
    "recall": 74.4186046511628,
    "tp": 64,
    "fp": 23,
    "fn": 22
  },
  "jaccard": [
    0.2783333333333333
  ],
  "braycurtis": [
    0.15854922279792746
  ],
  "dice": [
    0.1616650532429816
  ],
  "cosinus": [
    0.06526822127720655
  ]
}