{
  "voc_eval_res": {
    "precision": 75.0,
    "recall": 81.8182,
    "f-score": 78.2609
  },
  "KL_res": {
    "KL divergence": 0.800638512999489,
    "Euclidean Dist.": 0.2323716820945611,
    "WER": 0.35714285714285715,
    "CER": 0.1506849315068493,
    "Cosine Dist.": 0.15040920951425352
  },
  "occ_eval_res": {
    "precision": 75.0,
    "recall": 64.2857,
    "f-score": 69.2308
  },
  "clean_eval": {
    "f-score": 59.25925925925925,
    "precision": 53.333333333333336,
    "recall": 66.66666666666666,
    "tp": 8,
    "fp": 7,
    "fn": 4
  },
  "jaccard": [
    0.25663716814159293
  ],
  "braycurtis": [
    0.19117647058823528
  ],
  "dice": [
    0.14720812182741116
  ],
  "cosinus": [
    0.13729552804685674
  ]
}