{
  "voc_eval_res": {
    "precision": 76.7196,
    "recall": 80.1105,
    "f-score": 78.3784
  },
  "KL_res": {
    "KL divergence": 0.5308776096128657,
    "Euclidean Dist.": 0.05480028585054024,
    "WER": 0.21764705882352942,
    "CER": 0.062192118226600986,
    "Cosine Dist.": 0.050590698740030526
  },
  "occ_eval_res": {
    "precision": 82.6866,
    "recall": 81.4706,
    "f-score": 82.0741
  },
  "clean_eval": {
    "f-score": 72.58320126782884,
    "precision": 72.46835443037975,
    "recall": 72.6984126984127,
    "tp": 229,
    "fp": 87,
    "fn": 86
  },
  "jaccard": [
    0.28641171684296174
  ],
  "braycurtis": [
    0.13892145369284878
  ],
  "dice": [
    0.1671415004748338
  ],
  "cosinus": [
    0.042867284710460085
  ]
}