{
  "voc_eval_res": {
    "precision": 69.4836,
    "recall": 71.8447,
    "f-score": 70.6444
  },
  "KL_res": {
    "KL divergence": 0.7864214354338586,
    "Euclidean Dist.": 0.06841702370400446,
    "WER": 0.28940568475452194,
    "CER": 0.10240963855421686,
    "Cosine Dist.": 0.1080421795515909
  },
  "occ_eval_res": {
    "precision": 77.6316,
    "recall": 76.2274,
    "f-score": 76.9231
  },
  "clean_eval": {
    "f-score": 68.45827439886845,
    "precision": 68.55524079320114,
    "recall": 68.36158192090396,
    "tp": 242,
    "fp": 111,
    "fn": 112
  },
  "jaccard": [
    0.3448275862068966
  ],
  "braycurtis": [
    0.1731113956466069
  ],
  "dice": [
    0.20833333333333334
  ],
  "cosinus": [
    0.08562774947384078
  ]
}