{
  "voc_eval_res": {
    "precision": 74.8299,
    "recall": 75.8621,
    "f-score": 75.3425
  },
  "KL_res": {
    "KL divergence": 0.7605698914327517,
    "Euclidean Dist.": 0.06901192110593773,
    "WER": 0.25,
    "CER": 0.08925318761384335,
    "Cosine Dist.": 0.09988673436621331
  },
  "occ_eval_res": {
    "precision": 80.2691,
    "recall": 78.5088,
    "f-score": 79.3792
  },
  "clean_eval": {
    "f-score": 69.377990430622,
    "precision": 69.71153846153845,
    "recall": 69.04761904761905,
    "tp": 145,
    "fp": 63,
    "fn": 65
  },
  "jaccard": [
    0.3178368121442125
  ],
  "braycurtis": [
    0.16936170212765958
  ],
  "dice": [
    0.1889452904681331
  ],
  "cosinus": [
    0.07594476919142212
  ]
}