{
  "voc_eval_res": {
    "precision": 59.0909,
    "recall": 62.5668,
    "f-score": 60.7792
  },
  "KL_res": {
    "KL divergence": 1.0029486209439626,
    "Euclidean Dist.": 0.07197137326392111,
    "WER": 0.3562874251497006,
    "CER": 0.11564625850340136,
    "Cosine Dist.": 0.12086638082187273
  },
  "occ_eval_res": {
    "precision": 70.1863,
    "recall": 67.6647,
    "f-score": 68.9024
  },
  "clean_eval": {
    "f-score": 56.187290969899664,
    "precision": 55.81395348837209,
    "recall": 56.56565656565656,
    "tp": 168,
    "fp": 133,
    "fn": 129
  },
  "jaccard": [
    0.4070464767616192
  ],
  "braycurtis": [
    0.20484776825302986
  ],
  "dice": [
    0.2555294117647059
  ],
  "cosinus": [
    0.08124858209783592
  ]
}