{
  "voc_eval_res": {
    "precision": 90.9091,
    "recall": 76.9231,
    "f-score": 83.3333
  },
  "KL_res": {
    "KL divergence": 0.9454140603066645,
    "Euclidean Dist.": 0.17873008824606013,
    "WER": 0.26666666666666666,
    "CER": 0.16455696202531644,
    "Cosine Dist.": 0.0891599319147024
  },
  "occ_eval_res": {
    "precision": 91.6667,
    "recall": 73.3333,
    "f-score": 81.4815
  },
  "clean_eval": {
    "f-score": 68.96551724137932,
    "precision": 62.5,
    "recall": 76.92307692307693,
    "tp": 10,
    "fp": 6,
    "fn": 3
  },
  "jaccard": [
    0.3609022556390977
  ],
  "braycurtis": [
    0.2328767123287671
  ],
  "dice": [
    0.22018348623853212
  ],
  "cosinus": [
    0.16549891704282582
  ]
}