{
  "voc_eval_res": {
    "precision": 75.2381,
    "recall": 75.5981,
    "f-score": 75.4177
  },
  "KL_res": {
    "KL divergence": 0.6189138962192812,
    "Euclidean Dist.": 0.05448151894447722,
    "WER": 0.25205479452054796,
    "CER": 0.07329261521377013,
    "Cosine Dist.": 0.07001230391311974
  },
  "occ_eval_res": {
    "precision": 80.0554,
    "recall": 79.1781,
    "f-score": 79.6143
  },
  "clean_eval": {
    "f-score": 73.85524372230428,
    "precision": 73.52941176470588,
    "recall": 74.1839762611276,
    "tp": 250,
    "fp": 90,
    "fn": 87
  },
  "jaccard": [
    0.33730454206999255
  ],
  "braycurtis": [
    0.15376429901569566
  ],
  "dice": [
    0.20286609941782355
  ],
  "cosinus": [
    0.041904671360404766
  ]
}