{
  "voc_eval_res": {
    "precision": 77.193,
    "recall": 78.1065,
    "f-score": 77.6471
  },
  "KL_res": {
    "KL divergence": 0.6785416711907254,
    "Euclidean Dist.": 0.059577903221731614,
    "WER": 0.24907063197026022,
    "CER": 0.08742331288343558,
    "Cosine Dist.": 0.0828476117798641
  },
  "occ_eval_res": {
    "precision": 81.1321,
    "recall": 79.9257,
    "f-score": 80.5243
  },
  "clean_eval": {
    "f-score": 75.14910536779324,
    "precision": 76.20967741935483,
    "recall": 74.11764705882354,
    "tp": 189,
    "fp": 59,
    "fn": 66
  },
  "jaccard": [
    0.32811140121845084
  ],
  "braycurtis": [
    0.16319194823867722
  ],
  "dice": [
    0.19625195210827695
  ],
  "cosinus": [
    0.05668872481190468
  ]
}