{
  "voc_eval_res": {
    "precision": 75.0,
    "recall": 69.2308,
    "f-score": 72.0
  },
  "KL_res": {
    "KL divergence": 1.279444384385806,
    "Euclidean Dist.": 0.21629272844619218,
    "WER": 0.375,
    "CER": 0.18292682926829268,
    "Cosine Dist.": 0.14798713276974174
  },
  "occ_eval_res": {
    "precision": 76.9231,
    "recall": 62.5,
    "f-score": 68.9655
  },
  "clean_eval": {
    "f-score": 66.66666666666667,
    "precision": 58.82352941176471,
    "recall": 76.92307692307693,
    "tp": 10,
    "fp": 7,
    "fn": 3
  },
  "jaccard": [
    0.2619047619047619
  ],
  "braycurtis": [
    0.17218543046357615
  ],
  "dice": [
    0.1506849315068493
  ],
  "cosinus": [
    0.11158674656622336
  ]
}