{
  "voc_eval_res": {
    "precision": 73.2143,
    "recall": 75.2294,
    "f-score": 74.2081
  },
  "KL_res": {
    "KL divergence": 0.8223305413131583,
    "Euclidean Dist.": 0.08072766807248745,
    "WER": 0.2883435582822086,
    "CER": 0.0779874213836478,
    "Cosine Dist.": 0.11538011459585173
  },
  "occ_eval_res": {
    "precision": 75.1479,
    "recall": 77.9141,
    "f-score": 76.506
  },
  "clean_eval": {
    "f-score": 74.49664429530202,
    "precision": 74.49664429530202,
    "recall": 74.49664429530202,
    "tp": 111,
    "fp": 38,
    "fn": 38
  },
  "jaccard": [
    0.3103030303030303
  ],
  "braycurtis": [
    0.1683704149128082
  ],
  "dice": [
    0.1836441893830703
  ],
  "cosinus": [
    0.06016623323435766
  ]
}