{
  "voc_eval_res": {
    "precision": 66.3317,
    "recall": 67.6923,
    "f-score": 67.0051
  },
  "KL_res": {
    "KL divergence": 0.8596000432787776,
    "Euclidean Dist.": 0.07922288329518284,
    "WER": 0.3368421052631579,
    "CER": 0.0971682398667407,
    "Cosine Dist.": 0.12712957842257844
  },
  "occ_eval_res": {
    "precision": 71.9895,
    "recall": 72.3684,
    "f-score": 72.1785
  },
  "clean_eval": {
    "f-score": 63.25036603221083,
    "precision": 63.1578947368421,
    "recall": 63.34310850439883,
    "tp": 216,
    "fp": 126,
    "fn": 125
  },
  "jaccard": [
    0.36085626911314983
  ],
  "braycurtis": [
    0.17648619957537154
  ],
  "dice": [
    0.22014925373134328
  ],
  "cosinus": [
    0.06215542717534772
  ]
}