{
  "voc_eval_res": {
    "precision": 70.0,
    "recall": 58.3333,
    "f-score": 63.6364
  },
  "KL_res": {
    "KL divergence": 1.9108306612618757,
    "Euclidean Dist.": 0.25006324044116507,
    "WER": 0.42857142857142855,
    "CER": 0.1780821917808219,
    "Cosine Dist.": 0.176093525099548
  },
  "occ_eval_res": {
    "precision": 72.7273,
    "recall": 57.1429,
    "f-score": 64.0
  },
  "clean_eval": {
    "f-score": 61.53846153846153,
    "precision": 53.333333333333336,
    "recall": 72.72727272727273,
    "tp": 8,
    "fp": 7,
    "fn": 3
  },
  "jaccard": [
    0.2982456140350877
  ],
  "braycurtis": [
    0.19548872180451127
  ],
  "dice": [
    0.17525773195876287
  ],
  "cosinus": [
    0.14118536910932045
  ]
}