{
  "voc_eval_res": {
    "precision": 77.5,
    "recall": 76.2295,
    "f-score": 76.8595
  },
  "KL_res": {
    "KL divergence": 0.8810580447004044,
    "Euclidean Dist.": 0.09460686368702807,
    "WER": 0.27312775330396477,
    "CER": 0.08537782139352307,
    "Cosine Dist.": 0.14610265678496503
  },
  "occ_eval_res": {
    "precision": 80.3738,
    "recall": 75.7709,
    "f-score": 78.0045
  },
  "clean_eval": {
    "f-score": 73.20954907161804,
    "precision": 72.63157894736842,
    "recall": 73.79679144385027,
    "tp": 138,
    "fp": 52,
    "fn": 49
  },
  "jaccard": [
    0.3032967032967033
  ],
  "braycurtis": [
    0.1792147806004619
  ],
  "dice": [
    0.17875647668393782
  ],
  "cosinus": [
    0.13826870213016684
  ]
}