{
  "voc_eval_res": {
    "precision": 65.2439,
    "recall": 67.2956,
    "f-score": 66.2539
  },
  "KL_res": {
    "KL divergence": 0.8417385993042136,
    "Euclidean Dist.": 0.07779452416864449,
    "WER": 0.4085603112840467,
    "CER": 0.16237942122186494,
    "Cosine Dist.": 0.1296329164636184
  },
  "occ_eval_res": {
    "precision": 70.9924,
    "recall": 72.3735,
    "f-score": 71.6763
  },
  "clean_eval": {
    "f-score": 62.8099173553719,
    "precision": 63.07053941908713,
    "recall": 62.55144032921811,
    "tp": 152,
    "fp": 89,
    "fn": 91
  },
  "jaccard": [
    0.4103214890016921
  ],
  "braycurtis": [
    0.2006777108433735
  ],
  "dice": [
    0.2581160191591272
  ],
  "cosinus": [
    0.06710603026498052
  ]
}