{
  "voc_eval_res": {
    "precision": 54.5455,
    "recall": 50.0,
    "f-score": 52.1739
  },
  "KL_res": {
    "KL divergence": 2.4797792852909453,
    "Euclidean Dist.": 0.2928564229553164,
    "WER": 0.5714285714285714,
    "CER": 0.2465753424657534,
    "Cosine Dist.": 0.2915080915679237
  },
  "occ_eval_res": {
    "precision": 54.5455,
    "recall": 42.8571,
    "f-score": 48.0
  },
  "clean_eval": {
    "f-score": 46.15384615384615,
    "precision": 40.0,
    "recall": 54.54545454545454,
    "tp": 6,
    "fp": 9,
    "fn": 5
  },
  "jaccard": [
    0.35714285714285715
  ],
  "braycurtis": [
    0.24031007751937986
  ],
  "dice": [
    0.21739130434782608
  ],
  "cosinus": [
    0.16855107816437986
  ]
}