{
  "voc_eval_res": {
    "precision": 82.0652,
    "recall": 79.8942,
    "f-score": 80.9651
  },
  "KL_res": {
    "KL divergence": 0.673223313106438,
    "Euclidean Dist.": 0.07266686571458177,
    "WER": 0.23076923076923078,
    "CER": 0.06789340101522842,
    "Cosine Dist.": 0.12601102989922952
  },
  "occ_eval_res": {
    "precision": 83.6667,
    "recall": 80.4487,
    "f-score": 82.0261
  },
  "clean_eval": {
    "f-score": 73.49177330895796,
    "precision": 73.35766423357664,
    "recall": 73.62637362637363,
    "tp": 201,
    "fp": 73,
    "fn": 72
  },
  "jaccard": [
    0.25496688741721857
  ],
  "braycurtis": [
    0.14324487334137515
  ],
  "dice": [
    0.1461100569259962
  ],
  "cosinus": [
    0.08714687557380851
  ]
}