{
  "voc_eval_res": {
    "precision": 75.0,
    "recall": 75.0,
    "f-score": 75.0
  },
  "KL_res": {
    "KL divergence": 1.0351243114664226,
    "Euclidean Dist.": 0.16928789270327635,
    "WER": 0.2631578947368421,
    "CER": 0.07216494845360824,
    "Cosine Dist.": 0.11412043217170187
  },
  "occ_eval_res": {
    "precision": 77.7778,
    "recall": 73.6842,
    "f-score": 75.6757
  },
  "clean_eval": {
    "f-score": 64.86486486486486,
    "precision": 63.1578947368421,
    "recall": 66.66666666666666,
    "tp": 12,
    "fp": 7,
    "fn": 6
  },
  "jaccard": [
    0.3826530612244898
  ],
  "braycurtis": [
    0.23195876288659795
  ],
  "dice": [
    0.23659305993690852
  ],
  "cosinus": [
    0.17289025794569057
  ]
}