{
  "voc_eval_res": {
    "precision": 54.5455,
    "recall": 54.5455,
    "f-score": 54.5455
  },
  "KL_res": {
    "KL divergence": 2.504256680421376,
    "Euclidean Dist.": 0.29136281548858134,
    "WER": 0.5,
    "CER": 0.1780821917808219,
    "Cosine Dist.": 0.2627902192255144
  },
  "occ_eval_res": {
    "precision": 58.3333,
    "recall": 50.0,
    "f-score": 53.8462
  },
  "clean_eval": {
    "f-score": 51.85185185185186,
    "precision": 46.666666666666664,
    "recall": 58.333333333333336,
    "tp": 7,
    "fp": 8,
    "fn": 5
  },
  "jaccard": [
    0.25663716814159293
  ],
  "braycurtis": [
    0.18382352941176472
  ],
  "dice": [
    0.14720812182741116
  ],
  "cosinus": [
    0.13069073773449147
  ]
}