{
  "voc_eval_res": {
    "precision": 58.3333,
    "recall": 43.75,
    "f-score": 50.0
  },
  "KL_res": {
    "KL divergence": 3.3497337520626655,
    "Euclidean Dist.": 0.28970086336890055,
    "WER": 0.75,
    "CER": 0.6288659793814433,
    "Cosine Dist.": 0.33275387501736087
  },
  "occ_eval_res": {
    "precision": 53.8462,
    "recall": 43.75,
    "f-score": 48.2759
  },
  "clean_eval": {
    "f-score": 59.285714285714285,
    "precision": 52.53164556962025,
    "recall": 68.0327868852459,
    "tp": 83,
    "fp": 75,
    "fn": 39
  },
  "jaccard": [
    0.5897435897435898
  ],
  "braycurtis": [
    0.45180722891566266
  ],
  "dice": [
    0.41818181818181815
  ],
  "cosinus": [
    0.3634512715174669
  ]
}