{
  "voc_eval_res": {
    "precision": 42.8571,
    "recall": 27.2727,
    "f-score": 33.3333
  },
  "KL_res": {
    "KL divergence": 5.136959676363461,
    "Euclidean Dist.": 0.42881732418439106,
    "WER": 0.7272727272727273,
    "CER": 0.4411764705882353,
    "Cosine Dist.": 0.4654775161751511
  },
  "occ_eval_res": {
    "precision": 37.5,
    "recall": 27.2727,
    "f-score": 31.5789
  },
  "clean_eval": {
    "f-score": 62.85714285714287,
    "precision": 55.55555555555556,
    "recall": 72.36842105263158,
    "tp": 55,
    "fp": 44,
    "fn": 21
  },
  "jaccard": [
    0.5833333333333334
  ],
  "braycurtis": [
    0.46511627906976744
  ],
  "dice": [
    0.4117647058823529
  ],
  "cosinus": [
    0.368123702967483
  ]
}