{
  "voc_eval_res": {
    "precision": 50.0,
    "recall": 66.6667,
    "f-score": 57.1429
  },
  "KL_res": {
    "KL divergence": 2.2074931703989886,
    "Euclidean Dist.": 0.5137011669140813,
    "WER": 0.6666666666666666,
    "CER": 0.43478260869565216,
    "Cosine Dist.": 0.26970325665977857
  },
  "occ_eval_res": {
    "precision": 50.0,
    "recall": 66.6667,
    "f-score": 57.1429
  },
  "clean_eval": {
    "f-score": 63.63636363636363,
    "precision": 55.26315789473685,
    "recall": 75.0,
    "tp": 21,
    "fp": 17,
    "fn": 7
  },
  "jaccard": [
    0.47619047619047616
  ],
  "braycurtis": [
    0.32653061224489793
  ],
  "dice": [
    0.3125
  ],
  "cosinus": [
    0.32497682487703095
  ]
}