{
  "voc_eval_res": {
    "precision": 22.2222,
    "recall": 50.0,
    "f-score": 30.7692
  },
  "KL_res": {
    "KL divergence": 3.71072167250016,
    "Euclidean Dist.": 0.5371966557170477,
    "WER": 1.75,
    "CER": 0.8888888888888888,
    "Cosine Dist.": 0.507634036082669
  },
  "occ_eval_res": {
    "precision": 22.2222,
    "recall": 50.0,
    "f-score": 30.7692
  },
  "clean_eval": {
    "f-score": 42.335766423357654,
    "precision": 57.99999999999999,
    "recall": 33.33333333333333,
    "tp": 29,
    "fp": 21,
    "fn": 58
  },
  "jaccard": [
    0.5126050420168067
  ],
  "braycurtis": [
    0.35353535353535354
  ],
  "dice": [
    0.3446327683615819
  ],
  "cosinus": [
    0.25657316357478965
  ]
}