{
  "voc_eval_res": {
    "precision": 35.0,
    "recall": 38.8889,
    "f-score": 36.8421
  },
  "KL_res": {
    "KL divergence": 3.097122586897933,
    "Euclidean Dist.": 0.27564934776559824,
    "WER": 0.7380952380952381,
    "CER": 0.5,
    "Cosine Dist.": 0.3245691030521892
  },
  "occ_eval_res": {
    "precision": 47.3684,
    "recall": 42.8571,
    "f-score": 45.0
  },
  "clean_eval": {
    "f-score": 24.378698224852073,
    "precision": 25.121951219512194,
    "recall": 23.678160919540232,
    "tp": 103,
    "fp": 307,
    "fn": 332
  },
  "jaccard": [
    0.5633333333333334
  ],
  "braycurtis": [
    0.35555555555555557
  ],
  "dice": [
    0.39211136890951276
  ],
  "cosinus": [
    0.23579267272986504
  ]
}