{
  "voc_eval_res": {
    "precision": 77.7778,
    "recall": 58.3333,
    "f-score": 66.6667
  },
  "KL_res": {
    "KL divergence": 2.038664967071266,
    "Euclidean Dist.": 0.24543163282375105,
    "WER": 0.5384615384615384,
    "CER": 0.5465116279069767,
    "Cosine Dist.": 0.14719713457755845
  },
  "occ_eval_res": {
    "precision": 80.0,
    "recall": 61.5385,
    "f-score": 69.5652
  },
  "clean_eval": {
    "f-score": 47.540983606557376,
    "precision": 39.726027397260275,
    "recall": 59.183673469387756,
    "tp": 58,
    "fp": 88,
    "fn": 40
  },
  "jaccard": [
    0.5034013605442177
  ],
  "braycurtis": [
    0.3722627737226277
  ],
  "dice": [
    0.33636363636363636
  ],
  "cosinus": [
    0.2757377227121638
  ]
}