{
  "voc_eval_res": {
    "precision": 42.8571,
    "recall": 33.3333,
    "f-score": 37.5
  },
  "KL_res": {
    "KL divergence": 5.939522715282314,
    "Euclidean Dist.": 0.5133188461913435,
    "WER": 0.8461538461538461,
    "CER": 0.4794520547945205,
    "Cosine Dist.": 0.653156012190352
  },
  "occ_eval_res": {
    "precision": 33.3333,
    "recall": 23.0769,
    "f-score": 27.2727
  },
  "clean_eval": {
    "f-score": 65.57377049180327,
    "precision": 59.70149253731343,
    "recall": 72.72727272727273,
    "tp": 80,
    "fp": 54,
    "fn": 30
  },
  "jaccard": [
    0.6214285714285714
  ],
  "braycurtis": [
    0.5035460992907801
  ],
  "dice": [
    0.45077720207253885
  ],
  "cosinus": [
    0.39353162944479325
  ]
}