{
  "voc_eval_res": {
    "precision": 46.6667,
    "recall": 70.0,
    "f-score": 56.0
  },
  "KL_res": {
    "KL divergence": 1.4232059578104976,
    "Euclidean Dist.": 0.29275648745458327,
    "WER": 0.7692307692307693,
    "CER": 0.55,
    "Cosine Dist.": 0.23334812200007238
  },
  "occ_eval_res": {
    "precision": 50.0,
    "recall": 61.5385,
    "f-score": 55.1724
  },
  "clean_eval": {
    "f-score": 50.58823529411766,
    "precision": 54.43037974683544,
    "recall": 47.25274725274725,
    "tp": 86,
    "fp": 72,
    "fn": 96
  },
  "jaccard": [
    0.4725274725274725
  ],
  "braycurtis": [
    0.33516483516483514
  ],
  "dice": [
    0.30935251798561153
  ],
  "cosinus": [
    0.24387815680610914
  ]
}