{
  "voc_eval_res": {
    "precision": 58.3333,
    "recall": 50.0,
    "f-score": 53.8462
  },
  "KL_res": {
    "KL divergence": 2.441631402827314,
    "Euclidean Dist.": 0.25553235126765983,
    "WER": 0.625,
    "CER": 0.42857142857142855,
    "Cosine Dist.": 0.2340583137949298
  },
  "occ_eval_res": {
    "precision": 61.5385,
    "recall": 50.0,
    "f-score": 55.1724
  },
  "clean_eval": {
    "f-score": 27.565982404692086,
    "precision": 24.22680412371134,
    "recall": 31.97278911564626,
    "tp": 47,
    "fp": 147,
    "fn": 100
  },
  "jaccard": [
    0.45226130653266333
  ],
  "braycurtis": [
    0.29015544041450775
  ],
  "dice": [
    0.2922077922077922
  ],
  "cosinus": [
    0.20176314468569156
  ]
}