{
  "voc_eval_res": {
    "precision": 45.4545,
    "recall": 50.0,
    "f-score": 47.619
  },
  "KL_res": {
    "KL divergence": 2.782891343916896,
    "Euclidean Dist.": 0.3277773886785445,
    "WER": 0.7272727272727273,
    "CER": 0.5116279069767442,
    "Cosine Dist.": 0.3453463292920228
  },
  "occ_eval_res": {
    "precision": 45.4545,
    "recall": 45.4545,
    "f-score": 45.4545
  },
  "clean_eval": {
    "f-score": 70.3125,
    "precision": 67.16417910447761,
    "recall": 73.77049180327869,
    "tp": 90,
    "fp": 44,
    "fn": 32
  },
  "jaccard": [
    0.5867346938775511
  ],
  "braycurtis": [
    0.4772727272727273
  ],
  "dice": [
    0.4151624548736462
  ],
  "cosinus": [
    0.37234778240424005
  ]
}