{
  "voc_eval_res": {
    "precision": 100.0,
    "recall": 40.0,
    "f-score": 57.1429
  },
  "KL_res": {
    "KL divergence": 4.077447048127914,
    "Euclidean Dist.": 0.6928203230275509,
    "WER": 0.6,
    "CER": 0.5882352941176471,
    "Cosine Dist.": 0.2440710539815456
  },
  "occ_eval_res": {
    "precision": 100.0,
    "recall": 40.0,
    "f-score": 57.1429
  },
  "clean_eval": {
    "f-score": 45.45454545454545,
    "precision": 32.25806451612903,
    "recall": 76.92307692307693,
    "tp": 20,
    "fp": 42,
    "fn": 6
  },
  "jaccard": [
    0.5760869565217391
  ],
  "braycurtis": [
    0.43478260869565216
  ],
  "dice": [
    0.40458015267175573
  ],
  "cosinus": [
    0.32805876988950344
  ]
}