{
  "voc_eval_res": {
    "precision": 8.3333,
    "recall": 100.0,
    "f-score": 15.3846
  },
  "KL_res": {
    "KL divergence": 1.871114002338146,
    "Euclidean Dist.": 1.3254978100489054,
    "WER": 11.0,
    "CER": 6.181818181818182,
    "Cosine Dist.": 0.607767729723632
  },
  "occ_eval_res": {
    "precision": 8.3333,
    "recall": 100.0,
    "f-score": 15.3846
  },
  "clean_eval": {
    "f-score": 16.216216216216214,
    "precision": 85.71428571428571,
    "recall": 8.955223880597014,
    "tp": 12,
    "fp": 2,
    "fn": 122
  },
  "jaccard": [
    0.8652482269503546
  ],
  "braycurtis": [
    0.7840909090909091
  ],
  "dice": [
    0.7625
  ],
  "cosinus": [
    0.6549951593368991
  ]
}