{
  "voc_eval_res": {
    "precision": 61.1111,
    "recall": 68.75,
    "f-score": 64.7059
  },
  "KL_res": {
    "KL divergence": 1.3159296501855688,
    "Euclidean Dist.": 0.2,
    "WER": 0.55,
    "CER": 0.5033112582781457,
    "Cosine Dist.": 0.1689893680026786
  },
  "occ_eval_res": {
    "precision": 65.0,
    "recall": 65.0,
    "f-score": 65.0
  },
  "clean_eval": {
    "f-score": 16.956521739130434,
    "precision": 16.956521739130434,
    "recall": 16.956521739130434,
    "tp": 39,
    "fp": 191,
    "fn": 191
  },
  "jaccard": [
    0.41700404858299595
  ],
  "braycurtis": [
    0.2857142857142857
  ],
  "dice": [
    0.26342710997442453
  ],
  "cosinus": [
    0.15844168147615545
  ]
}