{
  "voc_eval_res": {
    "precision": 41.6667,
    "recall": 50.0,
    "f-score": 45.4545
  },
  "KL_res": {
    "KL divergence": 4.20724281017794,
    "Euclidean Dist.": 0.3768445758127967,
    "WER": 0.7692307692307693,
    "CER": 0.5189873417721519,
    "Cosine Dist.": 0.5435645354123615
  },
  "occ_eval_res": {
    "precision": 38.4615,
    "recall": 38.4615,
    "f-score": 38.4615
  },
  "clean_eval": {
    "f-score": 70.25316455696202,
    "precision": 70.25316455696202,
    "recall": 70.25316455696202,
    "tp": 111,
    "fp": 47,
    "fn": 47
  },
  "jaccard": [
    0.5914634146341463
  ],
  "braycurtis": [
    0.4431137724550898
  ],
  "dice": [
    0.4199134199134199
  ],
  "cosinus": [
    0.39354312564649296
  ]
}