{
  "voc_eval_res": {
    "precision": 41.1765,
    "recall": 63.6364,
    "f-score": 50.0
  },
  "KL_res": {
    "KL divergence": 1.1702893605712394,
    "Euclidean Dist.": 0.22936661570114408,
    "WER": 0.7916666666666666,
    "CER": 0.6666666666666666,
    "Cosine Dist.": 0.12098507357138977
  },
  "occ_eval_res": {
    "precision": 54.8387,
    "recall": 70.8333,
    "f-score": 61.8182
  },
  "clean_eval": {
    "f-score": 14.0625,
    "precision": 15.517241379310345,
    "recall": 12.857142857142856,
    "tp": 45,
    "fp": 245,
    "fn": 305
  },
  "jaccard": [
    0.5377777777777778
  ],
  "braycurtis": [
    0.35368956743002544
  ],
  "dice": [
    0.3677811550151976
  ],
  "cosinus": [
    0.1534767418674421
  ]
}