{
  "voc_eval_res": {
    "precision": 18.1818,
    "recall": 16.6667,
    "f-score": 17.3913
  },
  "KL_res": {
    "KL divergence": 7.638253003781861,
    "Euclidean Dist.": 0.45431583368021317,
    "WER": 0.9523809523809523,
    "CER": 0.6699029126213593,
    "Cosine Dist.": 0.8242877762027732
  },
  "occ_eval_res": {
    "precision": 15.3846,
    "recall": 9.5238,
    "f-score": 11.7647
  },
  "clean_eval": {
    "f-score": 64.55696202531645,
    "precision": 60.0,
    "recall": 69.86301369863014,
    "tp": 102,
    "fp": 68,
    "fn": 44
  },
  "jaccard": [
    0.7641509433962265
  ],
  "braycurtis": [
    0.6538461538461539
  ],
  "dice": [
    0.6183206106870229
  ],
  "cosinus": [
    0.5602709102993129
  ]
}