{
  "voc_eval_res": {
    "precision": 50.0,
    "recall": 44.4444,
    "f-score": 47.0588
  },
  "KL_res": {
    "KL divergence": 3.0359178272046488,
    "Euclidean Dist.": 0.31797973380564853,
    "WER": 0.6,
    "CER": 0.39080459770114945,
    "Cosine Dist.": 0.24296670138977494
  },
  "occ_eval_res": {
    "precision": 55.5556,
    "recall": 50.0,
    "f-score": 52.6316
  },
  "clean_eval": {
    "f-score": 57.9185520361991,
    "precision": 52.459016393442624,
    "recall": 64.64646464646465,
    "tp": 64,
    "fp": 58,
    "fn": 35
  },
  "jaccard": [
    0.5730994152046783
  ],
  "braycurtis": [
    0.37735849056603776
  ],
  "dice": [
    0.4016393442622951
  ],
  "cosinus": [
    0.25477070578332406
  ]
}