{
  "voc_eval_res": {
    "precision": 23.5294,
    "recall": 44.4444,
    "f-score": 30.7692
  },
  "KL_res": {
    "KL divergence": 3.841269236552103,
    "Euclidean Dist.": 0.3685138655950444,
    "WER": 1.5555555555555556,
    "CER": 0.9516129032258065,
    "Cosine Dist.": 0.5470891863421616
  },
  "occ_eval_res": {
    "precision": 22.2222,
    "recall": 44.4444,
    "f-score": 29.6296
  },
  "clean_eval": {
    "f-score": 53.658536585365844,
    "precision": 67.3469387755102,
    "recall": 44.5945945945946,
    "tp": 66,
    "fp": 32,
    "fn": 82
  },
  "jaccard": [
    0.6523809523809524
  ],
  "braycurtis": [
    0.5357142857142857
  ],
  "dice": [
    0.4840989399293286
  ],
  "cosinus": [
    0.4486956076159214
  ]
}