{
  "voc_eval_res": {
    "precision": 29.4118,
    "recall": 55.5556,
    "f-score": 38.4615
  },
  "KL_res": {
    "KL divergence": 2.587508423787967,
    "Euclidean Dist.": 0.34271201254946754,
    "WER": 1.4,
    "CER": 1.123076923076923,
    "Cosine Dist.": 0.3574245368780009
  },
  "occ_eval_res": {
    "precision": 31.5789,
    "recall": 60.0,
    "f-score": 41.3793
  },
  "clean_eval": {
    "f-score": 31.176470588235293,
    "precision": 43.44262295081967,
    "recall": 24.31192660550459,
    "tp": 53,
    "fp": 69,
    "fn": 165
  },
  "jaccard": [
    0.7079646017699115
  ],
  "braycurtis": [
    0.6010928961748634
  ],
  "dice": [
    0.547945205479452
  ],
  "cosinus": [
    0.5462757403019286
  ]
}