{
  "voc_eval_res": {
    "precision": 25.8065,
    "recall": 44.4444,
    "f-score": 32.6531
  },
  "KL_res": {
    "KL divergence": 3.374227656649809,
    "Euclidean Dist.": 0.26896385824930874,
    "WER": 1.5,
    "CER": 0.9565217391304348,
    "Cosine Dist.": 0.4449364762174547
  },
  "occ_eval_res": {
    "precision": 27.2727,
    "recall": 46.1538,
    "f-score": 34.2857
  },
  "clean_eval": {
    "f-score": 10.857142857142856,
    "precision": 14.285714285714285,
    "recall": 8.755760368663594,
    "tp": 38,
    "fp": 228,
    "fn": 396
  },
  "jaccard": [
    0.6005154639175257
  ],
  "braycurtis": [
    0.44509803921568625
  ],
  "dice": [
    0.429097605893186
  ],
  "cosinus": [
    0.2573607706469698
  ]
}