{
  "voc_eval_res": {
    "precision": 16.6667,
    "recall": 7.6923,
    "f-score": 10.5263
  },
  "KL_res": {
    "KL divergence": 6.4223911338750925,
    "Euclidean Dist.": 0.4714045207910317,
    "WER": 0.9444444444444444,
    "CER": 0.7924528301886793,
    "Cosine Dist.": 0.6619382981085935
  },
  "occ_eval_res": {
    "precision": 16.6667,
    "recall": 5.5556,
    "f-score": 8.3333
  },
  "clean_eval": {
    "f-score": 48.91304347826087,
    "precision": 36.885245901639344,
    "recall": 72.58064516129032,
    "tp": 45,
    "fp": 77,
    "fn": 17
  },
  "jaccard": [
    0.8836206896551724
  ],
  "braycurtis": [
    0.8301886792452831
  ],
  "dice": [
    0.7915057915057915
  ],
  "cosinus": [
    0.7583379865373414
  ]
}