{
  "voc_eval_res": {
    "precision": 33.3333,
    "recall": 42.8571,
    "f-score": 37.5
  },
  "KL_res": {
    "KL divergence": 3.9459278060833904,
    "Euclidean Dist.": 0.42737929433290256,
    "WER": 1.0,
    "CER": 0.640625,
    "Cosine Dist.": 0.5101020514433644
  },
  "occ_eval_res": {
    "precision": 30.0,
    "recall": 42.8571,
    "f-score": 35.2941
  },
  "clean_eval": {
    "f-score": 61.53846153846153,
    "precision": 74.4186046511628,
    "recall": 52.459016393442624,
    "tp": 64,
    "fp": 22,
    "fn": 58
  },
  "jaccard": [
    0.5142857142857142
  ],
  "braycurtis": [
    0.40540540540540543
  ],
  "dice": [
    0.34615384615384615
  ],
  "cosinus": [
    0.4141072832495766
  ]
}