{
  "voc_eval_res": {
    "precision": 60.0,
    "recall": 50.0,
    "f-score": 54.5455
  },
  "KL_res": {
    "KL divergence": 2.6800165197883143,
    "Euclidean Dist.": 0.24944382578492943,
    "WER": 0.7142857142857143,
    "CER": 0.5575221238938053,
    "Cosine Dist.": 0.3070651328164169
  },
  "occ_eval_res": {
    "precision": 60.0,
    "recall": 42.8571,
    "f-score": 50.0
  },
  "clean_eval": {
    "f-score": 58.30903790087463,
    "precision": 54.347826086956516,
    "recall": 62.893081761006286,
    "tp": 100,
    "fp": 84,
    "fn": 59
  },
  "jaccard": [
    0.49137931034482757
  ],
  "braycurtis": [
    0.3878504672897196
  ],
  "dice": [
    0.32571428571428573
  ],
  "cosinus": [
    0.34010339383203747
  ]
}