{
  "voc_eval_res": {
    "precision": 75.0,
    "recall": 42.8571,
    "f-score": 54.5455
  },
  "KL_res": {
    "KL divergence": 3.693898031500498,
    "Euclidean Dist.": 0.46153028511857447,
    "WER": 0.5714285714285714,
    "CER": 0.39705882352941174,
    "Cosine Dist.": 0.2828628343993639
  },
  "occ_eval_res": {
    "precision": 75.0,
    "recall": 42.8571,
    "f-score": 54.5455
  },
  "clean_eval": {
    "f-score": 60.29411764705882,
    "precision": 47.674418604651166,
    "recall": 82.0,
    "tp": 41,
    "fp": 45,
    "fn": 9
  },
  "jaccard": [
    0.4918032786885246
  ],
  "braycurtis": [
    0.30357142857142855
  ],
  "dice": [
    0.32608695652173914
  ],
  "cosinus": [
    0.21483179169608968
  ]
}