{
  "voc_eval_res": {
    "precision": 54.8387,
    "recall": 70.8333,
    "f-score": 61.8182
  },
  "KL_res": {
    "KL divergence": 1.5039021451946015,
    "Euclidean Dist.": 0.1873697078169452,
    "WER": 0.92,
    "CER": 0.5956284153005464,
    "Cosine Dist.": 0.26247657965345494
  },
  "occ_eval_res": {
    "precision": 50.0,
    "recall": 72.0,
    "f-score": 59.0164
  },
  "clean_eval": {
    "f-score": 34.55056179775281,
    "precision": 40.728476821192054,
    "recall": 30.0,
    "tp": 123,
    "fp": 179,
    "fn": 287
  },
  "jaccard": [
    0.41225626740947074
  ],
  "braycurtis": [
    0.2929782082324455
  ],
  "dice": [
    0.2596491228070175
  ],
  "cosinus": [
    0.1466173202272676
  ]
}