{
  "voc_eval_res": {
    "precision": 30.0,
    "recall": 23.0769,
    "f-score": 26.087
  },
  "KL_res": {
    "KL divergence": 4.944718484231999,
    "Euclidean Dist.": 0.3577138293013976,
    "WER": 0.9285714285714286,
    "CER": 0.7070707070707071,
    "Cosine Dist.": 0.526950083208734
  },
  "occ_eval_res": {
    "precision": 30.0,
    "recall": 21.4286,
    "f-score": 25.0
  },
  "clean_eval": {
    "f-score": 61.42857142857143,
    "precision": 54.43037974683544,
    "recall": 70.49180327868852,
    "tp": 86,
    "fp": 72,
    "fn": 36
  },
  "jaccard": [
    0.7077625570776256
  ],
  "braycurtis": [
    0.5697674418604651
  ],
  "dice": [
    0.5477031802120141
  ],
  "cosinus": [
    0.4195760944772643
  ]
}