{
  "voc_eval_res": {
    "precision": 52.9412,
    "recall": 64.2857,
    "f-score": 58.0645
  },
  "KL_res": {
    "KL divergence": 1.8615930355823633,
    "Euclidean Dist.": 0.2396262607573877,
    "WER": 0.6666666666666666,
    "CER": 0.55,
    "Cosine Dist.": 0.24668221531078693
  },
  "occ_eval_res": {
    "precision": 52.6316,
    "recall": 66.6667,
    "f-score": 58.8235
  },
  "clean_eval": {
    "f-score": 25.773195876288664,
    "precision": 29.411764705882355,
    "recall": 22.93577981651376,
    "tp": 50,
    "fp": 120,
    "fn": 168
  },
  "jaccard": [
    0.46747967479674796
  ],
  "braycurtis": [
    0.31970260223048325
  ],
  "dice": [
    0.3050397877984085
  ],
  "cosinus": [
    0.17112526124983085
  ]
}