{
  "voc_eval_res": {
    "precision": 66.6667,
    "recall": 33.3333,
    "f-score": 44.4444
  },
  "KL_res": {
    "KL divergence": 4.737057497065784,
    "Euclidean Dist.": 0.5773502691896258,
    "WER": 0.6666666666666666,
    "CER": 0.5454545454545454,
    "Cosine Dist.": 0.36754446796632423
  },
  "occ_eval_res": {
    "precision": 66.6667,
    "recall": 33.3333,
    "f-score": 44.4444
  },
  "clean_eval": {
    "f-score": 53.57142857142857,
    "precision": 40.54054054054054,
    "recall": 78.94736842105263,
    "tp": 30,
    "fp": 44,
    "fn": 8
  },
  "jaccard": [
    0.5982905982905983
  ],
  "braycurtis": [
    0.4631578947368421
  ],
  "dice": [
    0.4268292682926829
  ],
  "cosinus": [
    0.31098783084989834
  ]
}