{
  "voc_eval_res": {
    "precision": 25.0,
    "recall": 45.4545,
    "f-score": 32.2581
  },
  "KL_res": {
    "KL divergence": 3.247886202735537,
    "Euclidean Dist.": 0.3190824195250407,
    "WER": 1.3333333333333333,
    "CER": 0.9605263157894737,
    "Cosine Dist.": 0.4149820606982956
  },
  "occ_eval_res": {
    "precision": 27.2727,
    "recall": 50.0,
    "f-score": 35.2941
  },
  "clean_eval": {
    "f-score": 44.505494505494504,
    "precision": 55.47945205479452,
    "recall": 37.15596330275229,
    "tp": 81,
    "fp": 65,
    "fn": 137
  },
  "jaccard": [
    0.704
  ],
  "braycurtis": [
    0.5308056872037915
  ],
  "dice": [
    0.5432098765432098
  ],
  "cosinus": [
    0.3308140807315956
  ]
}