{
  "voc_eval_res": {
    "precision": 52.9412,
    "recall": 52.9412,
    "f-score": 52.9412
  },
  "KL_res": {
    "KL divergence": 2.747315269791047,
    "Euclidean Dist.": 0.26362855895990933,
    "WER": 0.631578947368421,
    "CER": 0.36538461538461536,
    "Cosine Dist.": 0.3722351794256554
  },
  "occ_eval_res": {
    "precision": 50.0,
    "recall": 47.3684,
    "f-score": 48.6486
  },
  "clean_eval": {
    "f-score": 32.94117647058824,
    "precision": 31.963470319634702,
    "recall": 33.980582524271846,
    "tp": 70,
    "fp": 149,
    "fn": 136
  },
  "jaccard": [
    0.4339622641509434
  ],
  "braycurtis": [
    0.3460207612456747
  ],
  "dice": [
    0.27710843373493976
  ],
  "cosinus": [
    0.2338181460931067
  ]
}