{
  "voc_eval_res": {
    "precision": 63.6364,
    "recall": 43.75,
    "f-score": 51.8519
  },
  "KL_res": {
    "KL divergence": 2.688873435863529,
    "Euclidean Dist.": 0.3296046065756671,
    "WER": 0.7368421052631579,
    "CER": 0.5333333333333333,
    "Cosine Dist.": 0.2904337095397702
  },
  "occ_eval_res": {
    "precision": 50.0,
    "recall": 42.1053,
    "f-score": 45.7143
  },
  "clean_eval": {
    "f-score": 42.05128205128205,
    "precision": 37.44292237442922,
    "recall": 47.953216374269005,
    "tp": 82,
    "fp": 137,
    "fn": 89
  },
  "jaccard": [
    0.527363184079602
  ],
  "braycurtis": [
    0.4067796610169492
  ],
  "dice": [
    0.3581081081081081
  ],
  "cosinus": [
    0.22598026943514005
  ]
}