{
  "voc_eval_res": {
    "precision": 54.1667,
    "recall": 54.1667,
    "f-score": 54.1667
  },
  "KL_res": {
    "KL divergence": 2.2967422335576737,
    "Euclidean Dist.": 0.21185868353424572,
    "WER": 0.6285714285714286,
    "CER": 0.37656903765690375,
    "Cosine Dist.": 0.2506568211124194
  },
  "occ_eval_res": {
    "precision": 52.7778,
    "recall": 54.2857,
    "f-score": 53.5211
  },
  "clean_eval": {
    "f-score": 36.13861386138614,
    "precision": 39.037433155080215,
    "recall": 33.6405529953917,
    "tp": 146,
    "fp": 228,
    "fn": 288
  },
  "jaccard": [
    0.4148606811145511
  ],
  "braycurtis": [
    0.28460038986354774
  ],
  "dice": [
    0.26171875
  ],
  "cosinus": [
    0.1379401239169119
  ]
}