{
  "voc_eval_res": {
    "precision": 37.037,
    "recall": 43.4783,
    "f-score": 40.0
  },
  "KL_res": {
    "KL divergence": 3.749036781503791,
    "Euclidean Dist.": 0.2710860644167967,
    "WER": 1.0,
    "CER": 0.5740740740740741,
    "Cosine Dist.": 0.5511175273830053
  },
  "occ_eval_res": {
    "precision": 30.5556,
    "recall": 36.6667,
    "f-score": 33.3333
  },
  "clean_eval": {
    "f-score": 21.08433734939759,
    "precision": 21.472392638036812,
    "recall": 20.710059171597635,
    "tp": 70,
    "fp": 256,
    "fn": 268
  },
  "jaccard": [
    0.5508474576271186
  ],
  "braycurtis": [
    0.4307692307692308
  ],
  "dice": [
    0.38011695906432746
  ],
  "cosinus": [
    0.30889815553634625
  ]
}