{
  "voc_eval_res": {
    "precision": 43.75,
    "recall": 50.0,
    "f-score": 46.6667
  },
  "KL_res": {
    "KL divergence": 2.4906226754172502,
    "Euclidean Dist.": 0.23784088596588485,
    "WER": 0.625,
    "CER": 0.46078431372549017,
    "Cosine Dist.": 0.2102528102610154
  },
  "occ_eval_res": {
    "precision": 50.0,
    "recall": 56.25,
    "f-score": 52.9412
  },
  "clean_eval": {
    "f-score": 39.89361702127659,
    "precision": 44.11764705882353,
    "recall": 36.407766990291265,
    "tp": 75,
    "fp": 95,
    "fn": 131
  },
  "jaccard": [
    0.5429864253393665
  ],
  "braycurtis": [
    0.3203463203463203
  ],
  "dice": [
    0.37267080745341613
  ],
  "cosinus": [
    0.1740669118775744
  ]
}