{
  "voc_eval_res": {
    "precision": 28.5714,
    "recall": 18.1818,
    "f-score": 22.2222
  },
  "KL_res": {
    "KL divergence": 6.490113785999544,
    "Euclidean Dist.": 0.4467062628403266,
    "WER": 0.8333333333333334,
    "CER": 0.3918918918918919,
    "Cosine Dist.": 0.6666666666666667
  },
  "occ_eval_res": {
    "precision": 28.5714,
    "recall": 16.6667,
    "f-score": 21.0526
  },
  "clean_eval": {
    "f-score": 67.90123456790123,
    "precision": 63.2183908045977,
    "recall": 73.33333333333333,
    "tp": 55,
    "fp": 32,
    "fn": 20
  },
  "jaccard": [
    0.5930232558139535
  ],
  "braycurtis": [
    0.4552238805970149
  ],
  "dice": [
    0.4214876033057851
  ],
  "cosinus": [
    0.43572350731312137
  ]
}