{
  "voc_eval_res": {
    "precision": 38.4615,
    "recall": 35.7143,
    "f-score": 37.037
  },
  "KL_res": {
    "KL divergence": 3.7535816225626535,
    "Euclidean Dist.": 0.2849195295552684,
    "WER": 0.8,
    "CER": 0.5514018691588785,
    "Cosine Dist.": 0.34680273525781946
  },
  "occ_eval_res": {
    "precision": 42.8571,
    "recall": 40.0,
    "f-score": 41.3793
  },
  "clean_eval": {
    "f-score": 64.70588235294117,
    "precision": 64.70588235294117,
    "recall": 64.70588235294117,
    "tp": 110,
    "fp": 60,
    "fn": 60
  },
  "jaccard": [
    0.6167400881057269
  ],
  "braycurtis": [
    0.4472361809045226
  ],
  "dice": [
    0.445859872611465
  ],
  "cosinus": [
    0.2990936555891244
  ]
}