{
  "voc_eval_res": {
    "precision": 37.5,
    "recall": 33.3333,
    "f-score": 35.2941
  },
  "KL_res": {
    "KL divergence": 3.6349783045434796,
    "Euclidean Dist.": 0.25730329603326985,
    "WER": 0.75,
    "CER": 0.44696969696969696,
    "Cosine Dist.": 0.3085892823452874
  },
  "occ_eval_res": {
    "precision": 42.1053,
    "recall": 40.0,
    "f-score": 41.0256
  },
  "clean_eval": {
    "f-score": 39.62264150943396,
    "precision": 38.53211009174312,
    "recall": 40.77669902912621,
    "tp": 84,
    "fp": 134,
    "fn": 122
  },
  "jaccard": [
    0.5534351145038168
  ],
  "braycurtis": [
    0.34686346863468637
  ],
  "dice": [
    0.38258575197889183
  ],
  "cosinus": [
    0.22050258191811933
  ]
}