{
  "voc_eval_res": {
    "precision": 34.6154,
    "recall": 52.9412,
    "f-score": 41.8605
  },
  "KL_res": {
    "KL divergence": 2.1478017841702832,
    "Euclidean Dist.": 0.22950127994139674,
    "WER": 1.2857142857142858,
    "CER": 0.8714285714285714,
    "Cosine Dist.": 0.2248693102405912
  },
  "occ_eval_res": {
    "precision": 34.2105,
    "recall": 61.9048,
    "f-score": 44.0678
  },
  "clean_eval": {
    "f-score": 25.477707006369428,
    "precision": 34.78260869565217,
    "recall": 20.100502512562816,
    "tp": 80,
    "fp": 150,
    "fn": 318
  },
  "jaccard": [
    0.5212121212121212
  ],
  "braycurtis": [
    0.4351145038167939
  ],
  "dice": [
    0.3524590163934426
  ],
  "cosinus": [
    0.2220021933306865
  ]
}