{
  "voc_eval_res": {
    "precision": 50.0,
    "recall": 33.3333,
    "f-score": 40.0
  },
  "KL_res": {
    "KL divergence": 4.2837051859866,
    "Euclidean Dist.": 0.32144813816027573,
    "WER": 0.7619047619047619,
    "CER": 0.49557522123893805,
    "Cosine Dist.": 0.4908249227826844
  },
  "occ_eval_res": {
    "precision": 46.1538,
    "recall": 28.5714,
    "f-score": 35.2941
  },
  "clean_eval": {
    "f-score": 49.858356940509914,
    "precision": 45.12820512820513,
    "recall": 55.69620253164557,
    "tp": 88,
    "fp": 107,
    "fn": 70
  },
  "jaccard": [
    0.6297872340425532
  ],
  "braycurtis": [
    0.4858490566037736
  ],
  "dice": [
    0.45962732919254656
  ],
  "cosinus": [
    0.3901549697159281
  ]
}