{
  "voc_eval_res": {
    "precision": 66.6667,
    "recall": 50.0,
    "f-score": 57.1429
  },
  "KL_res": {
    "KL divergence": 3.2890308487358006,
    "Euclidean Dist.": 0.5137011669140814,
    "WER": 0.5,
    "CER": 0.5106382978723404,
    "Cosine Dist.": 0.26970325665977857
  },
  "occ_eval_res": {
    "precision": 66.6667,
    "recall": 50.0,
    "f-score": 57.1429
  },
  "clean_eval": {
    "f-score": 63.63636363636363,
    "precision": 56.00000000000001,
    "recall": 73.68421052631578,
    "tp": 28,
    "fp": 22,
    "fn": 10
  },
  "jaccard": [
    0.5444444444444444
  ],
  "braycurtis": [
    0.4057971014492754
  ],
  "dice": [
    0.37404580152671757
  ],
  "cosinus": [
    0.33723885414985466
  ]
}