{
  "voc_eval_res": {
    "precision": 29.6296,
    "recall": 57.1429,
    "f-score": 39.0244
  },
  "KL_res": {
    "KL divergence": 2.1602138642222726,
    "Euclidean Dist.": 0.26852388594880655,
    "WER": 1.4705882352941178,
    "CER": 0.9416058394160584,
    "Cosine Dist.": 0.27190626844635524
  },
  "occ_eval_res": {
    "precision": 31.4286,
    "recall": 64.7059,
    "f-score": 42.3077
  },
  "clean_eval": {
    "f-score": 21.223021582733807,
    "precision": 28.640776699029125,
    "recall": 16.857142857142858,
    "tp": 59,
    "fp": 147,
    "fn": 291
  },
  "jaccard": [
    0.6040462427745664
  ],
  "braycurtis": [
    0.45430809399477806
  ],
  "dice": [
    0.432712215320911
  ],
  "cosinus": [
    0.2793811609335354
  ]
}