{
  "voc_eval_res": {
    "precision": 30.0,
    "recall": 23.0769,
    "f-score": 26.087
  },
  "KL_res": {
    "KL divergence": 5.772074261626002,
    "Euclidean Dist.": 0.37579846965616875,
    "WER": 0.8571428571428571,
    "CER": 0.5106382978723404,
    "Cosine Dist.": 0.6182291422145334
  },
  "occ_eval_res": {
    "precision": 30.0,
    "recall": 21.4286,
    "f-score": 25.0
  },
  "clean_eval": {
    "f-score": 52.142857142857146,
    "precision": 42.94117647058823,
    "recall": 66.36363636363637,
    "tp": 73,
    "fp": 97,
    "fn": 37
  },
  "jaccard": [
    0.5841584158415841
  ],
  "braycurtis": [
    0.45348837209302323
  ],
  "dice": [
    0.4125874125874126
  ],
  "cosinus": [
    0.36495250321270234
  ]
}