{
  "voc_eval_res": {
    "precision": 27.2727,
    "recall": 37.5,
    "f-score": 31.5789
  },
  "KL_res": {
    "KL divergence": 5.068856338675994,
    "Euclidean Dist.": 0.4284784125250653,
    "WER": 0.875,
    "CER": 0.9137931034482759,
    "Cosine Dist.": 0.5422963458475015
  },
  "occ_eval_res": {
    "precision": 30.7692,
    "recall": 25.0,
    "f-score": 27.5862
  },
  "clean_eval": {
    "f-score": 60.96654275092938,
    "precision": 67.21311475409836,
    "recall": 55.78231292517006,
    "tp": 82,
    "fp": 40,
    "fn": 65
  },
  "jaccard": [
    0.774390243902439
  ],
  "braycurtis": [
    0.6690140845070423
  ],
  "dice": [
    0.6318407960199005
  ],
  "cosinus": [
    0.647658768451779
  ]
}