{
  "voc_eval_res": {
    "precision": 47.0588,
    "recall": 50.0,
    "f-score": 48.4848
  },
  "KL_res": {
    "KL divergence": 2.342819338908789,
    "Euclidean Dist.": 0.22941573387056177,
    "WER": 0.7894736842105263,
    "CER": 0.6475409836065574,
    "Cosine Dist.": 0.23898056585223848
  },
  "occ_eval_res": {
    "precision": 52.6316,
    "recall": 52.6316,
    "f-score": 52.6316
  },
  "clean_eval": {
    "f-score": 15.144766146993316,
    "precision": 14.782608695652174,
    "recall": 15.52511415525114,
    "tp": 34,
    "fp": 196,
    "fn": 185
  },
  "jaccard": [
    0.5675675675675675
  ],
  "braycurtis": [
    0.4057377049180328
  ],
  "dice": [
    0.39622641509433965
  ],
  "cosinus": [
    0.28243659323420256
  ]
}