{
  "voc_eval_res": {
    "precision": 62.5,
    "recall": 76.9231,
    "f-score": 68.9655
  },
  "KL_res": {
    "KL divergence": 1.1299110769047405,
    "Euclidean Dist.": 0.17061203323484442,
    "WER": 0.75,
    "CER": 0.5325443786982249,
    "Cosine Dist.": 0.21678219693258904
  },
  "occ_eval_res": {
    "precision": 56.7568,
    "recall": 75.0,
    "f-score": 64.6154
  },
  "clean_eval": {
    "f-score": 47.249190938511326,
    "precision": 54.68164794007491,
    "recall": 41.5954415954416,
    "tp": 146,
    "fp": 121,
    "fn": 205
  },
  "jaccard": [
    0.4415954415954416
  ],
  "braycurtis": [
    0.3139240506329114
  ],
  "dice": [
    0.283363802559415
  ],
  "cosinus": [
    0.2144849638013836
  ]
}