{
  "voc_eval_res": {
    "precision": 36.8421,
    "recall": 46.6667,
    "f-score": 41.1765
  },
  "KL_res": {
    "KL divergence": 2.7843972923811897,
    "Euclidean Dist.": 0.262245007439562,
    "WER": 0.9411764705882353,
    "CER": 0.5508474576271186,
    "Cosine Dist.": 0.2975606413137295
  },
  "occ_eval_res": {
    "precision": 39.1304,
    "recall": 52.9412,
    "f-score": 45.0
  },
  "clean_eval": {
    "f-score": 32.17391304347826,
    "precision": 35.92233009708738,
    "recall": 29.133858267716533,
    "tp": 74,
    "fp": 132,
    "fn": 180
  },
  "jaccard": [
    0.5267489711934157
  ],
  "braycurtis": [
    0.3560606060606061
  ],
  "dice": [
    0.3575418994413408
  ],
  "cosinus": [
    0.22677802479622577
  ]
}