{
  "voc_eval_res": {
    "precision": 54.5455,
    "recall": 50.0,
    "f-score": 52.1739
  },
  "KL_res": {
    "KL divergence": 2.464231265910118,
    "Euclidean Dist.": 0.23301089488473756,
    "WER": 0.625,
    "CER": 0.40239043824701193,
    "Cosine Dist.": 0.2759720142035089
  },
  "occ_eval_res": {
    "precision": 54.5455,
    "recall": 45.0,
    "f-score": 49.3151
  },
  "clean_eval": {
    "f-score": 27.22772277227723,
    "precision": 26.066350710900476,
    "recall": 28.497409326424872,
    "tp": 110,
    "fp": 312,
    "fn": 276
  },
  "jaccard": [
    0.4506578947368421
  ],
  "braycurtis": [
    0.3064182194616977
  ],
  "dice": [
    0.2908704883227176
  ],
  "cosinus": [
    0.16329444881139887
  ]
}