{
  "voc_eval_res": {
    "precision": 52.6316,
    "recall": 62.5,
    "f-score": 57.1429
  },
  "KL_res": {
    "KL divergence": 1.5961998058101776,
    "Euclidean Dist.": 0.20072183787108744,
    "WER": 0.7,
    "CER": 0.5163398692810458,
    "Cosine Dist.": 0.1748630029929653
  },
  "occ_eval_res": {
    "precision": 59.0909,
    "recall": 65.0,
    "f-score": 61.9048
  },
  "clean_eval": {
    "f-score": 16.94915254237288,
    "precision": 17.391304347826086,
    "recall": 16.528925619834713,
    "tp": 40,
    "fp": 190,
    "fn": 202
  },
  "jaccard": [
    0.450199203187251
  ],
  "braycurtis": [
    0.2619047619047619
  ],
  "dice": [
    0.29048843187660667
  ],
  "cosinus": [
    0.12886641785517783
  ]
}