{
  "voc_eval_res": {
    "precision": 31.25,
    "recall": 45.4545,
    "f-score": 37.037
  },
  "KL_res": {
    "KL divergence": 2.8644533628110493,
    "Euclidean Dist.": 0.31902859252619586,
    "WER": 1.0,
    "CER": 0.5402298850574713,
    "Cosine Dist.": 0.3195861825602282
  },
  "occ_eval_res": {
    "precision": 35.2941,
    "recall": 46.1538,
    "f-score": 40.0
  },
  "clean_eval": {
    "f-score": 48.734177215189874,
    "precision": 52.73972602739726,
    "recall": 45.294117647058826,
    "tp": 77,
    "fp": 69,
    "fn": 93
  },
  "jaccard": [
    0.5924170616113744
  ],
  "braycurtis": [
    0.3969849246231156
  ],
  "dice": [
    0.4208754208754209
  ],
  "cosinus": [
    0.2631606211388622
  ]
}