{
  "voc_eval_res": {
    "precision": 30.0,
    "recall": 30.0,
    "f-score": 30.0
  },
  "KL_res": {
    "KL divergence": 5.287167344120019,
    "Euclidean Dist.": 0.391331695455107,
    "WER": 0.9090909090909091,
    "CER": 0.47368421052631576,
    "Cosine Dist.": 0.5839748528310782
  },
  "occ_eval_res": {
    "precision": 30.0,
    "recall": 27.2727,
    "f-score": 28.5714
  },
  "clean_eval": {
    "f-score": 60.344827586206904,
    "precision": 63.63636363636363,
    "recall": 57.377049180327866,
    "tp": 70,
    "fp": 40,
    "fn": 52
  },
  "jaccard": [
    0.4895833333333333
  ],
  "braycurtis": [
    0.37037037037037035
  ],
  "dice": [
    0.32413793103448274
  ],
  "cosinus": [
    0.3186192644075725
  ]
}