{
  "voc_eval_res": {
    "precision": 47.0588,
    "recall": 40.0,
    "f-score": 43.2432
  },
  "KL_res": {
    "KL divergence": 3.2314983518350733,
    "Euclidean Dist.": 0.24918331935061622,
    "WER": 0.6666666666666666,
    "CER": 0.5444444444444444,
    "Cosine Dist.": 0.2507208344620313
  },
  "occ_eval_res": {
    "precision": 52.381,
    "recall": 40.7407,
    "f-score": 45.8333
  },
  "clean_eval": {
    "f-score": 47.177419354838705,
    "precision": 46.06299212598425,
    "recall": 48.34710743801653,
    "tp": 117,
    "fp": 137,
    "fn": 125
  },
  "jaccard": [
    0.5689655172413793
  ],
  "braycurtis": [
    0.34202898550724636
  ],
  "dice": [
    0.39759036144578314
  ],
  "cosinus": [
    0.1769113615660013
  ]
}