{
  "voc_eval_res": {
    "precision": 30.0,
    "recall": 40.0,
    "f-score": 34.2857
  },
  "KL_res": {
    "KL divergence": 3.739166286892381,
    "Euclidean Dist.": 0.2748240355498271,
    "WER": 0.8823529411764706,
    "CER": 0.4596774193548387,
    "Cosine Dist.": 0.41905249806888745
  },
  "occ_eval_res": {
    "precision": 33.3333,
    "recall": 41.1765,
    "f-score": 36.8421
  },
  "clean_eval": {
    "f-score": 57.54716981132076,
    "precision": 59.22330097087378,
    "recall": 55.96330275229357,
    "tp": 122,
    "fp": 84,
    "fn": 96
  },
  "jaccard": [
    0.5923076923076923
  ],
  "braycurtis": [
    0.40963855421686746
  ],
  "dice": [
    0.4207650273224044
  ],
  "cosinus": [
    0.283538423023751
  ]
}