{
  "voc_eval_res": {
    "precision": 64.2857,
    "recall": 60.0,
    "f-score": 62.069
  },
  "KL_res": {
    "KL divergence": 1.9923473660388291,
    "Euclidean Dist.": 0.2146541145398543,
    "WER": 0.5625,
    "CER": 0.3269230769230769,
    "Cosine Dist.": 0.18632379565502755
  },
  "occ_eval_res": {
    "precision": 66.6667,
    "recall": 62.5,
    "f-score": 64.5161
  },
  "clean_eval": {
    "f-score": 72.31638418079098,
    "precision": 69.94535519125684,
    "recall": 74.85380116959064,
    "tp": 128,
    "fp": 55,
    "fn": 43
  },
  "jaccard": [
    0.37948717948717947
  ],
  "braycurtis": [
    0.24873096446700507
  ],
  "dice": [
    0.23417721518987342
  ],
  "cosinus": [
    0.2055097644548025
  ]
}