{
  "voc_eval_res": {
    "precision": 27.5862,
    "recall": 47.0588,
    "f-score": 34.7826
  },
  "KL_res": {
    "KL divergence": 2.9376745282007226,
    "Euclidean Dist.": 0.2672026737725338,
    "WER": 1.263157894736842,
    "CER": 0.6623376623376623,
    "Cosine Dist.": 0.43634632923877503
  },
  "occ_eval_res": {
    "precision": 28.125,
    "recall": 47.3684,
    "f-score": 35.2941
  },
  "clean_eval": {
    "f-score": 23.89705882352941,
    "precision": 29.81651376146789,
    "recall": 19.938650306748464,
    "tp": 65,
    "fp": 153,
    "fn": 261
  },
  "jaccard": [
    0.5286103542234333
  ],
  "braycurtis": [
    0.38860103626943004
  ],
  "dice": [
    0.3592592592592593
  ],
  "cosinus": [
    0.27339209171743106
  ]
}