{
  "voc_eval_res": {
    "precision": 45.4545,
    "recall": 50.0,
    "f-score": 47.619
  },
  "KL_res": {
    "KL divergence": 2.7119956273595873,
    "Euclidean Dist.": 0.2896674893076539,
    "WER": 0.6363636363636364,
    "CER": 0.5,
    "Cosine Dist.": 0.2556126316812234
  },
  "occ_eval_res": {
    "precision": 50.0,
    "recall": 54.5455,
    "f-score": 52.1739
  },
  "clean_eval": {
    "f-score": 35.0,
    "precision": 36.56716417910448,
    "recall": 33.56164383561644,
    "tp": 49,
    "fp": 85,
    "fn": 97
  },
  "jaccard": [
    0.5692307692307692
  ],
  "braycurtis": [
    0.3785310734463277
  ],
  "dice": [
    0.3978494623655914
  ],
  "cosinus": [
    0.24841100871487176
  ]
}