{
  "voc_eval_res": {
    "precision": 41.6667,
    "recall": 71.4286,
    "f-score": 52.6316
  },
  "KL_res": {
    "KL divergence": 1.852497706497057,
    "Euclidean Dist.": 0.35335290665847213,
    "WER": 1.1428571428571428,
    "CER": 0.7636363636363637,
    "Cosine Dist.": 0.2998599579859951
  },
  "occ_eval_res": {
    "precision": 41.6667,
    "recall": 71.4286,
    "f-score": 52.6316
  },
  "clean_eval": {
    "f-score": 62.5,
    "precision": 75.5813953488372,
    "recall": 53.278688524590166,
    "tp": 65,
    "fp": 21,
    "fn": 57
  },
  "jaccard": [
    0.5706214689265536
  ],
  "braycurtis": [
    0.40425531914893614
  ],
  "dice": [
    0.39920948616600793
  ],
  "cosinus": [
    0.329609206789802
  ]
}