{
  "voc_eval_res": {
    "precision": 73.6842,
    "recall": 73.6842,
    "f-score": 73.6842
  },
  "KL_res": {
    "KL divergence": 1.0665041558324768,
    "Euclidean Dist.": 0.19702650695894816,
    "WER": 0.5,
    "CER": 0.4143646408839779,
    "Cosine Dist.": 0.17836376180092361
  },
  "occ_eval_res": {
    "precision": 75.0,
    "recall": 62.5,
    "f-score": 68.1818
  },
  "clean_eval": {
    "f-score": 16.141732283464567,
    "precision": 14.748201438848922,
    "recall": 17.82608695652174,
    "tp": 41,
    "fp": 237,
    "fn": 189
  },
  "jaccard": [
    0.36923076923076925
  ],
  "braycurtis": [
    0.2795031055900621
  ],
  "dice": [
    0.22641509433962265
  ],
  "cosinus": [
    0.13651877547456692
  ]
}