{
  "voc_eval_res": {
    "precision": 66.6667,
    "recall": 54.5455,
    "f-score": 60.0
  },
  "KL_res": {
    "KL divergence": 1.9108306612618755,
    "Euclidean Dist.": 0.2530801983104556,
    "WER": 0.42857142857142855,
    "CER": 0.20202020202020202,
    "Cosine Dist.": 0.154219936777938
  },
  "occ_eval_res": {
    "precision": 72.7273,
    "recall": 57.1429,
    "f-score": 64.0
  },
  "clean_eval": {
    "f-score": 73.03754266211602,
    "precision": 67.29559748427673,
    "recall": 79.8507462686567,
    "tp": 107,
    "fp": 52,
    "fn": 27
  },
  "jaccard": [
    0.40764331210191085
  ],
  "braycurtis": [
    0.21978021978021978
  ],
  "dice": [
    0.256
  ],
  "cosinus": [
    0.13703340009332388
  ]
}