{
  "voc_eval_res": {
    "precision": 41.1765,
    "recall": 43.75,
    "f-score": 42.4242
  },
  "KL_res": {
    "KL divergence": 3.1939634820527214,
    "Euclidean Dist.": 0.26956327617387293,
    "WER": 0.8823529411764706,
    "CER": 0.6260869565217392,
    "Cosine Dist.": 0.3935215651368772
  },
  "occ_eval_res": {
    "precision": 41.1765,
    "recall": 41.1765,
    "f-score": 41.1765
  },
  "clean_eval": {
    "f-score": 42.2680412371134,
    "precision": 39.80582524271845,
    "recall": 45.05494505494506,
    "tp": 82,
    "fp": 124,
    "fn": 100
  },
  "jaccard": [
    0.5789473684210527
  ],
  "braycurtis": [
    0.42436974789915966
  ],
  "dice": [
    0.4074074074074074
  ],
  "cosinus": [
    0.30899687880051396
  ]
}