{
  "voc_eval_res": {
    "precision": 55.5556,
    "recall": 71.4286,
    "f-score": 62.5
  },
  "KL_res": {
    "KL divergence": 1.4621272330860098,
    "Euclidean Dist.": 0.17533072513745793,
    "WER": 0.84,
    "CER": 0.6645161290322581,
    "Cosine Dist.": 0.1808872746532444
  },
  "occ_eval_res": {
    "precision": 54.5455,
    "recall": 72.0,
    "f-score": 62.069
  },
  "clean_eval": {
    "f-score": 37.11340206185567,
    "precision": 38.84892086330935,
    "recall": 35.526315789473685,
    "tp": 108,
    "fp": 170,
    "fn": 196
  },
  "jaccard": [
    0.5175438596491229
  ],
  "braycurtis": [
    0.3247863247863248
  ],
  "dice": [
    0.34911242603550297
  ],
  "cosinus": [
    0.19449702549370407
  ]
}