{
  "voc_eval_res": {
    "precision": 42.8571,
    "recall": 54.5455,
    "f-score": 48.0
  },
  "KL_res": {
    "KL divergence": 2.0269266311195193,
    "Euclidean Dist.": 0.32730912726640865,
    "WER": 0.6896551724137931,
    "CER": 0.41841004184100417,
    "Cosine Dist.": 0.25181529835028216
  },
  "occ_eval_res": {
    "precision": 51.8519,
    "recall": 48.2759,
    "f-score": 50.0
  },
  "clean_eval": {
    "f-score": 18.345864661654137,
    "precision": 17.42857142857143,
    "recall": 19.365079365079367,
    "tp": 61,
    "fp": 289,
    "fn": 254
  },
  "jaccard": [
    0.4950980392156863
  ],
  "braycurtis": [
    0.2794759825327511
  ],
  "dice": [
    0.3289902280130293
  ],
  "cosinus": [
    0.1498369141194491
  ]
}