{
  "voc_eval_res": {
    "precision": 40.9091,
    "recall": 60.0,
    "f-score": 48.6486
  },
  "KL_res": {
    "KL divergence": 2.1664768024012817,
    "Euclidean Dist.": 0.23753654689565376,
    "WER": 0.875,
    "CER": 0.5,
    "Cosine Dist.": 0.2761001396933839
  },
  "occ_eval_res": {
    "precision": 41.6667,
    "recall": 62.5,
    "f-score": 50.0
  },
  "clean_eval": {
    "f-score": 38.39285714285714,
    "precision": 47.25274725274725,
    "recall": 32.33082706766917,
    "tp": 86,
    "fp": 96,
    "fn": 180
  },
  "jaccard": [
    0.48863636363636365
  ],
  "braycurtis": [
    0.29896907216494845
  ],
  "dice": [
    0.3233082706766917
  ],
  "cosinus": [
    0.17667566923188738
  ]
}