{
  "voc_eval_res": {
    "precision": 27.7778,
    "recall": 31.25,
    "f-score": 29.4118
  },
  "KL_res": {
    "KL divergence": 4.381549682436204,
    "Euclidean Dist.": 0.2817050782341409,
    "WER": 0.9444444444444444,
    "CER": 0.6213592233009708,
    "Cosine Dist.": 0.45754919710335173
  },
  "occ_eval_res": {
    "precision": 31.5789,
    "recall": 33.3333,
    "f-score": 32.4324
  },
  "clean_eval": {
    "f-score": 58.51063829787234,
    "precision": 60.43956043956044,
    "recall": 56.70103092783505,
    "tp": 110,
    "fp": 72,
    "fn": 84
  },
  "jaccard": [
    0.6877470355731226
  ],
  "braycurtis": [
    0.49321266968325794
  ],
  "dice": [
    0.5240963855421686
  ],
  "cosinus": [
    0.34074953776233885
  ]
}