{
  "voc_eval_res": {
    "precision": 50.0,
    "recall": 16.6667,
    "f-score": 25.0
  },
  "KL_res": {
    "KL divergence": 6.8809903947533275,
    "Euclidean Dist.": 0.7817359599705717,
    "WER": 0.8333333333333334,
    "CER": 0.6551724137931034,
    "Cosine Dist.": 0.5635642195280153
  },
  "occ_eval_res": {
    "precision": 50.0,
    "recall": 16.6667,
    "f-score": 25.0
  },
  "clean_eval": {
    "f-score": 38.0,
    "precision": 25.675675675675674,
    "recall": 73.07692307692307,
    "tp": 19,
    "fp": 55,
    "fn": 7
  },
  "jaccard": [
    0.7102803738317757
  ],
  "braycurtis": [
    0.5974025974025974
  ],
  "dice": [
    0.5507246376811594
  ],
  "cosinus": [
    0.4498471171872498
  ]
}