{
  "voc_eval_res": {
    "precision": 50.0,
    "recall": 58.3333,
    "f-score": 53.8462
  },
  "KL_res": {
    "KL divergence": 1.928587106274396,
    "Euclidean Dist.": 0.2857130456322295,
    "WER": 0.6666666666666666,
    "CER": 0.45652173913043476,
    "Cosine Dist.": 0.2796397297748029
  },
  "occ_eval_res": {
    "precision": 50.0,
    "recall": 53.3333,
    "f-score": 51.6129
  },
  "clean_eval": {
    "f-score": 60.43956043956044,
    "precision": 60.43956043956044,
    "recall": 60.43956043956044,
    "tp": 110,
    "fp": 72,
    "fn": 72
  },
  "jaccard": [
    0.4245810055865922
  ],
  "braycurtis": [
    0.3299492385786802
  ],
  "dice": [
    0.2695035460992908
  ],
  "cosinus": [
    0.24446845869147016
  ]
}