{
  "voc_eval_res": {
    "precision": 57.1429,
    "recall": 33.3333,
    "f-score": 42.1053
  },
  "KL_res": {
    "KL divergence": 4.408531864210536,
    "Euclidean Dist.": 0.38095238095238093,
    "WER": 0.75,
    "CER": 0.4868421052631579,
    "Cosine Dist.": 0.39697731084447274
  },
  "occ_eval_res": {
    "precision": 57.1429,
    "recall": 33.3333,
    "f-score": 42.1053
  },
  "clean_eval": {
    "f-score": 54.347826086956516,
    "precision": 45.45454545454545,
    "recall": 67.56756756756756,
    "tp": 50,
    "fp": 60,
    "fn": 24
  },
  "jaccard": [
    0.6303030303030303
  ],
  "braycurtis": [
    0.48
  ],
  "dice": [
    0.46017699115044247
  ],
  "cosinus": [
    0.3852053003582714
  ]
}