{
  "voc_eval_res": {
    "precision": 56.25,
    "recall": 47.3684,
    "f-score": 51.4286
  },
  "KL_res": {
    "KL divergence": 2.823023262933452,
    "Euclidean Dist.": 0.24011715890373184,
    "WER": 0.7,
    "CER": 0.5390625,
    "Cosine Dist.": 0.3140056594299645
  },
  "occ_eval_res": {
    "precision": 56.25,
    "recall": 45.0,
    "f-score": 50.0
  },
  "clean_eval": {
    "f-score": 63.829787234042556,
    "precision": 58.252427184466015,
    "recall": 70.58823529411765,
    "tp": 120,
    "fp": 86,
    "fn": 50
  },
  "jaccard": [
    0.5819672131147541
  ],
  "braycurtis": [
    0.41409691629955947
  ],
  "dice": [
    0.41040462427745666
  ],
  "cosinus": [
    0.2466809025991754
  ]
}