{
  "voc_eval_res": {
    "precision": 23.0769,
    "recall": 33.3333,
    "f-score": 27.2727
  },
  "KL_res": {
    "KL divergence": 5.4618151829657515,
    "Euclidean Dist.": 0.40960594254312105,
    "WER": 1.0909090909090908,
    "CER": 0.7702702702702703,
    "Cosine Dist.": 0.6755571577384749
  },
  "occ_eval_res": {
    "precision": 21.4286,
    "recall": 27.2727,
    "f-score": 24.0
  },
  "clean_eval": {
    "f-score": 61.184210526315795,
    "precision": 69.40298507462687,
    "recall": 54.70588235294118,
    "tp": 93,
    "fp": 41,
    "fn": 77
  },
  "jaccard": [
    0.6577540106951871
  ],
  "braycurtis": [
    0.4911242603550296
  ],
  "dice": [
    0.4900398406374502
  ],
  "cosinus": [
    0.4042017974922556
  ]
}