{
  "voc_eval_res": {
    "precision": 37.5,
    "recall": 30.0,
    "f-score": 33.3333
  },
  "KL_res": {
    "KL divergence": 4.911977037987617,
    "Euclidean Dist.": 0.38971143170299744,
    "WER": 0.7,
    "CER": 0.40298507462686567,
    "Cosine Dist.": 0.49825479399574557
  },
  "occ_eval_res": {
    "precision": 37.5,
    "recall": 30.0,
    "f-score": 33.3333
  },
  "clean_eval": {
    "f-score": 74.71264367816093,
    "precision": 74.71264367816092,
    "recall": 74.71264367816092,
    "tp": 65,
    "fp": 22,
    "fn": 22
  },
  "jaccard": [
    0.5389221556886228
  ],
  "braycurtis": [
    0.38461538461538464
  ],
  "dice": [
    0.36885245901639346
  ],
  "cosinus": [
    0.3535021083408014
  ]
}