{
  "voc_eval_res": {
    "precision": 42.8571,
    "recall": 37.5,
    "f-score": 40.0
  },
  "KL_res": {
    "KL divergence": 2.9463692625848834,
    "Euclidean Dist.": 0.2504022095657802,
    "WER": 0.7096774193548387,
    "CER": 0.5023041474654378,
    "Cosine Dist.": 0.344858691480863
  },
  "occ_eval_res": {
    "precision": 46.1538,
    "recall": 38.7097,
    "f-score": 42.1053
  },
  "clean_eval": {
    "f-score": 36.36363636363636,
    "precision": 35.6687898089172,
    "recall": 37.086092715231786,
    "tp": 112,
    "fp": 202,
    "fn": 190
  },
  "jaccard": [
    0.5572755417956656
  ],
  "braycurtis": [
    0.3787528868360277
  ],
  "dice": [
    0.38626609442060084
  ],
  "cosinus": [
    0.22619023248617753
  ]
}