{
  "voc_eval_res": {
    "precision": 50.0,
    "recall": 57.1429,
    "f-score": 53.3333
  },
  "KL_res": {
    "KL divergence": 2.0860005282091034,
    "Euclidean Dist.": 0.23798154273270952,
    "WER": 0.6875,
    "CER": 0.48412698412698413,
    "Cosine Dist.": 0.23107094906647452
  },
  "occ_eval_res": {
    "precision": 52.6316,
    "recall": 62.5,
    "f-score": 57.1429
  },
  "clean_eval": {
    "f-score": 35.5,
    "precision": 39.010989010989015,
    "recall": 32.56880733944954,
    "tp": 71,
    "fp": 111,
    "fn": 147
  },
  "jaccard": [
    0.5076335877862596
  ],
  "braycurtis": [
    0.3333333333333333
  ],
  "dice": [
    0.340153452685422
  ],
  "cosinus": [
    0.17820150664602796
  ]
}