{
  "voc_eval_res": {
    "precision": 30.0,
    "recall": 50.0,
    "f-score": 37.5
  },
  "KL_res": {
    "KL divergence": 3.437217750010496,
    "Euclidean Dist.": 0.4242640687119285,
    "WER": 1.1666666666666667,
    "CER": 0.5471698113207547,
    "Cosine Dist.": 0.44529980377477085
  },
  "occ_eval_res": {
    "precision": 30.0,
    "recall": 50.0,
    "f-score": 37.5
  },
  "clean_eval": {
    "f-score": 60.8695652173913,
    "precision": 75.67567567567568,
    "recall": 50.90909090909091,
    "tp": 56,
    "fp": 18,
    "fn": 54
  },
  "jaccard": [
    0.43243243243243246
  ],
  "braycurtis": [
    0.29838709677419356
  ],
  "dice": [
    0.27586206896551724
  ],
  "cosinus": [
    0.2824191779083618
  ]
}