{
  "voc_eval_res": {
    "precision": 47.0588,
    "recall": 61.5385,
    "f-score": 53.3333
  },
  "KL_res": {
    "KL divergence": 1.885167952344296,
    "Euclidean Dist.": 0.24494897427831783,
    "WER": 0.8666666666666667,
    "CER": 0.7604166666666666,
    "Cosine Dist.": 0.22932536441154794
  },
  "occ_eval_res": {
    "precision": 50.0,
    "recall": 66.6667,
    "f-score": 57.1429
  },
  "clean_eval": {
    "f-score": 18.446601941747574,
    "precision": 20.87912087912088,
    "recall": 16.52173913043478,
    "tp": 38,
    "fp": 144,
    "fn": 192
  },
  "jaccard": [
    0.5230125523012552
  ],
  "braycurtis": [
    0.39732142857142855
  ],
  "dice": [
    0.35410764872521244
  ],
  "cosinus": [
    0.34891201222338153
  ]
}