{
  "voc_eval_res": {
    "precision": 40.0,
    "recall": 50.0,
    "f-score": 44.4444
  },
  "KL_res": {
    "KL divergence": 2.4988551962440706,
    "Euclidean Dist.": 0.19632077424371622,
    "WER": 0.967741935483871,
    "CER": 0.6855895196506551,
    "Cosine Dist.": 0.3558396715602302
  },
  "occ_eval_res": {
    "precision": 40.5405,
    "recall": 48.3871,
    "f-score": 44.1176
  },
  "clean_eval": {
    "f-score": 21.81340341655716,
    "precision": 23.646723646723647,
    "recall": 20.243902439024392,
    "tp": 83,
    "fp": 268,
    "fn": 327
  },
  "jaccard": [
    0.546485260770975
  ],
  "braycurtis": [
    0.391578947368421
  ],
  "dice": [
    0.37597503900156004
  ],
  "cosinus": [
    0.24914282647557462
  ]
}