{
  "voc_eval_res": {
    "precision": 72.7273,
    "recall": 57.1429,
    "f-score": 64.0
  },
  "KL_res": {
    "KL divergence": 2.123281440112833,
    "Euclidean Dist.": 0.23154073315749674,
    "WER": 0.4,
    "CER": 0.28688524590163933,
    "Cosine Dist.": 0.16847815937970045
  },
  "occ_eval_res": {
    "precision": 75.0,
    "recall": 60.0,
    "f-score": 66.6667
  },
  "clean_eval": {
    "f-score": 70.73170731707316,
    "precision": 63.73626373626373,
    "recall": 79.45205479452055,
    "tp": 116,
    "fp": 66,
    "fn": 30
  },
  "jaccard": [
    0.34673366834170855
  ],
  "braycurtis": [
    0.25339366515837103
  ],
  "dice": [
    0.20972644376899696
  ],
  "cosinus": [
    0.17039143109312782
  ]
}