{
  "voc_eval_res": {
    "precision": 28.5714,
    "recall": 33.3333,
    "f-score": 30.7692
  },
  "KL_res": {
    "KL divergence": 4.5536945307011925,
    "Euclidean Dist.": 0.3281916369545291,
    "WER": 1.0833333333333333,
    "CER": 0.8266666666666667,
    "Cosine Dist.": 0.5285954792089684
  },
  "occ_eval_res": {
    "precision": 28.5714,
    "recall": 33.3333,
    "f-score": 30.7692
  },
  "clean_eval": {
    "f-score": 58.57142857142856,
    "precision": 67.21311475409836,
    "recall": 51.89873417721519,
    "tp": 82,
    "fp": 40,
    "fn": 76
  },
  "jaccard": [
    0.6163793103448276
  ],
  "braycurtis": [
    0.45454545454545453
  ],
  "dice": [
    0.4454828660436137
  ],
  "cosinus": [
    0.3436684791194953
  ]
}