{
  "voc_eval_res": {
    "precision": 57.1429,
    "recall": 26.6667,
    "f-score": 36.3636
  },
  "KL_res": {
    "KL divergence": 5.089115054095648,
    "Euclidean Dist.": 0.41023978543469897,
    "WER": 0.7894736842105263,
    "CER": 0.6086956521739131,
    "Cosine Dist.": 0.4829123100049808
  },
  "occ_eval_res": {
    "precision": 57.1429,
    "recall": 21.0526,
    "f-score": 30.7692
  },
  "clean_eval": {
    "f-score": 43.57976653696498,
    "precision": 32.748538011695906,
    "recall": 65.11627906976744,
    "tp": 56,
    "fp": 115,
    "fn": 30
  },
  "jaccard": [
    0.7
  ],
  "braycurtis": [
    0.6013986013986014
  ],
  "dice": [
    0.5384615384615384
  ],
  "cosinus": [
    0.5198274988917961
  ]
}