{
  "voc_eval_res": {
    "precision": 23.0769,
    "recall": 30.0,
    "f-score": 26.087
  },
  "KL_res": {
    "KL divergence": 5.024681268060797,
    "Euclidean Dist.": 0.3638225720118606,
    "WER": 1.1,
    "CER": 0.6351351351351351,
    "Cosine Dist.": 0.5839748528310782
  },
  "occ_eval_res": {
    "precision": 23.0769,
    "recall": 30.0,
    "f-score": 26.087
  },
  "clean_eval": {
    "f-score": 68.6695278969957,
    "precision": 72.72727272727273,
    "recall": 65.04065040650406,
    "tp": 80,
    "fp": 30,
    "fn": 43
  },
  "jaccard": [
    0.572139303482587
  ],
  "braycurtis": [
    0.40606060606060607
  ],
  "dice": [
    0.40069686411149824
  ],
  "cosinus": [
    0.31650413684087153
  ]
}