{
  "voc_eval_res": {
    "precision": 35.7143,
    "recall": 33.3333,
    "f-score": 34.4828
  },
  "KL_res": {
    "KL divergence": 3.954867983602863,
    "Euclidean Dist.": 0.2816740630192595,
    "WER": 0.75,
    "CER": 0.4732142857142857,
    "Cosine Dist.": 0.37242836755781117
  },
  "occ_eval_res": {
    "precision": 40.0,
    "recall": 37.5,
    "f-score": 38.7097
  },
  "clean_eval": {
    "f-score": 55.487804878048784,
    "precision": 53.529411764705884,
    "recall": 57.59493670886076,
    "tp": 91,
    "fp": 79,
    "fn": 67
  },
  "jaccard": [
    0.6108949416342413
  ],
  "braycurtis": [
    0.41203703703703703
  ],
  "dice": [
    0.43977591036414565
  ],
  "cosinus": [
    0.3055599991038891
  ]
}