{
  "voc_eval_res": {
    "precision": 44.4444,
    "recall": 80.0,
    "f-score": 57.1429
  },
  "KL_res": {
    "KL divergence": 1.4024779615903964,
    "Euclidean Dist.": 0.4061259307221571,
    "WER": 1.6,
    "CER": 0.972972972972973,
    "Cosine Dist.": 0.2603997383663612
  },
  "occ_eval_res": {
    "precision": 44.4444,
    "recall": 80.0,
    "f-score": 57.1429
  },
  "clean_eval": {
    "f-score": 48.64864864864865,
    "precision": 58.06451612903226,
    "recall": 41.86046511627907,
    "tp": 36,
    "fp": 26,
    "fn": 50
  },
  "jaccard": [
    0.5405405405405406
  ],
  "braycurtis": [
    0.38372093023255816
  ],
  "dice": [
    0.37037037037037035
  ],
  "cosinus": [
    0.373195065033888
  ]
}