{
  "voc_eval_res": {
    "precision": 30.0,
    "recall": 36.0,
    "f-score": 32.7273
  },
  "KL_res": {
    "KL divergence": 3.548834486036536,
    "Euclidean Dist.": 0.21863146408307893,
    "WER": 0.9259259259259259,
    "CER": 0.5767441860465117,
    "Cosine Dist.": 0.42853692305698443
  },
  "occ_eval_res": {
    "precision": 32.2581,
    "recall": 37.037,
    "f-score": 34.4828
  },
  "clean_eval": {
    "f-score": 42.038216560509554,
    "precision": 43.70860927152318,
    "recall": 40.49079754601227,
    "tp": 132,
    "fp": 170,
    "fn": 194
  },
  "jaccard": [
    0.5710843373493976
  ],
  "braycurtis": [
    0.3934782608695652
  ],
  "dice": [
    0.3996627318718381
  ],
  "cosinus": [
    0.22372150657320244
  ]
}