{
  "voc_eval_res": {
    "precision": 47.0588,
    "recall": 66.6667,
    "f-score": 55.1724
  },
  "KL_res": {
    "KL divergence": 1.9169703182530045,
    "Euclidean Dist.": 0.24810764252159564,
    "WER": 0.8,
    "CER": 0.288135593220339,
    "Cosine Dist.": 0.22192197987258033
  },
  "occ_eval_res": {
    "precision": 52.6316,
    "recall": 66.6667,
    "f-score": 58.8235
  },
  "clean_eval": {
    "f-score": 68.29268292682926,
    "precision": 70.88607594936708,
    "recall": 65.88235294117646,
    "tp": 112,
    "fp": 46,
    "fn": 58
  },
  "jaccard": [
    0.33640552995391704
  ],
  "braycurtis": [
    0.21544715447154472
  ],
  "dice": [
    0.20221606648199447
  ],
  "cosinus": [
    0.15027854159163112
  ]
}