{
  "voc_eval_res": {
    "precision": 35.7143,
    "recall": 38.4615,
    "f-score": 37.037
  },
  "KL_res": {
    "KL divergence": 3.9971646423321228,
    "Euclidean Dist.": 0.3058717727410281,
    "WER": 0.8461538461538461,
    "CER": 0.872093023255814,
    "Cosine Dist.": 0.4592619295641249
  },
  "occ_eval_res": {
    "precision": 35.7143,
    "recall": 38.4615,
    "f-score": 37.037
  },
  "clean_eval": {
    "f-score": 57.59493670886076,
    "precision": 57.59493670886076,
    "recall": 57.59493670886076,
    "tp": 91,
    "fp": 67,
    "fn": 67
  },
  "jaccard": [
    0.6952789699570815
  ],
  "braycurtis": [
    0.58
  ],
  "dice": [
    0.5328947368421053
  ],
  "cosinus": [
    0.4886148058737634
  ]
}