{
  "voc_eval_res": {
    "precision": 44.4444,
    "recall": 44.4444,
    "f-score": 44.4444
  },
  "KL_res": {
    "KL divergence": 1.5241631717600637,
    "Euclidean Dist.": 0.20743578283040304,
    "WER": 0.5294117647058824,
    "CER": 0.4,
    "Cosine Dist.": 0.05659518645226769
  },
  "occ_eval_res": {
    "precision": 66.6667,
    "recall": 58.8235,
    "f-score": 62.5
  },
  "clean_eval": {
    "f-score": 53.05039787798408,
    "precision": 48.54368932038835,
    "recall": 58.47953216374269,
    "tp": 100,
    "fp": 106,
    "fn": 71
  },
  "jaccard": [
    0.6106870229007634
  ],
  "braycurtis": [
    0.28426395939086296
  ],
  "dice": [
    0.43956043956043955
  ],
  "cosinus": [
    0.06534012811900458
  ]
}