{
  "voc_eval_res": {
    "precision": 14.2857,
    "recall": 14.2857,
    "f-score": 14.2857
  },
  "KL_res": {
    "KL divergence": 7.1743825635475105,
    "Euclidean Dist.": 0.49487165930539345,
    "WER": 0.8571428571428571,
    "CER": 0.8205128205128205,
    "Cosine Dist.": 0.75
  },
  "occ_eval_res": {
    "precision": 14.2857,
    "recall": 14.2857,
    "f-score": 14.2857
  },
  "clean_eval": {
    "f-score": 66.66666666666666,
    "precision": 73.01587301587301,
    "recall": 61.33333333333333,
    "tp": 46,
    "fp": 17,
    "fn": 29
  },
  "jaccard": [
    0.8014705882352942
  ],
  "braycurtis": [
    0.6847826086956522
  ],
  "dice": [
    0.6687116564417178
  ],
  "cosinus": [
    0.6188416541546975
  ]
}