{
  "voc_eval_res": {
    "precision": 28.5714,
    "recall": 66.6667,
    "f-score": 40.0
  },
  "KL_res": {
    "KL divergence": 2.5007976858900514,
    "Euclidean Dist.": 0.5985621471417397,
    "WER": 1.6666666666666667,
    "CER": 0.7272727272727273,
    "Cosine Dist.": 0.40371520600005606
  },
  "occ_eval_res": {
    "precision": 28.5714,
    "recall": 66.6667,
    "f-score": 40.0
  },
  "clean_eval": {
    "f-score": 68.0,
    "precision": 89.47368421052632,
    "recall": 54.83870967741935,
    "tp": 34,
    "fp": 4,
    "fn": 28
  },
  "jaccard": [
    0.5391304347826087
  ],
  "braycurtis": [
    0.358695652173913
  ],
  "dice": [
    0.36904761904761907
  ],
  "cosinus": [
    0.28039937527705383
  ]
}