{
  "voc_eval_res": {
    "precision": 42.8571,
    "recall": 33.3333,
    "f-score": 37.5
  },
  "KL_res": {
    "KL divergence": 4.600775137164058,
    "Euclidean Dist.": 0.402186014581585,
    "WER": 0.6666666666666666,
    "CER": 0.6065573770491803,
    "Cosine Dist.": 0.4522774424948338
  },
  "occ_eval_res": {
    "precision": 42.8571,
    "recall": 33.3333,
    "f-score": 37.5
  },
  "clean_eval": {
    "f-score": 64.28571428571429,
    "precision": 57.27272727272727,
    "recall": 73.25581395348837,
    "tp": 63,
    "fp": 47,
    "fn": 23
  },
  "jaccard": [
    0.7112676056338029
  ],
  "braycurtis": [
    0.5631067961165048
  ],
  "dice": [
    0.5519125683060109
  ],
  "cosinus": [
    0.47577801172546086
  ]
}