{
  "voc_eval_res": {
    "precision": 37.2093,
    "recall": 38.0952,
    "f-score": 37.6471
  },
  "KL_res": {
    "KL divergence": 3.0534301648996216,
    "Euclidean Dist.": 0.18002122173357168,
    "WER": 0.7777777777777778,
    "CER": 0.4925373134328358,
    "Cosine Dist.": 0.3885598372250533
  },
  "occ_eval_res": {
    "precision": 38.2979,
    "recall": 33.3333,
    "f-score": 35.6436
  },
  "clean_eval": {
    "f-score": 30.474452554744524,
    "precision": 28.30508474576271,
    "recall": 33.00395256916996,
    "tp": 167,
    "fp": 423,
    "fn": 339
  },
  "jaccard": [
    0.48628884826325414
  ],
  "braycurtis": [
    0.3622448979591837
  ],
  "dice": [
    0.321256038647343
  ],
  "cosinus": [
    0.20295492147347338
  ]
}