{
  "voc_eval_res": {
    "precision": 40.0,
    "recall": 46.1538,
    "f-score": 42.8571
  },
  "KL_res": {
    "KL divergence": 2.5493794063045807,
    "Euclidean Dist.": 0.28942591644687093,
    "WER": 1.0,
    "CER": 0.5981308411214953,
    "Cosine Dist.": 0.28673704837850766
  },
  "occ_eval_res": {
    "precision": 37.5,
    "recall": 56.25,
    "f-score": 45.0
  },
  "clean_eval": {
    "f-score": 30.733944954128447,
    "precision": 34.5360824742268,
    "recall": 27.685950413223143,
    "tp": 67,
    "fp": 127,
    "fn": 175
  },
  "jaccard": [
    0.6502463054187192
  ],
  "braycurtis": [
    0.4692982456140351
  ],
  "dice": [
    0.48175182481751827
  ],
  "cosinus": [
    0.30495987622098
  ]
}