{
  "voc_eval_res": {
    "precision": 24.0,
    "recall": 40.0,
    "f-score": 30.0
  },
  "KL_res": {
    "KL divergence": 3.911268452348664,
    "Euclidean Dist.": 0.2753476466770912,
    "WER": 1.6,
    "CER": 1.0849056603773586,
    "Cosine Dist.": 0.48520843832977056
  },
  "occ_eval_res": {
    "precision": 21.4286,
    "recall": 40.0,
    "f-score": 27.907
  },
  "clean_eval": {
    "f-score": 23.728813559322035,
    "precision": 30.76923076923077,
    "recall": 19.310344827586206,
    "tp": 56,
    "fp": 126,
    "fn": 234
  },
  "jaccard": [
    0.6006493506493507
  ],
  "braycurtis": [
    0.5165562913907285
  ],
  "dice": [
    0.42923433874709976
  ],
  "cosinus": [
    0.3877353221542167
  ]
}