{
  "voc_eval_res": {
    "precision": 77.7778,
    "recall": 43.75,
    "f-score": 56.0
  },
  "KL_res": {
    "KL divergence": 2.834854412522421,
    "Euclidean Dist.": 0.308720977543329,
    "WER": 0.75,
    "CER": 0.6460176991150443,
    "Cosine Dist.": 0.27831216351296795
  },
  "occ_eval_res": {
    "precision": 77.7778,
    "recall": 35.0,
    "f-score": 48.2759
  },
  "clean_eval": {
    "f-score": 37.5,
    "precision": 28.235294117647058,
    "recall": 55.81395348837209,
    "tp": 48,
    "fp": 122,
    "fn": 38
  },
  "jaccard": [
    0.594059405940594
  ],
  "braycurtis": [
    0.49707602339181284
  ],
  "dice": [
    0.4225352112676056
  ],
  "cosinus": [
    0.37399356395399985
  ]
}