{
  "voc_eval_res": {
    "precision": 52.6316,
    "recall": 47.619,
    "f-score": 50.0
  },
  "KL_res": {
    "KL divergence": 2.7814574699754884,
    "Euclidean Dist.": 0.24052284646041733,
    "WER": 0.6363636363636364,
    "CER": 0.38461538461538464,
    "Cosine Dist.": 0.27230054579641816
  },
  "occ_eval_res": {
    "precision": 50.0,
    "recall": 50.0,
    "f-score": 50.0
  },
  "clean_eval": {
    "f-score": 38.152610441767074,
    "precision": 35.714285714285715,
    "recall": 40.94827586206897,
    "tp": 95,
    "fp": 171,
    "fn": 137
  },
  "jaccard": [
    0.4811320754716981
  ],
  "braycurtis": [
    0.31117021276595747
  ],
  "dice": [
    0.3167701863354037
  ],
  "cosinus": [
    0.15733465081973597
  ]
}