{
  "voc_eval_res": {
    "precision": 62.5,
    "recall": 31.25,
    "f-score": 41.6667
  },
  "KL_res": {
    "KL divergence": 3.1025341393579797,
    "Euclidean Dist.": 0.3352337345863834,
    "WER": 0.6,
    "CER": 0.5232558139534884,
    "Cosine Dist.": 0.14162453285480137
  },
  "occ_eval_res": {
    "precision": 69.2308,
    "recall": 45.0,
    "f-score": 54.5455
  },
  "clean_eval": {
    "f-score": 57.46268656716418,
    "precision": 45.294117647058826,
    "recall": 78.57142857142857,
    "tp": 77,
    "fp": 93,
    "fn": 21
  },
  "jaccard": [
    0.6823529411764706
  ],
  "braycurtis": [
    0.47761194029850745
  ],
  "dice": [
    0.5178571428571429
  ],
  "cosinus": [
    0.30668526875786406
  ]
}