{
  "voc_eval_res": {
    "precision": 36.3636,
    "recall": 32.0,
    "f-score": 34.0426
  },
  "KL_res": {
    "KL divergence": 4.4955725408201905,
    "Euclidean Dist.": 0.24821232763333406,
    "WER": 0.7777777777777778,
    "CER": 0.5168539325842697,
    "Cosine Dist.": 0.5322357230362511
  },
  "occ_eval_res": {
    "precision": 36.3636,
    "recall": 29.6296,
    "f-score": 32.6531
  },
  "clean_eval": {
    "f-score": 7.6923076923076925,
    "precision": 7.194244604316546,
    "recall": 8.264462809917356,
    "tp": 20,
    "fp": 258,
    "fn": 222
  },
  "jaccard": [
    0.6314363143631436
  ],
  "braycurtis": [
    0.4835820895522388
  ],
  "dice": [
    0.4613861386138614
  ],
  "cosinus": [
    0.37305468432254607
  ]
}