{
  "voc_eval_res": {
    "precision": 28.5714,
    "recall": 25.0,
    "f-score": 26.6667
  },
  "KL_res": {
    "KL divergence": 5.616176560011455,
    "Euclidean Dist.": 0.45069390943299864,
    "WER": 0.75,
    "CER": 0.5862068965517241,
    "Cosine Dist.": 0.5101020514433643
  },
  "occ_eval_res": {
    "precision": 25.0,
    "recall": 25.0,
    "f-score": 25.0
  },
  "clean_eval": {
    "f-score": 71.7391304347826,
    "precision": 67.3469387755102,
    "recall": 76.74418604651163,
    "tp": 66,
    "fp": 32,
    "fn": 20
  },
  "jaccard": [
    0.8013698630136986
  ],
  "braycurtis": [
    0.6979166666666666
  ],
  "dice": [
    0.6685714285714286
  ],
  "cosinus": [
    0.6661079950526788
  ]
}