{
  "voc_eval_res": {
    "precision": 50.0,
    "recall": 58.3333,
    "f-score": 53.8462
  },
  "KL_res": {
    "KL divergence": 2.3519400877964505,
    "Euclidean Dist.": 0.2905932629027116,
    "WER": 0.8,
    "CER": 0.4380952380952381,
    "Cosine Dist.": 0.30689671991632816
  },
  "occ_eval_res": {
    "precision": 45.0,
    "recall": 60.0,
    "f-score": 51.4286
  },
  "clean_eval": {
    "f-score": 65.38461538461539,
    "precision": 70.0,
    "recall": 61.34020618556701,
    "tp": 119,
    "fp": 51,
    "fn": 75
  },
  "jaccard": [
    0.37037037037037035
  ],
  "braycurtis": [
    0.27467811158798283
  ],
  "dice": [
    0.22727272727272727
  ],
  "cosinus": [
    0.23775255290016695
  ]
}