{
  "voc_eval_res": {
    "precision": 55.0,
    "recall": 55.0,
    "f-score": 55.0
  },
  "KL_res": {
    "KL divergence": 2.0673442908624162,
    "Euclidean Dist.": 0.1979345455747703,
    "WER": 0.6086956521739131,
    "CER": 0.4161073825503356,
    "Cosine Dist.": 0.21572163828946134
  },
  "occ_eval_res": {
    "precision": 59.0909,
    "recall": 56.5217,
    "f-score": 57.7778
  },
  "clean_eval": {
    "f-score": 45.16129032258065,
    "precision": 46.28099173553719,
    "recall": 44.09448818897638,
    "tp": 112,
    "fp": 130,
    "fn": 142
  },
  "jaccard": [
    0.4763636363636364
  ],
  "braycurtis": [
    0.32081911262798635
  ],
  "dice": [
    0.3126491646778043
  ],
  "cosinus": [
    0.22301718375619228
  ]
}