{
  "voc_eval_res": {
    "precision": 58.3333,
    "recall": 41.1765,
    "f-score": 48.2759
  },
  "KL_res": {
    "KL divergence": 4.020884017411228,
    "Euclidean Dist.": 0.3146076050126432,
    "WER": 0.6818181818181818,
    "CER": 0.5434782608695652,
    "Cosine Dist.": 0.3969773108444725
  },
  "occ_eval_res": {
    "precision": 61.5385,
    "recall": 36.3636,
    "f-score": 45.7143
  },
  "clean_eval": {
    "f-score": 66.43835616438356,
    "precision": 61.39240506329114,
    "recall": 72.38805970149254,
    "tp": 97,
    "fp": 61,
    "fn": 37
  },
  "jaccard": [
    0.616580310880829
  ],
  "braycurtis": [
    0.4745762711864407
  ],
  "dice": [
    0.44569288389513106
  ],
  "cosinus": [
    0.44056336600276325
  ]
}