{
  "voc_eval_res": {
    "precision": 68.75,
    "recall": 78.5714,
    "f-score": 73.3333
  },
  "KL_res": {
    "KL divergence": 1.0869326783640803,
    "Euclidean Dist.": 0.21918727235266072,
    "WER": 0.5333333333333333,
    "CER": 0.3584905660377358,
    "Cosine Dist.": 0.1871029806750607
  },
  "occ_eval_res": {
    "precision": 64.7059,
    "recall": 73.3333,
    "f-score": 68.75
  },
  "clean_eval": {
    "f-score": 59.09090909090909,
    "precision": 65.82278481012658,
    "recall": 53.608247422680414,
    "tp": 104,
    "fp": 54,
    "fn": 90
  },
  "jaccard": [
    0.34285714285714286
  ],
  "braycurtis": [
    0.18376068376068377
  ],
  "dice": [
    0.20689655172413793
  ],
  "cosinus": [
    0.10877497131413438
  ]
}