{
  "voc_eval_res": {
    "precision": 29.6296,
    "recall": 28.5714,
    "f-score": 29.0909
  },
  "KL_res": {
    "KL divergence": 4.643743064435614,
    "Euclidean Dist.": 0.2313350045214923,
    "WER": 0.8620689655172413,
    "CER": 0.5267857142857143,
    "Cosine Dist.": 0.5669344304313866
  },
  "occ_eval_res": {
    "precision": 29.6296,
    "recall": 27.5862,
    "f-score": 28.5714
  },
  "clean_eval": {
    "f-score": 31.84713375796179,
    "precision": 29.585798816568047,
    "recall": 34.48275862068966,
    "tp": 100,
    "fp": 238,
    "fn": 190
  },
  "jaccard": [
    0.5396825396825397
  ],
  "braycurtis": [
    0.3811881188118812
  ],
  "dice": [
    0.3695652173913043
  ],
  "cosinus": [
    0.2118757607913333
  ]
}