{
  "voc_eval_res": {
    "precision": 55.5556,
    "recall": 60.0,
    "f-score": 57.6923
  },
  "KL_res": {
    "KL divergence": 1.9033442363552757,
    "Euclidean Dist.": 0.19300069494871958,
    "WER": 0.696969696969697,
    "CER": 0.47107438016528924,
    "Cosine Dist.": 0.24745102064386115
  },
  "occ_eval_res": {
    "precision": 56.25,
    "recall": 54.5455,
    "f-score": 55.3846
  },
  "clean_eval": {
    "f-score": 20.789473684210527,
    "precision": 19.26829268292683,
    "recall": 22.57142857142857,
    "tp": 79,
    "fp": 331,
    "fn": 271
  },
  "jaccard": [
    0.4883720930232558
  ],
  "braycurtis": [
    0.31742738589211617
  ],
  "dice": [
    0.3230769230769231
  ],
  "cosinus": [
    0.1531755845815933
  ]
}