{
  "voc_eval_res": {
    "precision": 43.75,
    "recall": 50.0,
    "f-score": 46.6667
  },
  "KL_res": {
    "KL divergence": 2.9912574425898724,
    "Euclidean Dist.": 0.26913642187605696,
    "WER": 0.75,
    "CER": 0.5377358490566038,
    "Cosine Dist.": 0.3210652601667955
  },
  "occ_eval_res": {
    "precision": 44.4444,
    "recall": 50.0,
    "f-score": 47.0588
  },
  "clean_eval": {
    "f-score": 67.79661016949152,
    "precision": 70.17543859649122,
    "recall": 65.57377049180327,
    "tp": 120,
    "fp": 51,
    "fn": 63
  },
  "jaccard": [
    0.6415929203539823
  ],
  "braycurtis": [
    0.4950980392156863
  ],
  "dice": [
    0.4723127035830619
  ],
  "cosinus": [
    0.3918856816481774
  ]
}