{
  "voc_eval_res": {
    "precision": 53.8462,
    "recall": 58.3333,
    "f-score": 56.0
  },
  "KL_res": {
    "KL divergence": 1.9579880298000587,
    "Euclidean Dist.": 0.19622278678540128,
    "WER": 0.7777777777777778,
    "CER": 0.5572139303482587,
    "Cosine Dist.": 0.26304447333922376
  },
  "occ_eval_res": {
    "precision": 51.7241,
    "recall": 55.5556,
    "f-score": 53.5714
  },
  "clean_eval": {
    "f-score": 27.027027027027028,
    "precision": 26.490066225165563,
    "recall": 27.586206896551722,
    "tp": 80,
    "fp": 222,
    "fn": 210
  },
  "jaccard": [
    0.4619883040935672
  ],
  "braycurtis": [
    0.3168831168831169
  ],
  "dice": [
    0.30038022813688214
  ],
  "cosinus": [
    0.16705994936700364
  ]
}