{
  "voc_eval_res": {
    "precision": 20.0,
    "recall": 30.7692,
    "f-score": 24.2424
  },
  "KL_res": {
    "KL divergence": 4.339144905807726,
    "Euclidean Dist.": 0.30760309824226,
    "WER": 1.2142857142857142,
    "CER": 0.7184466019417476,
    "Cosine Dist.": 0.49183219395156064
  },
  "occ_eval_res": {
    "precision": 22.7273,
    "recall": 35.7143,
    "f-score": 27.7778
  },
  "clean_eval": {
    "f-score": 10.989010989010989,
    "precision": 12.658227848101266,
    "recall": 9.70873786407767,
    "tp": 20,
    "fp": 138,
    "fn": 186
  },
  "jaccard": [
    0.658273381294964
  ],
  "braycurtis": [
    0.49583333333333335
  ],
  "dice": [
    0.4906166219839142
  ],
  "cosinus": [
    0.38119164603083155
  ]
}