{
  "voc_eval_res": {
    "precision": 26.6667,
    "recall": 33.3333,
    "f-score": 29.6296
  },
  "KL_res": {
    "KL divergence": 4.0128951117037435,
    "Euclidean Dist.": 0.23811433703160337,
    "WER": 1.08,
    "CER": 0.7309941520467836,
    "Cosine Dist.": 0.5267514757196989
  },
  "occ_eval_res": {
    "precision": 25.0,
    "recall": 32.0,
    "f-score": 28.0702
  },
  "clean_eval": {
    "f-score": 20.552147239263803,
    "precision": 23.103448275862068,
    "recall": 18.50828729281768,
    "tp": 67,
    "fp": 223,
    "fn": 295
  },
  "jaccard": [
    0.5412087912087912
  ],
  "braycurtis": [
    0.40441176470588236
  ],
  "dice": [
    0.3709981167608286
  ],
  "cosinus": [
    0.2064153477333206
  ]
}