{
  "voc_eval_res": {
    "precision": 76.9231,
    "recall": 76.9231,
    "f-score": 76.9231
  },
  "KL_res": {
    "KL divergence": 1.0646972083448225,
    "Euclidean Dist.": 0.17496355305594127,
    "WER": 0.42857142857142855,
    "CER": 0.2777777777777778,
    "Cosine Dist.": 0.10344827586206884
  },
  "occ_eval_res": {
    "precision": 78.5714,
    "recall": 78.5714,
    "f-score": 78.5714
  },
  "clean_eval": {
    "f-score": 64.55696202531645,
    "precision": 69.86301369863014,
    "recall": 60.0,
    "tp": 102,
    "fp": 44,
    "fn": 68
  },
  "jaccard": [
    0.30978260869565216
  ],
  "braycurtis": [
    0.16289592760180996
  ],
  "dice": [
    0.1832797427652733
  ],
  "cosinus": [
    0.0883054892601437
  ]
}