{
  "voc_eval_res": {
    "precision": 10.0,
    "recall": 50.0,
    "f-score": 16.6667
  },
  "KL_res": {
    "KL divergence": 4.368512190619457,
    "Euclidean Dist.": 0.8124038404635961,
    "WER": 4.5,
    "CER": 3.4705882352941178,
    "Cosine Dist.": 0.6518446880886044
  },
  "occ_eval_res": {
    "precision": 10.0,
    "recall": 50.0,
    "f-score": 16.6667
  },
  "clean_eval": {
    "f-score": 29.411764705882355,
    "precision": 76.92307692307693,
    "recall": 18.181818181818183,
    "tp": 20,
    "fp": 6,
    "fn": 90
  },
  "jaccard": [
    0.8045112781954887
  ],
  "braycurtis": [
    0.6813186813186813
  ],
  "dice": [
    0.6729559748427673
  ],
  "cosinus": [
    0.5173129036458164
  ]
}