{
  "voc_eval_res": {
    "precision": 41.6667,
    "recall": 62.5,
    "f-score": 50.0
  },
  "KL_res": {
    "KL divergence": 2.025496123705407,
    "Euclidean Dist.": 0.31170226544975166,
    "WER": 0.8888888888888888,
    "CER": 0.44155844155844154,
    "Cosine Dist.": 0.23461620282409623
  },
  "occ_eval_res": {
    "precision": 46.1538,
    "recall": 66.6667,
    "f-score": 54.5455
  },
  "clean_eval": {
    "f-score": 63.11475409836065,
    "precision": 70.0,
    "recall": 57.46268656716418,
    "tp": 77,
    "fp": 33,
    "fn": 57
  },
  "jaccard": [
    0.38461538461538464
  ],
  "braycurtis": [
    0.23493975903614459
  ],
  "dice": [
    0.23809523809523808
  ],
  "cosinus": [
    0.18128304983285504
  ]
}