{
  "voc_eval_res": {
    "precision": 44.4444,
    "recall": 42.8571,
    "f-score": 43.6364
  },
  "KL_res": {
    "KL divergence": 2.7196537357330888,
    "Euclidean Dist.": 0.20008312407555395,
    "WER": 0.625,
    "CER": 0.46825396825396826,
    "Cosine Dist.": 0.29325817717644065
  },
  "occ_eval_res": {
    "precision": 48.2759,
    "recall": 43.75,
    "f-score": 45.9016
  },
  "clean_eval": {
    "f-score": 13.609467455621301,
    "precision": 12.299465240641712,
    "recall": 15.2317880794702,
    "tp": 46,
    "fp": 328,
    "fn": 256
  },
  "jaccard": [
    0.513189448441247
  ],
  "braycurtis": [
    0.34279918864097364
  ],
  "dice": [
    0.34516129032258064
  ],
  "cosinus": [
    0.1776022466168482
  ]
}