{
  "voc_eval_res": {
    "precision": 10.0,
    "recall": 11.1111,
    "f-score": 10.5263
  },
  "KL_res": {
    "KL divergence": 6.906547913132568,
    "Euclidean Dist.": 0.3074185629390428,
    "WER": 1.1111111111111112,
    "CER": 0.8090909090909091,
    "Cosine Dist.": 0.8093074821508816
  },
  "occ_eval_res": {
    "precision": 10.0,
    "recall": 11.1111,
    "f-score": 10.5263
  },
  "clean_eval": {
    "f-score": 22.872340425531913,
    "precision": 25.294117647058822,
    "recall": 20.87378640776699,
    "tp": 43,
    "fp": 127,
    "fn": 163
  },
  "jaccard": [
    0.8038585209003215
  ],
  "braycurtis": [
    0.6774193548387096
  ],
  "dice": [
    0.6720430107526881
  ],
  "cosinus": [
    0.5571805780776723
  ]
}