{
  "voc_eval_res": {
    "precision": 50.0,
    "recall": 63.6364,
    "f-score": 56.0
  },
  "KL_res": {
    "KL divergence": 2.1568163016201964,
    "Euclidean Dist.": 0.2927969049498464,
    "WER": 0.8181818181818182,
    "CER": 0.40229885057471265,
    "Cosine Dist.": 0.32642468594543683
  },
  "occ_eval_res": {
    "precision": 46.6667,
    "recall": 63.6364,
    "f-score": 53.8462
  },
  "clean_eval": {
    "f-score": 65.67164179104478,
    "precision": 72.1311475409836,
    "recall": 60.273972602739725,
    "tp": 88,
    "fp": 34,
    "fn": 58
  },
  "jaccard": [
    0.37
  ],
  "braycurtis": [
    0.266304347826087
  ],
  "dice": [
    0.22699386503067484
  ],
  "cosinus": [
    0.2259186596743703
  ]
}