{
  "voc_eval_res": {
    "precision": 57.1429,
    "recall": 25.0,
    "f-score": 34.7826
  },
  "KL_res": {
    "KL divergence": 3.4114619808025064,
    "Euclidean Dist.": 0.33561717609337116,
    "WER": 0.7083333333333334,
    "CER": 0.6511627906976745,
    "Cosine Dist.": 0.1740638386438944
  },
  "occ_eval_res": {
    "precision": 70.0,
    "recall": 29.1667,
    "f-score": 41.1765
  },
  "clean_eval": {
    "f-score": 43.75,
    "precision": 30.76923076923077,
    "recall": 75.67567567567568,
    "tp": 56,
    "fp": 126,
    "fn": 18
  },
  "jaccard": [
    0.7628205128205128
  ],
  "braycurtis": [
    0.5916666666666667
  ],
  "dice": [
    0.616580310880829
  ],
  "cosinus": [
    0.33362698676313696
  ]
}