{
  "voc_eval_res": {
    "precision": 53.3333,
    "recall": 50.0,
    "f-score": 51.6129
  },
  "KL_res": {
    "KL divergence": 2.516507468333113,
    "Euclidean Dist.": 0.25531389540169014,
    "WER": 0.7777777777777778,
    "CER": 0.7653061224489796,
    "Cosine Dist.": 0.3049519531430841
  },
  "occ_eval_res": {
    "precision": 53.3333,
    "recall": 44.4444,
    "f-score": 48.4848
  },
  "clean_eval": {
    "f-score": 56.09065155807367,
    "precision": 54.395604395604394,
    "recall": 57.89473684210527,
    "tp": 99,
    "fp": 83,
    "fn": 72
  },
  "jaccard": [
    0.48623853211009177
  ],
  "braycurtis": [
    0.3181818181818182
  ],
  "dice": [
    0.3212121212121212
  ],
  "cosinus": [
    0.25041527622089876
  ]
}