{
  "voc_eval_res": {
    "precision": 37.037,
    "recall": 47.619,
    "f-score": 41.6667
  },
  "KL_res": {
    "KL divergence": 2.6903897886979875,
    "Euclidean Dist.": 0.20099053945844278,
    "WER": 1.1304347826086956,
    "CER": 0.8059701492537313,
    "Cosine Dist.": 0.26042123868647593
  },
  "occ_eval_res": {
    "precision": 37.5,
    "recall": 52.1739,
    "f-score": 43.6364
  },
  "clean_eval": {
    "f-score": 20.0,
    "precision": 23.853211009174313,
    "recall": 17.218543046357617,
    "tp": 52,
    "fp": 166,
    "fn": 250
  },
  "jaccard": [
    0.6747720364741642
  ],
  "braycurtis": [
    0.49146757679180886
  ],
  "dice": [
    0.5091743119266054
  ],
  "cosinus": [
    0.31852183269218015
  ]
}