{
  "voc_eval_res": {
    "precision": 50.0,
    "recall": 33.3333,
    "f-score": 40.0
  },
  "KL_res": {
    "KL divergence": 4.359729598767698,
    "Euclidean Dist.": 0.2702590254337538,
    "WER": 0.6923076923076923,
    "CER": 0.547486033519553,
    "Cosine Dist.": 0.47018705717398257
  },
  "occ_eval_res": {
    "precision": 50.0,
    "recall": 30.7692,
    "f-score": 38.0952
  },
  "clean_eval": {
    "f-score": 35.21739130434783,
    "precision": 27.93103448275862,
    "recall": 47.647058823529406,
    "tp": 81,
    "fp": 209,
    "fn": 89
  },
  "jaccard": [
    0.6114864864864865
  ],
  "braycurtis": [
    0.4910394265232975
  ],
  "dice": [
    0.44038929440389296
  ],
  "cosinus": [
    0.3226570985533861
  ]
}