{
  "voc_eval_res": {
    "precision": 28.5714,
    "recall": 33.3333,
    "f-score": 30.7692
  },
  "KL_res": {
    "KL divergence": 4.900740400078535,
    "Euclidean Dist.": 0.46413306403852206,
    "WER": 0.8333333333333334,
    "CER": 1.0357142857142858,
    "Cosine Dist.": 0.5285954792089684
  },
  "occ_eval_res": {
    "precision": 28.5714,
    "recall": 33.3333,
    "f-score": 30.7692
  },
  "clean_eval": {
    "f-score": 64.51612903225806,
    "precision": 80.0,
    "recall": 54.054054054054056,
    "tp": 40,
    "fp": 10,
    "fn": 34
  },
  "jaccard": [
    0.8035714285714286
  ],
  "braycurtis": [
    0.6944444444444444
  ],
  "dice": [
    0.6716417910447762
  ],
  "cosinus": [
    0.6447718659776084
  ]
}