{
  "voc_eval_res": {
    "precision": 57.1429,
    "recall": 50.0,
    "f-score": 53.3333
  },
  "KL_res": {
    "KL divergence": 3.1130751533132854,
    "Euclidean Dist.": 0.32584205948816564,
    "WER": 0.9047619047619048,
    "CER": 0.75,
    "Cosine Dist.": 0.34003367089255554
  },
  "occ_eval_res": {
    "precision": 45.4545,
    "recall": 47.619,
    "f-score": 46.5116
  },
  "clean_eval": {
    "f-score": 22.81553398058253,
    "precision": 25.82417582417583,
    "recall": 20.434782608695652,
    "tp": 47,
    "fp": 135,
    "fn": 183
  },
  "jaccard": [
    0.5595854922279793
  ],
  "braycurtis": [
    0.46835443037974683
  ],
  "dice": [
    0.38848920863309355
  ],
  "cosinus": [
    0.3341282225176716
  ]
}