{
  "voc_eval_res": {
    "precision": 40.0,
    "recall": 42.8571,
    "f-score": 41.3793
  },
  "KL_res": {
    "KL divergence": 3.8575705580905564,
    "Euclidean Dist.": 0.30979383825735174,
    "WER": 0.9333333333333333,
    "CER": 0.9577464788732394,
    "Cosine Dist.": 0.4892460815447508
  },
  "occ_eval_res": {
    "precision": 37.5,
    "recall": 40.0,
    "f-score": 38.7097
  },
  "clean_eval": {
    "f-score": 37.67123287671233,
    "precision": 41.04477611940299,
    "recall": 34.810126582278485,
    "tp": 55,
    "fp": 79,
    "fn": 103
  },
  "jaccard": [
    0.7922077922077922
  ],
  "braycurtis": [
    0.6964285714285714
  ],
  "dice": [
    0.6559139784946236
  ],
  "cosinus": [
    0.6819860979298266
  ]
}