{
  "voc_eval_res": {
    "precision": 65.2174,
    "recall": 68.1818,
    "f-score": 66.6667
  },
  "KL_res": {
    "KL divergence": 1.7578463687653976,
    "Euclidean Dist.": 0.24693678903269514,
    "WER": 0.72,
    "CER": 0.43478260869565216,
    "Cosine Dist.": 0.36371523702422215
  },
  "occ_eval_res": {
    "precision": 50.0,
    "recall": 60.0,
    "f-score": 54.5455
  },
  "clean_eval": {
    "f-score": 44.827586206896555,
    "precision": 46.76258992805755,
    "recall": 43.04635761589404,
    "tp": 130,
    "fp": 148,
    "fn": 172
  },
  "jaccard": [
    0.38127090301003347
  ],
  "braycurtis": [
    0.29336734693877553
  ],
  "dice": [
    0.23553719008264462
  ],
  "cosinus": [
    0.1807320408269738
  ]
}