{
  "voc_eval_res": {
    "precision": 52.9412,
    "recall": 64.2857,
    "f-score": 58.0645
  },
  "KL_res": {
    "KL divergence": 2.101569664410306,
    "Euclidean Dist.": 0.2535209127184493,
    "WER": 0.8947368421052632,
    "CER": 0.5196850393700787,
    "Cosine Dist.": 0.2710308975975767
  },
  "occ_eval_res": {
    "precision": 55.0,
    "recall": 57.8947,
    "f-score": 56.4103
  },
  "clean_eval": {
    "f-score": 23.300970873786408,
    "precision": 23.300970873786408,
    "recall": 23.300970873786408,
    "tp": 48,
    "fp": 158,
    "fn": 158
  },
  "jaccard": [
    0.44660194174757284
  ],
  "braycurtis": [
    0.27848101265822783
  ],
  "dice": [
    0.2875
  ],
  "cosinus": [
    0.145304118118584
  ]
}