{
  "voc_eval_res": {
    "precision": 40.0,
    "recall": 57.1429,
    "f-score": 47.0588
  },
  "KL_res": {
    "KL divergence": 2.3106656090019855,
    "Euclidean Dist.": 0.33575651597032175,
    "WER": 1.0,
    "CER": 0.6268656716417911,
    "Cosine Dist.": 0.24074339763470332
  },
  "occ_eval_res": {
    "precision": 45.4545,
    "recall": 62.5,
    "f-score": 52.6316
  },
  "clean_eval": {
    "f-score": 50.96153846153846,
    "precision": 54.08163265306123,
    "recall": 48.18181818181818,
    "tp": 53,
    "fp": 45,
    "fn": 57
  },
  "jaccard": [
    0.5228758169934641
  ],
  "braycurtis": [
    0.3235294117647059
  ],
  "dice": [
    0.35398230088495575
  ],
  "cosinus": [
    0.2427075327344872
  ]
}