{
  "voc_eval_res": {
    "precision": 36.3636,
    "recall": 50.0,
    "f-score": 42.1053
  },
  "KL_res": {
    "KL divergence": 2.1960421039263265,
    "Euclidean Dist.": 0.3162354980306297,
    "WER": 0.8181818181818182,
    "CER": 0.5074626865671642,
    "Cosine Dist.": 0.22699879418106284
  },
  "occ_eval_res": {
    "precision": 46.1538,
    "recall": 54.5455,
    "f-score": 50.0
  },
  "clean_eval": {
    "f-score": 76.36363636363637,
    "precision": 76.36363636363637,
    "recall": 76.36363636363637,
    "tp": 84,
    "fp": 26,
    "fn": 26
  },
  "jaccard": [
    0.6
  ],
  "braycurtis": [
    0.3925925925925926
  ],
  "dice": [
    0.42857142857142855
  ],
  "cosinus": [
    0.2726939711691585
  ]
}