{
  "voc_eval_res": {
    "precision": 47.619,
    "recall": 38.4615,
    "f-score": 42.5532
  },
  "KL_res": {
    "KL divergence": 3.735679378417134,
    "Euclidean Dist.": 0.24245009279287583,
    "WER": 0.8125,
    "CER": 0.6225165562913907,
    "Cosine Dist.": 0.39931915537737783
  },
  "occ_eval_res": {
    "precision": 52.1739,
    "recall": 37.5,
    "f-score": 43.6364
  },
  "clean_eval": {
    "f-score": 50.30927835051546,
    "precision": 50.20576131687243,
    "recall": 50.413223140495866,
    "tp": 122,
    "fp": 121,
    "fn": 120
  },
  "jaccard": [
    0.565625
  ],
  "braycurtis": [
    0.4339622641509434
  ],
  "dice": [
    0.39433551198257083
  ],
  "cosinus": [
    0.34492494446789834
  ]
}