{
  "voc_eval_res": {
    "precision": 28.5714,
    "recall": 18.1818,
    "f-score": 22.2222
  },
  "KL_res": {
    "KL divergence": 6.254955381225104,
    "Euclidean Dist.": 0.43268392854435533,
    "WER": 0.9090909090909091,
    "CER": 0.6351351351351351,
    "Cosine Dist.": 0.6301998691831806
  },
  "occ_eval_res": {
    "precision": 28.5714,
    "recall": 18.1818,
    "f-score": 22.2222
  },
  "clean_eval": {
    "f-score": 36.53846153846153,
    "precision": 28.35820895522388,
    "recall": 51.35135135135135,
    "tp": 38,
    "fp": 96,
    "fn": 36
  },
  "jaccard": [
    0.7088607594936709
  ],
  "braycurtis": [
    0.5811965811965812
  ],
  "dice": [
    0.5490196078431373
  ],
  "cosinus": [
    0.47887709980907667
  ]
}