{
  "voc_eval_res": {
    "precision": 41.6667,
    "recall": 38.4615,
    "f-score": 40.0
  },
  "KL_res": {
    "KL divergence": 3.2426962079478034,
    "Euclidean Dist.": 0.314948596160961,
    "WER": 0.9333333333333333,
    "CER": 0.6538461538461539,
    "Cosine Dist.": 0.3649147038914117
  },
  "occ_eval_res": {
    "precision": 41.1765,
    "recall": 46.6667,
    "f-score": 43.75
  },
  "clean_eval": {
    "f-score": 52.4390243902439,
    "precision": 54.43037974683544,
    "recall": 50.588235294117645,
    "tp": 86,
    "fp": 72,
    "fn": 84
  },
  "jaccard": [
    0.6796116504854369
  ],
  "braycurtis": [
    0.4595959595959596
  ],
  "dice": [
    0.5147058823529411
  ],
  "cosinus": [
    0.3170043836615366
  ]
}