{
  "voc_eval_res": {
    "precision": 30.0,
    "recall": 21.4286,
    "f-score": 25.0
  },
  "KL_res": {
    "KL divergence": 5.69053992684574,
    "Euclidean Dist.": 0.3619674131234265,
    "WER": 0.7857142857142857,
    "CER": 0.5739130434782609,
    "Cosine Dist.": 0.5963963236022126
  },
  "occ_eval_res": {
    "precision": 30.0,
    "recall": 21.4286,
    "f-score": 25.0
  },
  "clean_eval": {
    "f-score": 45.714285714285715,
    "precision": 37.64705882352941,
    "recall": 58.18181818181818,
    "tp": 64,
    "fp": 106,
    "fn": 46
  },
  "jaccard": [
    0.6637168141592921
  ],
  "braycurtis": [
    0.5268817204301075
  ],
  "dice": [
    0.4966887417218543
  ],
  "cosinus": [
    0.3880007863125927
  ]
}