{
  "voc_eval_res": {
    "precision": 52.1739,
    "recall": 46.1538,
    "f-score": 48.9796
  },
  "KL_res": {
    "KL divergence": 3.2858776149283124,
    "Euclidean Dist.": 0.21851969791617737,
    "WER": 0.6785714285714286,
    "CER": 0.5409836065573771,
    "Cosine Dist.": 0.3884233702748493
  },
  "occ_eval_res": {
    "precision": 52.1739,
    "recall": 42.8571,
    "f-score": 47.0588
  },
  "clean_eval": {
    "f-score": 36.61971830985915,
    "precision": 33.12101910828025,
    "recall": 40.94488188976378,
    "tp": 104,
    "fp": 210,
    "fn": 150
  },
  "jaccard": [
    0.5263157894736842
  ],
  "braycurtis": [
    0.4169184290030212
  ],
  "dice": [
    0.35714285714285715
  ],
  "cosinus": [
    0.2911129905407708
  ]
}