{
  "voc_eval_res": {
    "precision": 57.8947,
    "recall": 100.0,
    "f-score": 73.3333
  },
  "KL_res": {
    "KL divergence": 0.26786608266654705,
    "Euclidean Dist.": 0.21757131728816848,
    "WER": 0.6153846153846154,
    "CER": 0.40540540540540543,
    "Cosine Dist.": 0.10026458915756264
  },
  "occ_eval_res": {
    "precision": 61.9048,
    "recall": 100.0,
    "f-score": 76.4706
  },
  "clean_eval": {
    "f-score": 22.872340425531913,
    "precision": 27.21518987341772,
    "recall": 19.724770642201836,
    "tp": 43,
    "fp": 115,
    "fn": 175
  },
  "jaccard": [
    0.2926829268292683
  ],
  "braycurtis": [
    0.17424242424242425
  ],
  "dice": [
    0.17142857142857143
  ],
  "cosinus": [
    0.0779483135393697
  ]
}