{
  "voc_eval_res": {
    "precision": 36.0,
    "recall": 45.0,
    "f-score": 40.0
  },
  "KL_res": {
    "KL divergence": 1.8323331582329856,
    "Euclidean Dist.": 0.21226044049413784,
    "WER": 0.65625,
    "CER": 0.37104072398190047,
    "Cosine Dist.": 0.14705099276222866
  },
  "occ_eval_res": {
    "precision": 47.2222,
    "recall": 53.125,
    "f-score": 50.0
  },
  "clean_eval": {
    "f-score": 20.994475138121548,
    "precision": 21.714285714285715,
    "recall": 20.32085561497326,
    "tp": 76,
    "fp": 274,
    "fn": 298
  },
  "jaccard": [
    0.56875
  ],
  "braycurtis": [
    0.2987012987012987
  ],
  "dice": [
    0.39737991266375544
  ],
  "cosinus": [
    0.10023107921679786
  ]
}