{
  "voc_eval_res": {
    "precision": 53.3333,
    "recall": 47.0588,
    "f-score": 50.0
  },
  "KL_res": {
    "KL divergence": 2.4076132323717294,
    "Euclidean Dist.": 0.26461798075142484,
    "WER": 0.7142857142857143,
    "CER": 0.3211009174311927,
    "Cosine Dist.": 0.31260021984855424
  },
  "occ_eval_res": {
    "precision": 53.3333,
    "recall": 38.0952,
    "f-score": 44.4444
  },
  "clean_eval": {
    "f-score": 37.22397476340694,
    "precision": 32.417582417582416,
    "recall": 43.7037037037037,
    "tp": 59,
    "fp": 123,
    "fn": 76
  },
  "jaccard": [
    0.3785310734463277
  ],
  "braycurtis": [
    0.25757575757575757
  ],
  "dice": [
    0.23344947735191637
  ],
  "cosinus": [
    0.15626702375356005
  ]
}