{
  "voc_eval_res": {
    "precision": 42.8571,
    "recall": 54.5455,
    "f-score": 48.0
  },
  "KL_res": {
    "KL divergence": 2.531850460902401,
    "Euclidean Dist.": 0.3083769963568719,
    "WER": 0.8333333333333334,
    "CER": 0.5058823529411764,
    "Cosine Dist.": 0.3472466342317805
  },
  "occ_eval_res": {
    "precision": 42.8571,
    "recall": 50.0,
    "f-score": 46.1538
  },
  "clean_eval": {
    "f-score": 60.068259385665534,
    "precision": 55.69620253164557,
    "recall": 65.18518518518519,
    "tp": 88,
    "fp": 70,
    "fn": 47
  },
  "jaccard": [
    0.55
  ],
  "braycurtis": [
    0.3684210526315789
  ],
  "dice": [
    0.3793103448275862
  ],
  "cosinus": [
    0.2705634987171486
  ]
}