{
  "voc_eval_res": {
    "precision": 45.8333,
    "recall": 61.1111,
    "f-score": 52.381
  },
  "KL_res": {
    "KL divergence": 2.1217780795644474,
    "Euclidean Dist.": 0.2574364596597909,
    "WER": 0.7272727272727273,
    "CER": 0.5224719101123596,
    "Cosine Dist.": 0.35593881128046934
  },
  "occ_eval_res": {
    "precision": 45.8333,
    "recall": 50.0,
    "f-score": 47.8261
  },
  "clean_eval": {
    "f-score": 36.15384615384616,
    "precision": 35.338345864661655,
    "recall": 37.00787401574803,
    "tp": 94,
    "fp": 172,
    "fn": 160
  },
  "jaccard": [
    0.468944099378882
  ],
  "braycurtis": [
    0.34818941504178275
  ],
  "dice": [
    0.30628803245436104
  ],
  "cosinus": [
    0.21959464915753035
  ]
}