{
  "voc_eval_res": {
    "precision": 28.5714,
    "recall": 58.8235,
    "f-score": 38.4615
  },
  "KL_res": {
    "KL divergence": 2.2105444304841653,
    "Euclidean Dist.": 0.272824802743934,
    "WER": 1.45,
    "CER": 0.9066666666666666,
    "Cosine Dist.": 0.3731625648798347
  },
  "occ_eval_res": {
    "precision": 29.2683,
    "recall": 60.0,
    "f-score": 39.3443
  },
  "clean_eval": {
    "f-score": 24.770642201834857,
    "precision": 36.81818181818181,
    "recall": 18.663594470046082,
    "tp": 81,
    "fp": 139,
    "fn": 353
  },
  "jaccard": [
    0.6363636363636364
  ],
  "braycurtis": [
    0.4563106796116505
  ],
  "dice": [
    0.4666666666666667
  ],
  "cosinus": [
    0.3027083259657293
  ]
}