{
  "voc_eval_res": {
    "precision": 63.6364,
    "recall": 53.8462,
    "f-score": 58.3333
  },
  "KL_res": {
    "KL divergence": 2.6387996702784533,
    "Euclidean Dist.": 0.28263343185959744,
    "WER": 0.5384615384615384,
    "CER": 0.3020833333333333,
    "Cosine Dist.": 0.26970325665977857
  },
  "occ_eval_res": {
    "precision": 58.3333,
    "recall": 53.8462,
    "f-score": 56.0
  },
  "clean_eval": {
    "f-score": 71.09374999999999,
    "precision": 67.91044776119402,
    "recall": 74.59016393442623,
    "tp": 91,
    "fp": 43,
    "fn": 31
  },
  "jaccard": [
    0.5148514851485149
  ],
  "braycurtis": [
    0.37222222222222223
  ],
  "dice": [
    0.3466666666666667
  ],
  "cosinus": [
    0.2774148816042785
  ]
}