{
  "voc_eval_res": {
    "precision": 26.087,
    "recall": 31.5789,
    "f-score": 28.5714
  },
  "KL_res": {
    "KL divergence": 4.4921046639430795,
    "Euclidean Dist.": 0.26193979781485277,
    "WER": 1.1578947368421053,
    "CER": 0.8776978417266187,
    "Cosine Dist.": 0.5267136173520307
  },
  "occ_eval_res": {
    "precision": 25.0,
    "recall": 31.5789,
    "f-score": 27.907
  },
  "clean_eval": {
    "f-score": 23.1404958677686,
    "precision": 27.184466019417474,
    "recall": 20.14388489208633,
    "tp": 56,
    "fp": 150,
    "fn": 222
  },
  "jaccard": [
    0.6046511627906976
  ],
  "braycurtis": [
    0.5
  ],
  "dice": [
    0.43333333333333335
  ],
  "cosinus": [
    0.4000596395441335
  ]
}