{
  "voc_eval_res": {
    "precision": 45.4545,
    "recall": 38.4615,
    "f-score": 41.6667
  },
  "KL_res": {
    "KL divergence": 4.928581387576994,
    "Euclidean Dist.": 0.36879015293190737,
    "WER": 0.7058823529411765,
    "CER": 0.37037037037037035,
    "Cosine Dist.": 0.5580582617584078
  },
  "occ_eval_res": {
    "precision": 45.4545,
    "recall": 29.4118,
    "f-score": 35.7143
  },
  "clean_eval": {
    "f-score": 59.70149253731343,
    "precision": 50.63291139240506,
    "recall": 72.72727272727273,
    "tp": 80,
    "fp": 78,
    "fn": 30
  },
  "jaccard": [
    0.5833333333333334
  ],
  "braycurtis": [
    0.4605263157894737
  ],
  "dice": [
    0.4117647058823529
  ],
  "cosinus": [
    0.45381861231638776
  ]
}