{
  "voc_eval_res": {
    "precision": 60.0,
    "recall": 36.3636,
    "f-score": 45.283
  },
  "KL_res": {
    "KL divergence": 3.479521514078745,
    "Euclidean Dist.": 0.2182820625326997,
    "WER": 0.7647058823529411,
    "CER": 0.5446009389671361,
    "Cosine Dist.": 0.35640409706516163
  },
  "occ_eval_res": {
    "precision": 60.0,
    "recall": 35.2941,
    "f-score": 44.4444
  },
  "clean_eval": {
    "f-score": 12.589928057553957,
    "precision": 10.355029585798817,
    "recall": 16.055045871559635,
    "tp": 35,
    "fp": 303,
    "fn": 183
  },
  "jaccard": [
    0.5549295774647888
  ],
  "braycurtis": [
    0.40793201133144474
  ],
  "dice": [
    0.3840155945419103
  ],
  "cosinus": [
    0.20742110881262077
  ]
}