{
  "voc_eval_res": {
    "precision": 55.5556,
    "recall": 43.4783,
    "f-score": 48.7805
  },
  "KL_res": {
    "KL divergence": 3.0657427593085265,
    "Euclidean Dist.": 0.24479702765718178,
    "WER": 0.7692307692307693,
    "CER": 0.46405228758169936,
    "Cosine Dist.": 0.35640409706516163
  },
  "occ_eval_res": {
    "precision": 52.6316,
    "recall": 38.4615,
    "f-score": 44.4444
  },
  "clean_eval": {
    "f-score": 20.982142857142854,
    "precision": 19.421487603305785,
    "recall": 22.815533980582526,
    "tp": 47,
    "fp": 195,
    "fn": 159
  },
  "jaccard": [
    0.44086021505376344
  ],
  "braycurtis": [
    0.33993399339933994
  ],
  "dice": [
    0.2827586206896552
  ],
  "cosinus": [
    0.2161679484126453
  ]
}