{
  "voc_eval_res": {
    "precision": 41.3043,
    "recall": 45.2381,
    "f-score": 43.1818
  },
  "KL_res": {
    "KL divergence": 3.016792955526687,
    "Euclidean Dist.": 0.17796090600237582,
    "WER": 0.7547169811320755,
    "CER": 0.5717884130982368,
    "Cosine Dist.": 0.4217578321400872
  },
  "occ_eval_res": {
    "precision": 40.8163,
    "recall": 37.7358,
    "f-score": 39.2157
  },
  "clean_eval": {
    "f-score": 17.65734265734266,
    "precision": 17.11864406779661,
    "recall": 18.231046931407942,
    "tp": 101,
    "fp": 489,
    "fn": 453
  },
  "jaccard": [
    0.5035460992907801
  ],
  "braycurtis": [
    0.39397905759162305
  ],
  "dice": [
    0.33649289099526064
  ],
  "cosinus": [
    0.22880965514749252
  ]
}