{
  "voc_eval_res": {
    "precision": 62.5,
    "recall": 52.6316,
    "f-score": 57.1429
  },
  "KL_res": {
    "KL divergence": 2.2558980822960883,
    "Euclidean Dist.": 0.20234204419018986,
    "WER": 0.5238095238095238,
    "CER": 0.38095238095238093,
    "Cosine Dist.": 0.18928865289897612
  },
  "occ_eval_res": {
    "precision": 66.6667,
    "recall": 57.1429,
    "f-score": 61.5385
  },
  "clean_eval": {
    "f-score": 67.4757281553398,
    "precision": 63.76146788990825,
    "recall": 71.64948453608247,
    "tp": 139,
    "fp": 79,
    "fn": 55
  },
  "jaccard": [
    0.5338345864661654
  ],
  "braycurtis": [
    0.332089552238806
  ],
  "dice": [
    0.3641025641025641
  ],
  "cosinus": [
    0.19146836961937885
  ]
}