{
  "voc_eval_res": {
    "precision": 28.5714,
    "recall": 47.0588,
    "f-score": 35.5556
  },
  "KL_res": {
    "KL divergence": 3.3228195547836568,
    "Euclidean Dist.": 0.260710247676424,
    "WER": 1.2941176470588236,
    "CER": 0.8853503184713376,
    "Cosine Dist.": 0.48758990782372114
  },
  "occ_eval_res": {
    "precision": 27.5862,
    "recall": 47.0588,
    "f-score": 34.7826
  },
  "clean_eval": {
    "f-score": 13.076923076923078,
    "precision": 16.50485436893204,
    "recall": 10.828025477707007,
    "tp": 34,
    "fp": 172,
    "fn": 280
  },
  "jaccard": [
    0.5353260869565217
  ],
  "braycurtis": [
    0.42317380352644834
  ],
  "dice": [
    0.3654916512059369
  ],
  "cosinus": [
    0.26193875628971774
  ]
}