{
  "voc_eval_res": {
    "precision": 50.0,
    "recall": 42.8571,
    "f-score": 46.1538
  },
  "KL_res": {
    "KL divergence": 3.7828289899884022,
    "Euclidean Dist.": 0.41032590332414487,
    "WER": 0.7142857142857143,
    "CER": 0.5862068965517241,
    "Cosine Dist.": 0.36754446796632423
  },
  "occ_eval_res": {
    "precision": 50.0,
    "recall": 42.8571,
    "f-score": 46.1538
  },
  "clean_eval": {
    "f-score": 67.56756756756758,
    "precision": 58.139534883720934,
    "recall": 80.64516129032258,
    "tp": 50,
    "fp": 36,
    "fn": 12
  },
  "jaccard": [
    0.7153846153846154
  ],
  "braycurtis": [
    0.5555555555555556
  ],
  "dice": [
    0.5568862275449101
  ],
  "cosinus": [
    0.4717294562046257
  ]
}