{
  "voc_eval_res": {
    "precision": 33.3333,
    "recall": 28.5714,
    "f-score": 30.7692
  },
  "KL_res": {
    "KL divergence": 5.282405482282916,
    "Euclidean Dist.": 0.46413306403852206,
    "WER": 0.8571428571428571,
    "CER": 0.6271186440677966,
    "Cosine Dist.": 0.5285954792089684
  },
  "occ_eval_res": {
    "precision": 33.3333,
    "recall": 28.5714,
    "f-score": 30.7692
  },
  "clean_eval": {
    "f-score": 62.16216216216216,
    "precision": 53.48837209302325,
    "recall": 74.19354838709677,
    "tp": 46,
    "fp": 40,
    "fn": 16
  },
  "jaccard": [
    0.7816901408450704
  ],
  "braycurtis": [
    0.6595744680851063
  ],
  "dice": [
    0.6416184971098265
  ],
  "cosinus": [
    0.6188055139193025
  ]
}