{
  "voc_eval_res": {
    "precision": 27.5862,
    "recall": 50.0,
    "f-score": 35.5556
  },
  "KL_res": {
    "KL divergence": 3.1617582656675074,
    "Euclidean Dist.": 0.2674467755980202,
    "WER": 1.375,
    "CER": 0.855072463768116,
    "Cosine Dist.": 0.4836022205056777
  },
  "occ_eval_res": {
    "precision": 26.6667,
    "recall": 50.0,
    "f-score": 34.7826
  },
  "clean_eval": {
    "f-score": 24.999999999999993,
    "precision": 33.50515463917525,
    "recall": 19.938650306748464,
    "tp": 65,
    "fp": 129,
    "fn": 261
  },
  "jaccard": [
    0.5014005602240896
  ],
  "braycurtis": [
    0.40540540540540543
  ],
  "dice": [
    0.33457943925233646
  ],
  "cosinus": [
    0.28309238551610805
  ]
}