{
  "voc_eval_res": {
    "precision": 71.4286,
    "recall": 55.5556,
    "f-score": 62.5
  },
  "KL_res": {
    "KL divergence": 2.708560064658591,
    "Euclidean Dist.": 0.28428267689333947,
    "WER": 0.6666666666666666,
    "CER": 0.36752136752136755,
    "Cosine Dist.": 0.3675444679663241
  },
  "occ_eval_res": {
    "precision": 58.8235,
    "recall": 47.619,
    "f-score": 52.6316
  },
  "clean_eval": {
    "f-score": 56.59340659340659,
    "precision": 53.09278350515464,
    "recall": 60.588235294117645,
    "tp": 103,
    "fp": 91,
    "fn": 67
  },
  "jaccard": [
    0.47417840375586856
  ],
  "braycurtis": [
    0.3624454148471616
  ],
  "dice": [
    0.31076923076923074
  ],
  "cosinus": [
    0.23416826926458523
  ]
}