{
  "voc_eval_res": {
    "precision": 9.0909,
    "recall": 33.3333,
    "f-score": 14.2857
  },
  "KL_res": {
    "KL divergence": 5.654947917821465,
    "Euclidean Dist.": 0.6499275936220369,
    "WER": 3.3333333333333335,
    "CER": 2.8181818181818183,
    "Cosine Dist.": 0.7113248654051871
  },
  "occ_eval_res": {
    "precision": 9.0909,
    "recall": 33.3333,
    "f-score": 14.2857
  },
  "clean_eval": {
    "f-score": 33.75,
    "precision": 71.05263157894737,
    "recall": 22.131147540983605,
    "tp": 27,
    "fp": 11,
    "fn": 95
  },
  "jaccard": [
    0.8344370860927153
  ],
  "braycurtis": [
    0.7254901960784313
  ],
  "dice": [
    0.7159090909090909
  ],
  "cosinus": [
    0.6065476662661927
  ]
}