{
  "voc_eval_res": {
    "precision": 44.4444,
    "recall": 57.1429,
    "f-score": 50.0
  },
  "KL_res": {
    "KL divergence": 2.70730350112796,
    "Euclidean Dist.": 0.36196045241242475,
    "WER": 0.7142857142857143,
    "CER": 0.39655172413793105,
    "Cosine Dist.": 0.33100639199432735
  },
  "occ_eval_res": {
    "precision": 44.4444,
    "recall": 57.1429,
    "f-score": 50.0
  },
  "clean_eval": {
    "f-score": 72.82608695652173,
    "precision": 77.90697674418605,
    "recall": 68.36734693877551,
    "tp": 67,
    "fp": 19,
    "fn": 31
  },
  "jaccard": [
    0.5390070921985816
  ],
  "braycurtis": [
    0.38181818181818183
  ],
  "dice": [
    0.36893203883495146
  ],
  "cosinus": [
    0.34372997192253807
  ]
}