{
  "voc_eval_res": {
    "precision": 35.7143,
    "recall": 43.4783,
    "f-score": 39.2157
  },
  "KL_res": {
    "KL divergence": 3.1464147581525475,
    "Euclidean Dist.": 0.22084007842030487,
    "WER": 1.0,
    "CER": 0.6514285714285715,
    "Cosine Dist.": 0.38278660015163224
  },
  "occ_eval_res": {
    "precision": 37.5,
    "recall": 46.1538,
    "f-score": 41.3793
  },
  "clean_eval": {
    "f-score": 25.632377740303543,
    "precision": 28.57142857142857,
    "recall": 23.24159021406728,
    "tp": 76,
    "fp": 190,
    "fn": 251
  },
  "jaccard": [
    0.4984520123839009
  ],
  "braycurtis": [
    0.36910994764397903
  ],
  "dice": [
    0.3319587628865979
  ],
  "cosinus": [
    0.22775889568162455
  ]
}