{
  "voc_eval_res": {
    "precision": 33.3333,
    "recall": 50.0,
    "f-score": 40.0
  },
  "KL_res": {
    "KL divergence": 2.8077734089299455,
    "Euclidean Dist.": 0.23400557054037321,
    "WER": 1.263157894736842,
    "CER": 0.8913043478260869,
    "Cosine Dist.": 0.3553416287796959
  },
  "occ_eval_res": {
    "precision": 35.7143,
    "recall": 52.6316,
    "f-score": 42.5532
  },
  "clean_eval": {
    "f-score": 32.28346456692914,
    "precision": 39.80582524271845,
    "recall": 27.1523178807947,
    "tp": 82,
    "fp": 124,
    "fn": 220
  },
  "jaccard": [
    0.6761363636363636
  ],
  "braycurtis": [
    0.4794952681388013
  ],
  "dice": [
    0.5107296137339056
  ],
  "cosinus": [
    0.3375658727878008
  ]
}