{
  "voc_eval_res": {
    "precision": 27.5862,
    "recall": 38.0952,
    "f-score": 32.0
  },
  "KL_res": {
    "KL divergence": 4.166723435563703,
    "Euclidean Dist.": 0.27114917480973455,
    "WER": 1.12,
    "CER": 0.8538461538461538,
    "Cosine Dist.": 0.6086956521739131
  },
  "occ_eval_res": {
    "precision": 25.0,
    "recall": 32.0,
    "f-score": 28.0702
  },
  "clean_eval": {
    "f-score": 19.924812030075188,
    "precision": 24.31192660550459,
    "recall": 16.878980891719745,
    "tp": 53,
    "fp": 165,
    "fn": 261
  },
  "jaccard": [
    0.717032967032967
  ],
  "braycurtis": [
    0.6272727272727273
  ],
  "dice": [
    0.5588865096359743
  ],
  "cosinus": [
    0.5868025848325875
  ]
}