{
  "voc_eval_res": {
    "precision": 66.6667,
    "recall": 35.2941,
    "f-score": 46.1538
  },
  "KL_res": {
    "KL divergence": 3.7284972298690904,
    "Euclidean Dist.": 0.4225025921970211,
    "WER": 0.6666666666666666,
    "CER": 0.47706422018348627,
    "Cosine Dist.": 0.33427615188833637
  },
  "occ_eval_res": {
    "precision": 50.0,
    "recall": 38.8889,
    "f-score": 43.75
  },
  "clean_eval": {
    "f-score": 64.65753424657534,
    "precision": 64.48087431693989,
    "recall": 64.83516483516483,
    "tp": 118,
    "fp": 65,
    "fn": 64
  },
  "jaccard": [
    0.6378600823045267
  ],
  "braycurtis": [
    0.49099099099099097
  ],
  "dice": [
    0.46827794561933533
  ],
  "cosinus": [
    0.3510449845217096
  ]
}