{
  "voc_eval_res": {
    "precision": 31.5789,
    "recall": 37.5,
    "f-score": 34.2857
  },
  "KL_res": {
    "KL divergence": 3.5609811176482618,
    "Euclidean Dist.": 0.32215037513175565,
    "WER": 1.1666666666666667,
    "CER": 0.6444444444444445,
    "Cosine Dist.": 0.5765951007800294
  },
  "occ_eval_res": {
    "precision": 25.0,
    "recall": 33.3333,
    "f-score": 28.5714
  },
  "clean_eval": {
    "f-score": 5.963302752293578,
    "precision": 5.963302752293578,
    "recall": 5.963302752293578,
    "tp": 13,
    "fp": 205,
    "fn": 205
  },
  "jaccard": [
    0.6571428571428571
  ],
  "braycurtis": [
    0.5018315018315018
  ],
  "dice": [
    0.48936170212765956
  ],
  "cosinus": [
    0.33468646943912495
  ]
}