{
  "voc_eval_res": {
    "precision": 46.6667,
    "recall": 77.7778,
    "f-score": 58.3333
  },
  "KL_res": {
    "KL divergence": 1.9256929180529072,
    "Euclidean Dist.": 0.33564303955243885,
    "WER": 1.0,
    "CER": 0.4461538461538462,
    "Cosine Dist.": 0.3576359451624269
  },
  "occ_eval_res": {
    "precision": 43.75,
    "recall": 70.0,
    "f-score": 53.8462
  },
  "clean_eval": {
    "f-score": 42.537313432835816,
    "precision": 51.81818181818182,
    "recall": 36.075949367088604,
    "tp": 57,
    "fp": 53,
    "fn": 101
  },
  "jaccard": [
    0.423841059602649
  ],
  "braycurtis": [
    0.27702702702702703
  ],
  "dice": [
    0.2689075630252101
  ],
  "cosinus": [
    0.19563167955598537
  ]
}