{
  "voc_eval_res": {
    "precision": 30.5556,
    "recall": 61.1111,
    "f-score": 40.7407
  },
  "KL_res": {
    "KL divergence": 2.015687344714775,
    "Euclidean Dist.": 0.2591138122790266,
    "WER": 1.2380952380952381,
    "CER": 0.9347826086956522,
    "Cosine Dist.": 0.2783005140858199
  },
  "occ_eval_res": {
    "precision": 34.2105,
    "recall": 61.9048,
    "f-score": 44.0678
  },
  "clean_eval": {
    "f-score": 17.443609022556387,
    "precision": 23.868312757201647,
    "recall": 13.744075829383887,
    "tp": 58,
    "fp": 185,
    "fn": 364
  },
  "jaccard": [
    0.6253298153034301
  ],
  "braycurtis": [
    0.4869109947643979
  ],
  "dice": [
    0.45489443378119004
  ],
  "cosinus": [
    0.3020769374019876
  ]
}