{
  "voc_eval_res": {
    "precision": 50.0,
    "recall": 45.0,
    "f-score": 47.3684
  },
  "KL_res": {
    "KL divergence": 1.5928097182002978,
    "Euclidean Dist.": 0.15183959209343184,
    "WER": 0.5454545454545454,
    "CER": 0.5963855421686747,
    "Cosine Dist.": 0.06478990483340874
  },
  "occ_eval_res": {
    "precision": 67.7419,
    "recall": 63.6364,
    "f-score": 65.625
  },
  "clean_eval": {
    "f-score": 32.74647887323943,
    "precision": 32.068965517241374,
    "recall": 33.45323741007194,
    "tp": 93,
    "fp": 197,
    "fn": 185
  },
  "jaccard": [
    0.696969696969697
  ],
  "braycurtis": [
    0.40062111801242234
  ],
  "dice": [
    0.5348837209302325
  ],
  "cosinus": [
    0.15413102868833028
  ]
}