{
  "voc_eval_res": {
    "precision": 41.6667,
    "recall": 41.6667,
    "f-score": 41.6667
  },
  "KL_res": {
    "KL divergence": 3.716789768650893,
    "Euclidean Dist.": 0.31180478223116176,
    "WER": 0.5833333333333334,
    "CER": 0.391304347826087,
    "Cosine Dist.": 0.4117647058823529
  },
  "occ_eval_res": {
    "precision": 41.6667,
    "recall": 41.6667,
    "f-score": 41.6667
  },
  "clean_eval": {
    "f-score": 71.875,
    "precision": 68.65671641791045,
    "recall": 75.40983606557377,
    "tp": 92,
    "fp": 42,
    "fn": 30
  },
  "jaccard": [
    0.5269461077844312
  ],
  "braycurtis": [
    0.34782608695652173
  ],
  "dice": [
    0.35772357723577236
  ],
  "cosinus": [
    0.2807017543859649
  ]
}