{
  "voc_eval_res": {
    "precision": 50.0,
    "recall": 50.0,
    "f-score": 50.0
  },
  "KL_res": {
    "KL divergence": 3.7410410385273525,
    "Euclidean Dist.": 0.3135538746296576,
    "WER": 0.7058823529411765,
    "CER": 0.7083333333333334,
    "Cosine Dist.": 0.43781730485895476
  },
  "occ_eval_res": {
    "precision": 46.6667,
    "recall": 41.1765,
    "f-score": 43.75
  },
  "clean_eval": {
    "f-score": 57.14285714285714,
    "precision": 59.70149253731343,
    "recall": 54.794520547945204,
    "tp": 80,
    "fp": 54,
    "fn": 66
  },
  "jaccard": [
    0.6919191919191919
  ],
  "braycurtis": [
    0.5822784810126582
  ],
  "dice": [
    0.528957528957529
  ],
  "cosinus": [
    0.5640136277658735
  ]
}