{
  "voc_eval_res": {
    "precision": 68.75,
    "recall": 61.1111,
    "f-score": 64.7059
  },
  "KL_res": {
    "KL divergence": 1.7752469272041838,
    "Euclidean Dist.": 0.1941135116411582,
    "WER": 0.5,
    "CER": 0.36764705882352944,
    "Cosine Dist.": 0.1618836450765062
  },
  "occ_eval_res": {
    "precision": 68.4211,
    "recall": 65.0,
    "f-score": 66.6667
  },
  "clean_eval": {
    "f-score": 62.135922330097095,
    "precision": 58.71559633027523,
    "recall": 65.97938144329896,
    "tp": 128,
    "fp": 90,
    "fn": 66
  },
  "jaccard": [
    0.40234375
  ],
  "braycurtis": [
    0.2549019607843137
  ],
  "dice": [
    0.25183374083129584
  ],
  "cosinus": [
    0.17210987558713287
  ]
}