{
  "voc_eval_res": {
    "precision": 10.0,
    "recall": 10.5263,
    "f-score": 10.2564
  },
  "KL_res": {
    "KL divergence": 7.029072965797142,
    "Euclidean Dist.": 0.3082207001484489,
    "WER": 1.0,
    "CER": 0.7894736842105263,
    "Cosine Dist.": 0.8259223440443022
  },
  "occ_eval_res": {
    "precision": 10.0,
    "recall": 10.0,
    "f-score": 10.0
  },
  "clean_eval": {
    "f-score": 15.979381443298967,
    "precision": 17.032967032967033,
    "recall": 15.048543689320388,
    "tp": 31,
    "fp": 151,
    "fn": 175
  },
  "jaccard": [
    0.796875
  ],
  "braycurtis": [
    0.6748971193415638
  ],
  "dice": [
    0.6623376623376623
  ],
  "cosinus": [
    0.5439673835275952
  ]
}