{
  "voc_eval_res": {
    "precision": 41.6667,
    "recall": 45.4545,
    "f-score": 43.4783
  },
  "KL_res": {
    "KL divergence": 2.843135577751924,
    "Euclidean Dist.": 0.21973251924362322,
    "WER": 0.7916666666666666,
    "CER": 0.5782312925170068,
    "Cosine Dist.": 0.3331686632884192
  },
  "occ_eval_res": {
    "precision": 42.3077,
    "recall": 45.8333,
    "f-score": 44.0
  },
  "clean_eval": {
    "f-score": 38.38771593090212,
    "precision": 39.37007874015748,
    "recall": 37.453183520599254,
    "tp": 100,
    "fp": 154,
    "fn": 167
  },
  "jaccard": [
    0.5774193548387097
  ],
  "braycurtis": [
    0.4155405405405405
  ],
  "dice": [
    0.40589569160997735
  ],
  "cosinus": [
    0.2876655355166544
  ]
}