{
  "voc_eval_res": {
    "precision": 33.3333,
    "recall": 27.2727,
    "f-score": 30.0
  },
  "KL_res": {
    "KL divergence": 5.168439196649149,
    "Euclidean Dist.": 0.3776751332492913,
    "WER": 0.8181818181818182,
    "CER": 0.44,
    "Cosine Dist.": 0.5370899501137243
  },
  "occ_eval_res": {
    "precision": 33.3333,
    "recall": 27.2727,
    "f-score": 30.0
  },
  "clean_eval": {
    "f-score": 56.896551724137936,
    "precision": 54.09836065573771,
    "recall": 60.0,
    "tp": 66,
    "fp": 56,
    "fn": 44
  },
  "jaccard": [
    0.5952380952380952
  ],
  "braycurtis": [
    0.46153846153846156
  ],
  "dice": [
    0.423728813559322
  ],
  "cosinus": [
    0.389162561576355
  ]
}