{
  "voc_eval_res": {
    "precision": 33.3333,
    "recall": 41.6667,
    "f-score": 37.037
  },
  "KL_res": {
    "KL divergence": 3.139266180666711,
    "Euclidean Dist.": 0.22813976029962077,
    "WER": 0.9,
    "CER": 0.5786802030456852,
    "Cosine Dist.": 0.3949167324664421
  },
  "occ_eval_res": {
    "precision": 36.3636,
    "recall": 40.0,
    "f-score": 38.0952
  },
  "clean_eval": {
    "f-score": 27.871362940275656,
    "precision": 30.132450331125828,
    "recall": 25.925925925925924,
    "tp": 91,
    "fp": 211,
    "fn": 260
  },
  "jaccard": [
    0.538235294117647
  ],
  "braycurtis": [
    0.3804878048780488
  ],
  "dice": [
    0.3682092555331992
  ],
  "cosinus": [
    0.21721529363823244
  ]
}