{
  "voc_eval_res": {
    "precision": 38.4615,
    "recall": 28.5714,
    "f-score": 32.7869
  },
  "KL_res": {
    "KL divergence": 4.3613678354783305,
    "Euclidean Dist.": 0.21455322834049725,
    "WER": 0.7714285714285715,
    "CER": 0.5140562248995983,
    "Cosine Dist.": 0.5030960050000469
  },
  "occ_eval_res": {
    "precision": 38.4615,
    "recall": 28.5714,
    "f-score": 32.7869
  },
  "clean_eval": {
    "f-score": 43.786982248520715,
    "precision": 38.34196891191709,
    "recall": 51.03448275862069,
    "tp": 148,
    "fp": 238,
    "fn": 142
  },
  "jaccard": [
    0.5424164524421594
  ],
  "braycurtis": [
    0.3986013986013986
  ],
  "dice": [
    0.37213403880070545
  ],
  "cosinus": [
    0.23947071752196436
  ]
}