{
  "voc_eval_res": {
    "precision": 70.5882,
    "recall": 85.7143,
    "f-score": 77.4194
  },
  "KL_res": {
    "KL divergence": 0.7855743779702847,
    "Euclidean Dist.": 0.1852796433322024,
    "WER": 0.42857142857142855,
    "CER": 0.3125,
    "Cosine Dist.": 0.13810839262866548
  },
  "occ_eval_res": {
    "precision": 66.6667,
    "recall": 85.7143,
    "f-score": 75.0
  },
  "clean_eval": {
    "f-score": 69.88636363636364,
    "precision": 77.84810126582279,
    "recall": 63.4020618556701,
    "tp": 123,
    "fp": 35,
    "fn": 71
  },
  "jaccard": [
    0.2648401826484018
  ],
  "braycurtis": [
    0.22357723577235772
  ],
  "dice": [
    0.15263157894736842
  ],
  "cosinus": [
    0.149891050829162
  ]
}