{
  "voc_eval_res": {
    "precision": 42.8571,
    "recall": 42.8571,
    "f-score": 42.8571
  },
  "KL_res": {
    "KL divergence": 3.2011179508675665,
    "Euclidean Dist.": 0.26666666666666666,
    "WER": 0.6666666666666666,
    "CER": 0.5092592592592593,
    "Cosine Dist.": 0.3076923076923076
  },
  "occ_eval_res": {
    "precision": 46.6667,
    "recall": 46.6667,
    "f-score": 46.6667
  },
  "clean_eval": {
    "f-score": 70.73170731707317,
    "precision": 68.23529411764706,
    "recall": 73.41772151898735,
    "tp": 116,
    "fp": 54,
    "fn": 42
  },
  "jaccard": [
    0.5527426160337553
  ],
  "braycurtis": [
    0.38388625592417064
  ],
  "dice": [
    0.3819241982507289
  ],
  "cosinus": [
    0.30219308437451553
  ]
}