{
  "voc_eval_res": {
    "precision": 42.8571,
    "recall": 47.3684,
    "f-score": 45.0
  },
  "KL_res": {
    "KL divergence": 1.7233615128048645,
    "Euclidean Dist.": 0.19436506316151003,
    "WER": 0.7333333333333333,
    "CER": 0.5023041474654378,
    "Cosine Dist.": 0.11100589848259701
  },
  "occ_eval_res": {
    "precision": 56.6667,
    "recall": 56.6667,
    "f-score": 56.6667
  },
  "clean_eval": {
    "f-score": 23.619631901840492,
    "precision": 23.619631901840492,
    "recall": 23.619631901840492,
    "tp": 77,
    "fp": 249,
    "fn": 249
  },
  "jaccard": [
    0.5559440559440559
  ],
  "braycurtis": [
    0.28018223234624146
  ],
  "dice": [
    0.38498789346246975
  ],
  "cosinus": [
    0.07845083976534029
  ]
}