{
  "voc_eval_res": {
    "precision": 60.0,
    "recall": 64.2857,
    "f-score": 62.069
  },
  "KL_res": {
    "KL divergence": 1.7177460266545996,
    "Euclidean Dist.": 0.24505526587554355,
    "WER": 0.75,
    "CER": 0.6559139784946236,
    "Cosine Dist.": 0.24092788472341042
  },
  "occ_eval_res": {
    "precision": 60.0,
    "recall": 56.25,
    "f-score": 58.0645
  },
  "clean_eval": {
    "f-score": 51.73501577287066,
    "precision": 51.89873417721519,
    "recall": 51.57232704402516,
    "tp": 82,
    "fp": 76,
    "fn": 77
  },
  "jaccard": [
    0.41450777202072536
  ],
  "braycurtis": [
    0.2712765957446808
  ],
  "dice": [
    0.26143790849673204
  ],
  "cosinus": [
    0.23991959054637413
  ]
}