{
  "voc_eval_res": {
    "precision": 42.8571,
    "recall": 37.5,
    "f-score": 40.0
  },
  "KL_res": {
    "KL divergence": 4.252938131565441,
    "Euclidean Dist.": 0.4020832231856322,
    "WER": 0.625,
    "CER": 0.5333333333333333,
    "Cosine Dist.": 0.42792244645264466
  },
  "occ_eval_res": {
    "precision": 42.8571,
    "recall": 37.5,
    "f-score": 40.0
  },
  "clean_eval": {
    "f-score": 52.17391304347826,
    "precision": 48.97959183673469,
    "recall": 55.81395348837209,
    "tp": 48,
    "fp": 50,
    "fn": 38
  },
  "jaccard": [
    0.7467532467532467
  ],
  "braycurtis": [
    0.6190476190476191
  ],
  "dice": [
    0.5958549222797928
  ],
  "cosinus": [
    0.6146411410003985
  ]
}