{
  "voc_eval_res": {
    "precision": 9.0909,
    "recall": 33.3333,
    "f-score": 14.2857
  },
  "KL_res": {
    "KL divergence": 5.654947917821465,
    "Euclidean Dist.": 0.6499275936220369,
    "WER": 3.3333333333333335,
    "CER": 2.4615384615384617,
    "Cosine Dist.": 0.7113248654051871
  },
  "occ_eval_res": {
    "precision": 9.0909,
    "recall": 33.3333,
    "f-score": 14.2857
  },
  "clean_eval": {
    "f-score": 27.027027027027028,
    "precision": 52.63157894736842,
    "recall": 18.181818181818183,
    "tp": 20,
    "fp": 18,
    "fn": 90
  },
  "jaccard": [
    0.7945205479452054
  ],
  "braycurtis": [
    0.6666666666666666
  ],
  "dice": [
    0.6590909090909091
  ],
  "cosinus": [
    0.5510628872721476
  ]
}