{
  "voc_eval_res": {
    "precision": 54.5455,
    "recall": 85.7143,
    "f-score": 66.6667
  },
  "KL_res": {
    "KL divergence": 0.805093905478999,
    "Euclidean Dist.": 0.31303965748846235,
    "WER": 0.6666666666666666,
    "CER": 0.3880597014925373,
    "Cosine Dist.": 0.16594234377170103
  },
  "occ_eval_res": {
    "precision": 58.3333,
    "recall": 77.7778,
    "f-score": 66.6667
  },
  "clean_eval": {
    "f-score": 68.85245901639345,
    "precision": 76.36363636363637,
    "recall": 62.68656716417911,
    "tp": 84,
    "fp": 26,
    "fn": 50
  },
  "jaccard": [
    0.4074074074074074
  ],
  "braycurtis": [
    0.23943661971830985
  ],
  "dice": [
    0.2558139534883721
  ],
  "cosinus": [
    0.14617441426395927
  ]
}