{
  "voc_eval_res": {
    "precision": 33.3333,
    "recall": 36.8421,
    "f-score": 35.0
  },
  "KL_res": {
    "KL divergence": 3.7422544269149407,
    "Euclidean Dist.": 0.2670623785739706,
    "WER": 0.95,
    "CER": 0.631578947368421,
    "Cosine Dist.": 0.491999491999238
  },
  "occ_eval_res": {
    "precision": 31.8182,
    "recall": 35.0,
    "f-score": 33.3333
  },
  "clean_eval": {
    "f-score": 22.937625754527165,
    "precision": 23.553719008264462,
    "recall": 22.35294117647059,
    "tp": 57,
    "fp": 185,
    "fn": 198
  },
  "jaccard": [
    0.6
  ],
  "braycurtis": [
    0.41423948220064727
  ],
  "dice": [
    0.42857142857142855
  ],
  "cosinus": [
    0.24227027111194332
  ]
}