{
  "voc_eval_res": {
    "precision": 36.3636,
    "recall": 30.7692,
    "f-score": 33.3333
  },
  "KL_res": {
    "KL divergence": 4.164538036202217,
    "Euclidean Dist.": 0.3106663893023783,
    "WER": 0.7857142857142857,
    "CER": 0.53125,
    "Cosine Dist.": 0.3629779427293939
  },
  "occ_eval_res": {
    "precision": 41.6667,
    "recall": 35.7143,
    "f-score": 38.4615
  },
  "clean_eval": {
    "f-score": 48.3271375464684,
    "precision": 44.52054794520548,
    "recall": 52.84552845528455,
    "tp": 65,
    "fp": 81,
    "fn": 58
  },
  "jaccard": [
    0.6376146788990825
  ],
  "braycurtis": [
    0.4486486486486487
  ],
  "dice": [
    0.468013468013468
  ],
  "cosinus": [
    0.35251379659245174
  ]
}