{
  "voc_eval_res": {
    "precision": 66.6667,
    "recall": 40.0,
    "f-score": 50.0
  },
  "KL_res": {
    "KL divergence": 3.098005992827278,
    "Euclidean Dist.": 0.28394440666963583,
    "WER": 0.6818181818181818,
    "CER": 0.5384615384615384,
    "Cosine Dist.": 0.30512077102769664
  },
  "occ_eval_res": {
    "precision": 60.0,
    "recall": 40.9091,
    "f-score": 48.6486
  },
  "clean_eval": {
    "f-score": 39.175257731958766,
    "precision": 31.40495867768595,
    "recall": 52.054794520547944,
    "tp": 76,
    "fp": 166,
    "fn": 70
  },
  "jaccard": [
    0.562015503875969
  ],
  "braycurtis": [
    0.4351464435146444
  ],
  "dice": [
    0.3908355795148248
  ],
  "cosinus": [
    0.27267866357819526
  ]
}