{
  "voc_eval_res": {
    "precision": 75.0,
    "recall": 60.0,
    "f-score": 66.6667
  },
  "KL_res": {
    "KL divergence": 1.5877757270294386,
    "Euclidean Dist.": 0.24325212770525997,
    "WER": 0.6923076923076923,
    "CER": 0.47560975609756095,
    "Cosine Dist.": 0.11024347899739062
  },
  "occ_eval_res": {
    "precision": 69.2308,
    "recall": 69.2308,
    "f-score": 69.2308
  },
  "clean_eval": {
    "f-score": 61.71875,
    "precision": 64.75409836065575,
    "recall": 58.95522388059702,
    "tp": 79,
    "fp": 43,
    "fn": 55
  },
  "jaccard": [
    0.46616541353383456
  ],
  "braycurtis": [
    0.25
  ],
  "dice": [
    0.30392156862745096
  ],
  "cosinus": [
    0.12819097546122238
  ]
}