{
  "voc_eval_res": {
    "precision": 60.0,
    "recall": 45.0,
    "f-score": 51.4286
  },
  "KL_res": {
    "KL divergence": 2.964858575471455,
    "Euclidean Dist.": 0.3027442225249092,
    "WER": 0.6521739130434783,
    "CER": 0.5275590551181102,
    "Cosine Dist.": 0.33195734287731526
  },
  "occ_eval_res": {
    "precision": 55.0,
    "recall": 47.8261,
    "f-score": 51.1628
  },
  "clean_eval": {
    "f-score": 12.844036697247708,
    "precision": 13.592233009708737,
    "recall": 12.173913043478262,
    "tp": 28,
    "fp": 178,
    "fn": 202
  },
  "jaccard": [
    0.5833333333333334
  ],
  "braycurtis": [
    0.43190661478599224
  ],
  "dice": [
    0.4117647058823529
  ],
  "cosinus": [
    0.2951076884502277
  ]
}