{
  "voc_eval_res": {
    "precision": 50.0,
    "recall": 33.3333,
    "f-score": 40.0
  },
  "KL_res": {
    "KL divergence": 4.31701442083676,
    "Euclidean Dist.": 0.32489314482696546,
    "WER": 0.6666666666666666,
    "CER": 0.5238095238095238,
    "Cosine Dist.": 0.4226497308103744
  },
  "occ_eval_res": {
    "precision": 50.0,
    "recall": 33.3333,
    "f-score": 40.0
  },
  "clean_eval": {
    "f-score": 52.73972602739726,
    "precision": 42.30769230769231,
    "recall": 70.0,
    "tp": 77,
    "fp": 105,
    "fn": 33
  },
  "jaccard": [
    0.5787037037037037
  ],
  "braycurtis": [
    0.45685279187817257
  ],
  "dice": [
    0.40716612377850164
  ],
  "cosinus": [
    0.34632814344227025
  ]
}