{
  "voc_eval_res": {
    "precision": 57.1429,
    "recall": 57.1429,
    "f-score": 57.1429
  },
  "KL_res": {
    "KL divergence": 2.608953544934906,
    "Euclidean Dist.": 0.34992710611188255,
    "WER": 0.42857142857142855,
    "CER": 0.3275862068965517,
    "Cosine Dist.": 0.2727272727272727
  },
  "occ_eval_res": {
    "precision": 57.1429,
    "recall": 57.1429,
    "f-score": 57.1429
  },
  "clean_eval": {
    "f-score": 73.75,
    "precision": 68.6046511627907,
    "recall": 79.72972972972973,
    "tp": 59,
    "fp": 27,
    "fn": 15
  },
  "jaccard": [
    0.4628099173553719
  ],
  "braycurtis": [
    0.30612244897959184
  ],
  "dice": [
    0.3010752688172043
  ],
  "cosinus": [
    0.27204464655922445
  ]
}