{
  "voc_eval_res": {
    "precision": 47.3684,
    "recall": 45.0,
    "f-score": 46.1538
  },
  "KL_res": {
    "KL divergence": 2.7912852752372403,
    "Euclidean Dist.": 0.213453278390866,
    "WER": 0.6818181818181818,
    "CER": 0.44680851063829785,
    "Cosine Dist.": 0.23590682254165907
  },
  "occ_eval_res": {
    "precision": 52.381,
    "recall": 50.0,
    "f-score": 51.1628
  },
  "clean_eval": {
    "f-score": 19.685039370078737,
    "precision": 18.796992481203006,
    "recall": 20.66115702479339,
    "tp": 50,
    "fp": 216,
    "fn": 192
  },
  "jaccard": [
    0.5225806451612903
  ],
  "braycurtis": [
    0.2988826815642458
  ],
  "dice": [
    0.3537117903930131
  ],
  "cosinus": [
    0.13635298421343012
  ]
}