{
  "voc_eval_res": {
    "precision": 42.3077,
    "recall": 64.7059,
    "f-score": 51.1628
  },
  "KL_res": {
    "KL divergence": 1.0724544809504242,
    "Euclidean Dist.": 0.1991174423900932,
    "WER": 0.8333333333333334,
    "CER": 0.8493150684931506,
    "Cosine Dist.": 0.07930785613805791
  },
  "occ_eval_res": {
    "precision": 56.7568,
    "recall": 70.0,
    "f-score": 62.6866
  },
  "clean_eval": {
    "f-score": 18.18181818181818,
    "precision": 21.052631578947366,
    "recall": 16.0,
    "tp": 56,
    "fp": 210,
    "fn": 294
  },
  "jaccard": [
    0.5278688524590164
  ],
  "braycurtis": [
    0.3324022346368715
  ],
  "dice": [
    0.3585746102449889
  ],
  "cosinus": [
    0.14845614778446603
  ]
}