{
  "voc_eval_res": {
    "precision": 63.6364,
    "recall": 41.1765,
    "f-score": 50.0
  },
  "KL_res": {
    "KL divergence": 2.773153005353532,
    "Euclidean Dist.": 0.28198105427113435,
    "WER": 0.5454545454545454,
    "CER": 0.46017699115044247,
    "Cosine Dist.": 0.2154518679354328
  },
  "occ_eval_res": {
    "precision": 66.6667,
    "recall": 45.4545,
    "f-score": 54.0541
  },
  "clean_eval": {
    "f-score": 64.6341463414634,
    "precision": 54.63917525773196,
    "recall": 79.1044776119403,
    "tp": 106,
    "fp": 88,
    "fn": 28
  },
  "jaccard": [
    0.5961538461538461
  ],
  "braycurtis": [
    0.39378238341968913
  ],
  "dice": [
    0.4246575342465753
  ],
  "cosinus": [
    0.27302146195236965
  ]
}