{
  "voc_eval_res": {
    "precision": 68.75,
    "recall": 52.381,
    "f-score": 59.4595
  },
  "KL_res": {
    "KL divergence": 2.4472505901455515,
    "Euclidean Dist.": 0.2277608394786075,
    "WER": 0.5416666666666666,
    "CER": 0.35135135135135137,
    "Cosine Dist.": 0.2232643626193822
  },
  "occ_eval_res": {
    "precision": 65.0,
    "recall": 54.1667,
    "f-score": 59.0909
  },
  "clean_eval": {
    "f-score": 33.48214285714286,
    "precision": 30.991735537190085,
    "recall": 36.407766990291265,
    "tp": 75,
    "fp": 167,
    "fn": 131
  },
  "jaccard": [
    0.4669421487603306
  ],
  "braycurtis": [
    0.2695035460992908
  ],
  "dice": [
    0.3045822102425876
  ],
  "cosinus": [
    0.1377872380740537
  ]
}