{
  "voc_eval_res": {
    "precision": 80.0,
    "recall": 40.0,
    "f-score": 53.3333
  },
  "KL_res": {
    "KL divergence": 4.549586112236108,
    "Euclidean Dist.": 0.4818944098266987,
    "WER": 0.6666666666666666,
    "CER": 0.573170731707317,
    "Cosine Dist.": 0.40371520600005617
  },
  "occ_eval_res": {
    "precision": 80.0,
    "recall": 33.3333,
    "f-score": 47.0588
  },
  "clean_eval": {
    "f-score": 52.04081632653062,
    "precision": 38.059701492537314,
    "recall": 82.25806451612904,
    "tp": 51,
    "fp": 83,
    "fn": 11
  },
  "jaccard": [
    0.5378787878787878
  ],
  "braycurtis": [
    0.475
  ],
  "dice": [
    0.36787564766839376
  ],
  "cosinus": [
    0.47583173858217065
  ]
}