{
  "voc_eval_res": {
    "precision": 42.8571,
    "recall": 33.3333,
    "f-score": 37.5
  },
  "KL_res": {
    "KL divergence": 3.6306936685744144,
    "Euclidean Dist.": 0.268741924943285,
    "WER": 0.75,
    "CER": 0.5619047619047619,
    "Cosine Dist.": 0.34627954953938667
  },
  "occ_eval_res": {
    "precision": 46.6667,
    "recall": 35.0,
    "f-score": 40.0
  },
  "clean_eval": {
    "f-score": 53.6986301369863,
    "precision": 44.95412844036697,
    "recall": 66.66666666666666,
    "tp": 98,
    "fp": 120,
    "fn": 49
  },
  "jaccard": [
    0.6223175965665236
  ],
  "braycurtis": [
    0.4793814432989691
  ],
  "dice": [
    0.4517133956386293
  ],
  "cosinus": [
    0.37984711715345787
  ]
}