{
  "voc_eval_res": {
    "precision": 48.0,
    "recall": 63.1579,
    "f-score": 54.5455
  },
  "KL_res": {
    "KL divergence": 1.321248160428762,
    "Euclidean Dist.": 0.1682904890869064,
    "WER": 0.5806451612903226,
    "CER": 0.5633802816901409,
    "Cosine Dist.": 0.09136961671136046
  },
  "occ_eval_res": {
    "precision": 60.0,
    "recall": 67.7419,
    "f-score": 63.6364
  },
  "clean_eval": {
    "f-score": 36.68831168831169,
    "precision": 40.647482014388494,
    "recall": 33.43195266272189,
    "tp": 113,
    "fp": 165,
    "fn": 225
  },
  "jaccard": [
    0.5588235294117647
  ],
  "braycurtis": [
    0.37142857142857144
  ],
  "dice": [
    0.3877551020408163
  ],
  "cosinus": [
    0.21397086998119808
  ]
}