{
  "voc_eval_res": {
    "precision": 33.3333,
    "recall": 25.0,
    "f-score": 28.5714
  },
  "KL_res": {
    "KL divergence": 2.2578358417430238,
    "Euclidean Dist.": 0.2597576725390543,
    "WER": 0.6470588235294118,
    "CER": 0.48623853211009177,
    "Cosine Dist.": 0.06873385266716503
  },
  "occ_eval_res": {
    "precision": 66.6667,
    "recall": 47.0588,
    "f-score": 55.1724
  },
  "clean_eval": {
    "f-score": 53.04878048780488,
    "precision": 47.8021978021978,
    "recall": 59.589041095890416,
    "tp": 87,
    "fp": 95,
    "fn": 59
  },
  "jaccard": [
    0.7165354330708661
  ],
  "braycurtis": [
    0.35106382978723405
  ],
  "dice": [
    0.558282208588957
  ],
  "cosinus": [
    0.08764947601952933
  ]
}