{
  "voc_eval_res": {
    "precision": 26.4706,
    "recall": 50.0,
    "f-score": 34.6154
  },
  "KL_res": {
    "KL divergence": 3.1327574850971187,
    "Euclidean Dist.": 0.2579647821522177,
    "WER": 1.4090909090909092,
    "CER": 1.150943396226415,
    "Cosine Dist.": 0.4519277951196101
  },
  "occ_eval_res": {
    "precision": 27.027,
    "recall": 45.4545,
    "f-score": 33.8983
  },
  "clean_eval": {
    "f-score": 8.646616541353383,
    "precision": 11.855670103092782,
    "recall": 6.804733727810651,
    "tp": 23,
    "fp": 171,
    "fn": 315
  },
  "jaccard": [
    0.7189189189189189
  ],
  "braycurtis": [
    0.6182965299684543
  ],
  "dice": [
    0.5611814345991561
  ],
  "cosinus": [
    0.5153353219065555
  ]
}