{
  "voc_eval_res": {
    "precision": 33.3333,
    "recall": 30.0,
    "f-score": 31.5789
  },
  "KL_res": {
    "KL divergence": 4.225219647103273,
    "Euclidean Dist.": 0.35208939510976517,
    "WER": 0.8181818181818182,
    "CER": 0.6666666666666666,
    "Cosine Dist.": 0.3443899318928142
  },
  "occ_eval_res": {
    "precision": 36.3636,
    "recall": 36.3636,
    "f-score": 36.3636
  },
  "clean_eval": {
    "f-score": 56.896551724137936,
    "precision": 60.0,
    "recall": 54.09836065573771,
    "tp": 66,
    "fp": 44,
    "fn": 56
  },
  "jaccard": [
    0.6866666666666666
  ],
  "braycurtis": [
    0.4881889763779528
  ],
  "dice": [
    0.5228426395939086
  ],
  "cosinus": [
    0.3630579430941997
  ]
}