{
  "voc_eval_res": {
    "precision": 29.4118,
    "recall": 41.6667,
    "f-score": 34.4828
  },
  "KL_res": {
    "KL divergence": 3.409320140561153,
    "Euclidean Dist.": 0.2928519948549028,
    "WER": 0.9230769230769231,
    "CER": 0.5463917525773195,
    "Cosine Dist.": 0.3695116750087194
  },
  "occ_eval_res": {
    "precision": 33.3333,
    "recall": 46.1538,
    "f-score": 38.7097
  },
  "clean_eval": {
    "f-score": 64.02439024390243,
    "precision": 71.91780821917808,
    "recall": 57.692307692307686,
    "tp": 105,
    "fp": 41,
    "fn": 77
  },
  "jaccard": [
    0.5955555555555555
  ],
  "braycurtis": [
    0.4528301886792453
  ],
  "dice": [
    0.4240506329113924
  ],
  "cosinus": [
    0.38429791031361726
  ]
}