{
  "voc_eval_res": {
    "precision": 58.3333,
    "recall": 60.8696,
    "f-score": 59.5745
  },
  "KL_res": {
    "KL divergence": 1.731414201786207,
    "Euclidean Dist.": 0.17198338419386772,
    "WER": 0.5428571428571428,
    "CER": 0.4036144578313253,
    "Cosine Dist.": 0.12262201567553188
  },
  "occ_eval_res": {
    "precision": 65.625,
    "recall": 60.0,
    "f-score": 62.6866
  },
  "clean_eval": {
    "f-score": 43.4375,
    "precision": 42.63803680981595,
    "recall": 44.26751592356688,
    "tp": 139,
    "fp": 187,
    "fn": 175
  },
  "jaccard": [
    0.4756944444444444
  ],
  "braycurtis": [
    0.3128834355828221
  ],
  "dice": [
    0.3120728929384966
  ],
  "cosinus": [
    0.1889855450526493
  ]
}