{
  "voc_eval_res": {
    "precision": 63.6364,
    "recall": 41.1765,
    "f-score": 50.0
  },
  "KL_res": {
    "KL divergence": 3.5277370724923562,
    "Euclidean Dist.": 0.3026935976718222,
    "WER": 0.5882352941176471,
    "CER": 0.4485981308411215,
    "Cosine Dist.": 0.3763904355376766
  },
  "occ_eval_res": {
    "precision": 58.3333,
    "recall": 41.1765,
    "f-score": 48.2759
  },
  "clean_eval": {
    "f-score": 57.857142857142854,
    "precision": 51.26582278481012,
    "recall": 66.39344262295081,
    "tp": 81,
    "fp": 77,
    "fn": 41
  },
  "jaccard": [
    0.5560165975103735
  ],
  "braycurtis": [
    0.39593908629441626
  ],
  "dice": [
    0.3850574712643678
  ],
  "cosinus": [
    0.34281138625595453
  ]
}