{
  "voc_eval_res": {
    "precision": 36.0,
    "recall": 42.8571,
    "f-score": 39.1304
  },
  "KL_res": {
    "KL divergence": 2.8427391735805227,
    "Euclidean Dist.": 0.25987252223090246,
    "WER": 0.84,
    "CER": 0.5815217391304348,
    "Cosine Dist.": 0.438747240690751
  },
  "occ_eval_res": {
    "precision": 34.6154,
    "recall": 36.0,
    "f-score": 35.2941
  },
  "clean_eval": {
    "f-score": 12.676056338028168,
    "precision": 12.949640287769784,
    "recall": 12.413793103448276,
    "tp": 36,
    "fp": 242,
    "fn": 254
  },
  "jaccard": [
    0.5905044510385756
  ],
  "braycurtis": [
    0.46701846965699206
  ],
  "dice": [
    0.4189473684210526
  ],
  "cosinus": [
    0.32604238025321275
  ]
}