{
  "voc_eval_res": {
    "precision": 45.0,
    "recall": 56.25,
    "f-score": 50.0
  },
  "KL_res": {
    "KL divergence": 2.25343954730379,
    "Euclidean Dist.": 0.25802806677791834,
    "WER": 0.7777777777777778,
    "CER": 0.4954954954954955,
    "Cosine Dist.": 0.3330759827479258
  },
  "occ_eval_res": {
    "precision": 42.8571,
    "recall": 50.0,
    "f-score": 46.1538
  },
  "clean_eval": {
    "f-score": 64.33915211970074,
    "precision": 62.62135922330098,
    "recall": 66.15384615384615,
    "tp": 129,
    "fp": 77,
    "fn": 66
  },
  "jaccard": [
    0.5
  ],
  "braycurtis": [
    0.340080971659919
  ],
  "dice": [
    0.3333333333333333
  ],
  "cosinus": [
    0.240438317295101
  ]
}