{
  "voc_eval_res": {
    "precision": 22.2222,
    "recall": 33.3333,
    "f-score": 26.6667
  },
  "KL_res": {
    "KL divergence": 3.9818144843561294,
    "Euclidean Dist.": 0.43733657767487627,
    "WER": 1.1428571428571428,
    "CER": 0.7111111111111111,
    "Cosine Dist.": 0.4023856953328032
  },
  "occ_eval_res": {
    "precision": 27.2727,
    "recall": 42.8571,
    "f-score": 33.3333
  },
  "clean_eval": {
    "f-score": 54.347826086956516,
    "precision": 80.64516129032258,
    "recall": 40.98360655737705,
    "tp": 50,
    "fp": 12,
    "fn": 72
  },
  "jaccard": [
    0.6934306569343066
  ],
  "braycurtis": [
    0.49557522123893805
  ],
  "dice": [
    0.5307262569832403
  ],
  "cosinus": [
    0.39564626686909565
  ]
}