{
  "voc_eval_res": {
    "precision": 66.6667,
    "recall": 62.5,
    "f-score": 64.5161
  },
  "KL_res": {
    "KL divergence": 1.7631817024019794,
    "Euclidean Dist.": 0.22498285257018433,
    "WER": 0.5555555555555556,
    "CER": 0.38738738738738737,
    "Cosine Dist.": 0.2213371785723397
  },
  "occ_eval_res": {
    "precision": 66.6667,
    "recall": 55.5556,
    "f-score": 60.6061
  },
  "clean_eval": {
    "f-score": 64.84848484848484,
    "precision": 62.57309941520468,
    "recall": 67.29559748427673,
    "tp": 107,
    "fp": 64,
    "fn": 52
  },
  "jaccard": [
    0.38461538461538464
  ],
  "braycurtis": [
    0.2971698113207547
  ],
  "dice": [
    0.23809523809523808
  ],
  "cosinus": [
    0.21578885042447538
  ]
}