{
  "voc_eval_res": {
    "precision": 16.6667,
    "recall": 22.2222,
    "f-score": 19.0476
  },
  "KL_res": {
    "KL divergence": 4.306834781983026,
    "Euclidean Dist.": 0.26173154445069136,
    "WER": 1.1904761904761905,
    "CER": 0.8466666666666667,
    "Cosine Dist.": 0.3829390926554662
  },
  "occ_eval_res": {
    "precision": 23.3333,
    "recall": 33.3333,
    "f-score": 27.451
  },
  "clean_eval": {
    "f-score": 40.769230769230774,
    "precision": 43.80165289256198,
    "recall": 38.1294964028777,
    "tp": 106,
    "fp": 136,
    "fn": 172
  },
  "jaccard": [
    0.7471910112359551
  ],
  "braycurtis": [
    0.5144508670520231
  ],
  "dice": [
    0.5964125560538116
  ],
  "cosinus": [
    0.25762256822044116
  ]
}