{
  "voc_eval_res": {
    "precision": 72.7273,
    "recall": 53.3333,
    "f-score": 61.5385
  },
  "KL_res": {
    "KL divergence": 1.8498736997488017,
    "Euclidean Dist.": 0.20344826686770842,
    "WER": 0.47368421052631576,
    "CER": 0.30701754385964913,
    "Cosine Dist.": 0.10129189277376627
  },
  "occ_eval_res": {
    "precision": 80.0,
    "recall": 63.1579,
    "f-score": 70.5882
  },
  "clean_eval": {
    "f-score": 69.23076923076924,
    "precision": 64.94845360824742,
    "recall": 74.11764705882354,
    "tp": 126,
    "fp": 68,
    "fn": 44
  },
  "jaccard": [
    0.4180790960451977
  ],
  "braycurtis": [
    0.20353982300884957
  ],
  "dice": [
    0.2642857142857143
  ],
  "cosinus": [
    0.09697902895372867
  ]
}