{
  "voc_eval_res": {
    "precision": 50.0,
    "recall": 58.3333,
    "f-score": 53.8462
  },
  "KL_res": {
    "KL divergence": 2.3519400877964496,
    "Euclidean Dist.": 0.2905932629027116,
    "WER": 0.8666666666666667,
    "CER": 0.4537037037037037,
    "Cosine Dist.": 0.30689671991632816
  },
  "occ_eval_res": {
    "precision": 45.0,
    "recall": 60.0,
    "f-score": 51.4286
  },
  "clean_eval": {
    "f-score": 56.043956043956044,
    "precision": 60.0,
    "recall": 52.57731958762887,
    "tp": 102,
    "fp": 68,
    "fn": 92
  },
  "jaccard": [
    0.34594594594594597
  ],
  "braycurtis": [
    0.2564102564102564
  ],
  "dice": [
    0.20915032679738563
  ],
  "cosinus": [
    0.21191581067154952
  ]
}