{
  "voc_eval_res": {
    "precision": 30.0,
    "recall": 54.5455,
    "f-score": 38.7097
  },
  "KL_res": {
    "KL divergence": 2.51510571351087,
    "Euclidean Dist.": 0.3395925423503415,
    "WER": 1.3846153846153846,
    "CER": 0.8080808080808081,
    "Cosine Dist.": 0.41998520943425854
  },
  "occ_eval_res": {
    "precision": 26.087,
    "recall": 46.1538,
    "f-score": 33.3333
  },
  "clean_eval": {
    "f-score": 19.9501246882793,
    "precision": 25.31645569620253,
    "recall": 16.46090534979424,
    "tp": 40,
    "fp": 118,
    "fn": 203
  },
  "jaccard": [
    0.6550387596899225
  ],
  "braycurtis": [
    0.48221343873517786
  ],
  "dice": [
    0.48703170028818443
  ],
  "cosinus": [
    0.2907291645124024
  ]
}