{
  "voc_eval_res": {
    "precision": 36.0,
    "recall": 64.2857,
    "f-score": 46.1538
  },
  "KL_res": {
    "KL divergence": 1.6877495984705926,
    "Euclidean Dist.": 0.26509138327294357,
    "WER": 1.2222222222222223,
    "CER": 0.8840579710144928,
    "Cosine Dist.": 0.233308205728054
  },
  "occ_eval_res": {
    "precision": 36.3636,
    "recall": 66.6667,
    "f-score": 47.0588
  },
  "clean_eval": {
    "f-score": 15.492957746478876,
    "precision": 20.18348623853211,
    "recall": 12.571428571428573,
    "tp": 44,
    "fp": 174,
    "fn": 306
  },
  "jaccard": [
    0.48788927335640137
  ],
  "braycurtis": [
    0.3602150537634409
  ],
  "dice": [
    0.32265446224256294
  ],
  "cosinus": [
    0.1609378046845792
  ]
}