{
  "voc_eval_res": {
    "precision": 31.8182,
    "recall": 23.3333,
    "f-score": 26.9231
  },
  "KL_res": {
    "KL divergence": 4.935476901471684,
    "Euclidean Dist.": 0.2503441157857319,
    "WER": 0.8181818181818182,
    "CER": 0.5539906103286385,
    "Cosine Dist.": 0.583959226006125
  },
  "occ_eval_res": {
    "precision": 31.8182,
    "recall": 21.2121,
    "f-score": 25.4545
  },
  "clean_eval": {
    "f-score": 16.165413533834588,
    "precision": 14.23841059602649,
    "recall": 18.695652173913043,
    "tp": 43,
    "fp": 259,
    "fn": 187
  },
  "jaccard": [
    0.6771844660194175
  ],
  "braycurtis": [
    0.5013192612137203
  ],
  "dice": [
    0.5119266055045871
  ],
  "cosinus": [
    0.37908427732292993
  ]
}