{
  "voc_eval_res": {
    "precision": 27.2727,
    "recall": 23.0769,
    "f-score": 25.0
  },
  "KL_res": {
    "KL divergence": 5.562424193259304,
    "Euclidean Dist.": 0.3556134862962551,
    "WER": 0.8461538461538461,
    "CER": 0.5765765765765766,
    "Cosine Dist.": 0.5991081371313633
  },
  "occ_eval_res": {
    "precision": 27.2727,
    "recall": 23.0769,
    "f-score": 25.0
  },
  "clean_eval": {
    "f-score": 59.999999999999986,
    "precision": 53.16455696202531,
    "recall": 68.85245901639344,
    "tp": 84,
    "fp": 74,
    "fn": 38
  },
  "jaccard": [
    0.6593886462882096
  ],
  "braycurtis": [
    0.5157894736842106
  ],
  "dice": [
    0.49185667752442996
  ],
  "cosinus": [
    0.3780297417797426
  ]
}