{
  "voc_eval_res": {
    "precision": 32.0,
    "recall": 50.0,
    "f-score": 39.0244
  },
  "KL_res": {
    "KL divergence": 1.8654449116579008,
    "Euclidean Dist.": 0.21127575713723498,
    "WER": 0.78125,
    "CER": 0.7253521126760564,
    "Cosine Dist.": 0.11972870267171098
  },
  "occ_eval_res": {
    "precision": 48.7179,
    "recall": 59.375,
    "f-score": 53.5211
  },
  "clean_eval": {
    "f-score": 32.04225352112676,
    "precision": 35.826771653543304,
    "recall": 28.980891719745223,
    "tp": 91,
    "fp": 163,
    "fn": 223
  },
  "jaccard": [
    0.654485049833887
  ],
  "braycurtis": [
    0.44837758112094395
  ],
  "dice": [
    0.48641975308641977
  ],
  "cosinus": [
    0.2347861272625441
  ]
}