{
  "voc_eval_res": {
    "precision": 15.3846,
    "recall": 40.0,
    "f-score": 22.2222
  },
  "KL_res": {
    "KL divergence": 4.243619532632321,
    "Euclidean Dist.": 0.38225224661910295,
    "WER": 2.0833333333333335,
    "CER": 1.0776699029126213,
    "Cosine Dist.": 0.6524759765715421
  },
  "occ_eval_res": {
    "precision": 14.2857,
    "recall": 33.3333,
    "f-score": 20.0
  },
  "clean_eval": {
    "f-score": 16.972477064220183,
    "precision": 25.34246575342466,
    "recall": 12.758620689655173,
    "tp": 37,
    "fp": 109,
    "fn": 253
  },
  "jaccard": [
    0.7024221453287197
  ],
  "braycurtis": [
    0.5362318840579711
  ],
  "dice": [
    0.5413333333333333
  ],
  "cosinus": [
    0.370315213212008
  ]
}