{
  "voc_eval_res": {
    "precision": 80.0,
    "recall": 53.3333,
    "f-score": 64.0
  },
  "KL_res": {
    "KL divergence": 2.067578444242137,
    "Euclidean Dist.": 0.24381231397212993,
    "WER": 0.55,
    "CER": 0.43333333333333335,
    "Cosine Dist.": 0.1319209404891436
  },
  "occ_eval_res": {
    "precision": 80.0,
    "recall": 60.0,
    "f-score": 68.5714
  },
  "clean_eval": {
    "f-score": 56.470588235294116,
    "precision": 52.74725274725275,
    "recall": 60.75949367088608,
    "tp": 96,
    "fp": 86,
    "fn": 62
  },
  "jaccard": [
    0.5585106382978723
  ],
  "braycurtis": [
    0.33796296296296297
  ],
  "dice": [
    0.3874538745387454
  ],
  "cosinus": [
    0.1727282885592092
  ]
}