{
  "voc_eval_res": {
    "precision": 33.3333,
    "recall": 22.2222,
    "f-score": 26.6667
  },
  "KL_res": {
    "KL divergence": 5.584286147210143,
    "Euclidean Dist.": 0.3319454022530614,
    "WER": 0.8947368421052632,
    "CER": 0.6870229007633588,
    "Cosine Dist.": 0.6000000000000001
  },
  "occ_eval_res": {
    "precision": 33.3333,
    "recall": 21.0526,
    "f-score": 25.8065
  },
  "clean_eval": {
    "f-score": 49.41176470588235,
    "precision": 40.77669902912621,
    "recall": 62.68656716417911,
    "tp": 84,
    "fp": 122,
    "fn": 50
  },
  "jaccard": [
    0.7655172413793103
  ],
  "braycurtis": [
    0.6680851063829787
  ],
  "dice": [
    0.6201117318435754
  ],
  "cosinus": [
    0.5778086639885484
  ]
}