{
  "voc_eval_res": {
    "precision": 15.3846,
    "recall": 40.0,
    "f-score": 22.2222
  },
  "KL_res": {
    "KL divergence": 1.3482043837995645,
    "Euclidean Dist.": 0.39955332202705707,
    "WER": 0.9285714285714286,
    "CER": 0.5612244897959183,
    "Cosine Dist.": 0.06816879890738226
  },
  "occ_eval_res": {
    "precision": 45.0,
    "recall": 64.2857,
    "f-score": 52.9412
  },
  "clean_eval": {
    "f-score": 22.107969151670947,
    "precision": 25.294117647058822,
    "recall": 19.63470319634703,
    "tp": 43,
    "fp": 127,
    "fn": 176
  },
  "jaccard": [
    0.7466666666666667
  ],
  "braycurtis": [
    0.3211009174311927
  ],
  "dice": [
    0.5957446808510638
  ],
  "cosinus": [
    0.0840866356440566
  ]
}