{
  "voc_eval_res": {
    "precision": 31.5789,
    "recall": 42.8571,
    "f-score": 36.3636
  },
  "KL_res": {
    "KL divergence": 3.300871338499247,
    "Euclidean Dist.": 0.27028791233711424,
    "WER": 0.9333333333333333,
    "CER": 0.5853658536585366,
    "Cosine Dist.": 0.36597704169128786
  },
  "occ_eval_res": {
    "precision": 35.0,
    "recall": 46.6667,
    "f-score": 40.0
  },
  "clean_eval": {
    "f-score": 46.5,
    "precision": 51.098901098901095,
    "recall": 42.6605504587156,
    "tp": 93,
    "fp": 89,
    "fn": 125
  },
  "jaccard": [
    0.574468085106383
  ],
  "braycurtis": [
    0.44280442804428044
  ],
  "dice": [
    0.40298507462686567
  ],
  "cosinus": [
    0.3397654685023621
  ]
}