{
  "voc_eval_res": {
    "precision": 54.1667,
    "recall": 65.0,
    "f-score": 59.0909
  },
  "KL_res": {
    "KL divergence": 1.8434042200082614,
    "Euclidean Dist.": 0.23422448870925328,
    "WER": 0.75,
    "CER": 0.41208791208791207,
    "Cosine Dist.": 0.3248404219442218
  },
  "occ_eval_res": {
    "precision": 50.0,
    "recall": 62.5,
    "f-score": 55.5556
  },
  "clean_eval": {
    "f-score": 24.460431654676256,
    "precision": 25.563909774436087,
    "recall": 23.448275862068964,
    "tp": 68,
    "fp": 198,
    "fn": 222
  },
  "jaccard": [
    0.4305555555555556
  ],
  "braycurtis": [
    0.27319587628865977
  ],
  "dice": [
    0.2743362831858407
  ],
  "cosinus": [
    0.14863953651380502
  ]
}