{
  "voc_eval_res": {
    "precision": 53.3333,
    "recall": 42.1053,
    "f-score": 47.0588
  },
  "KL_res": {
    "KL divergence": 3.004160424280693,
    "Euclidean Dist.": 0.2523360247522242,
    "WER": 0.6666666666666666,
    "CER": 0.5,
    "Cosine Dist.": 0.3322194367058221
  },
  "occ_eval_res": {
    "precision": 53.3333,
    "recall": 38.0952,
    "f-score": 44.4444
  },
  "clean_eval": {
    "f-score": 60.84905660377359,
    "precision": 53.30578512396694,
    "recall": 70.87912087912088,
    "tp": 129,
    "fp": 113,
    "fn": 53
  },
  "jaccard": [
    0.5734265734265734
  ],
  "braycurtis": [
    0.3737024221453287
  ],
  "dice": [
    0.4019607843137255
  ],
  "cosinus": [
    0.219179801598123
  ]
}