{
  "voc_eval_res": {
    "precision": 50.0,
    "recall": 54.5455,
    "f-score": 52.1739
  },
  "KL_res": {
    "KL divergence": 2.24442996252353,
    "Euclidean Dist.": 0.29928667761310596,
    "WER": 0.6923076923076923,
    "CER": 0.4444444444444444,
    "Cosine Dist.": 0.28525831010813685
  },
  "occ_eval_res": {
    "precision": 50.0,
    "recall": 53.8462,
    "f-score": 51.8519
  },
  "clean_eval": {
    "f-score": 69.50354609929079,
    "precision": 66.66666666666666,
    "recall": 72.5925925925926,
    "tp": 98,
    "fp": 49,
    "fn": 37
  },
  "jaccard": [
    0.47928994082840237
  ],
  "braycurtis": [
    0.3390804597701149
  ],
  "dice": [
    0.3151750972762646
  ],
  "cosinus": [
    0.2150253293715927
  ]
}