{
  "voc_eval_res": {
    "precision": 85.7143,
    "recall": 66.6667,
    "f-score": 75.0
  },
  "KL_res": {
    "KL divergence": 1.3596233112021423,
    "Euclidean Dist.": 0.2203780225178932,
    "WER": 0.2727272727272727,
    "CER": 0.1702127659574468,
    "Cosine Dist.": 0.0661477156489021
  },
  "occ_eval_res": {
    "precision": 88.8889,
    "recall": 72.7273,
    "f-score": 80.0
  },
  "clean_eval": {
    "f-score": 73.77049180327869,
    "precision": 67.16417910447761,
    "recall": 81.81818181818183,
    "tp": 90,
    "fp": 44,
    "fn": 20
  },
  "jaccard": [
    0.2916666666666667
  ],
  "braycurtis": [
    0.1111111111111111
  ],
  "dice": [
    0.17073170731707318
  ],
  "cosinus": [
    0.05666294366025004
  ]
}