{
  "voc_eval_res": {
    "precision": 20.0,
    "recall": 12.5,
    "f-score": 15.3846
  },
  "KL_res": {
    "KL divergence": 7.296660944139179,
    "Euclidean Dist.": 0.5297405025104273,
    "WER": 0.875,
    "CER": 0.6307692307692307,
    "Cosine Dist.": 0.7278344730240913
  },
  "occ_eval_res": {
    "precision": 20.0,
    "recall": 12.5,
    "f-score": 15.3846
  },
  "clean_eval": {
    "f-score": 51.78571428571428,
    "precision": 39.189189189189186,
    "recall": 76.31578947368422,
    "tp": 29,
    "fp": 45,
    "fn": 9
  },
  "jaccard": [
    0.7516339869281046
  ],
  "braycurtis": [
    0.6176470588235294
  ],
  "dice": [
    0.6020942408376964
  ],
  "cosinus": [
    0.5544655965848222
  ]
}