{
  "voc_eval_res": {
    "precision": 57.6923,
    "recall": 48.3871,
    "f-score": 52.6316
  },
  "KL_res": {
    "KL divergence": 2.650975001321116,
    "Euclidean Dist.": 0.18576614506116979,
    "WER": 0.71875,
    "CER": 0.5619047619047619,
    "Cosine Dist.": 0.3069630690812639
  },
  "occ_eval_res": {
    "precision": 57.6923,
    "recall": 46.875,
    "f-score": 51.7241
  },
  "clean_eval": {
    "f-score": 11.486486486486488,
    "precision": 10.059171597633137,
    "recall": 13.385826771653544,
    "tp": 34,
    "fp": 304,
    "fn": 220
  },
  "jaccard": [
    0.5175438596491229
  ],
  "braycurtis": [
    0.39118457300275483
  ],
  "dice": [
    0.34911242603550297
  ],
  "cosinus": [
    0.22097140170758534
  ]
}