{
  "voc_eval_res": {
    "precision": 40.0,
    "recall": 44.4444,
    "f-score": 42.1053
  },
  "KL_res": {
    "KL divergence": 1.1612603685858214,
    "Euclidean Dist.": 0.13867524361390943,
    "WER": 0.45454545454545453,
    "CER": 0.4423076923076923,
    "Cosine Dist.": 0.03299662544648729
  },
  "occ_eval_res": {
    "precision": 68.0851,
    "recall": 72.7273,
    "f-score": 70.3297
  },
  "clean_eval": {
    "f-score": 12.260536398467433,
    "precision": 13.793103448275861,
    "recall": 11.03448275862069,
    "tp": 32,
    "fp": 200,
    "fn": 258
  },
  "jaccard": [
    0.6188811188811189
  ],
  "braycurtis": [
    0.30930232558139537
  ],
  "dice": [
    0.4481012658227848
  ],
  "cosinus": [
    0.10073980824295992
  ]
}