{
  "voc_eval_res": {
    "precision": 33.3333,
    "recall": 57.1429,
    "f-score": 42.1053
  },
  "KL_res": {
    "KL divergence": 1.9506158927077926,
    "Euclidean Dist.": 0.22638084133238703,
    "WER": 1.2962962962962963,
    "CER": 1.141732283464567,
    "Cosine Dist.": 0.30123823453005094
  },
  "occ_eval_res": {
    "precision": 35.5556,
    "recall": 59.2593,
    "f-score": 44.4444
  },
  "clean_eval": {
    "f-score": 24.908424908424905,
    "precision": 30.76923076923077,
    "recall": 20.923076923076923,
    "tp": 68,
    "fp": 153,
    "fn": 257
  },
  "jaccard": [
    0.6781002638522428
  ],
  "braycurtis": [
    0.5206611570247934
  ],
  "dice": [
    0.5129740518962076
  ],
  "cosinus": [
    0.3377111704199818
  ]
}