{
  "voc_eval_res": {
    "precision": 25.8065,
    "recall": 66.6667,
    "f-score": 37.2093
  },
  "KL_res": {
    "KL divergence": 1.8818332388681664,
    "Euclidean Dist.": 0.33509178052797783,
    "WER": 1.6666666666666667,
    "CER": 1.4698795180722892,
    "Cosine Dist.": 0.3517962764478356
  },
  "occ_eval_res": {
    "precision": 27.2727,
    "recall": 60.0,
    "f-score": 37.5
  },
  "clean_eval": {
    "f-score": 24.8062015503876,
    "precision": 35.294117647058826,
    "recall": 19.12350597609562,
    "tp": 48,
    "fp": 88,
    "fn": 203
  },
  "jaccard": [
    0.6963696369636964
  ],
  "braycurtis": [
    0.5251798561151079
  ],
  "dice": [
    0.5341772151898734
  ],
  "cosinus": [
    0.276838886789438
  ]
}