{
  "voc_eval_res": {
    "precision": 35.1351,
    "recall": 54.1667,
    "f-score": 42.623
  },
  "KL_res": {
    "KL divergence": 2.650878986907317,
    "Euclidean Dist.": 0.2234495283621268,
    "WER": 0.8857142857142857,
    "CER": 0.7857142857142857,
    "Cosine Dist.": 0.3753049524455757
  },
  "occ_eval_res": {
    "precision": 39.5349,
    "recall": 48.5714,
    "f-score": 43.5897
  },
  "clean_eval": {
    "f-score": 22.794117647058822,
    "precision": 29.107981220657276,
    "recall": 18.731117824773413,
    "tp": 62,
    "fp": 151,
    "fn": 269
  },
  "jaccard": [
    0.6794520547945205
  ],
  "braycurtis": [
    0.5322128851540616
  ],
  "dice": [
    0.5145228215767634
  ],
  "cosinus": [
    0.44842541286582804
  ]
}