{
  "voc_eval_res": {
    "precision": 40.0,
    "recall": 33.3333,
    "f-score": 36.3636
  },
  "KL_res": {
    "KL divergence": 4.275717822609449,
    "Euclidean Dist.": 0.35312020269452216,
    "WER": 0.7142857142857143,
    "CER": 0.42105263157894735,
    "Cosine Dist.": 0.46547751617515143
  },
  "occ_eval_res": {
    "precision": 40.0,
    "recall": 28.5714,
    "f-score": 33.3333
  },
  "clean_eval": {
    "f-score": 51.66666666666667,
    "precision": 40.25974025974026,
    "recall": 72.09302325581395,
    "tp": 31,
    "fp": 46,
    "fn": 12
  },
  "jaccard": [
    0.4939759036144578
  ],
  "braycurtis": [
    0.3493150684931507
  ],
  "dice": [
    0.328
  ],
  "cosinus": [
    0.3014337002974755
  ]
}