{
  "voc_eval_res": {
    "precision": 21.4286,
    "recall": 60.0,
    "f-score": 31.5789
  },
  "KL_res": {
    "KL divergence": 2.8920562713208824,
    "Euclidean Dist.": 0.45704364002673636,
    "WER": 2.4,
    "CER": 2.652173913043478,
    "Cosine Dist.": 0.41023217538041146
  },
  "occ_eval_res": {
    "precision": 20.0,
    "recall": 60.0,
    "f-score": 30.0
  },
  "clean_eval": {
    "f-score": 35.294117647058826,
    "precision": 69.23076923076923,
    "recall": 23.684210526315788,
    "tp": 27,
    "fp": 12,
    "fn": 87
  },
  "jaccard": [
    0.7518796992481203
  ],
  "braycurtis": [
    0.6442307692307693
  ],
  "dice": [
    0.6024096385542169
  ],
  "cosinus": [
    0.4486775371635481
  ]
}