{
  "voc_eval_res": {
    "precision": 50.0,
    "recall": 66.6667,
    "f-score": 57.1429
  },
  "KL_res": {
    "KL divergence": 2.2216646588535407,
    "Euclidean Dist.": 0.2791716786431732,
    "WER": 1.0857142857142856,
    "CER": 0.8226950354609929,
    "Cosine Dist.": 0.47473730296079364
  },
  "occ_eval_res": {
    "precision": 38.2979,
    "recall": 51.4286,
    "f-score": 43.9024
  },
  "clean_eval": {
    "f-score": 31.135531135531142,
    "precision": 39.719626168224295,
    "recall": 25.602409638554217,
    "tp": 85,
    "fp": 129,
    "fn": 247
  },
  "jaccard": [
    0.6051779935275081
  ],
  "braycurtis": [
    0.5653266331658291
  ],
  "dice": [
    0.43387470997679817
  ],
  "cosinus": [
    0.5756394443997985
  ]
}