{
  "voc_eval_res": {
    "precision": 28.5714,
    "recall": 40.0,
    "f-score": 33.3333
  },
  "KL_res": {
    "KL divergence": 3.3447249806651036,
    "Euclidean Dist.": 0.42287048187884246,
    "WER": 0.8333333333333334,
    "CER": 0.9444444444444444,
    "Cosine Dist.": 0.28388512596056725
  },
  "occ_eval_res": {
    "precision": 37.5,
    "recall": 50.0,
    "f-score": 42.8571
  },
  "clean_eval": {
    "f-score": 60.0,
    "precision": 75.0,
    "recall": 50.0,
    "tp": 21,
    "fp": 7,
    "fn": 21
  },
  "jaccard": [
    0.7721518987341772
  ],
  "braycurtis": [
    0.6
  ],
  "dice": [
    0.6288659793814433
  ],
  "cosinus": [
    0.49677926687868423
  ]
}