{
  "voc_eval_res": {
    "precision": 66.6667,
    "recall": 25.0,
    "f-score": 36.3636
  },
  "KL_res": {
    "KL divergence": 4.562654756894828,
    "Euclidean Dist.": 0.5555555555555556,
    "WER": 0.7777777777777778,
    "CER": 0.5957446808510638,
    "Cosine Dist.": 0.3291796067500631
  },
  "occ_eval_res": {
    "precision": 66.6667,
    "recall": 22.2222,
    "f-score": 33.3333
  },
  "clean_eval": {
    "f-score": 46.91358024691358,
    "precision": 35.18518518518518,
    "recall": 70.37037037037037,
    "tp": 19,
    "fp": 35,
    "fn": 8
  },
  "jaccard": [
    0.5949367088607594
  ],
  "braycurtis": [
    0.5
  ],
  "dice": [
    0.42342342342342343
  ],
  "cosinus": [
    0.29618329561367973
  ]
}