{
  "voc_eval_res": {
    "precision": 57.1429,
    "recall": 80.0,
    "f-score": 66.6667
  },
  "KL_res": {
    "KL divergence": 1.024460218485116,
    "Euclidean Dist.": 0.31457643480294795,
    "WER": 0.6666666666666666,
    "CER": 0.8888888888888888,
    "Cosine Dist.": 0.12328599248079075
  },
  "occ_eval_res": {
    "precision": 62.5,
    "recall": 83.3333,
    "f-score": 71.4286
  },
  "clean_eval": {
    "f-score": 74.57627118644068,
    "precision": 78.57142857142857,
    "recall": 70.96774193548387,
    "tp": 22,
    "fp": 6,
    "fn": 9
  },
  "jaccard": [
    0.6164383561643836
  ],
  "braycurtis": [
    0.41379310344827586
  ],
  "dice": [
    0.44554455445544555
  ],
  "cosinus": [
    0.3008873100317214
  ]
}