{
  "voc_eval_res": {
    "precision": 28.5714,
    "recall": 33.3333,
    "f-score": 30.7692
  },
  "KL_res": {
    "KL divergence": 2.916852256315839,
    "Euclidean Dist.": 0.1836896506268932,
    "WER": 0.9534883720930233,
    "CER": 0.7150537634408602,
    "Cosine Dist.": 0.16504094856157325
  },
  "occ_eval_res": {
    "precision": 37.7358,
    "recall": 46.5116,
    "f-score": 41.6667
  },
  "clean_eval": {
    "f-score": 22.635135135135133,
    "precision": 23.674911660777383,
    "recall": 21.68284789644013,
    "tp": 67,
    "fp": 216,
    "fn": 242
  },
  "jaccard": [
    0.6279620853080569
  ],
  "braycurtis": [
    0.45067264573991034
  ],
  "dice": [
    0.45768566493955093
  ],
  "cosinus": [
    0.2548214125766737
  ]
}