{
  "voc_eval_res": {
    "precision": 32.0,
    "recall": 50.0,
    "f-score": 39.0244
  },
  "KL_res": {
    "KL divergence": 2.3756990576783297,
    "Euclidean Dist.": 0.25911938781738647,
    "WER": 1.2,
    "CER": 0.8350515463917526,
    "Cosine Dist.": 0.2995852316493427
  },
  "occ_eval_res": {
    "precision": 31.4286,
    "recall": 55.0,
    "f-score": 40.0
  },
  "clean_eval": {
    "f-score": 16.94915254237288,
    "precision": 21.428571428571427,
    "recall": 14.018691588785046,
    "tp": 30,
    "fp": 110,
    "fn": 184
  },
  "jaccard": [
    0.6037037037037037
  ],
  "braycurtis": [
    0.4743083003952569
  ],
  "dice": [
    0.4323607427055703
  ],
  "cosinus": [
    0.37420070147306395
  ]
}