{
  "voc_eval_res": {
    "precision": 43.75,
    "recall": 53.8462,
    "f-score": 48.2759
  },
  "KL_res": {
    "KL divergence": 2.011993602408519,
    "Euclidean Dist.": 0.22184543603687498,
    "WER": 0.9090909090909091,
    "CER": 0.785234899328859,
    "Cosine Dist.": 0.3311648741790584
  },
  "occ_eval_res": {
    "precision": 44.7368,
    "recall": 51.5152,
    "f-score": 47.8873
  },
  "clean_eval": {
    "f-score": 38.20224719101124,
    "precision": 43.22033898305085,
    "recall": 34.22818791946309,
    "tp": 102,
    "fp": 134,
    "fn": 196
  },
  "jaccard": [
    0.6049723756906077
  ],
  "braycurtis": [
    0.4568245125348189
  ],
  "dice": [
    0.43366336633663366
  ],
  "cosinus": [
    0.31809541981164424
  ]
}