{
  "voc_eval_res": {
    "precision": 44.0,
    "recall": 61.1111,
    "f-score": 51.1628
  },
  "KL_res": {
    "KL divergence": 3.0628882316900112,
    "Euclidean Dist.": 0.26903916045218645,
    "WER": 0.7727272727272727,
    "CER": 0.7263157894736842,
    "Cosine Dist.": 0.48231711413148703
  },
  "occ_eval_res": {
    "precision": 40.7407,
    "recall": 50.0,
    "f-score": 44.898
  },
  "clean_eval": {
    "f-score": 37.16814159292035,
    "precision": 45.32374100719424,
    "recall": 31.5,
    "tp": 63,
    "fp": 76,
    "fn": 137
  },
  "jaccard": [
    0.6014492753623188
  ],
  "braycurtis": [
    0.5038461538461538
  ],
  "dice": [
    0.43005181347150256
  ],
  "cosinus": [
    0.48994284063033433
  ]
}