{
  "voc_eval_res": {
    "precision": 22.2222,
    "recall": 20.0,
    "f-score": 21.0526
  },
  "KL_res": {
    "KL divergence": 6.122563507563177,
    "Euclidean Dist.": 0.4085505846855608,
    "WER": 0.9,
    "CER": 0.8205128205128205,
    "Cosine Dist.": 0.6518446880886044
  },
  "occ_eval_res": {
    "precision": 22.2222,
    "recall": 20.0,
    "f-score": 21.0526
  },
  "clean_eval": {
    "f-score": 54.961832061068705,
    "precision": 66.66666666666666,
    "recall": 46.75324675324675,
    "tp": 36,
    "fp": 18,
    "fn": 41
  },
  "jaccard": [
    0.8095238095238095
  ],
  "braycurtis": [
    0.6989247311827957
  ],
  "dice": [
    0.68
  ],
  "cosinus": [
    0.6924924370302571
  ]
}