{
  "voc_eval_res": {
    "precision": 80.0,
    "recall": 88.8889,
    "f-score": 84.2105
  },
  "KL_res": {
    "KL divergence": 0.46851359201531767,
    "Euclidean Dist.": 0.18633899812498247,
    "WER": 0.16666666666666666,
    "CER": 0.05555555555555555,
    "Cosine Dist.": 0.07417990022744869
  },
  "occ_eval_res": {
    "precision": 83.3333,
    "recall": 83.3333,
    "f-score": 83.3333
  },
  "clean_eval": {
    "f-score": 60.3448275862069,
    "precision": 50.72463768115942,
    "recall": 74.46808510638297,
    "tp": 35,
    "fp": 34,
    "fn": 12
  },
  "jaccard": [
    0.04081632653061224
  ],
  "braycurtis": [
    0.050359712230215826
  ],
  "dice": [
    0.020833333333333332
  ],
  "cosinus": [
    0.0243211904968752
  ]
}