{
  "voc_eval_res": {
    "precision": 16.6667,
    "recall": 50.0,
    "f-score": 25.0
  },
  "KL_res": {
    "KL divergence": 2.5007976858900514,
    "Euclidean Dist.": 0.7095078297976829,
    "WER": 1.6666666666666667,
    "CER": 1.263157894736842,
    "Cosine Dist.": 0.2603997383663611
  },
  "occ_eval_res": {
    "precision": 28.5714,
    "recall": 66.6667,
    "f-score": 40.0
  },
  "clean_eval": {
    "f-score": 55.07246376811595,
    "precision": 50.0,
    "recall": 61.29032258064516,
    "tp": 19,
    "fp": 19,
    "fn": 12
  },
  "jaccard": [
    0.7971014492753623
  ],
  "braycurtis": [
    0.5535714285714286
  ],
  "dice": [
    0.6626506024096386
  ],
  "cosinus": [
    0.368617653086885
  ]
}