{
  "voc_eval_res": {
    "precision": 28.5714,
    "recall": 36.3636,
    "f-score": 32.0
  },
  "KL_res": {
    "KL divergence": 3.0382299810015425,
    "Euclidean Dist.": 0.20153730163574504,
    "WER": 0.8,
    "CER": 0.4782608695652174,
    "Cosine Dist.": 0.20399705424215142
  },
  "occ_eval_res": {
    "precision": 38.8889,
    "recall": 46.6667,
    "f-score": 42.4242
  },
  "clean_eval": {
    "f-score": 66.49746192893402,
    "precision": 65.82914572864321,
    "recall": 67.17948717948717,
    "tp": 131,
    "fp": 68,
    "fn": 64
  },
  "jaccard": [
    0.6465256797583081
  ],
  "braycurtis": [
    0.4430379746835443
  ],
  "dice": [
    0.47767857142857145
  ],
  "cosinus": [
    0.2524520756086719
  ]
}