{
  "voc_eval_res": {
    "precision": 46.875,
    "recall": 53.5714,
    "f-score": 50.0
  },
  "KL_res": {
    "KL divergence": 1.9636513199674903,
    "Euclidean Dist.": 0.1889311256892084,
    "WER": 0.7674418604651163,
    "CER": 0.6342857142857142,
    "Cosine Dist.": 0.19811838234785906
  },
  "occ_eval_res": {
    "precision": 51.1628,
    "recall": 51.1628,
    "f-score": 51.1628
  },
  "clean_eval": {
    "f-score": 36.52173913043478,
    "precision": 36.71328671328671,
    "recall": 36.332179930795846,
    "tp": 105,
    "fp": 181,
    "fn": 184
  },
  "jaccard": [
    0.5811209439528023
  ],
  "braycurtis": [
    0.4536082474226804
  ],
  "dice": [
    0.4095634095634096
  ],
  "cosinus": [
    0.2929049087665686
  ]
}