{
  "voc_eval_res": {
    "precision": 23.3333,
    "recall": 28.0,
    "f-score": 25.4545
  },
  "KL_res": {
    "KL divergence": 2.4160413575753514,
    "Euclidean Dist.": 0.16664136578837555,
    "WER": 0.7317073170731707,
    "CER": 0.7111111111111111,
    "Cosine Dist.": 0.07240002426092629
  },
  "occ_eval_res": {
    "precision": 47.7273,
    "recall": 51.2195,
    "f-score": 49.4118
  },
  "clean_eval": {
    "f-score": 28.675136116152455,
    "precision": 26.87074829931973,
    "recall": 30.739299610894943,
    "tp": 79,
    "fp": 215,
    "fn": 178
  },
  "jaccard": [
    0.6511627906976745
  ],
  "braycurtis": [
    0.43703703703703706
  ],
  "dice": [
    0.4827586206896552
  ],
  "cosinus": [
    0.19032847403420927
  ]
}