{
  "voc_eval_res": {
    "precision": 48.3871,
    "recall": 68.1818,
    "f-score": 56.6038
  },
  "KL_res": {
    "KL divergence": 1.130969679328022,
    "Euclidean Dist.": 0.16738644798775784,
    "WER": 0.625,
    "CER": 0.5845070422535211,
    "Cosine Dist.": 0.0933131845135553
  },
  "occ_eval_res": {
    "precision": 58.5366,
    "recall": 75.0,
    "f-score": 65.7534
  },
  "clean_eval": {
    "f-score": 41.36460554371002,
    "precision": 45.539906103286384,
    "recall": 37.890625,
    "tp": 97,
    "fp": 116,
    "fn": 159
  },
  "jaccard": [
    0.5348837209302325
  ],
  "braycurtis": [
    0.3413173652694611
  ],
  "dice": [
    0.36507936507936506
  ],
  "cosinus": [
    0.16743984801097622
  ]
}