{
  "voc_eval_res": {
    "precision": 100.0,
    "recall": 57.1429,
    "f-score": 72.7273
  },
  "KL_res": {
    "KL divergence": 2.479629210673039,
    "Euclidean Dist.": 0.4615855548972432,
    "WER": 0.5714285714285714,
    "CER": 0.4594594594594595,
    "Cosine Dist.": 0.19417703597461977
  },
  "occ_eval_res": {
    "precision": 80.0,
    "recall": 57.1429,
    "f-score": 66.6667
  },
  "clean_eval": {
    "f-score": 56.79012345679012,
    "precision": 44.230769230769226,
    "recall": 79.3103448275862,
    "tp": 23,
    "fp": 29,
    "fn": 6
  },
  "jaccard": [
    0.3382352941176471
  ],
  "braycurtis": [
    0.25
  ],
  "dice": [
    0.20353982300884957
  ],
  "cosinus": [
    0.17436044652105775
  ]
}