{
  "voc_eval_res": {
    "precision": 37.5,
    "recall": 42.8571,
    "f-score": 40.0
  },
  "KL_res": {
    "KL divergence": 3.6891428168701035,
    "Euclidean Dist.": 0.3849001794597505,
    "WER": 0.5555555555555556,
    "CER": 0.25862068965517243,
    "Cosine Dist.": 0.3323021391104114
  },
  "occ_eval_res": {
    "precision": 44.4444,
    "recall": 44.4444,
    "f-score": 44.4444
  },
  "clean_eval": {
    "f-score": 56.363636363636374,
    "precision": 46.96969696969697,
    "recall": 70.45454545454545,
    "tp": 31,
    "fp": 35,
    "fn": 13
  },
  "jaccard": [
    0.4351851851851852
  ],
  "braycurtis": [
    0.2831858407079646
  ],
  "dice": [
    0.2781065088757396
  ],
  "cosinus": [
    0.20491200174484536
  ]
}