{
  "voc_eval_res": {
    "precision": 44.8276,
    "recall": 41.9355,
    "f-score": 43.3333
  },
  "KL_res": {
    "KL divergence": 2.4320537704332463,
    "Euclidean Dist.": 0.1829467286987598,
    "WER": 0.6888888888888889,
    "CER": 0.5024630541871922,
    "Cosine Dist.": 0.17633350132763304
  },
  "occ_eval_res": {
    "precision": 54.0541,
    "recall": 44.4444,
    "f-score": 48.7805
  },
  "clean_eval": {
    "f-score": 27.57009345794393,
    "precision": 27.830188679245282,
    "recall": 27.314814814814813,
    "tp": 59,
    "fp": 153,
    "fn": 157
  },
  "jaccard": [
    0.5864022662889519
  ],
  "braycurtis": [
    0.4256410256410256
  ],
  "dice": [
    0.4148296593186373
  ],
  "cosinus": [
    0.2540701748873694
  ]
}