{
  "voc_eval_res": {
    "precision": 44.4444,
    "recall": 44.4444,
    "f-score": 44.4444
  },
  "KL_res": {
    "KL divergence": 3.5825154031414765,
    "Euclidean Dist.": 0.35136418446315326,
    "WER": 0.5555555555555556,
    "CER": 0.4318181818181818,
    "Cosine Dist.": 0.3846153846153846
  },
  "occ_eval_res": {
    "precision": 44.4444,
    "recall": 44.4444,
    "f-score": 44.4444
  },
  "clean_eval": {
    "f-score": 70.80745341614907,
    "precision": 76.0,
    "recall": 66.27906976744185,
    "tp": 57,
    "fp": 18,
    "fn": 29
  },
  "jaccard": [
    0.5983606557377049
  ],
  "braycurtis": [
    0.44329896907216493
  ],
  "dice": [
    0.4269005847953216
  ],
  "cosinus": [
    0.37534715444174294
  ]
}