{
  "voc_eval_res": {
    "precision": 50.0,
    "recall": 90.9091,
    "f-score": 64.5161
  },
  "KL_res": {
    "KL divergence": 0.5453559849422056,
    "Euclidean Dist.": 0.2475378011895385,
    "WER": 0.6875,
    "CER": 0.7536231884057971,
    "Cosine Dist.": 0.09282099952631495
  },
  "occ_eval_res": {
    "precision": 57.6923,
    "recall": 93.75,
    "f-score": 71.4286
  },
  "clean_eval": {
    "f-score": 65.46762589928058,
    "precision": 80.53097345132744,
    "recall": 55.15151515151515,
    "tp": 91,
    "fp": 22,
    "fn": 74
  },
  "jaccard": [
    0.4860335195530726
  ],
  "braycurtis": [
    0.32085561497326204
  ],
  "dice": [
    0.3210332103321033
  ],
  "cosinus": [
    0.20104704918957494
  ]
}