{
  "voc_eval_res": {
    "precision": 18.75,
    "recall": 31.5789,
    "f-score": 23.5294
  },
  "KL_res": {
    "KL divergence": 2.682954450240782,
    "Euclidean Dist.": 0.18142891812487225,
    "WER": 1.2962962962962963,
    "CER": 0.9225352112676056,
    "Cosine Dist.": 0.10083288953759362
  },
  "occ_eval_res": {
    "precision": 29.1667,
    "recall": 51.8519,
    "f-score": 37.3333
  },
  "clean_eval": {
    "f-score": 23.619047619047617,
    "precision": 29.523809523809526,
    "recall": 19.682539682539684,
    "tp": 62,
    "fp": 148,
    "fn": 253
  },
  "jaccard": [
    0.6859504132231405
  ],
  "braycurtis": [
    0.5040650406504065
  ],
  "dice": [
    0.5220125786163522
  ],
  "cosinus": [
    0.2481458326895376
  ]
}