{
  "voc_eval_res": {
    "precision": 40.0,
    "recall": 44.4444,
    "f-score": 42.1053
  },
  "KL_res": {
    "KL divergence": 3.5797417363349218,
    "Euclidean Dist.": 0.37416573867739417,
    "WER": 0.6363636363636364,
    "CER": 0.42424242424242425,
    "Cosine Dist.": 0.43019711770181024
  },
  "occ_eval_res": {
    "precision": 40.0,
    "recall": 36.3636,
    "f-score": 38.0952
  },
  "clean_eval": {
    "f-score": 49.557522123893804,
    "precision": 41.17647058823529,
    "recall": 62.22222222222222,
    "tp": 28,
    "fp": 40,
    "fn": 17
  },
  "jaccard": [
    0.4375
  ],
  "braycurtis": [
    0.36283185840707965
  ],
  "dice": [
    0.28
  ],
  "cosinus": [
    0.24536716536098602
  ]
}