{
  "voc_eval_res": {
    "precision": 50.0,
    "recall": 37.5,
    "f-score": 42.8571
  },
  "KL_res": {
    "KL divergence": 3.0989984677352145,
    "Euclidean Dist.": 0.38297084310253526,
    "WER": 0.7,
    "CER": 0.421875,
    "Cosine Dist.": 0.3049519531430843
  },
  "occ_eval_res": {
    "precision": 50.0,
    "recall": 30.0,
    "f-score": 37.5
  },
  "clean_eval": {
    "f-score": 65.54621848739495,
    "precision": 58.2089552238806,
    "recall": 75.0,
    "tp": 39,
    "fp": 28,
    "fn": 13
  },
  "jaccard": [
    0.5106382978723404
  ],
  "braycurtis": [
    0.36
  ],
  "dice": [
    0.34285714285714286
  ],
  "cosinus": [
    0.17330362421863288
  ]
}