{
  "voc_eval_res": {
    "precision": 23.0769,
    "recall": 23.0769,
    "f-score": 23.0769
  },
  "KL_res": {
    "KL divergence": 5.226326555588622,
    "Euclidean Dist.": 0.3517589874798465,
    "WER": 0.8666666666666667,
    "CER": 0.7222222222222222,
    "Cosine Dist.": 0.6000000000000001
  },
  "occ_eval_res": {
    "precision": 23.0769,
    "recall": 20.0,
    "f-score": 21.4286
  },
  "clean_eval": {
    "f-score": 61.53846153846153,
    "precision": 66.66666666666666,
    "recall": 57.14285714285714,
    "tp": 52,
    "fp": 26,
    "fn": 39
  },
  "jaccard": [
    0.8296703296703297
  ],
  "braycurtis": [
    0.7
  ],
  "dice": [
    0.7089201877934272
  ],
  "cosinus": [
    0.6440065545786747
  ]
}