{
  "voc_eval_res": {
    "precision": 75.0,
    "recall": 75.0,
    "f-score": 75.0
  },
  "KL_res": {
    "KL divergence": 1.1643447104412727,
    "Euclidean Dist.": 0.2222222222222222,
    "WER": 0.2222222222222222,
    "CER": 0.06382978723404255,
    "Cosine Dist.": 0.09999999999999998
  },
  "occ_eval_res": {
    "precision": 77.7778,
    "recall": 77.7778,
    "f-score": 77.7778
  },
  "clean_eval": {
    "f-score": 83.33333333333334,
    "precision": 83.33333333333334,
    "recall": 83.33333333333334,
    "tp": 45,
    "fp": 9,
    "fn": 9
  },
  "jaccard": [
    0.25
  ],
  "braycurtis": [
    0.13186813186813187
  ],
  "dice": [
    0.14285714285714285
  ],
  "cosinus": [
    0.09088300246665737
  ]
}