{
  "voc_eval_res": {
    "precision": 100.0,
    "recall": 55.5556,
    "f-score": 71.4286
  },
  "KL_res": {
    "KL divergence": 2.142629426283765,
    "Euclidean Dist.": 0.3333333333333333,
    "WER": 0.4,
    "CER": 0.24489795918367346,
    "Cosine Dist.": 0.10557280900008448
  },
  "occ_eval_res": {
    "precision": 100.0,
    "recall": 60.0,
    "f-score": 75.0
  },
  "clean_eval": {
    "f-score": 43.24324324324324,
    "precision": 29.09090909090909,
    "recall": 84.21052631578947,
    "tp": 16,
    "fp": 39,
    "fn": 3
  },
  "jaccard": [
    0.2987012987012987
  ],
  "braycurtis": [
    0.14457831325301204
  ],
  "dice": [
    0.17557251908396945
  ],
  "cosinus": [
    0.0917691496992512
  ]
}