{
  "voc_eval_res": {
    "precision": 38.2353,
    "recall": 76.4706,
    "f-score": 50.9804
  },
  "KL_res": {
    "KL divergence": 1.2534919080206397,
    "Euclidean Dist.": 0.2234303124835329,
    "WER": 1.3,
    "CER": 1.1195652173913044,
    "Cosine Dist.": 0.19876638323022444
  },
  "occ_eval_res": {
    "precision": 41.0256,
    "recall": 80.0,
    "f-score": 54.2373
  },
  "clean_eval": {
    "f-score": 36.914600550964195,
    "precision": 44.370860927152314,
    "recall": 31.60377358490566,
    "tp": 67,
    "fp": 84,
    "fn": 145
  },
  "jaccard": [
    0.6262975778546713
  ],
  "braycurtis": [
    0.45964912280701753
  ],
  "dice": [
    0.45591939546599497
  ],
  "cosinus": [
    0.20482126915216659
  ]
}