{
  "voc_eval_res": {
    "precision": 38.4615,
    "recall": 50.0,
    "f-score": 43.4783
  },
  "KL_res": {
    "KL divergence": 2.7984612416359136,
    "Euclidean Dist.": 0.2398524223628177,
    "WER": 0.9523809523809523,
    "CER": 0.8041237113402062,
    "Cosine Dist.": 0.4128634360480138
  },
  "occ_eval_res": {
    "precision": 37.037,
    "recall": 47.619,
    "f-score": 41.6667
  },
  "clean_eval": {
    "f-score": 32.6530612244898,
    "precision": 40.0,
    "recall": 27.586206896551722,
    "tp": 56,
    "fp": 84,
    "fn": 147
  },
  "jaccard": [
    0.69
  ],
  "braycurtis": [
    0.5269230769230769
  ],
  "dice": [
    0.5267175572519084
  ],
  "cosinus": [
    0.3356496844277036
  ]
}