{
  "voc_eval_res": {
    "precision": 57.1429,
    "recall": 38.0952,
    "f-score": 45.7143
  },
  "KL_res": {
    "KL divergence": 3.1868989932302023,
    "Euclidean Dist.": 0.19791644289282015,
    "WER": 0.6785714285714286,
    "CER": 0.4691358024691358,
    "Cosine Dist.": 0.29493868667711143
  },
  "occ_eval_res": {
    "precision": 62.8571,
    "recall": 39.2857,
    "f-score": 48.3516
  },
  "clean_eval": {
    "f-score": 39.923224568138195,
    "precision": 30.678466076696164,
    "recall": 57.14285714285714,
    "tp": 104,
    "fp": 235,
    "fn": 78
  },
  "jaccard": [
    0.5710455764075067
  ],
  "braycurtis": [
    0.43333333333333335
  ],
  "dice": [
    0.399624765478424
  ],
  "cosinus": [
    0.2887144900004698
  ]
}