{
  "voc_eval_res": {
    "precision": 32.1429,
    "recall": 27.2727,
    "f-score": 29.5082
  },
  "KL_res": {
    "KL divergence": 3.262851136248149,
    "Euclidean Dist.": 0.18895572198515592,
    "WER": 0.7954545454545454,
    "CER": 0.6320754716981132,
    "Cosine Dist.": 0.18946493409765508
  },
  "occ_eval_res": {
    "precision": 44.4444,
    "recall": 36.3636,
    "f-score": 40.0
  },
  "clean_eval": {
    "f-score": 10.077519379844961,
    "precision": 8.96551724137931,
    "recall": 11.504424778761061,
    "tp": 26,
    "fp": 264,
    "fn": 200
  },
  "jaccard": [
    0.6898395721925134
  ],
  "braycurtis": [
    0.4961038961038961
  ],
  "dice": [
    0.5265306122448979
  ],
  "cosinus": [
    0.25959905205635847
  ]
}