{
  "voc_eval_res": {
    "precision": 40.625,
    "recall": 59.0909,
    "f-score": 48.1481
  },
  "KL_res": {
    "KL divergence": 1.9215806072402468,
    "Euclidean Dist.": 0.20698200259278818,
    "WER": 0.8378378378378378,
    "CER": 0.6797385620915033,
    "Cosine Dist.": 0.21755839587193915
  },
  "occ_eval_res": {
    "precision": 48.8372,
    "recall": 56.7568,
    "f-score": 52.5
  },
  "clean_eval": {
    "f-score": 13.08411214953271,
    "precision": 14.583333333333334,
    "recall": 11.864406779661017,
    "tp": 28,
    "fp": 164,
    "fn": 208
  },
  "jaccard": [
    0.6765676567656765
  ],
  "braycurtis": [
    0.441025641025641
  ],
  "dice": [
    0.5112219451371571
  ],
  "cosinus": [
    0.2545685348688751
  ]
}