{
  "voc_eval_res": {
    "precision": 27.2727,
    "recall": 50.0,
    "f-score": 35.2941
  },
  "KL_res": {
    "KL divergence": 2.8912075713464254,
    "Euclidean Dist.": 0.23931726606100948,
    "WER": 1.2,
    "CER": 0.9619047619047619,
    "Cosine Dist.": 0.32323663071302533
  },
  "occ_eval_res": {
    "precision": 35.1351,
    "recall": 52.0,
    "f-score": 41.9355
  },
  "clean_eval": {
    "f-score": 23.497267759562842,
    "precision": 28.859060402684566,
    "recall": 19.81566820276498,
    "tp": 43,
    "fp": 106,
    "fn": 174
  },
  "jaccard": [
    0.7161290322580646
  ],
  "braycurtis": [
    0.5986622073578596
  ],
  "dice": [
    0.5577889447236181
  ],
  "cosinus": [
    0.45878008025547223
  ]
}