{
  "voc_eval_res": {
    "precision": 36.8421,
    "recall": 35.0,
    "f-score": 35.8974
  },
  "KL_res": {
    "KL divergence": 3.542670647716926,
    "Euclidean Dist.": 0.20682545712189468,
    "WER": 0.8,
    "CER": 0.5286343612334802,
    "Cosine Dist.": 0.4079756080925696
  },
  "occ_eval_res": {
    "precision": 42.5532,
    "recall": 36.3636,
    "f-score": 39.2157
  },
  "clean_eval": {
    "f-score": 38.25757575757576,
    "precision": 33.5548172757475,
    "recall": 44.49339207048458,
    "tp": 101,
    "fp": 200,
    "fn": 126
  },
  "jaccard": [
    0.6584821428571429
  ],
  "braycurtis": [
    0.5031578947368421
  ],
  "dice": [
    0.4908485856905158
  ],
  "cosinus": [
    0.40620807583311935
  ]
}