{
  "voc_eval_res": {
    "precision": 31.4286,
    "recall": 64.7059,
    "f-score": 42.3077
  },
  "KL_res": {
    "KL divergence": 1.3243444924329795,
    "Euclidean Dist.": 0.211904968250334,
    "WER": 1.1153846153846154,
    "CER": 0.9590163934426229,
    "Cosine Dist.": 0.0955730180492882
  },
  "occ_eval_res": {
    "precision": 42.5532,
    "recall": 76.9231,
    "f-score": 54.7945
  },
  "clean_eval": {
    "f-score": 25.213675213675213,
    "precision": 29.797979797979796,
    "recall": 21.85185185185185,
    "tp": 59,
    "fp": 139,
    "fn": 211
  },
  "jaccard": [
    0.6234939759036144
  ],
  "braycurtis": [
    0.4241573033707865
  ],
  "dice": [
    0.45295404814004375
  ],
  "cosinus": [
    0.1793227017538398
  ]
}