{
  "voc_eval_res": {
    "precision": 38.8889,
    "recall": 63.6364,
    "f-score": 48.2759
  },
  "KL_res": {
    "KL divergence": 2.5252293625101547,
    "Euclidean Dist.": 0.24227511373364946,
    "WER": 1.1153846153846154,
    "CER": 1.0,
    "Cosine Dist.": 0.4336061396761691
  },
  "occ_eval_res": {
    "precision": 37.8378,
    "recall": 53.8462,
    "f-score": 44.4444
  },
  "clean_eval": {
    "f-score": 43.678160919540225,
    "precision": 54.285714285714285,
    "recall": 36.53846153846153,
    "tp": 76,
    "fp": 64,
    "fn": 132
  },
  "jaccard": [
    0.625
  ],
  "braycurtis": [
    0.5245398773006135
  ],
  "dice": [
    0.45454545454545453
  ],
  "cosinus": [
    0.45905926478234516
  ]
}