{
  "voc_eval_res": {
    "precision": 41.3793,
    "recall": 50.0,
    "f-score": 45.283
  },
  "KL_res": {
    "KL divergence": 2.5696404343489063,
    "Euclidean Dist.": 0.21786304997553158,
    "WER": 0.9230769230769231,
    "CER": 0.6643356643356644,
    "Cosine Dist.": 0.2862855966524631
  },
  "occ_eval_res": {
    "precision": 36.8421,
    "recall": 53.8462,
    "f-score": 43.75
  },
  "clean_eval": {
    "f-score": 34.38914027149321,
    "precision": 42.93785310734463,
    "recall": 28.67924528301887,
    "tp": 76,
    "fp": 101,
    "fn": 189
  },
  "jaccard": [
    0.5591715976331361
  ],
  "braycurtis": [
    0.41124260355029585
  ],
  "dice": [
    0.38809034907597534
  ],
  "cosinus": [
    0.25570555742486645
  ]
}