{
  "voc_eval_res": {
    "precision": 55.5556,
    "recall": 35.7143,
    "f-score": 43.4783
  },
  "KL_res": {
    "KL divergence": 4.370112124819155,
    "Euclidean Dist.": 0.3499559055116361,
    "WER": 0.6666666666666666,
    "CER": 0.5405405405405406,
    "Cosine Dist.": 0.43019711770181024
  },
  "occ_eval_res": {
    "precision": 55.5556,
    "recall": 33.3333,
    "f-score": 41.6667
  },
  "clean_eval": {
    "f-score": 51.42857142857142,
    "precision": 39.56043956043956,
    "recall": 73.46938775510205,
    "tp": 72,
    "fp": 110,
    "fn": 26
  },
  "jaccard": [
    0.5939086294416244
  ],
  "braycurtis": [
    0.4576271186440678
  ],
  "dice": [
    0.4223826714801444
  ],
  "cosinus": [
    0.32510386274167735
  ]
}