{
  "voc_eval_res": {
    "precision": 38.4615,
    "recall": 83.3333,
    "f-score": 52.6316
  },
  "KL_res": {
    "KL divergence": 1.27803501094927,
    "Euclidean Dist.": 0.37721379804178234,
    "WER": 1.6666666666666667,
    "CER": 1.6071428571428572,
    "Cosine Dist.": 0.2614510541240037
  },
  "occ_eval_res": {
    "precision": 35.7143,
    "recall": 83.3333,
    "f-score": 50.0
  },
  "clean_eval": {
    "f-score": 41.860465116279066,
    "precision": 72.0,
    "recall": 29.508196721311474,
    "tp": 36,
    "fp": 14,
    "fn": 86
  },
  "jaccard": [
    0.6259541984732825
  ],
  "braycurtis": [
    0.504950495049505
  ],
  "dice": [
    0.45555555555555555
  ],
  "cosinus": [
    0.34719869777709045
  ]
}