{
  "voc_eval_res": {
    "precision": 56.8966,
    "recall": 62.2642,
    "f-score": 59.4595
  },
  "KL_res": {
    "KL divergence": 1.8247614753931685,
    "Euclidean Dist.": 0.1709924555011308,
    "WER": 0.7945205479452054,
    "CER": 0.5823389021479713,
    "Cosine Dist.": 0.36788939257566244
  },
  "occ_eval_res": {
    "precision": 55.2239,
    "recall": 50.6849,
    "f-score": 52.8571
  },
  "clean_eval": {
    "f-score": 10.264150943396226,
    "precision": 10.461538461538462,
    "recall": 10.074074074074074,
    "tp": 68,
    "fp": 582,
    "fn": 607
  },
  "jaccard": [
    0.40034965034965037
  ],
  "braycurtis": [
    0.31348314606741573
  ],
  "dice": [
    0.2502732240437158
  ],
  "cosinus": [
    0.20807455470507497
  ]
}