{
  "voc_eval_res": {
    "precision": 20.8333,
    "recall": 20.8333,
    "f-score": 20.8333
  },
  "KL_res": {
    "KL divergence": 5.138034653894987,
    "Euclidean Dist.": 0.2622975409720801,
    "WER": 0.96,
    "CER": 0.6414141414141414,
    "Cosine Dist.": 0.641431417199682
  },
  "occ_eval_res": {
    "precision": 20.0,
    "recall": 20.0,
    "f-score": 20.0
  },
  "clean_eval": {
    "f-score": 20.384615384615387,
    "precision": 19.06474820143885,
    "recall": 21.90082644628099,
    "tp": 53,
    "fp": 225,
    "fn": 189
  },
  "jaccard": [
    0.6992084432717678
  ],
  "braycurtis": [
    0.4973404255319149
  ],
  "dice": [
    0.537525354969574
  ],
  "cosinus": [
    0.30862782164032654
  ]
}