{
  "voc_eval_res": {
    "precision": 33.3333,
    "recall": 50.0,
    "f-score": 40.0
  },
  "KL_res": {
    "KL divergence": 3.3573894623040874,
    "Euclidean Dist.": 0.40414518843273806,
    "WER": 1.1666666666666667,
    "CER": 1.0263157894736843,
    "Cosine Dist.": 0.37146063894529124
  },
  "occ_eval_res": {
    "precision": 30.0,
    "recall": 50.0,
    "f-score": 37.5
  },
  "clean_eval": {
    "f-score": 59.78260869565217,
    "precision": 74.32432432432432,
    "recall": 50.0,
    "tp": 55,
    "fp": 19,
    "fn": 55
  },
  "jaccard": [
    0.6417910447761194
  ],
  "braycurtis": [
    0.5288461538461539
  ],
  "dice": [
    0.4725274725274725
  ],
  "cosinus": [
    0.4125726501940802
  ]
}