{
  "voc_eval_res": {
    "precision": 41.6667,
    "recall": 50.0,
    "f-score": 45.4545
  },
  "KL_res": {
    "KL divergence": 3.182646380358653,
    "Euclidean Dist.": 0.3435921354681384,
    "WER": 0.8333333333333334,
    "CER": 0.37662337662337664,
    "Cosine Dist.": 0.4059114742139953
  },
  "occ_eval_res": {
    "precision": 41.6667,
    "recall": 41.6667,
    "f-score": 41.6667
  },
  "clean_eval": {
    "f-score": 70.1923076923077,
    "precision": 74.48979591836735,
    "recall": 66.36363636363637,
    "tp": 73,
    "fp": 25,
    "fn": 37
  },
  "jaccard": [
    0.5307262569832403
  ],
  "braycurtis": [
    0.3821656050955414
  ],
  "dice": [
    0.3612167300380228
  ],
  "cosinus": [
    0.3063987915915084
  ]
}