{
  "voc_eval_res": {
    "precision": 40.0,
    "recall": 26.6667,
    "f-score": 32.0
  },
  "KL_res": {
    "KL divergence": 5.026282248048118,
    "Euclidean Dist.": 0.34318767136623335,
    "WER": 0.7333333333333333,
    "CER": 0.5051546391752577,
    "Cosine Dist.": 0.5094885284120274
  },
  "occ_eval_res": {
    "precision": 40.0,
    "recall": 26.6667,
    "f-score": 32.0
  },
  "clean_eval": {
    "f-score": 63.57142857142857,
    "precision": 56.32911392405063,
    "recall": 72.95081967213115,
    "tp": 89,
    "fp": 69,
    "fn": 33
  },
  "jaccard": [
    0.6636363636363637
  ],
  "braycurtis": [
    0.48066298342541436
  ],
  "dice": [
    0.4965986394557823
  ],
  "cosinus": [
    0.3442220421811124
  ]
}