{
  "voc_eval_res": {
    "precision": 0,
    "recall": 0,
    "f-score": 0
  },
  "KL_res": {
    "KL divergence": 8.89644488727113,
    "Euclidean Dist.": 0.5249338582674541,
    "WER": 1.0,
    "CER": 0.7910447761194029,
    "Cosine Dist.": 1.0
  },
  "occ_eval_res": {
    "precision": 0,
    "recall": 0,
    "f-score": 0
  },
  "clean_eval": {
    "f-score": 41.618497109826585,
    "precision": 29.268292682926827,
    "recall": 72.0,
    "tp": 36,
    "fp": 87,
    "fn": 14
  },
  "jaccard": [
    0.9038461538461539
  ],
  "braycurtis": [
    0.8484848484848485
  ],
  "dice": [
    0.8245614035087719
  ],
  "cosinus": [
    0.8321856119409454
  ]
}