{
  "voc_eval_res": {
    "precision": 40.9091,
    "recall": 37.5,
    "f-score": 39.1304
  },
  "KL_res": {
    "KL divergence": 3.563079981940398,
    "Euclidean Dist.": 0.2563912128888961,
    "WER": 0.8518518518518519,
    "CER": 0.6402116402116402,
    "Cosine Dist.": 0.4501585852308422
  },
  "occ_eval_res": {
    "precision": 37.5,
    "recall": 33.3333,
    "f-score": 35.2941
  },
  "clean_eval": {
    "f-score": 15.413533834586465,
    "precision": 15.413533834586465,
    "recall": 15.413533834586465,
    "tp": 41,
    "fp": 225,
    "fn": 225
  },
  "jaccard": [
    0.5883977900552486
  ],
  "braycurtis": [
    0.4281984334203655
  ],
  "dice": [
    0.41682974559686886
  ],
  "cosinus": [
    0.2711872251246543
  ]
}