{
  "voc_eval_res": {
    "precision": 54.5455,
    "recall": 42.8571,
    "f-score": 48.0
  },
  "KL_res": {
    "KL divergence": 3.18235431277489,
    "Euclidean Dist.": 0.2938612829672887,
    "WER": 0.6666666666666666,
    "CER": 0.5131578947368421,
    "Cosine Dist.": 0.33408790818370837
  },
  "occ_eval_res": {
    "precision": 54.5455,
    "recall": 40.0,
    "f-score": 46.1538
  },
  "clean_eval": {
    "f-score": 64.65517241379311,
    "precision": 61.47540983606557,
    "recall": 68.18181818181817,
    "tp": 75,
    "fp": 47,
    "fn": 35
  },
  "jaccard": [
    0.5375
  ],
  "braycurtis": [
    0.381294964028777
  ],
  "dice": [
    0.36752136752136755
  ],
  "cosinus": [
    0.2780348991383409
  ]
}