{
  "voc_eval_res": {
    "precision": 36.3636,
    "recall": 44.4444,
    "f-score": 40.0
  },
  "KL_res": {
    "KL divergence": 3.6129008976378496,
    "Euclidean Dist.": 0.37482778414706003,
    "WER": 0.8181818181818182,
    "CER": 0.3787878787878788,
    "Cosine Dist.": 0.4495181174368197
  },
  "occ_eval_res": {
    "precision": 36.3636,
    "recall": 36.3636,
    "f-score": 36.3636
  },
  "clean_eval": {
    "f-score": 61.95652173913043,
    "precision": 66.27906976744185,
    "recall": 58.16326530612245,
    "tp": 57,
    "fp": 29,
    "fn": 41
  },
  "jaccard": [
    0.5202312138728323
  ],
  "braycurtis": [
    0.38961038961038963
  ],
  "dice": [
    0.3515625
  ],
  "cosinus": [
    0.36715891644421506
  ]
}