{
  "voc_eval_res": {
    "precision": 41.1765,
    "recall": 48.2759,
    "f-score": 44.4444
  },
  "KL_res": {
    "KL divergence": 2.90295722101306,
    "Euclidean Dist.": 0.19400985728476144,
    "WER": 0.8275862068965517,
    "CER": 0.5333333333333333,
    "Cosine Dist.": 0.39403212756491734
  },
  "occ_eval_res": {
    "precision": 38.8889,
    "recall": 48.2759,
    "f-score": 43.0769
  },
  "clean_eval": {
    "f-score": 40.49844236760124,
    "precision": 42.9042904290429,
    "recall": 38.34808259587021,
    "tp": 130,
    "fp": 173,
    "fn": 209
  },
  "jaccard": [
    0.5210280373831776
  ],
  "braycurtis": [
    0.38949671772428884
  ],
  "dice": [
    0.3522906793048973
  ],
  "cosinus": [
    0.2735559436541529
  ]
}