{
  "voc_eval_res": {
    "precision": 44.4444,
    "recall": 50.0,
    "f-score": 47.0588
  },
  "KL_res": {
    "KL divergence": 3.1848527527110435,
    "Euclidean Dist.": 0.35464292596676955,
    "WER": 0.75,
    "CER": 0.44642857142857145,
    "Cosine Dist.": 0.3594873847796516
  },
  "occ_eval_res": {
    "precision": 44.4444,
    "recall": 50.0,
    "f-score": 47.0588
  },
  "clean_eval": {
    "f-score": 70.40816326530613,
    "precision": 80.23255813953489,
    "recall": 62.727272727272734,
    "tp": 69,
    "fp": 17,
    "fn": 41
  },
  "jaccard": [
    0.5571428571428572
  ],
  "braycurtis": [
    0.34710743801652894
  ],
  "dice": [
    0.38613861386138615
  ],
  "cosinus": [
    0.2590895493368204
  ]
}