{
  "voc_eval_res": {
    "precision": 42.8571,
    "recall": 33.3333,
    "f-score": 37.5
  },
  "KL_res": {
    "KL divergence": 4.99530960984066,
    "Euclidean Dist.": 0.4273792943329026,
    "WER": 1.0,
    "CER": 0.734375,
    "Cosine Dist.": 0.5101020514433644
  },
  "occ_eval_res": {
    "precision": 42.8571,
    "recall": 30.0,
    "f-score": 35.2941
  },
  "clean_eval": {
    "f-score": 45.06232023010546,
    "precision": 38.651315789473685,
    "recall": 54.02298850574713,
    "tp": 235,
    "fp": 373,
    "fn": 200
  },
  "jaccard": [
    0.7407407407407407
  ],
  "braycurtis": [
    0.6237623762376238
  ],
  "dice": [
    0.5882352941176471
  ],
  "cosinus": [
    0.594944581404
  ]
}