{
  "voc_eval_res": {
    "precision": 40.0,
    "recall": 47.0588,
    "f-score": 43.2432
  },
  "KL_res": {
    "KL divergence": 2.6769708481891707,
    "Euclidean Dist.": 0.26143279717360735,
    "WER": 0.8636363636363636,
    "CER": 0.6333333333333333,
    "Cosine Dist.": 0.37102909796684913
  },
  "occ_eval_res": {
    "precision": 40.0,
    "recall": 36.3636,
    "f-score": 38.0952
  },
  "clean_eval": {
    "f-score": 24.31192660550459,
    "precision": 24.31192660550459,
    "recall": 24.31192660550459,
    "tp": 53,
    "fp": 165,
    "fn": 165
  },
  "jaccard": [
    0.6177606177606177
  ],
  "braycurtis": [
    0.484
  ],
  "dice": [
    0.44692737430167595
  ],
  "cosinus": [
    0.3498111657406262
  ]
}