{
  "voc_eval_res": {
    "precision": 65.3846,
    "recall": 50.0,
    "f-score": 56.6667
  },
  "KL_res": {
    "KL divergence": 2.078652078725279,
    "Euclidean Dist.": 0.1679542103671276,
    "WER": 0.5714285714285714,
    "CER": 0.36162361623616235,
    "Cosine Dist.": 0.17348116755812115
  },
  "occ_eval_res": {
    "precision": 65.7143,
    "recall": 54.7619,
    "f-score": 59.7403
  },
  "clean_eval": {
    "f-score": 6.2015503875969,
    "precision": 5.673758865248227,
    "recall": 6.837606837606838,
    "tp": 24,
    "fp": 399,
    "fn": 327
  },
  "jaccard": [
    0.40575916230366493
  ],
  "braycurtis": [
    0.27010309278350514
  ],
  "dice": [
    0.2545155993431856
  ],
  "cosinus": [
    0.13211320522158265
  ]
}