{
  "voc_eval_res": {
    "precision": 38.2353,
    "recall": 59.0909,
    "f-score": 46.4286
  },
  "KL_res": {
    "KL divergence": 2.1343262950636324,
    "Euclidean Dist.": 0.2095474824289002,
    "WER": 1.0,
    "CER": 0.4381443298969072,
    "Cosine Dist.": 0.31877268525426816
  },
  "occ_eval_res": {
    "precision": 40.0,
    "recall": 58.3333,
    "f-score": 47.4576
  },
  "clean_eval": {
    "f-score": 39.57055214723926,
    "precision": 44.48275862068966,
    "recall": 35.635359116022094,
    "tp": 129,
    "fp": 161,
    "fn": 233
  },
  "jaccard": [
    0.49214659685863876
  ],
  "braycurtis": [
    0.32
  ],
  "dice": [
    0.3263888888888889
  ],
  "cosinus": [
    0.17322411532575388
  ]
}