{
  "voc_eval_res": {
    "precision": 31.5789,
    "recall": 40.0,
    "f-score": 35.2941
  },
  "KL_res": {
    "KL divergence": 3.478327569935911,
    "Euclidean Dist.": 0.1940948219197469,
    "WER": 0.9459459459459459,
    "CER": 0.540453074433657,
    "Cosine Dist.": 0.39975495200121924
  },
  "occ_eval_res": {
    "precision": 36.5854,
    "recall": 40.5405,
    "f-score": 38.4615
  },
  "clean_eval": {
    "f-score": 25.227272727272727,
    "precision": 25.57603686635945,
    "recall": 24.887892376681613,
    "tp": 111,
    "fp": 323,
    "fn": 335
  },
  "jaccard": [
    0.5477707006369427
  ],
  "braycurtis": [
    0.35453100158982515
  ],
  "dice": [
    0.37719298245614036
  ],
  "cosinus": [
    0.17471405061478584
  ]
}