{
  "voc_eval_res": {
    "precision": 26.6667,
    "recall": 66.6667,
    "f-score": 38.0952
  },
  "KL_res": {
    "KL divergence": 2.015582340618868,
    "Euclidean Dist.": 0.41735699616143723,
    "WER": 1.5714285714285714,
    "CER": 1.5238095238095237,
    "Cosine Dist.": 0.30000000000000004
  },
  "occ_eval_res": {
    "precision": 31.25,
    "recall": 71.4286,
    "f-score": 43.4783
  },
  "clean_eval": {
    "f-score": 50.78125,
    "precision": 75.5813953488372,
    "recall": 38.23529411764706,
    "tp": 65,
    "fp": 21,
    "fn": 105
  },
  "jaccard": [
    0.7068965517241379
  ],
  "braycurtis": [
    0.5808823529411765
  ],
  "dice": [
    0.5466666666666666
  ],
  "cosinus": [
    0.4122282104650341
  ]
}