{
  "voc_eval_res": {
    "precision": 42.8571,
    "recall": 25.0,
    "f-score": 31.5789
  },
  "KL_res": {
    "KL divergence": 5.334302511794391,
    "Euclidean Dist.": 0.4066831155366362,
    "WER": 0.8333333333333334,
    "CER": 0.6376811594202898,
    "Cosine Dist.": 0.5101020514433643
  },
  "occ_eval_res": {
    "precision": 42.8571,
    "recall": 25.0,
    "f-score": 31.5789
  },
  "clean_eval": {
    "f-score": 37.56345177664976,
    "precision": 30.081300813008134,
    "recall": 50.0,
    "tp": 37,
    "fp": 86,
    "fn": 37
  },
  "jaccard": [
    0.7344632768361582
  ],
  "braycurtis": [
    0.5916666666666667
  ],
  "dice": [
    0.5803571428571429
  ],
  "cosinus": [
    0.50671151917722
  ]
}