{
  "voc_eval_res": {
    "precision": 69.2308,
    "recall": 52.9412,
    "f-score": 60.0
  },
  "KL_res": {
    "KL divergence": 2.2046101700168927,
    "Euclidean Dist.": 0.21412135161252432,
    "WER": 0.47368421052631576,
    "CER": 0.3836477987421384,
    "Cosine Dist.": 0.16537767388801428
  },
  "occ_eval_res": {
    "precision": 73.3333,
    "recall": 57.8947,
    "f-score": 64.7059
  },
  "clean_eval": {
    "f-score": 61.182519280205646,
    "precision": 54.337899543378995,
    "recall": 70.0,
    "tp": 119,
    "fp": 100,
    "fn": 51
  },
  "jaccard": [
    0.38495575221238937
  ],
  "braycurtis": [
    0.25
  ],
  "dice": [
    0.23835616438356164
  ],
  "cosinus": [
    0.11901373955553396
  ]
}