{
  "voc_eval_res": {
    "precision": 21.0526,
    "recall": 33.3333,
    "f-score": 25.8065
  },
  "KL_res": {
    "KL divergence": 4.948873478108367,
    "Euclidean Dist.": 0.34579996252618156,
    "WER": 1.3076923076923077,
    "CER": 0.5765765765765766,
    "Cosine Dist.": 0.6591885417261558
  },
  "occ_eval_res": {
    "precision": 19.0476,
    "recall": 30.7692,
    "f-score": 23.5294
  },
  "clean_eval": {
    "f-score": 66.66666666666666,
    "precision": 67.08860759493672,
    "recall": 66.25,
    "tp": 106,
    "fp": 52,
    "fn": 54
  },
  "jaccard": [
    0.5418502202643172
  ],
  "braycurtis": [
    0.42358078602620086
  ],
  "dice": [
    0.3716012084592145
  ],
  "cosinus": [
    0.3496281352038304
  ]
}