{
  "voc_eval_res": {
    "precision": 42.8571,
    "recall": 40.9091,
    "f-score": 41.8605
  },
  "KL_res": {
    "KL divergence": 3.41797305456451,
    "Euclidean Dist.": 0.23655080105710274,
    "WER": 0.8076923076923077,
    "CER": 0.6298701298701299,
    "Cosine Dist.": 0.3809523809523807
  },
  "occ_eval_res": {
    "precision": 45.4545,
    "recall": 38.4615,
    "f-score": 41.6667
  },
  "clean_eval": {
    "f-score": 39.175257731958766,
    "precision": 37.40157480314961,
    "recall": 41.125541125541126,
    "tp": 95,
    "fp": 159,
    "fn": 136
  },
  "jaccard": [
    0.6728395061728395
  ],
  "braycurtis": [
    0.5065359477124183
  ],
  "dice": [
    0.5069767441860465
  ],
  "cosinus": [
    0.32259241739329125
  ]
}