{
  "voc_eval_res": {
    "precision": 66.6667,
    "recall": 50.0,
    "f-score": 57.1429
  },
  "KL_res": {
    "KL divergence": 3.2890308487358006,
    "Euclidean Dist.": 0.5137011669140813,
    "WER": 0.5,
    "CER": 0.3333333333333333,
    "Cosine Dist.": 0.26970325665977857
  },
  "occ_eval_res": {
    "precision": 66.6667,
    "recall": 50.0,
    "f-score": 57.1429
  },
  "clean_eval": {
    "f-score": 57.14285714285714,
    "precision": 44.0,
    "recall": 81.48148148148148,
    "tp": 22,
    "fp": 28,
    "fn": 5
  },
  "jaccard": [
    0.42105263157894735
  ],
  "braycurtis": [
    0.2765957446808511
  ],
  "dice": [
    0.26666666666666666
  ],
  "cosinus": [
    0.23337845861951678
  ]
}