{
  "voc_eval_res": {
    "precision": 56.4103,
    "recall": 48.8889,
    "f-score": 52.381
  },
  "KL_res": {
    "KL divergence": 2.814326966847384,
    "Euclidean Dist.": 0.16700573335074417,
    "WER": 0.7777777777777778,
    "CER": 0.5549597855227882,
    "Cosine Dist.": 0.33738141261565113
  },
  "occ_eval_res": {
    "precision": 55.814,
    "recall": 44.4444,
    "f-score": 49.4845
  },
  "clean_eval": {
    "f-score": 6.291706387035273,
    "precision": 5.830388692579505,
    "recall": 6.832298136645963,
    "tp": 33,
    "fp": 533,
    "fn": 450
  },
  "jaccard": [
    0.4806201550387597
  ],
  "braycurtis": [
    0.33528550512445093
  ],
  "dice": [
    0.3163265306122449
  ],
  "cosinus": [
    0.16980029354530257
  ]
}