{
  "voc_eval_res": {
    "precision": 25.0,
    "recall": 21.0526,
    "f-score": 22.8571
  },
  "KL_res": {
    "KL divergence": 5.559064216890833,
    "Euclidean Dist.": 0.2986726174425307,
    "WER": 0.8421052631578947,
    "CER": 0.4791666666666667,
    "Cosine Dist.": 0.6269980767038745
  },
  "occ_eval_res": {
    "precision": 25.0,
    "recall": 21.0526,
    "f-score": 22.8571
  },
  "clean_eval": {
    "f-score": 60.84788029925188,
    "precision": 53.04347826086957,
    "recall": 71.34502923976608,
    "tp": 122,
    "fp": 108,
    "fn": 49
  },
  "jaccard": [
    0.6764705882352942
  ],
  "braycurtis": [
    0.5303643724696356
  ],
  "dice": [
    0.5111111111111111
  ],
  "cosinus": [
    0.4099488896667729
  ]
}