{
  "voc_eval_res": {
    "precision": 18.75,
    "recall": 22.2222,
    "f-score": 20.339
  },
  "KL_res": {
    "KL divergence": 4.769491996907476,
    "Euclidean Dist.": 0.24676018285342335,
    "WER": 0.9655172413793104,
    "CER": 0.6382978723404256,
    "Cosine Dist.": 0.6292081802725429
  },
  "occ_eval_res": {
    "precision": 18.75,
    "recall": 20.6897,
    "f-score": 19.6721
  },
  "clean_eval": {
    "f-score": 15.0,
    "precision": 14.723926380368098,
    "recall": 15.286624203821656,
    "tp": 48,
    "fp": 278,
    "fn": 266
  },
  "jaccard": [
    0.7053941908713693
  ],
  "braycurtis": [
    0.5114345114345115
  ],
  "dice": [
    0.5448717948717948
  ],
  "cosinus": [
    0.2962759348392109
  ]
}