{
  "voc_eval_res": {
    "precision": 16.6667,
    "recall": 60.0,
    "f-score": 26.087
  },
  "KL_res": {
    "KL divergence": 3.0534306567281186,
    "Euclidean Dist.": 0.484767985741633,
    "WER": 3.4,
    "CER": 2.9705882352941178,
    "Cosine Dist.": 0.4836022205056777
  },
  "occ_eval_res": {
    "precision": 15.0,
    "recall": 60.0,
    "f-score": 24.0
  },
  "clean_eval": {
    "f-score": 25.657894736842103,
    "precision": 62.903225806451616,
    "recall": 16.115702479338843,
    "tp": 39,
    "fp": 23,
    "fn": 203
  },
  "jaccard": [
    0.7098445595854922
  ],
  "braycurtis": [
    0.6484848484848484
  ],
  "dice": [
    0.5502008032128514
  ],
  "cosinus": [
    0.4117432251348515
  ]
}