{
  "voc_eval_res": {
    "precision": 33.3333,
    "recall": 50.0,
    "f-score": 40.0
  },
  "KL_res": {
    "KL divergence": 3.7589234176070785,
    "Euclidean Dist.": 0.7264831572567789,
    "WER": 1.0,
    "CER": 0.26666666666666666,
    "Cosine Dist.": 0.42264973081037427
  },
  "occ_eval_res": {
    "precision": 33.3333,
    "recall": 50.0,
    "f-score": 40.0
  },
  "clean_eval": {
    "f-score": 76.92307692307693,
    "precision": 76.92307692307693,
    "recall": 76.92307692307693,
    "tp": 20,
    "fp": 6,
    "fn": 6
  },
  "jaccard": [
    0.45161290322580644
  ],
  "braycurtis": [
    0.2916666666666667
  ],
  "dice": [
    0.2916666666666667
  ],
  "cosinus": [
    0.2860671065381265
  ]
}