{
  "voc_eval_res": {
    "precision": 50.0,
    "recall": 40.0,
    "f-score": 44.4444
  },
  "KL_res": {
    "KL divergence": 3.8884037759510983,
    "Euclidean Dist.": 0.3570714214271425,
    "WER": 0.7,
    "CER": 0.5555555555555556,
    "Cosine Dist.": 0.38278660015163235
  },
  "occ_eval_res": {
    "precision": 50.0,
    "recall": 40.0,
    "f-score": 44.4444
  },
  "clean_eval": {
    "f-score": 71.7391304347826,
    "precision": 76.74418604651163,
    "recall": 67.3469387755102,
    "tp": 66,
    "fp": 20,
    "fn": 32
  },
  "jaccard": [
    0.6326530612244898
  ],
  "braycurtis": [
    0.4482758620689655
  ],
  "dice": [
    0.4626865671641791
  ],
  "cosinus": [
    0.3495522925861918
  ]
}