{
  "voc_eval_res": {
    "precision": 54.8387,
    "recall": 65.3846,
    "f-score": 59.6491
  },
  "KL_res": {
    "KL divergence": 1.4555999094087884,
    "Euclidean Dist.": 0.1602966203248954,
    "WER": 0.6451612903225806,
    "CER": 0.4106280193236715,
    "Cosine Dist.": 0.16562846965671507
  },
  "occ_eval_res": {
    "precision": 58.3333,
    "recall": 67.7419,
    "f-score": 62.6866
  },
  "clean_eval": {
    "f-score": 20.869565217391305,
    "precision": 22.018348623853214,
    "recall": 19.834710743801654,
    "tp": 72,
    "fp": 255,
    "fn": 291
  },
  "jaccard": [
    0.34055727554179566
  ],
  "braycurtis": [
    0.2511737089201878
  ],
  "dice": [
    0.20522388059701493
  ],
  "cosinus": [
    0.1331913242767646
  ]
}