{
  "voc_eval_res": {
    "precision": 18.75,
    "recall": 23.0769,
    "f-score": 20.6897
  },
  "KL_res": {
    "KL divergence": 4.558471846072385,
    "Euclidean Dist.": 0.36889436529949793,
    "WER": 1.1111111111111112,
    "CER": 0.6641221374045801,
    "Cosine Dist.": 0.5735985672887791
  },
  "occ_eval_res": {
    "precision": 22.7273,
    "recall": 27.7778,
    "f-score": 25.0
  },
  "clean_eval": {
    "f-score": 11.15702479338843,
    "precision": 12.385321100917432,
    "recall": 10.150375939849624,
    "tp": 27,
    "fp": 191,
    "fn": 239
  },
  "jaccard": [
    0.549800796812749
  ],
  "braycurtis": [
    0.4249201277955272
  ],
  "dice": [
    0.3791208791208791
  ],
  "cosinus": [
    0.2933022428328038
  ]
}