{
  "voc_eval_res": {
    "precision": 33.3333,
    "recall": 11.1111,
    "f-score": 16.6667
  },
  "KL_res": {
    "KL divergence": 7.414884164521465,
    "Euclidean Dist.": 0.6478835438717,
    "WER": 0.8888888888888888,
    "CER": 0.6666666666666666,
    "Cosine Dist.": 0.683772233983162
  },
  "occ_eval_res": {
    "precision": 33.3333,
    "recall": 11.1111,
    "f-score": 16.6667
  },
  "clean_eval": {
    "f-score": 53.57142857142857,
    "precision": 40.54054054054054,
    "recall": 78.94736842105263,
    "tp": 30,
    "fp": 44,
    "fn": 8
  },
  "jaccard": [
    0.8608695652173913
  ],
  "braycurtis": [
    0.7647058823529411
  ],
  "dice": [
    0.7557251908396947
  ],
  "cosinus": [
    0.7470002779493689
  ]
}