{
  "voc_eval_res": {
    "precision": 53.8462,
    "recall": 41.1765,
    "f-score": 46.6667
  },
  "KL_res": {
    "KL divergence": 4.35367316754816,
    "Euclidean Dist.": 0.31929123563869455,
    "WER": 0.7142857142857143,
    "CER": 0.44660194174757284,
    "Cosine Dist.": 0.4921666249229918
  },
  "occ_eval_res": {
    "precision": 53.8462,
    "recall": 33.3333,
    "f-score": 41.1765
  },
  "clean_eval": {
    "f-score": 65.06849315068493,
    "precision": 60.12658227848101,
    "recall": 70.8955223880597,
    "tp": 95,
    "fp": 63,
    "fn": 39
  },
  "jaccard": [
    0.4948453608247423
  ],
  "braycurtis": [
    0.3854166666666667
  ],
  "dice": [
    0.3287671232876712
  ],
  "cosinus": [
    0.3482185330006121
  ]
}