{
  "voc_eval_res": {
    "precision": 37.037,
    "recall": 52.6316,
    "f-score": 43.4783
  },
  "KL_res": {
    "KL divergence": 1.970077244056779,
    "Euclidean Dist.": 0.2242966548136029,
    "WER": 0.8709677419354839,
    "CER": 0.7485029940119761,
    "Cosine Dist.": 0.2206365370333251
  },
  "occ_eval_res": {
    "precision": 45.7143,
    "recall": 51.6129,
    "f-score": 48.4848
  },
  "clean_eval": {
    "f-score": 21.245421245421245,
    "precision": 22.745098039215687,
    "recall": 19.93127147766323,
    "tp": 58,
    "fp": 197,
    "fn": 233
  },
  "jaccard": [
    0.6983606557377049
  ],
  "braycurtis": [
    0.45685279187817257
  ],
  "dice": [
    0.5365239294710328
  ],
  "cosinus": [
    0.2302497899465552
  ]
}