{
  "voc_eval_res": {
    "precision": 31.8182,
    "recall": 31.8182,
    "f-score": 31.8182
  },
  "KL_res": {
    "KL divergence": 3.7649965368246194,
    "Euclidean Dist.": 0.24466203097632627,
    "WER": 0.8076923076923077,
    "CER": 0.7074829931972789,
    "Cosine Dist.": 0.42629026751949095
  },
  "occ_eval_res": {
    "precision": 34.7826,
    "recall": 30.7692,
    "f-score": 32.6531
  },
  "clean_eval": {
    "f-score": 21.32796780684105,
    "precision": 20.866141732283463,
    "recall": 21.810699588477366,
    "tp": 53,
    "fp": 201,
    "fn": 190
  },
  "jaccard": [
    0.6812865497076024
  ],
  "braycurtis": [
    0.5251572327044025
  ],
  "dice": [
    0.516629711751663
  ],
  "cosinus": [
    0.36718236556727835
  ]
}