{
  "voc_eval_res": {
    "precision": 43.75,
    "recall": 36.8421,
    "f-score": 40.0
  },
  "KL_res": {
    "KL divergence": 3.793034795116094,
    "Euclidean Dist.": 0.26643508462848436,
    "WER": 0.8095238095238095,
    "CER": 0.5608108108108109,
    "Cosine Dist.": 0.37142857142857133
  },
  "occ_eval_res": {
    "precision": 44.4444,
    "recall": 38.0952,
    "f-score": 41.0256
  },
  "clean_eval": {
    "f-score": 42.23300970873785,
    "precision": 42.23300970873786,
    "recall": 42.23300970873786,
    "tp": 87,
    "fp": 119,
    "fn": 119
  },
  "jaccard": [
    0.5769230769230769
  ],
  "braycurtis": [
    0.3649122807017544
  ],
  "dice": [
    0.40540540540540543
  ],
  "cosinus": [
    0.24239499783081686
  ]
}