{
  "voc_eval_res": {
    "precision": 40.0,
    "recall": 40.0,
    "f-score": 40.0
  },
  "KL_res": {
    "KL divergence": 4.9911640754714455,
    "Euclidean Dist.": 0.5395471352079549,
    "WER": 0.8333333333333334,
    "CER": 0.673469387755102,
    "Cosine Dist.": 0.5219085562662427
  },
  "occ_eval_res": {
    "precision": 40.0,
    "recall": 33.3333,
    "f-score": 36.3636
  },
  "clean_eval": {
    "f-score": 64.70588235294117,
    "precision": 59.45945945945946,
    "recall": 70.96774193548387,
    "tp": 44,
    "fp": 30,
    "fn": 18
  },
  "jaccard": [
    0.6595744680851063
  ],
  "braycurtis": [
    0.56
  ],
  "dice": [
    0.49206349206349204
  ],
  "cosinus": [
    0.6053001706573882
  ]
}