{
  "voc_eval_res": {
    "precision": 36.3636,
    "recall": 30.7692,
    "f-score": 33.3333
  },
  "KL_res": {
    "KL divergence": 3.7752410388906834,
    "Euclidean Dist.": 0.3457788911299938,
    "WER": 0.8235294117647058,
    "CER": 0.5656565656565656,
    "Cosine Dist.": 0.44222664897728303
  },
  "occ_eval_res": {
    "precision": 36.3636,
    "recall": 23.5294,
    "f-score": 28.5714
  },
  "clean_eval": {
    "f-score": 57.894736842105274,
    "precision": 48.35164835164835,
    "recall": 72.1311475409836,
    "tp": 88,
    "fp": 94,
    "fn": 34
  },
  "jaccard": [
    0.7336683417085427
  ],
  "braycurtis": [
    0.6035502958579881
  ],
  "dice": [
    0.5793650793650794
  ],
  "cosinus": [
    0.45423582618510294
  ]
}