{
  "voc_eval_res": {
    "precision": 33.3333,
    "recall": 30.0,
    "f-score": 31.5789
  },
  "KL_res": {
    "KL divergence": 4.935453693181278,
    "Euclidean Dist.": 0.38054541754541577,
    "WER": 1.0,
    "CER": 0.7959183673469388,
    "Cosine Dist.": 0.5196155385847387
  },
  "occ_eval_res": {
    "precision": 33.3333,
    "recall": 30.0,
    "f-score": 31.5789
  },
  "clean_eval": {
    "f-score": 30.45685279187817,
    "precision": 30.303030303030305,
    "recall": 30.612244897959183,
    "tp": 30,
    "fp": 69,
    "fn": 68
  },
  "jaccard": [
    0.7289156626506024
  ],
  "braycurtis": [
    0.5714285714285714
  ],
  "dice": [
    0.5734597156398105
  ],
  "cosinus": [
    0.5158577680191474
  ]
}