{
  "voc_eval_res": {
    "precision": 28.5714,
    "recall": 28.5714,
    "f-score": 28.5714
  },
  "KL_res": {
    "KL divergence": 5.308464664393012,
    "Euclidean Dist.": 0.46413306403852206,
    "WER": 1.1428571428571428,
    "CER": 1.0285714285714285,
    "Cosine Dist.": 0.5285954792089683
  },
  "occ_eval_res": {
    "precision": 22.2222,
    "recall": 28.5714,
    "f-score": 25.0
  },
  "clean_eval": {
    "f-score": 35.0,
    "precision": 45.16129032258064,
    "recall": 28.57142857142857,
    "tp": 28,
    "fp": 34,
    "fn": 70
  },
  "jaccard": [
    0.7401574803149606
  ],
  "braycurtis": [
    0.6373626373626373
  ],
  "dice": [
    0.5875
  ],
  "cosinus": [
    0.5867911573455068
  ]
}