{
  "voc_eval_res": {
    "precision": 36.8421,
    "recall": 53.8462,
    "f-score": 43.75
  },
  "KL_res": {
    "KL divergence": 1.6626527815139278,
    "Euclidean Dist.": 0.24381231397212993,
    "WER": 0.7,
    "CER": 0.6259541984732825,
    "Cosine Dist.": 0.13733781437249248
  },
  "occ_eval_res": {
    "precision": 50.0,
    "recall": 60.0,
    "f-score": 54.5455
  },
  "clean_eval": {
    "f-score": 18.96551724137931,
    "precision": 20.0,
    "recall": 18.0327868852459,
    "tp": 44,
    "fp": 176,
    "fn": 200
  },
  "jaccard": [
    0.6501901140684411
  ],
  "braycurtis": [
    0.3973941368078176
  ],
  "dice": [
    0.48169014084507045
  ],
  "cosinus": [
    0.17124869795568332
  ]
}