{
  "voc_eval_res": {
    "precision": 59.6154,
    "recall": 57.4074,
    "f-score": 58.4906
  },
  "KL_res": {
    "KL divergence": 2.056667053278537,
    "Euclidean Dist.": 0.14989274018242527,
    "WER": 0.8108108108108109,
    "CER": 0.6181015452538632,
    "Cosine Dist.": 0.30386297643516025
  },
  "occ_eval_res": {
    "precision": 61.4035,
    "recall": 47.2973,
    "f-score": 53.4351
  },
  "clean_eval": {
    "f-score": 12.732919254658384,
    "precision": 12.166172106824925,
    "recall": 13.355048859934854,
    "tp": 82,
    "fp": 592,
    "fn": 532
  },
  "jaccard": [
    0.415061295971979
  ],
  "braycurtis": [
    0.28376844494892167
  ],
  "dice": [
    0.261878453038674
  ],
  "cosinus": [
    0.15398938912583682
  ]
}