{
  "voc_eval_res": {
    "precision": 62.5,
    "recall": 41.6667,
    "f-score": 50.0
  },
  "KL_res": {
    "KL divergence": 3.2416947293162166,
    "Euclidean Dist.": 0.32931814979891744,
    "WER": 0.7692307692307693,
    "CER": 0.6904761904761905,
    "Cosine Dist.": 0.3060220816405117
  },
  "occ_eval_res": {
    "precision": 62.5,
    "recall": 38.4615,
    "f-score": 47.619
  },
  "clean_eval": {
    "f-score": 38.775510204081634,
    "precision": 31.147540983606557,
    "recall": 51.35135135135135,
    "tp": 38,
    "fp": 84,
    "fn": 36
  },
  "jaccard": [
    0.6638655462184874
  ],
  "braycurtis": [
    0.5119047619047619
  ],
  "dice": [
    0.4968553459119497
  ],
  "cosinus": [
    0.46296330813583275
  ]
}