{
  "voc_eval_res": {
    "precision": 100.0,
    "recall": 33.3333,
    "f-score": 50.0
  },
  "KL_res": {
    "KL divergence": 4.716761961445199,
    "Euclidean Dist.": 0.7453559924999299,
    "WER": 0.6666666666666666,
    "CER": 0.8076923076923077,
    "Cosine Dist.": 0.29289321881345254
  },
  "occ_eval_res": {
    "precision": 100.0,
    "recall": 33.3333,
    "f-score": 50.0
  },
  "clean_eval": {
    "f-score": 47.72727272727273,
    "precision": 33.87096774193548,
    "recall": 80.76923076923077,
    "tp": 21,
    "fp": 41,
    "fn": 5
  },
  "jaccard": [
    0.851063829787234
  ],
  "braycurtis": [
    0.75
  ],
  "dice": [
    0.7407407407407407
  ],
  "cosinus": [
    0.6365781078441844
  ]
}