{
  "voc_eval_res": {
    "precision": 25.0,
    "recall": 14.2857,
    "f-score": 18.1818
  },
  "KL_res": {
    "KL divergence": 6.059562470221546,
    "Euclidean Dist.": 0.4290407941984302,
    "WER": 0.9375,
    "CER": 0.5784313725490197,
    "Cosine Dist.": 0.6000000000000001
  },
  "occ_eval_res": {
    "precision": 22.2222,
    "recall": 12.5,
    "f-score": 16.0
  },
  "clean_eval": {
    "f-score": 52.23880597014925,
    "precision": 44.303797468354425,
    "recall": 63.63636363636363,
    "tp": 70,
    "fp": 88,
    "fn": 40
  },
  "jaccard": [
    0.6096256684491979
  ],
  "braycurtis": [
    0.4293785310734463
  ],
  "dice": [
    0.43846153846153846
  ],
  "cosinus": [
    0.2994167419867563
  ]
}