{
  "voc_eval_res": {
    "precision": 0,
    "recall": 0,
    "f-score": 0
  },
  "KL_res": {
    "KL divergence": 10.125821005765951,
    "Euclidean Dist.": 0.7071067811865476,
    "WER": 1.0,
    "CER": 0.6,
    "Cosine Dist.": 1.0
  },
  "occ_eval_res": {
    "precision": 0,
    "recall": 0,
    "f-score": 0
  },
  "clean_eval": {
    "f-score": 62.92134831460674,
    "precision": 56.00000000000001,
    "recall": 71.7948717948718,
    "tp": 28,
    "fp": 22,
    "fn": 11
  },
  "jaccard": [
    0.7222222222222222
  ],
  "braycurtis": [
    0.54
  ],
  "dice": [
    0.5652173913043478
  ],
  "cosinus": [
    0.4764166670444062
  ]
}