{
  "voc_eval_res": {
    "precision": 37.5,
    "recall": 30.7692,
    "f-score": 33.8028
  },
  "KL_res": {
    "KL divergence": 4.1449870230032575,
    "Euclidean Dist.": 0.22276409628257557,
    "WER": 0.875,
    "CER": 0.5357142857142857,
    "Cosine Dist.": 0.5111762832621558
  },
  "occ_eval_res": {
    "precision": 36.1111,
    "recall": 27.0833,
    "f-score": 30.9524
  },
  "clean_eval": {
    "f-score": 6.829268292682928,
    "precision": 6.451612903225806,
    "recall": 7.253886010362693,
    "tp": 28,
    "fp": 406,
    "fn": 358
  },
  "jaccard": [
    0.6057007125890737
  ],
  "braycurtis": [
    0.3904761904761905
  ],
  "dice": [
    0.434412265758092
  ],
  "cosinus": [
    0.19194046507237505
  ]
}