{
  "voc_eval_res": {
    "precision": 0,
    "recall": 0,
    "f-score": 0
  },
  "KL_res": {
    "KL divergence": 9.433344458141299,
    "Euclidean Dist.": 1.0606601717798212,
    "WER": 1.0,
    "CER": 0.9682539682539683,
    "Cosine Dist.": 1.0
  },
  "occ_eval_res": {
    "precision": 0,
    "recall": 0,
    "f-score": 0
  },
  "clean_eval": {
    "f-score": 25.0,
    "precision": 14.864864864864865,
    "recall": 78.57142857142857,
    "tp": 11,
    "fp": 63,
    "fn": 3
  },
  "jaccard": [
    1.0
  ],
  "braycurtis": [
    1.0
  ],
  "dice": [
    1.0
  ],
  "cosinus": [
    1.0
  ]
}