{
  "voc_eval_res": {
    "precision": 37.5,
    "recall": 42.8571,
    "f-score": 40.0
  },
  "KL_res": {
    "KL divergence": 3.8682309422493706,
    "Euclidean Dist.": 0.4020832231856323,
    "WER": 0.7142857142857143,
    "CER": 0.13432835820895522,
    "Cosine Dist.": 0.42792244645264466
  },
  "occ_eval_res": {
    "precision": 37.5,
    "recall": 42.8571,
    "f-score": 40.0
  },
  "clean_eval": {
    "f-score": 77.17391304347825,
    "precision": 82.55813953488372,
    "recall": 72.44897959183673,
    "tp": 71,
    "fp": 15,
    "fn": 27
  },
  "jaccard": [
    0.3235294117647059
  ],
  "braycurtis": [
    0.2076923076923077
  ],
  "dice": [
    0.19298245614035087
  ],
  "cosinus": [
    0.16357491601036322
  ]
}