{
  "voc_eval_res": {
    "precision": 33.3333,
    "recall": 47.3684,
    "f-score": 39.1304
  },
  "KL_res": {
    "KL divergence": 3.37935396185501,
    "Euclidean Dist.": 0.24538958694841975,
    "WER": 1.1,
    "CER": 0.816793893129771,
    "Cosine Dist.": 0.4611840939196751
  },
  "occ_eval_res": {
    "precision": 33.3333,
    "recall": 45.0,
    "f-score": 38.2979
  },
  "clean_eval": {
    "f-score": 18.951612903225804,
    "precision": 22.815533980582526,
    "recall": 16.206896551724135,
    "tp": 47,
    "fp": 159,
    "fn": 243
  },
  "jaccard": [
    0.6351351351351351
  ],
  "braycurtis": [
    0.49230769230769234
  ],
  "dice": [
    0.46534653465346537
  ],
  "cosinus": [
    0.37099939239609403
  ]
}