{
  "voc_eval_res": {
    "precision": 0,
    "recall": 0,
    "f-score": 0
  },
  "KL_res": {
    "KL divergence": 10.12602489365824,
    "Euclidean Dist.": 0.7637626158259733,
    "WER": 1.0,
    "CER": 0.6666666666666666,
    "Cosine Dist.": 1.0
  },
  "occ_eval_res": {
    "precision": 0,
    "recall": 0,
    "f-score": 0
  },
  "clean_eval": {
    "f-score": 63.63636363636363,
    "precision": 56.00000000000001,
    "recall": 73.68421052631578,
    "tp": 28,
    "fp": 22,
    "fn": 10
  },
  "jaccard": [
    0.7971014492753623
  ],
  "braycurtis": [
    0.6818181818181818
  ],
  "dice": [
    0.6626506024096386
  ],
  "cosinus": [
    0.626981240815023
  ]
}