{
  "voc_eval_res": {
    "precision": 12.5,
    "recall": 50.0,
    "f-score": 20.0
  },
  "KL_res": {
    "KL divergence": 3.894625936860235,
    "Euclidean Dist.": 0.5400617248673216,
    "WER": 4.0,
    "CER": 3.5185185185185186,
    "Cosine Dist.": 0.5285954792089684
  },
  "occ_eval_res": {
    "precision": 11.1111,
    "recall": 50.0,
    "f-score": 18.1818
  },
  "clean_eval": {
    "f-score": 24.535315985130108,
    "precision": 53.2258064516129,
    "recall": 15.942028985507244,
    "tp": 33,
    "fp": 29,
    "fn": 174
  },
  "jaccard": [
    0.8181818181818182
  ],
  "braycurtis": [
    0.7535211267605634
  ],
  "dice": [
    0.6923076923076923
  ],
  "cosinus": [
    0.5932632406715742
  ]
}