{
  "voc_eval_res": {
    "precision": 38.8889,
    "recall": 46.6667,
    "f-score": 42.4242
  },
  "KL_res": {
    "KL divergence": 2.580960526208075,
    "Euclidean Dist.": 0.24207390037472107,
    "WER": 0.75,
    "CER": 0.5088757396449705,
    "Cosine Dist.": 0.22718839599208462
  },
  "occ_eval_res": {
    "precision": 47.619,
    "recall": 50.0,
    "f-score": 48.7805
  },
  "clean_eval": {
    "f-score": 19.35483870967742,
    "precision": 19.834710743801654,
    "recall": 18.89763779527559,
    "tp": 48,
    "fp": 194,
    "fn": 206
  },
  "jaccard": [
    0.5613382899628253
  ],
  "braycurtis": [
    0.3482142857142857
  ],
  "dice": [
    0.39018087855297157
  ],
  "cosinus": [
    0.1529159605070276
  ]
}