{
  "voc_eval_res": {
    "precision": 29.4118,
    "recall": 50.0,
    "f-score": 37.037
  },
  "KL_res": {
    "KL divergence": 3.2507667850104656,
    "Euclidean Dist.": 0.321070739484442,
    "WER": 1.4,
    "CER": 0.881578947368421,
    "Cosine Dist.": 0.41445995623088017
  },
  "occ_eval_res": {
    "precision": 27.7778,
    "recall": 50.0,
    "f-score": 35.7143
  },
  "clean_eval": {
    "f-score": 52.63157894736842,
    "precision": 65.57377049180327,
    "recall": 43.956043956043956,
    "tp": 80,
    "fp": 42,
    "fn": 102
  },
  "jaccard": [
    0.6419753086419753
  ],
  "braycurtis": [
    0.5076142131979695
  ],
  "dice": [
    0.4727272727272727
  ],
  "cosinus": [
    0.3745655530527625
  ]
}