{
  "voc_eval_res": {
    "precision": 53.5714,
    "recall": 60.0,
    "f-score": 56.6038
  },
  "KL_res": {
    "KL divergence": 2.2538294210461376,
    "Euclidean Dist.": 0.2216462783447573,
    "WER": 0.59375,
    "CER": 0.32124352331606215,
    "Cosine Dist.": 0.3561171474845579
  },
  "occ_eval_res": {
    "precision": 53.5714,
    "recall": 46.875,
    "f-score": 50.0
  },
  "clean_eval": {
    "f-score": 50.67567567567568,
    "precision": 49.668874172185426,
    "recall": 51.724137931034484,
    "tp": 150,
    "fp": 152,
    "fn": 140
  },
  "jaccard": [
    0.3850746268656716
  ],
  "braycurtis": [
    0.2670157068062827
  ],
  "dice": [
    0.23844731977818853
  ],
  "cosinus": [
    0.1811248641373122
  ]
}