{
  "voc_eval_res": {
    "precision": 0,
    "recall": 0,
    "f-score": 0
  },
  "KL_res": {
    "KL divergence": 10.126444709698603,
    "Euclidean Dist.": 1.118033988749895,
    "WER": 1.0,
    "CER": 0.76,
    "Cosine Dist.": 1.0
  },
  "occ_eval_res": {
    "precision": 0,
    "recall": 0,
    "f-score": 0
  },
  "clean_eval": {
    "f-score": 34.37499999999999,
    "precision": 22.0,
    "recall": 78.57142857142857,
    "tp": 11,
    "fp": 39,
    "fn": 3
  },
  "jaccard": [
    0.9148936170212766
  ],
  "braycurtis": [
    0.8571428571428571
  ],
  "dice": [
    0.8431372549019608
  ],
  "cosinus": [
    0.8233956857246608
  ]
}