{
  "voc_eval_res": {
    "precision": 23.5294,
    "recall": 23.5294,
    "f-score": 23.5294
  },
  "KL_res": {
    "KL divergence": 4.564339035010402,
    "Euclidean Dist.": 0.31339712918660284,
    "WER": 0.8636363636363636,
    "CER": 0.5594405594405595,
    "Cosine Dist.": 0.530523522138429
  },
  "occ_eval_res": {
    "precision": 26.3158,
    "recall": 22.7273,
    "f-score": 24.3902
  },
  "clean_eval": {
    "f-score": 30.660377358490564,
    "precision": 28.26086956521739,
    "recall": 33.50515463917525,
    "tp": 65,
    "fp": 165,
    "fn": 129
  },
  "jaccard": [
    0.5860655737704918
  ],
  "braycurtis": [
    0.40441176470588236
  ],
  "dice": [
    0.4144927536231884
  ],
  "cosinus": [
    0.25069326881510934
  ]
}