{
  "voc_eval_res": {
    "precision": 33.3333,
    "recall": 14.2857,
    "f-score": 20.0
  },
  "KL_res": {
    "KL divergence": 7.0839791039314814,
    "Euclidean Dist.": 0.527541045906538,
    "WER": 0.8823529411764706,
    "CER": 0.652542372881356,
    "Cosine Dist.": 0.6913933000758162
  },
  "occ_eval_res": {
    "precision": 28.5714,
    "recall": 11.7647,
    "f-score": 16.6667
  },
  "clean_eval": {
    "f-score": 43.83561643835616,
    "precision": 31.06796116504854,
    "recall": 74.4186046511628,
    "tp": 64,
    "fp": 142,
    "fn": 22
  },
  "jaccard": [
    0.6968085106382979
  ],
  "braycurtis": [
    0.611764705882353
  ],
  "dice": [
    0.5346938775510204
  ],
  "cosinus": [
    0.5081436192791038
  ]
}