{
  "voc_eval_res": {
    "precision": 30.0,
    "recall": 33.3333,
    "f-score": 31.5789
  },
  "KL_res": {
    "KL divergence": 4.684475740456821,
    "Euclidean Dist.": 0.38054541754541577,
    "WER": 1.0,
    "CER": 0.7627118644067796,
    "Cosine Dist.": 0.5196155385847387
  },
  "occ_eval_res": {
    "precision": 30.0,
    "recall": 33.3333,
    "f-score": 31.5789
  },
  "clean_eval": {
    "f-score": 70.47619047619048,
    "precision": 66.66666666666666,
    "recall": 74.74747474747475,
    "tp": 74,
    "fp": 37,
    "fn": 25
  },
  "jaccard": [
    0.6896551724137931
  ],
  "braycurtis": [
    0.5564516129032258
  ],
  "dice": [
    0.5263157894736842
  ],
  "cosinus": [
    0.5328243537007494
  ]
}