{
  "voc_eval_res": {
    "precision": 13.6364,
    "recall": 18.75,
    "f-score": 15.7895
  },
  "KL_res": {
    "KL divergence": 3.7295985851095956,
    "Euclidean Dist.": 0.29273856556421646,
    "WER": 1.0,
    "CER": 0.6148148148148148,
    "Cosine Dist.": 0.31073406416757454
  },
  "occ_eval_res": {
    "precision": 24.0,
    "recall": 27.2727,
    "f-score": 25.5319
  },
  "clean_eval": {
    "f-score": 31.25,
    "precision": 32.11009174311927,
    "recall": 30.434782608695656,
    "tp": 70,
    "fp": 148,
    "fn": 160
  },
  "jaccard": [
    0.7318611987381703
  ],
  "braycurtis": [
    0.5454545454545454
  ],
  "dice": [
    0.5771144278606966
  ],
  "cosinus": [
    0.3514839418210721
  ]
}