{
  "voc_eval_res": {
    "precision": 20.0,
    "recall": 50.0,
    "f-score": 28.5714
  },
  "KL_res": {
    "KL divergence": 3.7625201836607656,
    "Euclidean Dist.": 0.5431390245600108,
    "WER": 2.0,
    "CER": 1.9545454545454546,
    "Cosine Dist.": 0.5285954792089684
  },
  "occ_eval_res": {
    "precision": 20.0,
    "recall": 50.0,
    "f-score": 28.5714
  },
  "clean_eval": {
    "f-score": 39.189189189189186,
    "precision": 57.99999999999999,
    "recall": 29.591836734693878,
    "tp": 29,
    "fp": 21,
    "fn": 69
  },
  "jaccard": [
    0.7985074626865671
  ],
  "braycurtis": [
    0.6666666666666666
  ],
  "dice": [
    0.6645962732919255
  ],
  "cosinus": [
    0.4851989781189573
  ]
}