{
  "voc_eval_res": {
    "precision": 44.4444,
    "recall": 57.1429,
    "f-score": 50.0
  },
  "KL_res": {
    "KL divergence": 2.091444106935605,
    "Euclidean Dist.": 0.2518353681109525,
    "WER": 0.7894736842105263,
    "CER": 0.5064102564102564,
    "Cosine Dist.": 0.22647692333162817
  },
  "occ_eval_res": {
    "precision": 50.0,
    "recall": 52.6316,
    "f-score": 51.2821
  },
  "clean_eval": {
    "f-score": 24.782608695652176,
    "precision": 24.782608695652176,
    "recall": 24.782608695652176,
    "tp": 57,
    "fp": 173,
    "fn": 173
  },
  "jaccard": [
    0.524
  ],
  "braycurtis": [
    0.3110367892976589
  ],
  "dice": [
    0.35501355013550134
  ],
  "cosinus": [
    0.14317198836083544
  ]
}