{
  "voc_eval_res": {
    "precision": 0,
    "recall": 0,
    "f-score": 0
  },
  "KL_res": {
    "KL divergence": 11.51246881997814,
    "Euclidean Dist.": 1.224744871391589,
    "WER": 2.0,
    "CER": 2.1666666666666665,
    "Cosine Dist.": 1.0
  },
  "occ_eval_res": {
    "precision": 0,
    "recall": 0,
    "f-score": 0
  },
  "clean_eval": {
    "f-score": 75.86206896551724,
    "precision": 78.57142857142857,
    "recall": 73.33333333333333,
    "tp": 11,
    "fp": 3,
    "fn": 4
  },
  "jaccard": [
    0.9714285714285714
  ],
  "braycurtis": [
    0.9444444444444444
  ],
  "dice": [
    0.9444444444444444
  ],
  "cosinus": [
    0.9358499700900416
  ]
}