{
  "voc_eval_res": {
    "precision": 27.2727,
    "recall": 17.6471,
    "f-score": 21.4286
  },
  "KL_res": {
    "KL divergence": 6.170284019015491,
    "Euclidean Dist.": 0.35508319173648595,
    "WER": 0.8333333333333334,
    "CER": 0.5737704918032787,
    "Cosine Dist.": 0.6656330724547883
  },
  "occ_eval_res": {
    "precision": 27.2727,
    "recall": 16.6667,
    "f-score": 20.6897
  },
  "clean_eval": {
    "f-score": 49.81412639405204,
    "precision": 39.1812865497076,
    "recall": 68.36734693877551,
    "tp": 67,
    "fp": 104,
    "fn": 31
  },
  "jaccard": [
    0.6120689655172413
  ],
  "braycurtis": [
    0.4824120603015075
  ],
  "dice": [
    0.4409937888198758
  ],
  "cosinus": [
    0.4482727900864305
  ]
}