{
  "voc_eval_res": {
    "precision": 100.0,
    "recall": 20.0,
    "f-score": 33.3333
  },
  "KL_res": {
    "KL divergence": 6.57669135444538,
    "Euclidean Dist.": 1.2000000000000002,
    "WER": 0.8,
    "CER": 0.7777777777777778,
    "Cosine Dist.": 0.42264973081037427
  },
  "occ_eval_res": {
    "precision": 100.0,
    "recall": 20.0,
    "f-score": 33.3333
  },
  "clean_eval": {
    "f-score": 46.15384615384615,
    "precision": 31.57894736842105,
    "recall": 85.71428571428571,
    "tp": 12,
    "fp": 26,
    "fn": 2
  },
  "jaccard": [
    0.8392857142857143
  ],
  "braycurtis": [
    0.7272727272727273
  ],
  "dice": [
    0.7230769230769231
  ],
  "cosinus": [
    0.6094332670575283
  ]
}