{
  "voc_eval_res": {
    "precision": 27.2727,
    "recall": 25.0,
    "f-score": 26.087
  },
  "KL_res": {
    "KL divergence": 4.793698652021721,
    "Euclidean Dist.": 0.35787528900486676,
    "WER": 0.8461538461538461,
    "CER": 0.6979166666666666,
    "Cosine Dist.": 0.5334305251841566
  },
  "occ_eval_res": {
    "precision": 27.2727,
    "recall": 23.0769,
    "f-score": 25.0
  },
  "clean_eval": {
    "f-score": 47.413793103448285,
    "precision": 37.67123287671233,
    "recall": 63.95348837209303,
    "tp": 55,
    "fp": 91,
    "fn": 31
  },
  "jaccard": [
    0.7361111111111112
  ],
  "braycurtis": [
    0.5974025974025974
  ],
  "dice": [
    0.5824175824175825
  ],
  "cosinus": [
    0.4983914095981121
  ]
}