{
  "voc_eval_res": {
    "precision": 33.3333,
    "recall": 36.3636,
    "f-score": 34.7826
  },
  "KL_res": {
    "KL divergence": 4.599827634346011,
    "Euclidean Dist.": 0.3535533905932738,
    "WER": 0.8333333333333334,
    "CER": 0.4069767441860465,
    "Cosine Dist.": 0.5285954792089682
  },
  "occ_eval_res": {
    "precision": 33.3333,
    "recall": 33.3333,
    "f-score": 33.3333
  },
  "clean_eval": {
    "f-score": 70.3125,
    "precision": 67.16417910447761,
    "recall": 73.77049180327869,
    "tp": 90,
    "fp": 44,
    "fn": 32
  },
  "jaccard": [
    0.5027932960893855
  ],
  "braycurtis": [
    0.3567251461988304
  ],
  "dice": [
    0.3358208955223881
  ],
  "cosinus": [
    0.25781531882313724
  ]
}