{
  "voc_eval_res": {
    "precision": 46.1538,
    "recall": 46.1538,
    "f-score": 46.1538
  },
  "KL_res": {
    "KL divergence": 3.596597195235528,
    "Euclidean Dist.": 0.30463552254129916,
    "WER": 0.6428571428571429,
    "CER": 0.4175824175824176,
    "Cosine Dist.": 0.41306081434657793
  },
  "occ_eval_res": {
    "precision": 46.1538,
    "recall": 42.8571,
    "f-score": 44.4444
  },
  "clean_eval": {
    "f-score": 62.5,
    "precision": 54.794520547945204,
    "recall": 72.72727272727273,
    "tp": 80,
    "fp": 66,
    "fn": 30
  },
  "jaccard": [
    0.5508021390374331
  ],
  "braycurtis": [
    0.3878787878787879
  ],
  "dice": [
    0.3800738007380074
  ],
  "cosinus": [
    0.3010283242442715
  ]
}