{
  "voc_eval_res": {
    "precision": 31.0345,
    "recall": 42.8571,
    "f-score": 36.0
  },
  "KL_res": {
    "KL divergence": 3.4929507147379772,
    "Euclidean Dist.": 0.23259022935468993,
    "WER": 1.0952380952380953,
    "CER": 0.7987012987012987,
    "Cosine Dist.": 0.46688601001681684
  },
  "occ_eval_res": {
    "precision": 31.0345,
    "recall": 42.8571,
    "f-score": 36.0
  },
  "clean_eval": {
    "f-score": 10.902255639097744,
    "precision": 13.302752293577983,
    "recall": 9.235668789808917,
    "tp": 29,
    "fp": 189,
    "fn": 285
  },
  "jaccard": [
    0.5823095823095823
  ],
  "braycurtis": [
    0.44559585492227977
  ],
  "dice": [
    0.41074523396880414
  ],
  "cosinus": [
    0.33810897947335106
  ]
}