{
  "voc_eval_res": {
    "precision": 28.5714,
    "recall": 50.0,
    "f-score": 36.3636
  },
  "KL_res": {
    "KL divergence": 3.881739953057125,
    "Euclidean Dist.": 0.3507891977021097,
    "WER": 1.3571428571428572,
    "CER": 0.9111111111111111,
    "Cosine Dist.": 0.5860813228076421
  },
  "occ_eval_res": {
    "precision": 24.0,
    "recall": 42.8571,
    "f-score": 30.7692
  },
  "clean_eval": {
    "f-score": 36.5038560411311,
    "precision": 44.65408805031446,
    "recall": 30.869565217391305,
    "tp": 71,
    "fp": 88,
    "fn": 159
  },
  "jaccard": [
    0.5735294117647058
  ],
  "braycurtis": [
    0.4763779527559055
  ],
  "dice": [
    0.4020618556701031
  ],
  "cosinus": [
    0.3431823324547949
  ]
}