{
  "voc_eval_res": {
    "precision": 37.5,
    "recall": 30.0,
    "f-score": 33.3333
  },
  "KL_res": {
    "KL divergence": 3.6246420617504786,
    "Euclidean Dist.": 0.34356921939545015,
    "WER": 0.8571428571428571,
    "CER": 0.6288659793814433,
    "Cosine Dist.": 0.29179947217182967
  },
  "occ_eval_res": {
    "precision": 44.4444,
    "recall": 28.5714,
    "f-score": 34.7826
  },
  "clean_eval": {
    "f-score": 44.285714285714285,
    "precision": 36.470588235294116,
    "recall": 56.36363636363636,
    "tp": 62,
    "fp": 108,
    "fn": 48
  },
  "jaccard": [
    0.6158940397350994
  ],
  "braycurtis": [
    0.54
  ],
  "dice": [
    0.4449760765550239
  ],
  "cosinus": [
    0.3992299249527036
  ]
}