{
  "voc_eval_res": {
    "precision": 46.4286,
    "recall": 76.4706,
    "f-score": 57.7778
  },
  "KL_res": {
    "KL divergence": 1.4022493795450999,
    "Euclidean Dist.": 0.21646812527958423,
    "WER": 0.8823529411764706,
    "CER": 0.6015037593984962,
    "Cosine Dist.": 0.2586542669341386
  },
  "occ_eval_res": {
    "precision": 46.4286,
    "recall": 76.4706,
    "f-score": 57.7778
  },
  "clean_eval": {
    "f-score": 11.15702479338843,
    "precision": 13.917525773195877,
    "recall": 9.310344827586208,
    "tp": 27,
    "fp": 167,
    "fn": 263
  },
  "jaccard": [
    0.5096952908587258
  ],
  "braycurtis": [
    0.3505747126436782
  ],
  "dice": [
    0.3420074349442379
  ],
  "cosinus": [
    0.23319053482630547
  ]
}