{
  "voc_eval_res": {
    "precision": 38.0952,
    "recall": 39.0244,
    "f-score": 38.5542
  },
  "KL_res": {
    "KL divergence": 3.3841172116928244,
    "Euclidean Dist.": 0.2358169495387119,
    "WER": 0.8064516129032258,
    "CER": 0.5196078431372549,
    "Cosine Dist.": 0.5050723787291098
  },
  "occ_eval_res": {
    "precision": 38.7755,
    "recall": 30.6452,
    "f-score": 34.2342
  },
  "clean_eval": {
    "f-score": 7.5400565504241275,
    "precision": 7.2202166064981945,
    "recall": 7.889546351084813,
    "tp": 40,
    "fp": 514,
    "fn": 467
  },
  "jaccard": [
    0.516504854368932
  ],
  "braycurtis": [
    0.3595505617977528
  ],
  "dice": [
    0.3481675392670157
  ],
  "cosinus": [
    0.24472300961750948
  ]
}