{
  "voc_eval_res": {
    "precision": 31.25,
    "recall": 33.3333,
    "f-score": 32.2581
  },
  "KL_res": {
    "KL divergence": 3.335563582858848,
    "Euclidean Dist.": 0.30127045804208696,
    "WER": 0.7083333333333334,
    "CER": 0.41208791208791207,
    "Cosine Dist.": 0.3563942651442693
  },
  "occ_eval_res": {
    "precision": 40.0,
    "recall": 33.3333,
    "f-score": 36.3636
  },
  "clean_eval": {
    "f-score": 49.999999999999986,
    "precision": 45.86206896551724,
    "recall": 54.958677685950406,
    "tp": 133,
    "fp": 157,
    "fn": 109
  },
  "jaccard": [
    0.47035573122529645
  ],
  "braycurtis": [
    0.3153153153153153
  ],
  "dice": [
    0.30749354005167956
  ],
  "cosinus": [
    0.17425964017971696
  ]
}