{
  "voc_eval_res": {
    "precision": 50.0,
    "recall": 60.0,
    "f-score": 54.5455
  },
  "KL_res": {
    "KL divergence": 1.677074005071407,
    "Euclidean Dist.": 0.1594390627209578,
    "WER": 0.7222222222222222,
    "CER": 0.4132841328413284,
    "Cosine Dist.": 0.1802439387232323
  },
  "occ_eval_res": {
    "precision": 53.4884,
    "recall": 63.8889,
    "f-score": 58.2278
  },
  "clean_eval": {
    "f-score": 21.534653465346533,
    "precision": 22.53886010362694,
    "recall": 20.61611374407583,
    "tp": 87,
    "fp": 299,
    "fn": 335
  },
  "jaccard": [
    0.45560747663551404
  ],
  "braycurtis": [
    0.2753108348134991
  ],
  "dice": [
    0.2950075642965204
  ],
  "cosinus": [
    0.13429878977770637
  ]
}