{
  "voc_eval_res": {
    "precision": 66.6667,
    "recall": 66.6667,
    "f-score": 66.6667
  },
  "KL_res": {
    "KL divergence": 1.7167278292123602,
    "Euclidean Dist.": 0.29468447924465296,
    "WER": 0.6923076923076923,
    "CER": 0.3302752293577982,
    "Cosine Dist.": 0.2906915317589229
  },
  "occ_eval_res": {
    "precision": 56.25,
    "recall": 69.2308,
    "f-score": 62.069
  },
  "clean_eval": {
    "f-score": 47.5177304964539,
    "precision": 45.89041095890411,
    "recall": 49.26470588235294,
    "tp": 67,
    "fp": 79,
    "fn": 69
  },
  "jaccard": [
    0.3954802259887006
  ],
  "braycurtis": [
    0.22580645161290322
  ],
  "dice": [
    0.24647887323943662
  ],
  "cosinus": [
    0.14661065188790323
  ]
}