{
  "voc_eval_res": {
    "precision": 55.5556,
    "recall": 71.4286,
    "f-score": 62.5
  },
  "KL_res": {
    "KL divergence": 2.859344946794164,
    "Euclidean Dist.": 0.3849001794597505,
    "WER": 0.7777777777777778,
    "CER": 0.5428571428571428,
    "Cosine Dist.": 0.37005921165128797
  },
  "occ_eval_res": {
    "precision": 55.5556,
    "recall": 55.5556,
    "f-score": 55.5556
  },
  "clean_eval": {
    "f-score": 49.09090909090909,
    "precision": 49.09090909090909,
    "recall": 49.09090909090909,
    "tp": 54,
    "fp": 56,
    "fn": 56
  },
  "jaccard": [
    0.5
  ],
  "braycurtis": [
    0.4426229508196721
  ],
  "dice": [
    0.3333333333333333
  ],
  "cosinus": [
    0.48638480625195435
  ]
}