{
  "voc_eval_res": {
    "precision": 33.3333,
    "recall": 42.8571,
    "f-score": 37.5
  },
  "KL_res": {
    "KL divergence": 3.9080316173097502,
    "Euclidean Dist.": 0.402186014581585,
    "WER": 1.0,
    "CER": 0.9473684210526315,
    "Cosine Dist.": 0.4522774424948338
  },
  "occ_eval_res": {
    "precision": 33.3333,
    "recall": 42.8571,
    "f-score": 37.5
  },
  "clean_eval": {
    "f-score": 51.08695652173913,
    "precision": 54.65116279069767,
    "recall": 47.95918367346938,
    "tp": 47,
    "fp": 39,
    "fn": 51
  },
  "jaccard": [
    0.7581699346405228
  ],
  "braycurtis": [
    0.6132075471698113
  ],
  "dice": [
    0.6105263157894737
  ],
  "cosinus": [
    0.4816716324594441
  ]
}