{
  "voc_eval_res": {
    "precision": 46.4286,
    "recall": 35.1351,
    "f-score": 40.0
  },
  "KL_res": {
    "KL divergence": 3.9880950760195213,
    "Euclidean Dist.": 0.24098054972207325,
    "WER": 0.8222222222222222,
    "CER": 0.48363636363636364,
    "Cosine Dist.": 0.5669344304313866
  },
  "occ_eval_res": {
    "precision": 39.3939,
    "recall": 28.8889,
    "f-score": 33.3333
  },
  "clean_eval": {
    "f-score": 27.970297029702973,
    "precision": 25.336322869955158,
    "recall": 31.215469613259668,
    "tp": 113,
    "fp": 333,
    "fn": 249
  },
  "jaccard": [
    0.49282296650717705
  ],
  "braycurtis": [
    0.38878504672897196
  ],
  "dice": [
    0.326984126984127
  ],
  "cosinus": [
    0.2617643838565069
  ]
}