{
  "voc_eval_res": {
    "precision": 41.6667,
    "recall": 55.5556,
    "f-score": 47.619
  },
  "KL_res": {
    "KL divergence": 2.7730379405628542,
    "Euclidean Dist.": 0.3251305530755451,
    "WER": 0.8888888888888888,
    "CER": 0.42028985507246375,
    "Cosine Dist.": 0.35179627644783573
  },
  "occ_eval_res": {
    "precision": 41.6667,
    "recall": 55.5556,
    "f-score": 47.619
  },
  "clean_eval": {
    "f-score": 63.79310344827586,
    "precision": 67.27272727272727,
    "recall": 60.65573770491803,
    "tp": 74,
    "fp": 36,
    "fn": 48
  },
  "jaccard": [
    0.45121951219512196
  ],
  "braycurtis": [
    0.2972972972972973
  ],
  "dice": [
    0.29133858267716534
  ],
  "cosinus": [
    0.22791138774677988
  ]
}