{
  "voc_eval_res": {
    "precision": 41.1765,
    "recall": 46.6667,
    "f-score": 43.75
  },
  "KL_res": {
    "KL divergence": 2.2267431856669453,
    "Euclidean Dist.": 0.2345207879911715,
    "WER": 0.7,
    "CER": 0.31756756756756754,
    "Cosine Dist.": 0.21645320609979368
  },
  "occ_eval_res": {
    "precision": 50.0,
    "recall": 50.0,
    "f-score": 50.0
  },
  "clean_eval": {
    "f-score": 19.834710743801654,
    "precision": 19.834710743801654,
    "recall": 19.834710743801654,
    "tp": 48,
    "fp": 194,
    "fn": 194
  },
  "jaccard": [
    0.4100418410041841
  ],
  "braycurtis": [
    0.23986486486486486
  ],
  "dice": [
    0.2578947368421053
  ],
  "cosinus": [
    0.1213151646402102
  ]
}