{
  "voc_eval_res": {
    "precision": 25.0,
    "recall": 33.3333,
    "f-score": 28.5714
  },
  "KL_res": {
    "KL divergence": 5.152132466716974,
    "Euclidean Dist.": 0.41403933560541256,
    "WER": 1.3,
    "CER": 0.6493506493506493,
    "Cosine Dist.": 0.6619382981085935
  },
  "occ_eval_res": {
    "precision": 21.4286,
    "recall": 30.0,
    "f-score": 25.0
  },
  "clean_eval": {
    "f-score": 54.93562231759657,
    "precision": 57.65765765765766,
    "recall": 52.459016393442624,
    "tp": 64,
    "fp": 47,
    "fn": 58
  },
  "jaccard": [
    0.5608465608465608
  ],
  "braycurtis": [
    0.41420118343195267
  ],
  "dice": [
    0.3897058823529412
  ],
  "cosinus": [
    0.380900335783098
  ]
}