{
  "voc_eval_res": {
    "precision": 36.8421,
    "recall": 35.0,
    "f-score": 35.8974
  },
  "KL_res": {
    "KL divergence": 4.625792333047998,
    "Euclidean Dist.": 0.30984226499833983,
    "WER": 0.8461538461538461,
    "CER": 0.6896551724137931,
    "Cosine Dist.": 0.5949042531665334
  },
  "occ_eval_res": {
    "precision": 36.8421,
    "recall": 26.9231,
    "f-score": 31.1111
  },
  "clean_eval": {
    "f-score": 34.5,
    "precision": 35.56701030927835,
    "recall": 33.49514563106796,
    "tp": 69,
    "fp": 125,
    "fn": 137
  },
  "jaccard": [
    0.5936507936507937
  ],
  "braycurtis": [
    0.4738562091503268
  ],
  "dice": [
    0.4221218961625282
  ],
  "cosinus": [
    0.44015417976838744
  ]
}