{
  "voc_eval_res": {
    "precision": 66.6667,
    "recall": 40.0,
    "f-score": 50.0
  },
  "KL_res": {
    "KL divergence": 4.126713076928857,
    "Euclidean Dist.": 0.5497474167490214,
    "WER": 0.6,
    "CER": 0.35294117647058826,
    "Cosine Dist.": 0.3238765962171868
  },
  "occ_eval_res": {
    "precision": 66.6667,
    "recall": 40.0,
    "f-score": 50.0
  },
  "clean_eval": {
    "f-score": 42.69662921348314,
    "precision": 30.64516129032258,
    "recall": 70.37037037037037,
    "tp": 19,
    "fp": 43,
    "fn": 8
  },
  "jaccard": [
    0.32786885245901637
  ],
  "braycurtis": [
    0.22641509433962265
  ],
  "dice": [
    0.19607843137254902
  ],
  "cosinus": [
    0.17745596859799928
  ]
}