{
  "voc_eval_res": {
    "precision": 33.3333,
    "recall": 60.0,
    "f-score": 42.8571
  },
  "KL_res": {
    "KL divergence": 2.156198394841651,
    "Euclidean Dist.": 0.2624789613300081,
    "WER": 1.2352941176470589,
    "CER": 1.0078740157480315,
    "Cosine Dist.": 0.33135215016426856
  },
  "occ_eval_res": {
    "precision": 35.7143,
    "recall": 58.8235,
    "f-score": 44.4444
  },
  "clean_eval": {
    "f-score": 31.779661016949152,
    "precision": 41.208791208791204,
    "recall": 25.862068965517242,
    "tp": 75,
    "fp": 107,
    "fn": 215
  },
  "jaccard": [
    0.6193029490616622
  ],
  "braycurtis": [
    0.4696969696969697
  ],
  "dice": [
    0.44854368932038835
  ],
  "cosinus": [
    0.3493614385124947
  ]
}