{
  "voc_eval_res": {
    "precision": 58.3333,
    "recall": 38.8889,
    "f-score": 46.6667
  },
  "KL_res": {
    "KL divergence": 3.6974715054683216,
    "Euclidean Dist.": 0.281913654585895,
    "WER": 0.6666666666666666,
    "CER": 0.39655172413793105,
    "Cosine Dist.": 0.35763594516242714
  },
  "occ_eval_res": {
    "precision": 58.3333,
    "recall": 38.8889,
    "f-score": 46.6667
  },
  "clean_eval": {
    "f-score": 48.23529411764705,
    "precision": 42.2680412371134,
    "recall": 56.16438356164384,
    "tp": 82,
    "fp": 112,
    "fn": 64
  },
  "jaccard": [
    0.5150214592274678
  ],
  "braycurtis": [
    0.3380281690140845
  ],
  "dice": [
    0.3468208092485549
  ],
  "cosinus": [
    0.249002831767005
  ]
}