{
  "voc_eval_res": {
    "precision": 22.7273,
    "recall": 29.4118,
    "f-score": 25.641
  },
  "KL_res": {
    "KL divergence": 5.096177231458757,
    "Euclidean Dist.": 0.3102362913552011,
    "WER": 1.0454545454545454,
    "CER": 0.5766423357664233,
    "Cosine Dist.": 0.6399588500884521
  },
  "occ_eval_res": {
    "precision": 20.8333,
    "recall": 22.7273,
    "f-score": 21.7391
  },
  "clean_eval": {
    "f-score": 40.17857142857143,
    "precision": 41.284403669724774,
    "recall": 39.130434782608695,
    "tp": 90,
    "fp": 128,
    "fn": 140
  },
  "jaccard": [
    0.6071428571428571
  ],
  "braycurtis": [
    0.45733788395904434
  ],
  "dice": [
    0.4358974358974359
  ],
  "cosinus": [
    0.32441492071003597
  ]
}