{
  "voc_eval_res": {
    "precision": 33.3333,
    "recall": 35.0,
    "f-score": 34.1463
  },
  "KL_res": {
    "KL divergence": 2.985653270944772,
    "Euclidean Dist.": 0.24172368954524118,
    "WER": 0.8518518518518519,
    "CER": 0.5225806451612903,
    "Cosine Dist.": 0.29542571478146074
  },
  "occ_eval_res": {
    "precision": 37.931,
    "recall": 40.7407,
    "f-score": 39.2857
  },
  "clean_eval": {
    "f-score": 16.532258064516128,
    "precision": 16.94214876033058,
    "recall": 16.141732283464567,
    "tp": 41,
    "fp": 201,
    "fn": 213
  },
  "jaccard": [
    0.5946969696969697
  ],
  "braycurtis": [
    0.39864864864864863
  ],
  "dice": [
    0.42318059299191374
  ],
  "cosinus": [
    0.24287404467274054
  ]
}