{
  "voc_eval_res": {
    "precision": 33.3333,
    "recall": 38.8889,
    "f-score": 35.8974
  },
  "KL_res": {
    "KL divergence": 3.6567441043775557,
    "Euclidean Dist.": 0.27701402037770995,
    "WER": 0.8333333333333334,
    "CER": 0.44155844155844154,
    "Cosine Dist.": 0.46307515582878067
  },
  "occ_eval_res": {
    "precision": 34.7826,
    "recall": 33.3333,
    "f-score": 34.0426
  },
  "clean_eval": {
    "f-score": 46.875,
    "precision": 43.388429752066116,
    "recall": 50.970873786407765,
    "tp": 105,
    "fp": 137,
    "fn": 101
  },
  "jaccard": [
    0.602112676056338
  ],
  "braycurtis": [
    0.4280936454849498
  ],
  "dice": [
    0.43073047858942065
  ],
  "cosinus": [
    0.2837677223628524
  ]
}