{
  "voc_eval_res": {
    "precision": 20.0,
    "recall": 22.2222,
    "f-score": 21.0526
  },
  "KL_res": {
    "KL divergence": 5.505191105715441,
    "Euclidean Dist.": 0.2888888888888889,
    "WER": 1.0,
    "CER": 0.7090909090909091,
    "Cosine Dist.": 0.6518446880886044
  },
  "occ_eval_res": {
    "precision": 20.0,
    "recall": 22.2222,
    "f-score": 21.0526
  },
  "clean_eval": {
    "f-score": 60.79545454545454,
    "precision": 62.94117647058823,
    "recall": 58.791208791208796,
    "tp": 107,
    "fp": 63,
    "fn": 75
  },
  "jaccard": [
    0.7857142857142857
  ],
  "braycurtis": [
    0.6396396396396397
  ],
  "dice": [
    0.6470588235294118
  ],
  "cosinus": [
    0.5425661956242583
  ]
}