{
  "voc_eval_res": {
    "precision": 47.0588,
    "recall": 48.4848,
    "f-score": 47.7612
  },
  "KL_res": {
    "KL divergence": 2.799886375388974,
    "Euclidean Dist.": 0.18243092597128296,
    "WER": 0.696969696969697,
    "CER": 0.41596638655462187,
    "Cosine Dist.": 0.3676538609502842
  },
  "occ_eval_res": {
    "precision": 44.4444,
    "recall": 48.4848,
    "f-score": 46.3768
  },
  "clean_eval": {
    "f-score": 58.550724637681164,
    "precision": 57.54985754985755,
    "recall": 59.587020648967545,
    "tp": 202,
    "fp": 149,
    "fn": 137
  },
  "jaccard": [
    0.4780600461893764
  ],
  "braycurtis": [
    0.36134453781512604
  ],
  "dice": [
    0.3141122913505311
  ],
  "cosinus": [
    0.2643756460044929
  ]
}