{
  "voc_eval_res": {
    "precision": 37.5,
    "recall": 56.25,
    "f-score": 45.0
  },
  "KL_res": {
    "KL divergence": 2.7243543267452006,
    "Euclidean Dist.": 0.2808472386685759,
    "WER": 1.1666666666666667,
    "CER": 0.6302521008403361,
    "Cosine Dist.": 0.44965592739831406
  },
  "occ_eval_res": {
    "precision": 33.3333,
    "recall": 50.0,
    "f-score": 40.0
  },
  "clean_eval": {
    "f-score": 29.74828375286041,
    "precision": 35.714285714285715,
    "recall": 25.49019607843137,
    "tp": 65,
    "fp": 117,
    "fn": 190
  },
  "jaccard": [
    0.6122448979591837
  ],
  "braycurtis": [
    0.47368421052631576
  ],
  "dice": [
    0.4411764705882353
  ],
  "cosinus": [
    0.3106524788265803
  ]
}