{
  "voc_eval_res": {
    "precision": 25.0,
    "recall": 25.0,
    "f-score": 25.0
  },
  "KL_res": {
    "KL divergence": 6.075589809008294,
    "Euclidean Dist.": 0.6123724356957945,
    "WER": 1.0,
    "CER": 0.8888888888888888,
    "Cosine Dist.": 0.6
  },
  "occ_eval_res": {
    "precision": 25.0,
    "recall": 25.0,
    "f-score": 25.0
  },
  "clean_eval": {
    "f-score": 65.16853932584269,
    "precision": 57.99999999999999,
    "recall": 74.35897435897436,
    "tp": 29,
    "fp": 21,
    "fn": 10
  },
  "jaccard": [
    0.8053097345132744
  ],
  "braycurtis": [
    0.6857142857142857
  ],
  "dice": [
    0.674074074074074
  ],
  "cosinus": [
    0.6798861615047591
  ]
}