{
  "voc_eval_res": {
    "precision": 54.1985,
    "recall": 57.2581,
    "f-score": 55.6863
  },
  "KL_res": {
    "KL divergence": 1.3201065812059796,
    "Euclidean Dist.": 0.09398233673310463,
    "WER": 0.5849056603773585,
    "CER": 0.2481692432872254,
    "Cosine Dist.": 0.1379360833878287
  },
  "occ_eval_res": {
    "precision": 62.9108,
    "recall": 63.2075,
    "f-score": 63.0588
  },
  "clean_eval": {
    "f-score": 13.19796954314721,
    "precision": 13.131313131313133,
    "recall": 13.26530612244898,
    "tp": 26,
    "fp": 172,
    "fn": 170
  },
  "jaccard": [
    0.44666088464874243
  ],
  "braycurtis": [
    0.22200920245398773
  ],
  "dice": [
    0.28754885538805136
  ],
  "cosinus": [
    0.07489846867337047
  ]
}