{
  "voc_eval_res": {
    "precision": 30.4878,
    "recall": 30.4878,
    "f-score": 30.4878
  },
  "KL_res": {
    "KL divergence": 3.338077201816787,
    "Euclidean Dist.": 0.1507178011151915,
    "WER": 0.8538461538461538,
    "CER": 0.6099290780141844,
    "Cosine Dist.": 0.45132292054480405
  },
  "occ_eval_res": {
    "precision": 34.0659,
    "recall": 23.8462,
    "f-score": 28.0543
  },
  "clean_eval": {
    "f-score": 20.754716981132077,
    "precision": 19.469026548672566,
    "recall": 22.22222222222222,
    "tp": 22,
    "fp": 91,
    "fn": 77
  },
  "jaccard": [
    0.6609195402298851
  ],
  "braycurtis": [
    0.49271402550091076
  ],
  "dice": [
    0.49356223175965663
  ],
  "cosinus": [
    0.30157579869394935
  ]
}