{
  "voc_eval_res": {
    "precision": 49.0,
    "recall": 66.6667,
    "f-score": 56.4841
  },
  "KL_res": {
    "KL divergence": 1.2310568674909903,
    "Euclidean Dist.": 0.10677018408004275,
    "WER": 0.7358490566037735,
    "CER": 0.4757433489827856,
    "Cosine Dist.": 0.20729627421428787
  },
  "occ_eval_res": {
    "precision": 53.7313,
    "recall": 67.9245,
    "f-score": 60.0
  },
  "clean_eval": {
    "f-score": 46.00760456273765,
    "precision": 54.75113122171946,
    "recall": 39.67213114754099,
    "tp": 121,
    "fp": 100,
    "fn": 184
  },
  "jaccard": [
    0.4514866979655712
  ],
  "braycurtis": [
    0.32646048109965636
  ],
  "dice": [
    0.29156139464375946
  ],
  "cosinus": [
    0.1888195073808665
  ]
}