{
  "voc_eval_res": {
    "precision": 64.5161,
    "recall": 63.1579,
    "f-score": 63.8298
  },
  "KL_res": {
    "KL divergence": 1.262464362659077,
    "Euclidean Dist.": 0.09070252789138326,
    "WER": 0.44525547445255476,
    "CER": 0.18513513513513513,
    "Cosine Dist.": 0.13683753833523515
  },
  "occ_eval_res": {
    "precision": 67.6923,
    "recall": 64.2336,
    "f-score": 65.9176
  },
  "clean_eval": {
    "f-score": 52.589641434262944,
    "precision": 51.96850393700787,
    "recall": 53.2258064516129,
    "tp": 66,
    "fp": 61,
    "fn": 58
  },
  "jaccard": [
    0.44878563885955647
  ],
  "braycurtis": [
    0.2530274059910771
  ],
  "dice": [
    0.2893124574540504
  ],
  "cosinus": [
    0.10112813126243148
  ]
}