{
  "voc_eval_res": {
    "precision": 54.5455,
    "recall": 54.1353,
    "f-score": 54.3396
  },
  "KL_res": {
    "KL divergence": 1.5751505750623391,
    "Euclidean Dist.": 0.09335073774112318,
    "WER": 0.6376146788990825,
    "CER": 0.3362341772151899,
    "Cosine Dist.": 0.15960625596840583
  },
  "occ_eval_res": {
    "precision": 60.4061,
    "recall": 54.5872,
    "f-score": 57.3494
  },
  "clean_eval": {
    "f-score": 47.20812182741116,
    "precision": 45.36585365853659,
    "recall": 49.2063492063492,
    "tp": 93,
    "fp": 112,
    "fn": 96
  },
  "jaccard": [
    0.4797864225781846
  ],
  "braycurtis": [
    0.25166543301258326
  ],
  "dice": [
    0.3156046161565479
  ],
  "cosinus": [
    0.10359969640666555
  ]
}