{
  "voc_eval_res": {
    "precision": 56.6964,
    "recall": 57.7273,
    "f-score": 57.2072
  },
  "KL_res": {
    "KL divergence": 1.2854269983863778,
    "Euclidean Dist.": 0.08259158053565381,
    "WER": 0.48412698412698413,
    "CER": 0.11518072289156626,
    "Cosine Dist.": 0.136660456182067
  },
  "occ_eval_res": {
    "precision": 59.9502,
    "recall": 63.7566,
    "f-score": 61.7949
  },
  "clean_eval": {
    "f-score": 51.96629213483147,
    "precision": 52.259887005649716,
    "recall": 51.675977653631286,
    "tp": 185,
    "fp": 169,
    "fn": 173
  },
  "jaccard": [
    0.37155297532656023
  ],
  "braycurtis": [
    0.18057487250811313
  ],
  "dice": [
    0.2281639928698752
  ],
  "cosinus": [
    0.0758307022507958
  ]
}