{
  "voc_eval_res": {
    "precision": 67.6056,
    "recall": 68.5714,
    "f-score": 68.0851
  },
  "KL_res": {
    "KL divergence": 1.0023493147021139,
    "Euclidean Dist.": 0.07434603595253271,
    "WER": 0.38009049773755654,
    "CER": 0.10562180579216354,
    "Cosine Dist.": 0.11691928326548773
  },
  "occ_eval_res": {
    "precision": 70.6667,
    "recall": 71.9457,
    "f-score": 71.3004
  },
  "clean_eval": {
    "f-score": 65.18518518518519,
    "precision": 64.70588235294117,
    "recall": 65.67164179104478,
    "tp": 132,
    "fp": 72,
    "fn": 69
  },
  "jaccard": [
    0.37921604375569734
  ],
  "braycurtis": [
    0.18129614438063987
  ],
  "dice": [
    0.23397075365579303
  ],
  "cosinus": [
    0.06998219900492963
  ]
}