{
  "voc_eval_res": {
    "precision": 61.3139,
    "recall": 63.6364,
    "f-score": 62.4535
  },
  "KL_res": {
    "KL divergence": 1.1069426751278548,
    "Euclidean Dist.": 0.07227922256782451,
    "WER": 0.4377880184331797,
    "CER": 0.15713065755764305,
    "Cosine Dist.": 0.07038930004221655
  },
  "occ_eval_res": {
    "precision": 66.9604,
    "recall": 70.0461,
    "f-score": 68.4685
  },
  "clean_eval": {
    "f-score": 56.52173913043479,
    "precision": 56.25,
    "recall": 56.79611650485437,
    "tp": 117,
    "fp": 91,
    "fn": 89
  },
  "jaccard": [
    0.3783783783783784
  ],
  "braycurtis": [
    0.21382376717865803
  ],
  "dice": [
    0.23333333333333334
  ],
  "cosinus": [
    0.06657508500206233
  ]
}