{
  "voc_eval_res": {
    "precision": 66.2252,
    "recall": 65.7895,
    "f-score": 66.0066
  },
  "KL_res": {
    "KL divergence": 1.0280269699505513,
    "Euclidean Dist.": 0.08018358751607373,
    "WER": 0.6985294117647058,
    "CER": 0.44233576642335765,
    "Cosine Dist.": 0.10978264502371404
  },
  "occ_eval_res": {
    "precision": 70.3008,
    "recall": 68.75,
    "f-score": 69.5167
  },
  "clean_eval": {
    "f-score": 43.92156862745098,
    "precision": 42.911877394636015,
    "recall": 44.97991967871486,
    "tp": 112,
    "fp": 149,
    "fn": 137
  },
  "jaccard": [
    0.4603174603174603
  ],
  "braycurtis": [
    0.240217761143246
  ],
  "dice": [
    0.29896907216494845
  ],
  "cosinus": [
    0.09693000106209804
  ]
}