{
  "voc_eval_res": {
    "precision": 36.3636,
    "recall": 40.0,
    "f-score": 38.0952
  },
  "KL_res": {
    "KL divergence": 3.4253727112258368,
    "Euclidean Dist.": 0.3114048122826898,
    "WER": 0.7272727272727273,
    "CER": 0.13432835820895522,
    "Cosine Dist.": 0.277102603987751
  },
  "occ_eval_res": {
    "precision": 38.4615,
    "recall": 45.4545,
    "f-score": 41.6667
  },
  "clean_eval": {
    "f-score": 28.571428571428566,
    "precision": 27.27272727272727,
    "recall": 30.0,
    "tp": 3,
    "fp": 8,
    "fn": 7
  },
  "jaccard": [
    0.4294478527607362
  ],
  "braycurtis": [
    0.2653061224489796
  ],
  "dice": [
    0.2734375
  ],
  "cosinus": [
    0.20566901824188188
  ]
}