{
  "voc_eval_res": {
    "precision": 64.8649,
    "recall": 65.7534,
    "f-score": 65.3061
  },
  "KL_res": {
    "KL divergence": 1.44369850950732,
    "Euclidean Dist.": 0.11531302342388661,
    "WER": 0.4954954954954955,
    "CER": 0.22363636363636363,
    "Cosine Dist.": 0.1924725212534143
  },
  "occ_eval_res": {
    "precision": 67.3077,
    "recall": 63.0631,
    "f-score": 65.1163
  },
  "clean_eval": {
    "f-score": 52.307692307692314,
    "precision": 51.515151515151516,
    "recall": 53.125,
    "tp": 51,
    "fp": 48,
    "fn": 45
  },
  "jaccard": [
    0.4087301587301587
  ],
  "braycurtis": [
    0.2463393626184324
  ],
  "dice": [
    0.256857855361596
  ],
  "cosinus": [
    0.13594330125118514
  ]
}