{
  "voc_eval_res": {
    "precision": 67.3077,
    "recall": 67.3077,
    "f-score": 67.3077
  },
  "KL_res": {
    "KL divergence": 1.4137172524493449,
    "Euclidean Dist.": 0.13538678966075154,
    "WER": 0.4915254237288136,
    "CER": 0.21407624633431085,
    "Cosine Dist.": 0.24121087928347063
  },
  "occ_eval_res": {
    "precision": 63.3333,
    "recall": 64.4068,
    "f-score": 63.8655
  },
  "clean_eval": {
    "f-score": 56.88073394495413,
    "precision": 56.36363636363636,
    "recall": 57.407407407407405,
    "tp": 31,
    "fp": 24,
    "fn": 23
  },
  "jaccard": [
    0.376865671641791
  ],
  "braycurtis": [
    0.22636103151862463
  ],
  "dice": [
    0.23218390804597702
  ],
  "cosinus": [
    0.11346176658810103
  ]
}