{
  "voc_eval_res": {
    "precision": 67.1233,
    "recall": 72.0588,
    "f-score": 69.5035
  },
  "KL_res": {
    "KL divergence": 1.0119751376476893,
    "Euclidean Dist.": 0.10687430366138333,
    "WER": 0.39361702127659576,
    "CER": 0.12578616352201258,
    "Cosine Dist.": 0.16320795882096406
  },
  "occ_eval_res": {
    "precision": 67.6768,
    "recall": 71.2766,
    "f-score": 69.4301
  },
  "clean_eval": {
    "f-score": 65.59139784946237,
    "precision": 65.59139784946237,
    "recall": 65.59139784946237,
    "tp": 61,
    "fp": 32,
    "fn": 32
  },
  "jaccard": [
    0.4289940828402367
  ],
  "braycurtis": [
    0.2323529411764706
  ],
  "dice": [
    0.2730696798493409
  ],
  "cosinus": [
    0.09009279086273503
  ]
}