{
  "voc_eval_res": {
    "precision": 66.6667,
    "recall": 68.0,
    "f-score": 67.3267
  },
  "KL_res": {
    "KL divergence": 1.30968120417959,
    "Euclidean Dist.": 0.12592393068563099,
    "WER": 0.38636363636363635,
    "CER": 0.10569105691056911,
    "Cosine Dist.": 0.2312663287009754
  },
  "occ_eval_res": {
    "precision": 71.2575,
    "recall": 67.6136,
    "f-score": 69.3878
  },
  "clean_eval": {
    "f-score": 56.14035087719299,
    "precision": 55.94405594405595,
    "recall": 56.33802816901409,
    "tp": 80,
    "fp": 63,
    "fn": 62
  },
  "jaccard": [
    0.38929695697796435
  ],
  "braycurtis": [
    0.23692636072572038
  ],
  "dice": [
    0.24169381107491858
  ],
  "cosinus": [
    0.22081957661417628
  ]
}