{
  "voc_eval_res": {
    "precision": 81.3725,
    "recall": 83.0,
    "f-score": 82.1782
  },
  "KL_res": {
    "KL divergence": 0.5320370732992477,
    "Euclidean Dist.": 0.07673591827778907,
    "WER": 0.21142857142857144,
    "CER": 0.0412262156448203,
    "Cosine Dist.": 0.07607475513688433
  },
  "occ_eval_res": {
    "precision": 80.663,
    "recall": 83.4286,
    "f-score": 82.0225
  },
  "clean_eval": {
    "f-score": 79.3103448275862,
    "precision": 79.3103448275862,
    "recall": 79.3103448275862,
    "tp": 138,
    "fp": 36,
    "fn": 36
  },
  "jaccard": [
    0.2542997542997543
  ],
  "braycurtis": [
    0.1100828056502679
  ],
  "dice": [
    0.14567206192821958
  ],
  "cosinus": [
    0.03960987464389054
  ]
}