{
  "voc_eval_res": {
    "precision": 56.1644,
    "recall": 58.5714,
    "f-score": 57.3427
  },
  "KL_res": {
    "KL divergence": 1.609760547687483,
    "Euclidean Dist.": 0.11324042919413611,
    "WER": 0.5842696629213483,
    "CER": 0.2700587084148728,
    "Cosine Dist.": 0.17576162621885605
  },
  "occ_eval_res": {
    "precision": 57.2917,
    "recall": 61.7978,
    "f-score": 59.4595
  },
  "clean_eval": {
    "f-score": 52.17391304347826,
    "precision": 51.21951219512195,
    "recall": 53.16455696202531,
    "tp": 42,
    "fp": 40,
    "fn": 37
  },
  "jaccard": [
    0.44138929088277856
  ],
  "braycurtis": [
    0.27635327635327633
  ],
  "dice": [
    0.28319405756731664
  ],
  "cosinus": [
    0.14049586015836835
  ]
}