{
  "voc_eval_res": {
    "precision": 50.0,
    "recall": 50.0,
    "f-score": 50.0
  },
  "KL_res": {
    "KL divergence": 2.959367195506488,
    "Euclidean Dist.": 0.2734262327610589,
    "WER": 0.7857142857142857,
    "CER": 0.38028169014084506,
    "Cosine Dist.": 0.3280631590947074
  },
  "occ_eval_res": {
    "precision": 46.6667,
    "recall": 50.0,
    "f-score": 48.2759
  },
  "clean_eval": {
    "f-score": 30.769230769230766,
    "precision": 28.57142857142857,
    "recall": 33.33333333333333,
    "tp": 4,
    "fp": 10,
    "fn": 8
  },
  "jaccard": [
    0.521978021978022
  ],
  "braycurtis": [
    0.3246753246753247
  ],
  "dice": [
    0.35315985130111527
  ],
  "cosinus": [
    0.23764326333354935
  ]
}