{
  "voc_eval_res": {
    "precision": 60.8696,
    "recall": 53.8462,
    "f-score": 57.1429
  },
  "KL_res": {
    "KL divergence": 1.9225191895970564,
    "Euclidean Dist.": 0.16251366528433187,
    "WER": 0.5507246376811594,
    "CER": 0.2132564841498559,
    "Cosine Dist.": 0.22675609463500113
  },
  "occ_eval_res": {
    "precision": 56.9231,
    "recall": 53.6232,
    "f-score": 55.2239
  },
  "clean_eval": {
    "f-score": 52.459016393442624,
    "precision": 48.484848484848484,
    "recall": 57.14285714285714,
    "tp": 32,
    "fp": 34,
    "fn": 24
  },
  "jaccard": [
    0.4480769230769231
  ],
  "braycurtis": [
    0.28530259365994237
  ],
  "dice": [
    0.28872366790582404
  ],
  "cosinus": [
    0.1350639904577804
  ]
}