{
  "voc_eval_res": {
    "precision": 59.589,
    "recall": 69.0476,
    "f-score": 63.9706
  },
  "KL_res": {
    "KL divergence": 1.1608771754500693,
    "Euclidean Dist.": 0.11280955496271096,
    "WER": 0.6294642857142857,
    "CER": 0.31782265144863914,
    "Cosine Dist.": 0.24890446865498217
  },
  "occ_eval_res": {
    "precision": 56.0976,
    "recall": 71.875,
    "f-score": 63.0137
  },
  "clean_eval": {
    "f-score": 52.76595744680851,
    "precision": 59.90338164251207,
    "recall": 47.14828897338403,
    "tp": 124,
    "fp": 83,
    "fn": 139
  },
  "jaccard": [
    0.44128933231005374
  ],
  "braycurtis": [
    0.3077191756898358
  ],
  "dice": [
    0.28311176760216644
  ],
  "cosinus": [
    0.17893217730611632
  ]
}