{
  "voc_eval_res": {
    "precision": 48.5437,
    "recall": 62.5,
    "f-score": 54.6448
  },
  "KL_res": {
    "KL divergence": 1.2872234961095124,
    "Euclidean Dist.": 0.0952913796775478,
    "WER": 0.6847457627118644,
    "CER": 0.3933143669985775,
    "Cosine Dist.": 0.12897889842094956
  },
  "occ_eval_res": {
    "precision": 54.0166,
    "recall": 66.1017,
    "f-score": 59.4512
  },
  "clean_eval": {
    "f-score": 48.2051282051282,
    "precision": 55.078125,
    "recall": 42.857142857142854,
    "tp": 141,
    "fp": 115,
    "fn": 188
  },
  "jaccard": [
    0.4515890613451589
  ],
  "braycurtis": [
    0.30978421519361515
  ],
  "dice": [
    0.2916467780429594
  ],
  "cosinus": [
    0.15488389665493962
  ]
}