{
  "voc_eval_res": {
    "precision": 70.5882,
    "recall": 72.7273,
    "f-score": 71.6418
  },
  "KL_res": {
    "KL divergence": 0.9708769462266146,
    "Euclidean Dist.": 0.08839720618147538,
    "WER": 0.3374233128834356,
    "CER": 0.11352657004830918,
    "Cosine Dist.": 0.12612726259385976
  },
  "occ_eval_res": {
    "precision": 72.7848,
    "recall": 70.5521,
    "f-score": 71.6511
  },
  "clean_eval": {
    "f-score": 68.62745098039215,
    "precision": 67.74193548387096,
    "recall": 69.5364238410596,
    "tp": 105,
    "fp": 50,
    "fn": 46
  },
  "jaccard": [
    0.3834254143646409
  ],
  "braycurtis": [
    0.22729868646487722
  ],
  "dice": [
    0.23718386876281614
  ],
  "cosinus": [
    0.1031004616207426
  ]
}