{
  "voc_eval_res": {
    "precision": 69.9115,
    "recall": 70.5357,
    "f-score": 70.2222
  },
  "KL_res": {
    "KL divergence": 1.029779500866072,
    "Euclidean Dist.": 0.08442709137434663,
    "WER": 0.4090909090909091,
    "CER": 0.1521486643437863,
    "Cosine Dist.": 0.13048525834093627
  },
  "occ_eval_res": {
    "precision": 70.9677,
    "recall": 71.4286,
    "f-score": 71.1974
  },
  "clean_eval": {
    "f-score": 67.35395189003435,
    "precision": 65.77181208053692,
    "recall": 69.01408450704226,
    "tp": 98,
    "fp": 51,
    "fn": 44
  },
  "jaccard": [
    0.38037383177570094
  ],
  "braycurtis": [
    0.22112753147235906
  ],
  "dice": [
    0.2348528563185228
  ],
  "cosinus": [
    0.0950474076387231
  ]
}