{
  "voc_eval_res": {
    "precision": 75.2577,
    "recall": 79.3478,
    "f-score": 77.2487
  },
  "KL_res": {
    "KL divergence": 0.7480111322926565,
    "Euclidean Dist.": 0.08731686167445203,
    "WER": 0.3057324840764331,
    "CER": 0.08706166868198308,
    "Cosine Dist.": 0.1010989010989024
  },
  "occ_eval_res": {
    "precision": 76.6234,
    "recall": 75.1592,
    "f-score": 75.8842
  },
  "clean_eval": {
    "f-score": 70.12987012987011,
    "precision": 68.78980891719745,
    "recall": 71.52317880794702,
    "tp": 108,
    "fp": 49,
    "fn": 43
  },
  "jaccard": [
    0.3473557692307692
  ],
  "braycurtis": [
    0.1604869950193691
  ],
  "dice": [
    0.2101818181818182
  ],
  "cosinus": [
    0.052699745875845916
  ]
}