{
  "voc_eval_res": {
    "precision": 60.8333,
    "recall": 65.7658,
    "f-score": 63.2035
  },
  "KL_res": {
    "KL divergence": 1.097849783699409,
    "Euclidean Dist.": 0.08261833356824848,
    "WER": 0.3854748603351955,
    "CER": 0.11495422177009156,
    "Cosine Dist.": 0.10746996554224564
  },
  "occ_eval_res": {
    "precision": 67.9558,
    "recall": 68.7151,
    "f-score": 68.3333
  },
  "clean_eval": {
    "f-score": 65.28189910979228,
    "precision": 65.08875739644971,
    "recall": 65.47619047619048,
    "tp": 110,
    "fp": 59,
    "fn": 58
  },
  "jaccard": [
    0.39655172413793105
  ],
  "braycurtis": [
    0.2134349690328728
  ],
  "dice": [
    0.24731182795698925
  ],
  "cosinus": [
    0.08010078005429344
  ]
}