{
  "voc_eval_res": {
    "precision": 61.2022,
    "recall": 68.7117,
    "f-score": 64.7399
  },
  "KL_res": {
    "KL divergence": 1.1921356298467773,
    "Euclidean Dist.": 0.10597391012254315,
    "WER": 0.5528169014084507,
    "CER": 0.2574123989218329,
    "Cosine Dist.": 0.2363326952012923
  },
  "occ_eval_res": {
    "precision": 62.3824,
    "recall": 70.0704,
    "f-score": 66.0033
  },
  "clean_eval": {
    "f-score": 54.014598540145975,
    "precision": 57.14285714285714,
    "recall": 51.21107266435986,
    "tp": 148,
    "fp": 111,
    "fn": 141
  },
  "jaccard": [
    0.4018232819074334
  ],
  "braycurtis": [
    0.2531534174244647
  ],
  "dice": [
    0.25142606406318563
  ],
  "cosinus": [
    0.13831035322634866
  ]
}