{
  "voc_eval_res": {
    "precision": 73.0159,
    "recall": 76.6667,
    "f-score": 74.7967
  },
  "KL_res": {
    "KL divergence": 0.8792016275130662,
    "Euclidean Dist.": 0.08686604182413582,
    "WER": 0.3488372093023256,
    "CER": 0.13751169317118803,
    "Cosine Dist.": 0.12214713134987454
  },
  "occ_eval_res": {
    "precision": 76.7773,
    "recall": 75.3488,
    "f-score": 76.0563
  },
  "clean_eval": {
    "f-score": 68.39378238341969,
    "precision": 68.39378238341969,
    "recall": 68.39378238341969,
    "tp": 132,
    "fp": 61,
    "fn": 61
  },
  "jaccard": [
    0.3582995951417004
  ],
  "braycurtis": [
    0.19554779572239198
  ],
  "dice": [
    0.218249075215783
  ],
  "cosinus": [
    0.10448637327083621
  ]
}