{
  "voc_eval_res": {
    "precision": 60.0,
    "recall": 59.0909,
    "f-score": 59.542
  },
  "KL_res": {
    "KL divergence": 1.7194303405214006,
    "Euclidean Dist.": 0.1253379249778351,
    "WER": 0.4835164835164835,
    "CER": 0.2300469483568075,
    "Cosine Dist.": 0.21569089677851572
  },
  "occ_eval_res": {
    "precision": 61.4458,
    "recall": 56.044,
    "f-score": 58.6207
  },
  "clean_eval": {
    "f-score": 38.75,
    "precision": 36.904761904761905,
    "recall": 40.78947368421053,
    "tp": 31,
    "fp": 53,
    "fn": 45
  },
  "jaccard": [
    0.45161290322580644
  ],
  "braycurtis": [
    0.2946808510638298
  ],
  "dice": [
    0.2916666666666667
  ],
  "cosinus": [
    0.16688862744273603
  ]
}