{
  "voc_eval_res": {
    "precision": 61.1465,
    "recall": 59.6273,
    "f-score": 60.3774
  },
  "KL_res": {
    "KL divergence": 1.2743637094230496,
    "Euclidean Dist.": 0.10700974770573443,
    "WER": 0.4161490683229814,
    "CER": 0.12151270923744575,
    "Cosine Dist.": 0.16829500344656256
  },
  "occ_eval_res": {
    "precision": 69.3811,
    "recall": 66.1491,
    "f-score": 67.7266
  },
  "clean_eval": {
    "f-score": 52.930056710775055,
    "precision": 52.83018867924528,
    "recall": 53.03030303030303,
    "tp": 140,
    "fp": 125,
    "fn": 124
  },
  "jaccard": [
    0.34893617021276596
  ],
  "braycurtis": [
    0.21395213076474023
  ],
  "dice": [
    0.211340206185567
  ],
  "cosinus": [
    0.18390198869207208
  ]
}