{
  "voc_eval_res": {
    "precision": 71.4286,
    "recall": 68.9655,
    "f-score": 70.1754
  },
  "KL_res": {
    "KL divergence": 0.9503392682496741,
    "Euclidean Dist.": 0.0893597675603507,
    "WER": 0.35135135135135137,
    "CER": 0.12962962962962962,
    "Cosine Dist.": 0.10053941421957813
  },
  "occ_eval_res": {
    "precision": 72.4138,
    "recall": 75.6757,
    "f-score": 74.0088
  },
  "clean_eval": {
    "f-score": 69.36936936936937,
    "precision": 68.75,
    "recall": 70.0,
    "tp": 77,
    "fp": 35,
    "fn": 33
  },
  "jaccard": [
    0.34782608695652173
  ],
  "braycurtis": [
    0.1674679487179487
  ],
  "dice": [
    0.21052631578947367
  ],
  "cosinus": [
    0.049550250250097405
  ]
}