{
  "voc_eval_res": {
    "precision": 76.6355,
    "recall": 76.6355,
    "f-score": 76.6355
  },
  "KL_res": {
    "KL divergence": 0.7065450011282408,
    "Euclidean Dist.": 0.07132752867131739,
    "WER": 0.32323232323232326,
    "CER": 0.13915547024952016,
    "Cosine Dist.": 0.07107049726626113
  },
  "occ_eval_res": {
    "precision": 79.4872,
    "recall": 78.2828,
    "f-score": 78.8804
  },
  "clean_eval": {
    "f-score": 69.07216494845362,
    "precision": 68.36734693877551,
    "recall": 69.79166666666666,
    "tp": 134,
    "fp": 62,
    "fn": 58
  },
  "jaccard": [
    0.3373860182370821
  ],
  "braycurtis": [
    0.15681121331581252
  ],
  "dice": [
    0.20292504570383912
  ],
  "cosinus": [
    0.04917849313100031
  ]
}