{
  "voc_eval_res": {
    "precision": 69.2913,
    "recall": 70.9677,
    "f-score": 70.1195
  },
  "KL_res": {
    "KL divergence": 1.324628433589193,
    "Euclidean Dist.": 0.14358007432149256,
    "WER": 0.3811659192825112,
    "CER": 0.10795454545454546,
    "Cosine Dist.": 0.2981662421636816
  },
  "occ_eval_res": {
    "precision": 68.6636,
    "recall": 66.8161,
    "f-score": 67.7273
  },
  "clean_eval": {
    "f-score": 62.79683377308706,
    "precision": 62.63157894736842,
    "recall": 62.96296296296296,
    "tp": 119,
    "fp": 71,
    "fn": 70
  },
  "jaccard": [
    0.3458498023715415
  ],
  "braycurtis": [
    0.22733245729303547
  ],
  "dice": [
    0.20908004778972522
  ],
  "cosinus": [
    0.19126031061695659
  ]
}