{
  "voc_eval_res": {
    "precision": 74.5283,
    "recall": 75.2381,
    "f-score": 74.8815
  },
  "KL_res": {
    "KL divergence": 0.7724964418536778,
    "Euclidean Dist.": 0.08273261405270602,
    "WER": 0.2972972972972973,
    "CER": 0.09182643794147326,
    "Cosine Dist.": 0.08721879160016976
  },
  "occ_eval_res": {
    "precision": 74.7253,
    "recall": 73.5135,
    "f-score": 74.1144
  },
  "clean_eval": {
    "f-score": 65.56473829201101,
    "precision": 65.38461538461539,
    "recall": 65.74585635359117,
    "tp": 119,
    "fp": 63,
    "fn": 62
  },
  "jaccard": [
    0.3618421052631579
  ],
  "braycurtis": [
    0.17284522706209454
  ],
  "dice": [
    0.22088353413654618
  ],
  "cosinus": [
    0.05004516518366764
  ]
}