{
  "voc_eval_res": {
    "precision": 54.5455,
    "recall": 35.2941,
    "f-score": 42.8571
  },
  "KL_res": {
    "KL divergence": 4.056633751019066,
    "Euclidean Dist.": 0.3028834707701882,
    "WER": 0.7058823529411765,
    "CER": 0.38666666666666666,
    "Cosine Dist.": 0.3931339150909916
  },
  "occ_eval_res": {
    "precision": 54.5455,
    "recall": 35.2941,
    "f-score": 42.8571
  },
  "clean_eval": {
    "f-score": 35.71428571428571,
    "precision": 33.33333333333333,
    "recall": 38.46153846153847,
    "tp": 5,
    "fp": 10,
    "fn": 8
  },
  "jaccard": [
    0.5741935483870968
  ],
  "braycurtis": [
    0.4090909090909091
  ],
  "dice": [
    0.40271493212669685
  ],
  "cosinus": [
    0.28033926474727444
  ]
}