{
  "voc_eval_res": {
    "precision": 55.7377,
    "recall": 62.963,
    "f-score": 59.1304
  },
  "KL_res": {
    "KL divergence": 1.0628942836807265,
    "Euclidean Dist.": 0.09255043195179882,
    "WER": 0.4369369369369369,
    "CER": 0.1480804387568556,
    "Cosine Dist.": 0.12112861988446633
  },
  "occ_eval_res": {
    "precision": 67.6596,
    "recall": 71.6216,
    "f-score": 69.5842
  },
  "clean_eval": {
    "f-score": 61.27450980392156,
    "precision": 61.88118811881188,
    "recall": 60.679611650485434,
    "tp": 125,
    "fp": 77,
    "fn": 81
  },
  "jaccard": [
    0.4091332712022367
  ],
  "braycurtis": [
    0.22097844112769485
  ],
  "dice": [
    0.25717633274751023
  ],
  "cosinus": [
    0.11500134307005294
  ]
}