{
  "voc_eval_res": {
    "precision": 31.4815,
    "recall": 51.5152,
    "f-score": 39.0805
  },
  "KL_res": {
    "KL divergence": 2.637355722509852,
    "Euclidean Dist.": 0.19894135115476327,
    "WER": 1.3783783783783783,
    "CER": 0.910377358490566,
    "Cosine Dist.": 0.46286036010703435
  },
  "occ_eval_res": {
    "precision": 28.7879,
    "recall": 51.3514,
    "f-score": 36.8932
  },
  "clean_eval": {
    "f-score": 18.120805369127517,
    "precision": 19.494584837545126,
    "recall": 16.927899686520377,
    "tp": 54,
    "fp": 223,
    "fn": 265
  },
  "jaccard": [
    0.6410256410256411
  ],
  "braycurtis": [
    0.4673202614379085
  ],
  "dice": [
    0.4716981132075472
  ],
  "cosinus": [
    0.2161213367245508
  ]
}