{
  "voc_eval_res": {
    "precision": 42.1053,
    "recall": 40.0,
    "f-score": 41.0256
  },
  "KL_res": {
    "KL divergence": 3.2588378927901,
    "Euclidean Dist.": 0.24326490102628984,
    "WER": 0.6666666666666666,
    "CER": 0.36666666666666664,
    "Cosine Dist.": 0.3216440385249091
  },
  "occ_eval_res": {
    "precision": 45.8333,
    "recall": 40.7407,
    "f-score": 43.1373
  },
  "clean_eval": {
    "f-score": 68.75,
    "precision": 64.70588235294117,
    "recall": 73.33333333333333,
    "tp": 121,
    "fp": 66,
    "fn": 44
  },
  "jaccard": [
    0.4901185770750988
  ],
  "braycurtis": [
    0.3691275167785235
  ],
  "dice": [
    0.32460732984293195
  ],
  "cosinus": [
    0.24991213054117
  ]
}