{
  "voc_eval_res": {
    "precision": 48.1481,
    "recall": 37.1429,
    "f-score": 41.9355
  },
  "KL_res": {
    "KL divergence": 3.4805161597483245,
    "Euclidean Dist.": 0.20219899540906563,
    "WER": 0.8205128205128205,
    "CER": 0.5555555555555556,
    "Cosine Dist.": 0.3858172253565255
  },
  "occ_eval_res": {
    "precision": 48.3871,
    "recall": 38.4615,
    "f-score": 42.8571
  },
  "clean_eval": {
    "f-score": 35.15151515151515,
    "precision": 35.65573770491803,
    "recall": 34.66135458167331,
    "tp": 87,
    "fp": 157,
    "fn": 164
  },
  "jaccard": [
    0.5877862595419847
  ],
  "braycurtis": [
    0.41148325358851673
  ],
  "dice": [
    0.41621621621621624
  ],
  "cosinus": [
    0.27920262314519484
  ]
}