{
  "voc_eval_res": {
    "precision": 40.0,
    "recall": 40.0,
    "f-score": 40.0
  },
  "KL_res": {
    "KL divergence": 4.244048646739784,
    "Euclidean Dist.": 0.48989794855663565,
    "WER": 1.0,
    "CER": 0.7708333333333334,
    "Cosine Dist.": 0.4285714285714285
  },
  "occ_eval_res": {
    "precision": 40.0,
    "recall": 40.0,
    "f-score": 40.0
  },
  "clean_eval": {
    "f-score": 41.758241758241766,
    "precision": 30.64516129032258,
    "recall": 65.51724137931035,
    "tp": 19,
    "fp": 43,
    "fn": 10
  },
  "jaccard": [
    0.6153846153846154
  ],
  "braycurtis": [
    0.4523809523809524
  ],
  "dice": [
    0.4444444444444444
  ],
  "cosinus": [
    0.4204666536638396
  ]
}