{
  "voc_eval_res": {
    "precision": 35.8491,
    "recall": 44.186,
    "f-score": 39.5833
  },
  "KL_res": {
    "KL divergence": 3.424407469462725,
    "Euclidean Dist.": 0.19660964530870959,
    "WER": 0.9629629629629629,
    "CER": 0.7264437689969605,
    "Cosine Dist.": 0.5461083762653915
  },
  "occ_eval_res": {
    "precision": 31.8182,
    "recall": 38.8889,
    "f-score": 35.0
  },
  "clean_eval": {
    "f-score": 32.65765765765765,
    "precision": 41.31054131054131,
    "recall": 27.001862197392924,
    "tp": 145,
    "fp": 206,
    "fn": 392
  },
  "jaccard": [
    0.5134168157423972
  ],
  "braycurtis": [
    0.3977832512315271
  ],
  "dice": [
    0.345367027677497
  ],
  "cosinus": [
    0.23786924384505104
  ]
}