{
  "voc_eval_res": {
    "precision": 33.3333,
    "recall": 50.0,
    "f-score": 40.0
  },
  "KL_res": {
    "KL divergence": 3.301540137780447,
    "Euclidean Dist.": 0.2656121016498837,
    "WER": 1.1176470588235294,
    "CER": 0.8247422680412371,
    "Cosine Dist.": 0.45566894604818275
  },
  "occ_eval_res": {
    "precision": 33.3333,
    "recall": 47.0588,
    "f-score": 39.0244
  },
  "clean_eval": {
    "f-score": 58.2089552238806,
    "precision": 69.02654867256636,
    "recall": 50.32258064516129,
    "tp": 78,
    "fp": 35,
    "fn": 77
  },
  "jaccard": [
    0.6188925081433225
  ],
  "braycurtis": [
    0.4774436090225564
  ],
  "dice": [
    0.4481132075471698
  ],
  "cosinus": [
    0.3309938630291558
  ]
}