{
  "voc_eval_res": {
    "precision": 28.5714,
    "recall": 40.0,
    "f-score": 33.3333
  },
  "KL_res": {
    "KL divergence": 3.745095856794342,
    "Euclidean Dist.": 0.24056512933227453,
    "WER": 1.15,
    "CER": 0.6521739130434783,
    "Cosine Dist.": 0.47510934083217615
  },
  "occ_eval_res": {
    "precision": 27.5862,
    "recall": 40.0,
    "f-score": 32.6531
  },
  "clean_eval": {
    "f-score": 65.06849315068493,
    "precision": 61.68831168831169,
    "recall": 68.84057971014492,
    "tp": 95,
    "fp": 59,
    "fn": 43
  },
  "jaccard": [
    0.5028735632183908
  ],
  "braycurtis": [
    0.3522388059701492
  ],
  "dice": [
    0.33589251439539347
  ],
  "cosinus": [
    0.21170091159036064
  ]
}