{
  "voc_eval_res": {
    "precision": 43.4783,
    "recall": 54.7945,
    "f-score": 48.4848
  },
  "KL_res": {
    "KL divergence": 1.649372717753852,
    "Euclidean Dist.": 0.11950282067160024,
    "WER": 0.8256880733944955,
    "CER": 0.48861911987860396,
    "Cosine Dist.": 0.1980462660018124
  },
  "occ_eval_res": {
    "precision": 48.8889,
    "recall": 60.5505,
    "f-score": 54.0984
  },
  "clean_eval": {
    "f-score": 25.385179750550257,
    "precision": 27.858293075684383,
    "recall": 23.31536388140162,
    "tp": 173,
    "fp": 448,
    "fn": 569
  },
  "jaccard": [
    0.49463806970509383
  ],
  "braycurtis": [
    0.29119788219722037
  ],
  "dice": [
    0.3285841495992876
  ],
  "cosinus": [
    0.12620939061253011
  ]
}