{
  "voc_eval_res": {
    "precision": 30.7692,
    "recall": 44.4444,
    "f-score": 36.3636
  },
  "KL_res": {
    "KL divergence": 3.1761115135489084,
    "Euclidean Dist.": 0.2389363194613976,
    "WER": 1.105263157894737,
    "CER": 0.6896551724137931,
    "Cosine Dist.": 0.37445675782877585
  },
  "occ_eval_res": {
    "precision": 32.1429,
    "recall": 47.3684,
    "f-score": 38.2979
  },
  "clean_eval": {
    "f-score": 63.1578947368421,
    "precision": 62.19512195121951,
    "recall": 64.15094339622641,
    "tp": 102,
    "fp": 62,
    "fn": 57
  },
  "jaccard": [
    0.5363636363636364
  ],
  "braycurtis": [
    0.3622291021671827
  ],
  "dice": [
    0.36645962732919257
  ],
  "cosinus": [
    0.2221512036276272
  ]
}