{
  "voc_eval_res": {
    "precision": 44.4444,
    "recall": 80.0,
    "f-score": 57.1429
  },
  "KL_res": {
    "KL divergence": 1.4024779615903966,
    "Euclidean Dist.": 0.406125930722157,
    "WER": 1.0,
    "CER": 0.5151515151515151,
    "Cosine Dist.": 0.2603997383663612
  },
  "occ_eval_res": {
    "precision": 44.4444,
    "recall": 80.0,
    "f-score": 57.1429
  },
  "clean_eval": {
    "f-score": 23.52941176470588,
    "precision": 16.129032258064516,
    "recall": 43.47826086956522,
    "tp": 10,
    "fp": 52,
    "fn": 13
  },
  "jaccard": [
    0.5
  ],
  "braycurtis": [
    0.33707865168539325
  ],
  "dice": [
    0.3333333333333333
  ],
  "cosinus": [
    0.3026056157865219
  ]
}