{
  "voc_eval_res": {
    "precision": 50.0,
    "recall": 40.0,
    "f-score": 44.4444
  },
  "KL_res": {
    "KL divergence": 4.185636317884414,
    "Euclidean Dist.": 0.5049752469181039,
    "WER": 0.6,
    "CER": 0.125,
    "Cosine Dist.": 0.38278660015163235
  },
  "occ_eval_res": {
    "precision": 50.0,
    "recall": 40.0,
    "f-score": 44.4444
  },
  "clean_eval": {
    "f-score": 43.95604395604396,
    "precision": 32.25806451612903,
    "recall": 68.96551724137932,
    "tp": 20,
    "fp": 42,
    "fn": 9
  },
  "jaccard": [
    0.37209302325581395
  ],
  "braycurtis": [
    0.22077922077922077
  ],
  "dice": [
    0.22857142857142856
  ],
  "cosinus": [
    0.18661671741839247
  ]
}