{
  "voc_eval_res": {
    "precision": 45.4545,
    "recall": 83.3333,
    "f-score": 58.8235
  },
  "KL_res": {
    "KL divergence": 1.2029614510102298,
    "Euclidean Dist.": 0.36709216483593077,
    "WER": 1.1666666666666667,
    "CER": 1.0,
    "Cosine Dist.": 0.2462216385555911
  },
  "occ_eval_res": {
    "precision": 45.4545,
    "recall": 83.3333,
    "f-score": 58.8235
  },
  "clean_eval": {
    "f-score": 55.94405594405595,
    "precision": 54.054054054054056,
    "recall": 57.971014492753625,
    "tp": 40,
    "fp": 34,
    "fn": 29
  },
  "jaccard": [
    0.591715976331361
  ],
  "braycurtis": [
    0.46616541353383456
  ],
  "dice": [
    0.42016806722689076
  ],
  "cosinus": [
    0.4525179678918618
  ]
}