{
  "voc_eval_res": {
    "precision": 42.8571,
    "recall": 66.6667,
    "f-score": 52.1739
  },
  "KL_res": {
    "KL divergence": 1.1513203660959632,
    "Euclidean Dist.": 0.12272491213059945,
    "WER": 0.863013698630137,
    "CER": 0.6493827160493827,
    "Cosine Dist.": 0.13194422790724858
  },
  "occ_eval_res": {
    "precision": 50.4762,
    "recall": 72.6027,
    "f-score": 59.5506
  },
  "clean_eval": {
    "f-score": 25.583756345177665,
    "precision": 26.6384778012685,
    "recall": 24.609375,
    "tp": 126,
    "fp": 347,
    "fn": 386
  },
  "jaccard": [
    0.49
  ],
  "braycurtis": [
    0.3013013013013013
  ],
  "dice": [
    0.32450331125827814
  ],
  "cosinus": [
    0.09941859184136947
  ]
}