{
  "voc_eval_res": {
    "precision": 32.0755,
    "recall": 37.7778,
    "f-score": 34.6939
  },
  "KL_res": {
    "KL divergence": 2.424614183089636,
    "Euclidean Dist.": 0.15492146400412932,
    "WER": 0.8181818181818182,
    "CER": 0.6350974930362117,
    "Cosine Dist.": 0.24276538951316495
  },
  "occ_eval_res": {
    "precision": 42.1875,
    "recall": 40.9091,
    "f-score": 41.5385
  },
  "clean_eval": {
    "f-score": 11.385606874328678,
    "precision": 11.990950226244344,
    "recall": 10.838445807770961,
    "tp": 53,
    "fp": 389,
    "fn": 436
  },
  "jaccard": [
    0.6070763500931099
  ],
  "braycurtis": [
    0.3920529801324503
  ],
  "dice": [
    0.4358288770053476
  ],
  "cosinus": [
    0.1868220806413713
  ]
}