{
  "voc_eval_res": {
    "precision": 37.8378,
    "recall": 51.8519,
    "f-score": 43.75
  },
  "KL_res": {
    "KL divergence": 2.384928862961279,
    "Euclidean Dist.": 0.18800856954464132,
    "WER": 0.8666666666666667,
    "CER": 0.6578947368421053,
    "Cosine Dist.": 0.3103922631277152
  },
  "occ_eval_res": {
    "precision": 40.0,
    "recall": 53.3333,
    "f-score": 45.7143
  },
  "clean_eval": {
    "f-score": 41.81818181818181,
    "precision": 47.66839378238342,
    "recall": 37.24696356275304,
    "tp": 92,
    "fp": 101,
    "fn": 155
  },
  "jaccard": [
    0.550351288056206
  ],
  "braycurtis": [
    0.3967889908256881
  ],
  "dice": [
    0.37964458804523427
  ],
  "cosinus": [
    0.24952664779497102
  ]
}