{
  "voc_eval_res": {
    "precision": 55.3571,
    "recall": 62.0,
    "f-score": 58.4906
  },
  "KL_res": {
    "KL divergence": 1.340275846768097,
    "Euclidean Dist.": 0.1398360267281741,
    "WER": 0.6323529411764706,
    "CER": 0.3466666666666667,
    "Cosine Dist.": 0.20842995463919956
  },
  "occ_eval_res": {
    "precision": 61.5385,
    "recall": 58.8235,
    "f-score": 60.1504
  },
  "clean_eval": {
    "f-score": 34.79415670650731,
    "precision": 33.76288659793815,
    "recall": 35.89041095890411,
    "tp": 131,
    "fp": 257,
    "fn": 234
  },
  "jaccard": [
    0.39928698752228164
  ],
  "braycurtis": [
    0.26436781609195403
  ],
  "dice": [
    0.24944320712694878
  ],
  "cosinus": [
    0.13110282057831157
  ]
}