{
  "voc_eval_res": {
    "precision": 60.8696,
    "recall": 50.0,
    "f-score": 54.902
  },
  "KL_res": {
    "KL divergence": 2.4387441305041313,
    "Euclidean Dist.": 0.19252705437591536,
    "WER": 0.6333333333333333,
    "CER": 0.49056603773584906,
    "Cosine Dist.": 0.2612649982082478
  },
  "occ_eval_res": {
    "precision": 60.0,
    "recall": 50.0,
    "f-score": 54.5455
  },
  "clean_eval": {
    "f-score": 36.768802228412255,
    "precision": 29.333333333333332,
    "recall": 49.25373134328358,
    "tp": 66,
    "fp": 159,
    "fn": 68
  },
  "jaccard": [
    0.5166666666666667
  ],
  "braycurtis": [
    0.3617021276595745
  ],
  "dice": [
    0.34831460674157305
  ],
  "cosinus": [
    0.23835735714542872
  ]
}