{
  "voc_eval_res": {
    "precision": 25.0,
    "recall": 25.0,
    "f-score": 25.0
  },
  "KL_res": {
    "KL divergence": 6.075589809008294,
    "Euclidean Dist.": 0.6123724356957945,
    "WER": 0.75,
    "CER": 0.32,
    "Cosine Dist.": 0.6
  },
  "occ_eval_res": {
    "precision": 25.0,
    "recall": 25.0,
    "f-score": 25.0
  },
  "clean_eval": {
    "f-score": 35.82089552238806,
    "precision": 24.0,
    "recall": 70.58823529411765,
    "tp": 12,
    "fp": 38,
    "fn": 5
  },
  "jaccard": [
    0.7419354838709677
  ],
  "braycurtis": [
    0.5909090909090909
  ],
  "dice": [
    0.5897435897435898
  ],
  "cosinus": [
    0.5919624183452513
  ]
}