{
  "voc_eval_res": {
    "precision": 36.0,
    "recall": 52.9412,
    "f-score": 42.8571
  },
  "KL_res": {
    "KL divergence": 2.2185414049517145,
    "Euclidean Dist.": 0.28891557253172184,
    "WER": 0.8181818181818182,
    "CER": 0.6454545454545455,
    "Cosine Dist.": 0.39000571866958134
  },
  "occ_eval_res": {
    "precision": 37.037,
    "recall": 45.4545,
    "f-score": 40.8163
  },
  "clean_eval": {
    "f-score": 69.23076923076923,
    "precision": 70.58823529411765,
    "recall": 67.9245283018868,
    "tp": 108,
    "fp": 45,
    "fn": 51
  },
  "jaccard": [
    0.5318352059925093
  ],
  "braycurtis": [
    0.42857142857142855
  ],
  "dice": [
    0.3622448979591837
  ],
  "cosinus": [
    0.32088699297259304
  ]
}