{
  "voc_eval_res": {
    "precision": 33.3333,
    "recall": 38.2979,
    "f-score": 35.6436
  },
  "KL_res": {
    "KL divergence": 3.2648478966956405,
    "Euclidean Dist.": 0.20990171398714452,
    "WER": 1.0377358490566038,
    "CER": 0.696875,
    "Cosine Dist.": 0.510781051005379
  },
  "occ_eval_res": {
    "precision": 31.3433,
    "recall": 39.6226,
    "f-score": 35.0
  },
  "clean_eval": {
    "f-score": 26.275115919629055,
    "precision": 24.495677233429394,
    "recall": 28.333333333333332,
    "tp": 85,
    "fp": 262,
    "fn": 215
  },
  "jaccard": [
    0.5831873905429071
  ],
  "braycurtis": [
    0.4173669467787115
  ],
  "dice": [
    0.411619283065513
  ],
  "cosinus": [
    0.23594557102451397
  ]
}