{
  "voc_eval_res": {
    "precision": 26.087,
    "recall": 25.0,
    "f-score": 25.5319
  },
  "KL_res": {
    "KL divergence": 5.099422599821172,
    "Euclidean Dist.": 0.25922962793631443,
    "WER": 0.96,
    "CER": 0.7758620689655172,
    "Cosine Dist.": 0.5650182017383705
  },
  "occ_eval_res": {
    "precision": 24.0,
    "recall": 24.0,
    "f-score": 24.0
  },
  "clean_eval": {
    "f-score": 58.778625954198475,
    "precision": 57.46268656716418,
    "recall": 60.15625,
    "tp": 77,
    "fp": 57,
    "fn": 51
  },
  "jaccard": [
    0.6506410256410257
  ],
  "braycurtis": [
    0.48398576512455516
  ],
  "dice": [
    0.4821852731591449
  ],
  "cosinus": [
    0.33806901169790793
  ]
}