{
  "voc_eval_res": {
    "precision": 45.4545,
    "recall": 83.3333,
    "f-score": 58.8235
  },
  "KL_res": {
    "KL divergence": 1.2029614510102298,
    "Euclidean Dist.": 0.36709216483593077,
    "WER": 1.1666666666666667,
    "CER": 1.0,
    "Cosine Dist.": 0.2462216385555911
  },
  "occ_eval_res": {
    "precision": 45.4545,
    "recall": 83.3333,
    "f-score": 58.8235
  },
  "clean_eval": {
    "f-score": 57.74647887323944,
    "precision": 55.4054054054054,
    "recall": 60.29411764705882,
    "tp": 41,
    "fp": 33,
    "fn": 27
  },
  "jaccard": [
    0.5853658536585366
  ],
  "braycurtis": [
    0.4573643410852713
  ],
  "dice": [
    0.41379310344827586
  ],
  "cosinus": [
    0.4435133250877983
  ]
}