{
  "voc_eval_res": {
    "precision": 62.963,
    "recall": 56.6667,
    "f-score": 59.6491
  },
  "KL_res": {
    "KL divergence": 2.284094628664413,
    "Euclidean Dist.": 0.1832110170241065,
    "WER": 0.7058823529411765,
    "CER": 0.47126436781609193,
    "Cosine Dist.": 0.2707071014550245
  },
  "occ_eval_res": {
    "precision": 62.069,
    "recall": 52.9412,
    "f-score": 57.1429
  },
  "clean_eval": {
    "f-score": 55.276381909547744,
    "precision": 48.458149779735685,
    "recall": 64.32748538011695,
    "tp": 110,
    "fp": 117,
    "fn": 61
  },
  "jaccard": [
    0.4658385093167702
  ],
  "braycurtis": [
    0.344311377245509
  ],
  "dice": [
    0.30364372469635625
  ],
  "cosinus": [
    0.22856792827841577
  ]
}