{
  "voc_eval_res": {
    "precision": 19.4444,
    "recall": 63.6364,
    "f-score": 29.7872
  },
  "KL_res": {
    "KL divergence": 2.670401369533919,
    "Euclidean Dist.": 0.3452228280357237,
    "WER": 3.272727272727273,
    "CER": 2.311688311688312,
    "Cosine Dist.": 0.5492510641447913
  },
  "occ_eval_res": {
    "precision": 16.6667,
    "recall": 63.6364,
    "f-score": 26.4151
  },
  "clean_eval": {
    "f-score": 22.933333333333334,
    "precision": 47.25274725274725,
    "recall": 15.140845070422534,
    "tp": 43,
    "fp": 48,
    "fn": 241
  },
  "jaccard": [
    0.692090395480226
  ],
  "braycurtis": [
    0.6088328075709779
  ],
  "dice": [
    0.5291576673866091
  ],
  "cosinus": [
    0.41720621569604066
  ]
}