{
  "voc_eval_res": {
    "precision": 36.6667,
    "recall": 47.8261,
    "f-score": 41.5094
  },
  "KL_res": {
    "KL divergence": 3.4186354866848045,
    "Euclidean Dist.": 0.2784128689133238,
    "WER": 0.9655172413793104,
    "CER": 0.7394957983193278,
    "Cosine Dist.": 0.5368895995092837
  },
  "occ_eval_res": {
    "precision": 30.5556,
    "recall": 37.931,
    "f-score": 33.8462
  },
  "clean_eval": {
    "f-score": 48.630136986301366,
    "precision": 54.61538461538461,
    "recall": 43.82716049382716,
    "tp": 71,
    "fp": 59,
    "fn": 91
  },
  "jaccard": [
    0.6300940438871473
  ],
  "braycurtis": [
    0.5210355987055016
  ],
  "dice": [
    0.459954233409611
  ],
  "cosinus": [
    0.4904864319288954
  ]
}