{
  "voc_eval_res": {
    "precision": 55.6818,
    "recall": 62.0253,
    "f-score": 58.6826
  },
  "KL_res": {
    "KL divergence": 1.7382521373362494,
    "Euclidean Dist.": 0.18938788110884017,
    "WER": 0.9292035398230089,
    "CER": 0.6217054263565891,
    "Cosine Dist.": 0.5019334235615084
  },
  "occ_eval_res": {
    "precision": 44.6043,
    "recall": 54.8673,
    "f-score": 49.2063
  },
  "clean_eval": {
    "f-score": 16.87094448449892,
    "precision": 16.25,
    "recall": 17.541229385307346,
    "tp": 117,
    "fp": 603,
    "fn": 550
  },
  "jaccard": [
    0.4247669773635153
  ],
  "braycurtis": [
    0.3297076818490823
  ],
  "dice": [
    0.2696534234995773
  ],
  "cosinus": [
    0.24711283479794077
  ]
}