{
  "voc_eval_res": {
    "precision": 40.0,
    "recall": 50.0,
    "f-score": 44.4444
  },
  "KL_res": {
    "KL divergence": 2.1082884091361738,
    "Euclidean Dist.": 0.3155769332711333,
    "WER": 0.7647058823529411,
    "CER": 0.6463414634146342,
    "Cosine Dist.": 0.29893181598402596
  },
  "occ_eval_res": {
    "precision": 42.1053,
    "recall": 47.0588,
    "f-score": 44.4444
  },
  "clean_eval": {
    "f-score": 65.56016597510373,
    "precision": 63.2,
    "recall": 68.10344827586206,
    "tp": 79,
    "fp": 46,
    "fn": 37
  },
  "jaccard": [
    0.7185929648241206
  ],
  "braycurtis": [
    0.5371428571428571
  ],
  "dice": [
    0.5607843137254902
  ],
  "cosinus": [
    0.370252130167828
  ]
}