{
  "voc_eval_res": {
    "precision": 43.3333,
    "recall": 50.0,
    "f-score": 46.4286
  },
  "KL_res": {
    "KL divergence": 2.858892117584783,
    "Euclidean Dist.": 0.22977020805281576,
    "WER": 1.0769230769230769,
    "CER": 0.7394366197183099,
    "Cosine Dist.": 0.47958350013346696
  },
  "occ_eval_res": {
    "precision": 37.1429,
    "recall": 50.0,
    "f-score": 42.623
  },
  "clean_eval": {
    "f-score": 48.970251716247134,
    "precision": 50.0,
    "recall": 47.98206278026906,
    "tp": 107,
    "fp": 107,
    "fn": 116
  },
  "jaccard": [
    0.5586592178770949
  ],
  "braycurtis": [
    0.40730337078651685
  ],
  "dice": [
    0.3875968992248062
  ],
  "cosinus": [
    0.28451777030782865
  ]
}