{
  "voc_eval_res": {
    "precision": 21.4286,
    "recall": 60.0,
    "f-score": 31.5789
  },
  "KL_res": {
    "KL divergence": 3.011260477849106,
    "Euclidean Dist.": 0.4988876515698589,
    "WER": 2.6,
    "CER": 2.6333333333333333,
    "Cosine Dist.": 0.5256583509747431
  },
  "occ_eval_res": {
    "precision": 20.0,
    "recall": 60.0,
    "f-score": 30.0
  },
  "clean_eval": {
    "f-score": 49.70414201183432,
    "precision": 66.66666666666666,
    "recall": 39.62264150943396,
    "tp": 42,
    "fp": 21,
    "fn": 64
  },
  "jaccard": [
    0.786096256684492
  ],
  "braycurtis": [
    0.6911764705882353
  ],
  "dice": [
    0.6475770925110133
  ],
  "cosinus": [
    0.6142307406975388
  ]
}