{
  "voc_eval_res": {
    "precision": 33.3333,
    "recall": 43.75,
    "f-score": 37.8378
  },
  "KL_res": {
    "KL divergence": 3.2900444090498024,
    "Euclidean Dist.": 0.280774126678193,
    "WER": 0.9411764705882353,
    "CER": 0.44554455445544555,
    "Cosine Dist.": 0.46637012322794413
  },
  "occ_eval_res": {
    "precision": 31.8182,
    "recall": 41.1765,
    "f-score": 35.8974
  },
  "clean_eval": {
    "f-score": 63.559322033898304,
    "precision": 65.21739130434783,
    "recall": 61.98347107438017,
    "tp": 75,
    "fp": 40,
    "fn": 46
  },
  "jaccard": [
    0.6099290780141844
  ],
  "braycurtis": [
    0.4476987447698745
  ],
  "dice": [
    0.4387755102040816
  ],
  "cosinus": [
    0.31695684331743834
  ]
}