{
  "voc_eval_res": {
    "precision": 52.5,
    "recall": 70.0,
    "f-score": 60.0
  },
  "KL_res": {
    "KL divergence": 1.3060637971575142,
    "Euclidean Dist.": 0.16344061742711521,
    "WER": 0.6944444444444444,
    "CER": 0.4061302681992337,
    "Cosine Dist.": 0.21280687889380512
  },
  "occ_eval_res": {
    "precision": 54.5455,
    "recall": 66.6667,
    "f-score": 60.0
  },
  "clean_eval": {
    "f-score": 41.23711340206185,
    "precision": 41.7910447761194,
    "recall": 40.69767441860465,
    "tp": 140,
    "fp": 195,
    "fn": 204
  },
  "jaccard": [
    0.4593967517401392
  ],
  "braycurtis": [
    0.296875
  ],
  "dice": [
    0.29819277108433734
  ],
  "cosinus": [
    0.1441075157518713
  ]
}