{
  "voc_eval_res": {
    "precision": 49.1525,
    "recall": 60.4167,
    "f-score": 54.2056
  },
  "KL_res": {
    "KL divergence": 1.9001898950047498,
    "Euclidean Dist.": 0.13961609438326095,
    "WER": 0.6666666666666666,
    "CER": 0.327710843373494,
    "Cosine Dist.": 0.26054931120001235
  },
  "occ_eval_res": {
    "precision": 53.0303,
    "recall": 58.3333,
    "f-score": 55.5556
  },
  "clean_eval": {
    "f-score": 29.81090100111235,
    "precision": 26.8,
    "recall": 33.583959899749374,
    "tp": 134,
    "fp": 366,
    "fn": 265
  },
  "jaccard": [
    0.4597014925373134
  ],
  "braycurtis": [
    0.2631578947368421
  ],
  "dice": [
    0.29844961240310075
  ],
  "cosinus": [
    0.12597515316585683
  ]
}