{
  "voc_eval_res": {
    "precision": 40.4762,
    "recall": 50.0,
    "f-score": 44.7368
  },
  "KL_res": {
    "KL divergence": 2.5559940486167987,
    "Euclidean Dist.": 0.1733853248468157,
    "WER": 0.8421052631578947,
    "CER": 0.5223214285714286,
    "Cosine Dist.": 0.3313521501642679
  },
  "occ_eval_res": {
    "precision": 41.3043,
    "recall": 50.0,
    "f-score": 45.2381
  },
  "clean_eval": {
    "f-score": 38.46153846153847,
    "precision": 41.015625,
    "recall": 36.206896551724135,
    "tp": 105,
    "fp": 151,
    "fn": 185
  },
  "jaccard": [
    0.54627539503386
  ],
  "braycurtis": [
    0.3509803921568627
  ],
  "dice": [
    0.37577639751552794
  ],
  "cosinus": [
    0.15334096896446092
  ]
}