{
  "voc_eval_res": {
    "precision": 37.037,
    "recall": 47.619,
    "f-score": 41.6667
  },
  "KL_res": {
    "KL divergence": 2.93651308574627,
    "Euclidean Dist.": 0.17797203510520257,
    "WER": 0.9591836734693877,
    "CER": 0.7722772277227723,
    "Cosine Dist.": 0.44204752436789774
  },
  "occ_eval_res": {
    "precision": 34.9206,
    "recall": 44.898,
    "f-score": 39.2857
  },
  "clean_eval": {
    "f-score": 34.037267080745345,
    "precision": 38.16155988857939,
    "recall": 30.717488789237667,
    "tp": 137,
    "fp": 222,
    "fn": 309
  },
  "jaccard": [
    0.4991023339317774
  ],
  "braycurtis": [
    0.3931847968545216
  ],
  "dice": [
    0.33253588516746413
  ],
  "cosinus": [
    0.2122094459129369
  ]
}