{
  "voc_eval_res": {
    "precision": 75.0,
    "recall": 75.0,
    "f-score": 75.0
  },
  "KL_res": {
    "KL divergence": 1.4465954535411487,
    "Euclidean Dist.": 0.3535533905932738,
    "WER": 0.25,
    "CER": 0.03125,
    "Cosine Dist.": 0.1428571428571429
  },
  "occ_eval_res": {
    "precision": 75.0,
    "recall": 75.0,
    "f-score": 75.0
  },
  "clean_eval": {
    "f-score": 47.50000000000001,
    "precision": 38.0,
    "recall": 63.33333333333333,
    "tp": 19,
    "fp": 31,
    "fn": 11
  },
  "jaccard": [
    0.23529411764705882
  ],
  "braycurtis": [
    0.125
  ],
  "dice": [
    0.13333333333333333
  ],
  "cosinus": [
    0.11033850002314749
  ]
}