{
  "voc_eval_res": {
    "precision": 0,
    "recall": 0,
    "f-score": 0
  },
  "KL_res": {
    "KL divergence": 10.126444709698603,
    "Euclidean Dist.": 1.118033988749895,
    "WER": 1.0,
    "CER": 0.9444444444444444,
    "Cosine Dist.": 1.0
  },
  "occ_eval_res": {
    "precision": 0,
    "recall": 0,
    "f-score": 0
  },
  "clean_eval": {
    "f-score": 46.51162790697674,
    "precision": 35.714285714285715,
    "recall": 66.66666666666666,
    "tp": 10,
    "fp": 18,
    "fn": 5
  },
  "jaccard": [
    1.0
  ],
  "braycurtis": [
    1.0
  ],
  "dice": [
    1.0
  ],
  "cosinus": [
    1.0
  ]
}