{
  "voc_eval_res": {
    "precision": 41.6667,
    "recall": 71.4286,
    "f-score": 52.6316
  },
  "KL_res": {
    "KL divergence": 1.5883368517866492,
    "Euclidean Dist.": 0.2167294364409234,
    "WER": 1.0384615384615385,
    "CER": 0.8920863309352518,
    "Cosine Dist.": 0.29570478772623643
  },
  "occ_eval_res": {
    "precision": 42.8571,
    "recall": 69.2308,
    "f-score": 52.9412
  },
  "clean_eval": {
    "f-score": 29.946524064171125,
    "precision": 42.0,
    "recall": 23.26869806094183,
    "tp": 84,
    "fp": 116,
    "fn": 277
  },
  "jaccard": [
    0.5316091954022989
  ],
  "braycurtis": [
    0.4125
  ],
  "dice": [
    0.36203522504892366
  ],
  "cosinus": [
    0.35181681313075575
  ]
}