{
  "voc_eval_res": {
    "precision": 40.5405,
    "recall": 39.4737,
    "f-score": 40.0
  },
  "KL_res": {
    "KL divergence": 2.600690885675172,
    "Euclidean Dist.": 0.19756855350316588,
    "WER": 0.7166666666666667,
    "CER": 0.5878378378378378,
    "Cosine Dist.": 0.25843532518097667
  },
  "occ_eval_res": {
    "precision": 46.0,
    "recall": 38.3333,
    "f-score": 41.8182
  },
  "clean_eval": {
    "f-score": 18.100890207715132,
    "precision": 15.721649484536082,
    "recall": 21.328671328671327,
    "tp": 61,
    "fp": 327,
    "fn": 225
  },
  "jaccard": [
    0.6090534979423868
  ],
  "braycurtis": [
    0.4484629294755877
  ],
  "dice": [
    0.4378698224852071
  ],
  "cosinus": [
    0.24899408977268433
  ]
}