{
  "voc_eval_res": {
    "precision": 34.2857,
    "recall": 75.0,
    "f-score": 47.0588
  },
  "KL_res": {
    "KL divergence": 1.3493764448657886,
    "Euclidean Dist.": 0.2333554068096014,
    "WER": 1.4210526315789473,
    "CER": 1.0769230769230769,
    "Cosine Dist.": 0.21553545944726382
  },
  "occ_eval_res": {
    "precision": 35.7143,
    "recall": 78.9474,
    "f-score": 49.1803
  },
  "clean_eval": {
    "f-score": 42.89693593314763,
    "precision": 54.22535211267606,
    "recall": 35.483870967741936,
    "tp": 77,
    "fp": 65,
    "fn": 140
  },
  "jaccard": [
    0.5264705882352941
  ],
  "braycurtis": [
    0.42120343839541546
  ],
  "dice": [
    0.35728542914171657
  ],
  "cosinus": [
    0.2579067661967105
  ]
}