{
  "voc_eval_res": {
    "precision": 30.7692,
    "recall": 51.2821,
    "f-score": 38.4615
  },
  "KL_res": {
    "KL divergence": 2.4428059002784885,
    "Euclidean Dist.": 0.16704892471457347,
    "WER": 1.1372549019607843,
    "CER": 0.7770700636942676,
    "Cosine Dist.": 0.2917857682034888
  },
  "occ_eval_res": {
    "precision": 34.1772,
    "recall": 52.9412,
    "f-score": 41.5385
  },
  "clean_eval": {
    "f-score": 34.263959390862944,
    "precision": 39.589442815249264,
    "recall": 30.201342281879196,
    "tp": 135,
    "fp": 206,
    "fn": 312
  },
  "jaccard": [
    0.5560538116591929
  ],
  "braycurtis": [
    0.43727598566308246
  ],
  "dice": [
    0.38509316770186336
  ],
  "cosinus": [
    0.26071634590121207
  ]
}