{
  "voc_eval_res": {
    "precision": 52.6316,
    "recall": 41.6667,
    "f-score": 46.5116
  },
  "KL_res": {
    "KL divergence": 3.192280247998263,
    "Euclidean Dist.": 0.22737816743243125,
    "WER": 0.72,
    "CER": 0.40625,
    "Cosine Dist.": 0.35405775853382637
  },
  "occ_eval_res": {
    "precision": 52.6316,
    "recall": 40.0,
    "f-score": 45.4545
  },
  "clean_eval": {
    "f-score": 65.42056074766356,
    "precision": 66.0377358490566,
    "recall": 64.81481481481481,
    "tp": 105,
    "fp": 54,
    "fn": 57
  },
  "jaccard": [
    0.4463667820069204
  ],
  "braycurtis": [
    0.31448763250883394
  ],
  "dice": [
    0.2873051224944321
  ],
  "cosinus": [
    0.2092843022921359
  ]
}