{
  "voc_eval_res": {
    "precision": 50.0,
    "recall": 40.0,
    "f-score": 44.4444
  },
  "KL_res": {
    "KL divergence": 4.185636317884414,
    "Euclidean Dist.": 0.5049752469181039,
    "WER": 0.8,
    "CER": 0.5454545454545454,
    "Cosine Dist.": 0.38278660015163235
  },
  "occ_eval_res": {
    "precision": 50.0,
    "recall": 40.0,
    "f-score": 44.4444
  },
  "clean_eval": {
    "f-score": 44.44444444444444,
    "precision": 32.25806451612903,
    "recall": 71.42857142857143,
    "tp": 20,
    "fp": 42,
    "fn": 8
  },
  "jaccard": [
    0.5375
  ],
  "braycurtis": [
    0.38333333333333336
  ],
  "dice": [
    0.36752136752136755
  ],
  "cosinus": [
    0.3569264806375195
  ]
}