{
  "voc_eval_res": {
    "precision": 50.0,
    "recall": 62.5,
    "f-score": 55.5556
  },
  "KL_res": {
    "KL divergence": 2.268197588479709,
    "Euclidean Dist.": 0.3211308144666283,
    "WER": 0.625,
    "CER": 0.24444444444444444,
    "Cosine Dist.": 0.28388512596056725
  },
  "occ_eval_res": {
    "precision": 50.0,
    "recall": 62.5,
    "f-score": 55.5556
  },
  "clean_eval": {
    "f-score": 61.43790849673203,
    "precision": 62.66666666666667,
    "recall": 60.256410256410255,
    "tp": 47,
    "fp": 28,
    "fn": 31
  },
  "jaccard": [
    0.43902439024390244
  ],
  "braycurtis": [
    0.2871287128712871
  ],
  "dice": [
    0.28125
  ],
  "cosinus": [
    0.2534649732209211
  ]
}