{
  "voc_eval_res": {
    "precision": 39.0244,
    "recall": 48.4848,
    "f-score": 43.2432
  },
  "KL_res": {
    "KL divergence": 2.6451146293625323,
    "Euclidean Dist.": 0.1766381950188392,
    "WER": 1.0256410256410255,
    "CER": 0.5180722891566265,
    "Cosine Dist.": 0.3315981875591878
  },
  "occ_eval_res": {
    "precision": 40.0,
    "recall": 51.2821,
    "f-score": 44.9438
  },
  "clean_eval": {
    "f-score": 33.06451612903226,
    "precision": 33.33333333333333,
    "recall": 32.800000000000004,
    "tp": 82,
    "fp": 164,
    "fn": 168
  },
  "jaccard": [
    0.47641509433962265
  ],
  "braycurtis": [
    0.3060836501901141
  ],
  "dice": [
    0.3126934984520124
  ],
  "cosinus": [
    0.17823798642119182
  ]
}