{
  "voc_eval_res": {
    "precision": 43.9024,
    "recall": 66.6667,
    "f-score": 52.9412
  },
  "KL_res": {
    "KL divergence": 1.557438641893515,
    "Euclidean Dist.": 0.17570941669441897,
    "WER": 0.9032258064516129,
    "CER": 0.6847826086956522,
    "Cosine Dist.": 0.2257785549378084
  },
  "occ_eval_res": {
    "precision": 44.898,
    "recall": 70.9677,
    "f-score": 55.0
  },
  "clean_eval": {
    "f-score": 51.385390428211586,
    "precision": 55.434782608695656,
    "recall": 47.88732394366197,
    "tp": 102,
    "fp": 82,
    "fn": 111
  },
  "jaccard": [
    0.44794188861985473
  ],
  "braycurtis": [
    0.3240343347639485
  ],
  "dice": [
    0.28861154446177845
  ],
  "cosinus": [
    0.17327788149977696
  ]
}