{
  "voc_eval_res": {
    "precision": 56.7568,
    "recall": 67.7419,
    "f-score": 61.7647
  },
  "KL_res": {
    "KL divergence": 1.3883270650735162,
    "Euclidean Dist.": 0.15588042529777327,
    "WER": 0.6388888888888888,
    "CER": 0.44505494505494503,
    "Cosine Dist.": 0.1936757909136484
  },
  "occ_eval_res": {
    "precision": 58.9744,
    "recall": 63.8889,
    "f-score": 61.3333
  },
  "clean_eval": {
    "f-score": 52.95629820051414,
    "precision": 49.282296650717704,
    "recall": 57.22222222222222,
    "tp": 103,
    "fp": 106,
    "fn": 77
  },
  "jaccard": [
    0.45595854922279794
  ],
  "braycurtis": [
    0.3284313725490196
  ],
  "dice": [
    0.2953020134228188
  ],
  "cosinus": [
    0.21492781539471395
  ]
}