{
  "voc_eval_res": {
    "precision": 55.5556,
    "recall": 54.878,
    "f-score": 55.2147
  },
  "KL_res": {
    "KL divergence": 1.8175503571189622,
    "Euclidean Dist.": 0.11961772068139122,
    "WER": 0.7899159663865546,
    "CER": 0.624048706240487,
    "Cosine Dist.": 0.22097845465585142
  },
  "occ_eval_res": {
    "precision": 60.9091,
    "recall": 56.3025,
    "f-score": 58.5153
  },
  "clean_eval": {
    "f-score": 13.606340819022458,
    "precision": 13.27319587628866,
    "recall": 13.956639566395665,
    "tp": 103,
    "fp": 673,
    "fn": 635
  },
  "jaccard": [
    0.43124165554072097
  ],
  "braycurtis": [
    0.26849894291754756
  ],
  "dice": [
    0.27489361702127657
  ],
  "cosinus": [
    0.12677259244158112
  ]
}