{
  "voc_eval_res": {
    "precision": 33.3333,
    "recall": 55.1724,
    "f-score": 41.5584
  },
  "KL_res": {
    "KL divergence": 2.593528596957337,
    "Euclidean Dist.": 0.20074560612876885,
    "WER": 1.3793103448275863,
    "CER": 0.9680851063829787,
    "Cosine Dist.": 0.4418399776303067
  },
  "occ_eval_res": {
    "precision": 29.6296,
    "recall": 55.1724,
    "f-score": 38.5542
  },
  "clean_eval": {
    "f-score": 14.2548596112311,
    "precision": 17.934782608695652,
    "recall": 11.827956989247312,
    "tp": 33,
    "fp": 151,
    "fn": 246
  },
  "jaccard": [
    0.604887983706721
  ],
  "braycurtis": [
    0.43700787401574803
  ],
  "dice": [
    0.4335766423357664
  ],
  "cosinus": [
    0.25589284047484506
  ]
}