{
  "voc_eval_res": {
    "precision": 15.2174,
    "recall": 43.75,
    "f-score": 22.5806
  },
  "KL_res": {
    "KL divergence": 2.688128923811811,
    "Euclidean Dist.": 0.2919455511925316,
    "WER": 2.0833333333333335,
    "CER": 1.7241379310344827,
    "Cosine Dist.": 0.4005850805877159
  },
  "occ_eval_res": {
    "precision": 21.875,
    "recall": 58.3333,
    "f-score": 31.8182
  },
  "clean_eval": {
    "f-score": 23.56495468277945,
    "precision": 38.613861386138616,
    "recall": 16.956521739130434,
    "tp": 78,
    "fp": 124,
    "fn": 382
  },
  "jaccard": [
    0.6301703163017032
  ],
  "braycurtis": [
    0.5439560439560439
  ],
  "dice": [
    0.46003552397868563
  ],
  "cosinus": [
    0.3392177577025217
  ]
}