{
  "voc_eval_res": {
    "precision": 31.8182,
    "recall": 43.75,
    "f-score": 36.8421
  },
  "KL_res": {
    "KL divergence": 2.960166651934844,
    "Euclidean Dist.": 0.2400690236050344,
    "WER": 0.8,
    "CER": 0.5073529411764706,
    "Cosine Dist.": 0.2959319384218052
  },
  "occ_eval_res": {
    "precision": 38.4615,
    "recall": 50.0,
    "f-score": 43.4783
  },
  "clean_eval": {
    "f-score": 63.55685131195335,
    "precision": 66.87116564417178,
    "recall": 60.55555555555555,
    "tp": 109,
    "fp": 54,
    "fn": 71
  },
  "jaccard": [
    0.5338345864661654
  ],
  "braycurtis": [
    0.36807817589576547
  ],
  "dice": [
    0.3641025641025641
  ],
  "cosinus": [
    0.21880914561894305
  ]
}