{
  "voc_eval_res": {
    "precision": 41.1765,
    "recall": 45.6522,
    "f-score": 43.299
  },
  "KL_res": {
    "KL divergence": 3.327540743358569,
    "Euclidean Dist.": 0.19611613513818402,
    "WER": 0.7846153846153846,
    "CER": 0.5120643431635389,
    "Cosine Dist.": 0.49926793518629065
  },
  "occ_eval_res": {
    "precision": 40.0,
    "recall": 36.9231,
    "f-score": 38.4
  },
  "clean_eval": {
    "f-score": 36.61971830985916,
    "precision": 37.86407766990291,
    "recall": 35.45454545454545,
    "tp": 156,
    "fp": 256,
    "fn": 284
  },
  "jaccard": [
    0.5008912655971479
  ],
  "braycurtis": [
    0.38095238095238093
  ],
  "dice": [
    0.3341260404280618
  ],
  "cosinus": [
    0.2759365508778352
  ]
}