{
  "voc_eval_res": {
    "precision": 30.7692,
    "recall": 44.4444,
    "f-score": 36.3636
  },
  "KL_res": {
    "KL divergence": 3.7089743634774686,
    "Euclidean Dist.": 0.3526094246963465,
    "WER": 1.0,
    "CER": 0.33783783783783783,
    "Cosine Dist.": 0.46186176480295005
  },
  "occ_eval_res": {
    "precision": 30.7692,
    "recall": 44.4444,
    "f-score": 36.3636
  },
  "clean_eval": {
    "f-score": 70.15706806282724,
    "precision": 76.13636363636364,
    "recall": 65.0485436893204,
    "tp": 67,
    "fp": 21,
    "fn": 36
  },
  "jaccard": [
    0.4342857142857143
  ],
  "braycurtis": [
    0.2962962962962963
  ],
  "dice": [
    0.2773722627737226
  ],
  "cosinus": [
    0.2387517274633011
  ]
}