{
  "voc_eval_res": {
    "precision": 48.4848,
    "recall": 51.6129,
    "f-score": 50.0
  },
  "KL_res": {
    "KL divergence": 2.1062411220322286,
    "Euclidean Dist.": 0.17982533425596448,
    "WER": 0.7837837837837838,
    "CER": 0.5095057034220533,
    "Cosine Dist.": 0.2635890600883537
  },
  "occ_eval_res": {
    "precision": 51.2821,
    "recall": 54.0541,
    "f-score": 52.6316
  },
  "clean_eval": {
    "f-score": 25.190839694656493,
    "precision": 24.719101123595504,
    "recall": 25.680933852140075,
    "tp": 66,
    "fp": 201,
    "fn": 191
  },
  "jaccard": [
    0.4937655860349127
  ],
  "braycurtis": [
    0.2819047619047619
  ],
  "dice": [
    0.32781456953642385
  ],
  "cosinus": [
    0.11524413612977424
  ]
}