{
  "voc_eval_res": {
    "precision": 42.8571,
    "recall": 54.5455,
    "f-score": 48.0
  },
  "KL_res": {
    "KL divergence": 2.133901780872759,
    "Euclidean Dist.": 0.167668020338952,
    "WER": 0.7575757575757576,
    "CER": 0.4393939393939394,
    "Cosine Dist.": 0.3037175082348257
  },
  "occ_eval_res": {
    "precision": 45.8333,
    "recall": 50.0,
    "f-score": 47.8261
  },
  "clean_eval": {
    "f-score": 30.54054054054054,
    "precision": 29.12371134020619,
    "recall": 32.10227272727273,
    "tp": 113,
    "fp": 275,
    "fn": 239
  },
  "jaccard": [
    0.4165103189493433
  ],
  "braycurtis": [
    0.2855436081242533
  ],
  "dice": [
    0.26303317535545023
  ],
  "cosinus": [
    0.15361377955483746
  ]
}