{
  "voc_eval_res": {
    "precision": 34.375,
    "recall": 56.4103,
    "f-score": 42.7184
  },
  "KL_res": {
    "KL divergence": 2.1255171646599207,
    "Euclidean Dist.": 0.1818023049071727,
    "WER": 1.3409090909090908,
    "CER": 0.962457337883959,
    "Cosine Dist.": 0.4054511188362866
  },
  "occ_eval_res": {
    "precision": 30.7692,
    "recall": 54.5455,
    "f-score": 39.3443
  },
  "clean_eval": {
    "f-score": 14.22594142259414,
    "precision": 16.776315789473685,
    "recall": 12.34866828087167,
    "tp": 51,
    "fp": 253,
    "fn": 362
  },
  "jaccard": [
    0.5655608214849921
  ],
  "braycurtis": [
    0.4380475594493116
  ],
  "dice": [
    0.394273127753304
  ],
  "cosinus": [
    0.20565137130518596
  ]
}