{
  "voc_eval_res": {
    "precision": 100.0,
    "recall": 25.0,
    "f-score": 40.0
  },
  "KL_res": {
    "KL divergence": 5.575606238322025,
    "Euclidean Dist.": 0.8100925873009825,
    "WER": 0.75,
    "CER": 0.6666666666666666,
    "Cosine Dist.": 0.3675444679663241
  },
  "occ_eval_res": {
    "precision": 100.0,
    "recall": 25.0,
    "f-score": 40.0
  },
  "clean_eval": {
    "f-score": 82.14285714285715,
    "precision": 76.66666666666667,
    "recall": 88.46153846153845,
    "tp": 23,
    "fp": 7,
    "fn": 3
  },
  "jaccard": [
    0.7023809523809523
  ],
  "braycurtis": [
    0.5535714285714286
  ],
  "dice": [
    0.5412844036697247
  ],
  "cosinus": [
    0.4254521228323135
  ]
}