{
  "voc_eval_res": {
    "precision": 35.2941,
    "recall": 46.1538,
    "f-score": 40.0
  },
  "KL_res": {
    "KL divergence": 3.047653563563648,
    "Euclidean Dist.": 0.27239686193223034,
    "WER": 1.0,
    "CER": 0.8787878787878788,
    "Cosine Dist.": 0.3314967825626134
  },
  "occ_eval_res": {
    "precision": 38.8889,
    "recall": 50.0,
    "f-score": 43.75
  },
  "clean_eval": {
    "f-score": 56.62100456621004,
    "precision": 68.13186813186813,
    "recall": 48.4375,
    "tp": 62,
    "fp": 29,
    "fn": 66
  },
  "jaccard": [
    0.6575342465753424
  ],
  "braycurtis": [
    0.4943820224719101
  ],
  "dice": [
    0.4897959183673469
  ],
  "cosinus": [
    0.36326530612244934
  ]
}