{
  "voc_eval_res": {
    "precision": 26.3158,
    "recall": 38.4615,
    "f-score": 31.25
  },
  "KL_res": {
    "KL divergence": 4.346744417027336,
    "Euclidean Dist.": 0.3105295017040594,
    "WER": 1.1428571428571428,
    "CER": 0.6458333333333334,
    "Cosine Dist.": 0.5219085562662426
  },
  "occ_eval_res": {
    "precision": 25.0,
    "recall": 35.7143,
    "f-score": 29.4118
  },
  "clean_eval": {
    "f-score": 68.40148698884757,
    "precision": 73.01587301587301,
    "recall": 64.33566433566433,
    "tp": 92,
    "fp": 34,
    "fn": 51
  },
  "jaccard": [
    0.6221374045801527
  ],
  "braycurtis": [
    0.4449152542372881
  ],
  "dice": [
    0.4515235457063712
  ],
  "cosinus": [
    0.31304894149597107
  ]
}