{
  "voc_eval_res": {
    "precision": 50.0,
    "recall": 52.6316,
    "f-score": 51.2821
  },
  "KL_res": {
    "KL divergence": 2.5655271591493087,
    "Euclidean Dist.": 0.25692877747386506,
    "WER": 0.75,
    "CER": 0.34814814814814815,
    "Cosine Dist.": 0.3967506531822099
  },
  "occ_eval_res": {
    "precision": 45.4545,
    "recall": 50.0,
    "f-score": 47.619
  },
  "clean_eval": {
    "f-score": 63.556851311953345,
    "precision": 61.5819209039548,
    "recall": 65.66265060240963,
    "tp": 109,
    "fp": 68,
    "fn": 57
  },
  "jaccard": [
    0.4444444444444444
  ],
  "braycurtis": [
    0.3062730627306273
  ],
  "dice": [
    0.2857142857142857
  ],
  "cosinus": [
    0.24775922010692886
  ]
}