{
  "voc_eval_res": {
    "precision": 37.1429,
    "recall": 36.1111,
    "f-score": 36.6197
  },
  "KL_res": {
    "KL divergence": 2.1246637250742957,
    "Euclidean Dist.": 0.18071941015932222,
    "WER": 0.8125,
    "CER": 0.4968553459119497,
    "Cosine Dist.": 0.2141194387375941
  },
  "occ_eval_res": {
    "precision": 48.3333,
    "recall": 45.3125,
    "f-score": 46.7742
  },
  "clean_eval": {
    "f-score": 23.333333333333332,
    "precision": 22.30392156862745,
    "recall": 24.462365591397848,
    "tp": 91,
    "fp": 317,
    "fn": 281
  },
  "jaccard": [
    0.5732647814910026
  ],
  "braycurtis": [
    0.34627329192546585
  ],
  "dice": [
    0.4018018018018018
  ],
  "cosinus": [
    0.14467462456313118
  ]
}