{
  "voc_eval_res": {
    "precision": 65.2174,
    "recall": 68.1818,
    "f-score": 66.6667
  },
  "KL_res": {
    "KL divergence": 1.85621998510875,
    "Euclidean Dist.": 0.22504251408711304,
    "WER": 0.5862068965517241,
    "CER": 0.3888888888888889,
    "Cosine Dist.": 0.2828628343993632
  },
  "occ_eval_res": {
    "precision": 65.3846,
    "recall": 58.6207,
    "f-score": 61.8182
  },
  "clean_eval": {
    "f-score": 49.429657794676814,
    "precision": 42.48366013071895,
    "recall": 59.09090909090909,
    "tp": 65,
    "fp": 88,
    "fn": 45
  },
  "jaccard": [
    0.41025641025641024
  ],
  "braycurtis": [
    0.3025830258302583
  ],
  "dice": [
    0.25806451612903225
  ],
  "cosinus": [
    0.28125219011134084
  ]
}