{
  "voc_eval_res": {
    "precision": 75.0,
    "recall": 50.0,
    "f-score": 60.0
  },
  "KL_res": {
    "KL divergence": 3.124152438252393,
    "Euclidean Dist.": 0.4330127018922193,
    "WER": 0.5,
    "CER": 0.18421052631578946,
    "Cosine Dist.": 0.24407105398154572
  },
  "occ_eval_res": {
    "precision": 75.0,
    "recall": 50.0,
    "f-score": 60.0
  },
  "clean_eval": {
    "f-score": 43.01075268817204,
    "precision": 31.746031746031743,
    "recall": 66.66666666666666,
    "tp": 20,
    "fp": 43,
    "fn": 10
  },
  "jaccard": [
    0.36470588235294116
  ],
  "braycurtis": [
    0.21621621621621623
  ],
  "dice": [
    0.22302158273381295
  ],
  "cosinus": [
    0.20109965687718123
  ]
}