{
  "voc_eval_res": {
    "precision": 61.1111,
    "recall": 39.2857,
    "f-score": 47.8261
  },
  "KL_res": {
    "KL divergence": 3.3635081119327817,
    "Euclidean Dist.": 0.24528644108702483,
    "WER": 0.7058823529411765,
    "CER": 0.5116279069767442,
    "Cosine Dist.": 0.3625447416883236
  },
  "occ_eval_res": {
    "precision": 63.1579,
    "recall": 35.2941,
    "f-score": 45.283
  },
  "clean_eval": {
    "f-score": 55.82822085889572,
    "precision": 45.5,
    "recall": 72.22222222222221,
    "tp": 91,
    "fp": 109,
    "fn": 35
  },
  "jaccard": [
    0.5202952029520295
  ],
  "braycurtis": [
    0.41724137931034483
  ],
  "dice": [
    0.3516209476309227
  ],
  "cosinus": [
    0.25496445026406656
  ]
}