{
  "voc_eval_res": {
    "precision": 46.6667,
    "recall": 46.6667,
    "f-score": 46.6667
  },
  "KL_res": {
    "KL divergence": 2.914899446970952,
    "Euclidean Dist.": 0.25545518773588544,
    "WER": 0.8125,
    "CER": 0.5333333333333333,
    "Cosine Dist.": 0.2869759040926191
  },
  "occ_eval_res": {
    "precision": 47.0588,
    "recall": 50.0,
    "f-score": 48.4848
  },
  "clean_eval": {
    "f-score": 51.44927536231884,
    "precision": 51.82481751824818,
    "recall": 51.07913669064749,
    "tp": 71,
    "fp": 66,
    "fn": 68
  },
  "jaccard": [
    0.5666666666666667
  ],
  "braycurtis": [
    0.3424657534246575
  ],
  "dice": [
    0.3953488372093023
  ],
  "cosinus": [
    0.19802709781521777
  ]
}