{
  "voc_eval_res": {
    "precision": 61.9048,
    "recall": 65.0,
    "f-score": 63.4146
  },
  "KL_res": {
    "KL divergence": 1.5625656588496177,
    "Euclidean Dist.": 0.1983509520749419,
    "WER": 0.6521739130434783,
    "CER": 0.4583333333333333,
    "Cosine Dist.": 0.2021163720960888
  },
  "occ_eval_res": {
    "precision": 57.1429,
    "recall": 69.5652,
    "f-score": 62.7451
  },
  "clean_eval": {
    "f-score": 61.855670103092784,
    "precision": 54.21686746987952,
    "recall": 72.0,
    "tp": 90,
    "fp": 76,
    "fn": 35
  },
  "jaccard": [
    0.4057377049180328
  ],
  "braycurtis": [
    0.23793103448275862
  ],
  "dice": [
    0.2544987146529563
  ],
  "cosinus": [
    0.14512268152302965
  ]
}