{
  "voc_eval_res": {
    "precision": 14.2857,
    "recall": 20.0,
    "f-score": 16.6667
  },
  "KL_res": {
    "KL divergence": 6.664863249512746,
    "Euclidean Dist.": 0.5375682206350508,
    "WER": 1.4,
    "CER": 0.5405405405405406,
    "Cosine Dist.": 0.7113248654051871
  },
  "occ_eval_res": {
    "precision": 14.2857,
    "recall": 20.0,
    "f-score": 16.6667
  },
  "clean_eval": {
    "f-score": 72.00000000000001,
    "precision": 72.58064516129032,
    "recall": 71.42857142857143,
    "tp": 45,
    "fp": 17,
    "fn": 18
  },
  "jaccard": [
    0.6237623762376238
  ],
  "braycurtis": [
    0.47297297297297297
  ],
  "dice": [
    0.45323741007194246
  ],
  "cosinus": [
    0.4456221633523231
  ]
}