{
  "voc_eval_res": {
    "precision": 42.1053,
    "recall": 50.0,
    "f-score": 45.7143
  },
  "KL_res": {
    "KL divergence": 2.287536259157642,
    "Euclidean Dist.": 0.14300533878995328,
    "WER": 0.9636363636363636,
    "CER": 0.7220630372492837,
    "Cosine Dist.": 0.2742740592096955
  },
  "occ_eval_res": {
    "precision": 42.029,
    "recall": 52.7273,
    "f-score": 46.7742
  },
  "clean_eval": {
    "f-score": 19.236209335219236,
    "precision": 21.58730158730159,
    "recall": 17.346938775510203,
    "tp": 68,
    "fp": 247,
    "fn": 324
  },
  "jaccard": [
    0.5429042904290429
  ],
  "braycurtis": [
    0.36560509554140125
  ],
  "dice": [
    0.3725934314835787
  ],
  "cosinus": [
    0.166363172438438
  ]
}