{
  "voc_eval_res": {
    "precision": 26.5306,
    "recall": 41.9355,
    "f-score": 32.5
  },
  "KL_res": {
    "KL divergence": 3.5656351477404793,
    "Euclidean Dist.": 0.19718495225793145,
    "WER": 1.28125,
    "CER": 0.9617486338797814,
    "Cosine Dist.": 0.5152922898495498
  },
  "occ_eval_res": {
    "precision": 25.4902,
    "recall": 40.625,
    "f-score": 31.3253
  },
  "clean_eval": {
    "f-score": 15.860735009671178,
    "precision": 21.1340206185567,
    "recall": 12.693498452012383,
    "tp": 41,
    "fp": 153,
    "fn": 282
  },
  "jaccard": [
    0.621832358674464
  ],
  "braycurtis": [
    0.48214285714285715
  ],
  "dice": [
    0.4512022630834512
  ],
  "cosinus": [
    0.29001206662342216
  ]
}