{
  "voc_eval_res": {
    "precision": 30.6667,
    "recall": 52.2727,
    "f-score": 38.6555
  },
  "KL_res": {
    "KL divergence": 1.8745056711503156,
    "Euclidean Dist.": 0.16124262320398072,
    "WER": 1.1864406779661016,
    "CER": 0.7844155844155845,
    "Cosine Dist.": 0.2450711179130648
  },
  "occ_eval_res": {
    "precision": 35.7895,
    "recall": 57.6271,
    "f-score": 44.1558
  },
  "clean_eval": {
    "f-score": 32.580961727183514,
    "precision": 39.33649289099526,
    "recall": 27.80569514237856,
    "tp": 166,
    "fp": 256,
    "fn": 431
  },
  "jaccard": [
    0.56
  ],
  "braycurtis": [
    0.3549738219895288
  ],
  "dice": [
    0.3888888888888889
  ],
  "cosinus": [
    0.12906821344091823
  ]
}