{
  "voc_eval_res": {
    "precision": 46.1538,
    "recall": 54.5455,
    "f-score": 50.0
  },
  "KL_res": {
    "KL divergence": 2.434798685524816,
    "Euclidean Dist.": 0.27016204090262425,
    "WER": 0.9166666666666666,
    "CER": 0.5697674418604651,
    "Cosine Dist.": 0.2493481093945309
  },
  "occ_eval_res": {
    "precision": 50.0,
    "recall": 58.3333,
    "f-score": 53.8462
  },
  "clean_eval": {
    "f-score": 72.17391304347827,
    "precision": 73.45132743362832,
    "recall": 70.94017094017094,
    "tp": 83,
    "fp": 30,
    "fn": 34
  },
  "jaccard": [
    0.5935828877005348
  ],
  "braycurtis": [
    0.3611111111111111
  ],
  "dice": [
    0.4220532319391635
  ],
  "cosinus": [
    0.2145458780380778
  ]
}