{
  "voc_eval_res": {
    "precision": 54.0,
    "recall": 69.2308,
    "f-score": 60.6742
  },
  "KL_res": {
    "KL divergence": 1.3369874114274898,
    "Euclidean Dist.": 0.145103061637084,
    "WER": 0.6666666666666666,
    "CER": 0.3669724770642202,
    "Cosine Dist.": 0.21741441912877058
  },
  "occ_eval_res": {
    "precision": 54.717,
    "recall": 64.4444,
    "f-score": 59.1837
  },
  "clean_eval": {
    "f-score": 46.79144385026738,
    "precision": 46.54255319148936,
    "recall": 47.043010752688176,
    "tp": 175,
    "fp": 201,
    "fn": 197
  },
  "jaccard": [
    0.4240506329113924
  ],
  "braycurtis": [
    0.24285714285714285
  ],
  "dice": [
    0.26907630522088355
  ],
  "cosinus": [
    0.0917923578254416
  ]
}