{
  "voc_eval_res": {
    "precision": 55.4217,
    "recall": 53.4884,
    "f-score": 54.4379
  },
  "KL_res": {
    "KL divergence": 1.8112229638996014,
    "Euclidean Dist.": 0.11951800261254585,
    "WER": 0.7520661157024794,
    "CER": 0.5782608695652174,
    "Cosine Dist.": 0.2329763212902951
  },
  "occ_eval_res": {
    "precision": 61.4679,
    "recall": 55.3719,
    "f-score": 58.2609
  },
  "clean_eval": {
    "f-score": 10.771276595744679,
    "precision": 10.099750623441397,
    "recall": 11.538461538461538,
    "tp": 81,
    "fp": 721,
    "fn": 621
  },
  "jaccard": [
    0.38409703504043125
  ],
  "braycurtis": [
    0.23455933379597502
  ],
  "dice": [
    0.237698081734779
  ],
  "cosinus": [
    0.11706768442713933
  ]
}