{
  "voc_eval_res": {
    "precision": 38.8889,
    "recall": 26.9231,
    "f-score": 31.8182
  },
  "KL_res": {
    "KL divergence": 3.7842486157372446,
    "Euclidean Dist.": 0.2433501181394839,
    "WER": 0.8484848484848485,
    "CER": 0.5943396226415094,
    "Cosine Dist.": 0.3042272293763283
  },
  "occ_eval_res": {
    "precision": 42.8571,
    "recall": 27.2727,
    "f-score": 33.3333
  },
  "clean_eval": {
    "f-score": 42.23300970873787,
    "precision": 37.02127659574468,
    "recall": 49.152542372881356,
    "tp": 87,
    "fp": 148,
    "fn": 90
  },
  "jaccard": [
    0.5846153846153846
  ],
  "braycurtis": [
    0.44972067039106145
  ],
  "dice": [
    0.41304347826086957
  ],
  "cosinus": [
    0.26707150316072126
  ]
}