{
  "voc_eval_res": {
    "precision": 49.4624,
    "recall": 54.7619,
    "f-score": 51.9774
  },
  "KL_res": {
    "KL divergence": 1.541466418323748,
    "Euclidean Dist.": 0.1243557496659947,
    "WER": 0.7397260273972602,
    "CER": 0.4994246260069045,
    "Cosine Dist.": 0.21841039068045698
  },
  "occ_eval_res": {
    "precision": 58.0645,
    "recall": 49.3151,
    "f-score": 53.3333
  },
  "clean_eval": {
    "f-score": 34.87031700288185,
    "precision": 34.971098265895954,
    "recall": 34.770114942528735,
    "tp": 242,
    "fp": 450,
    "fn": 454
  },
  "jaccard": [
    0.4586374695863747
  ],
  "braycurtis": [
    0.29844738355376654
  ],
  "dice": [
    0.2975532754538279
  ],
  "cosinus": [
    0.12371459332823764
  ]
}