{
  "voc_eval_res": {
    "precision": 19.1489,
    "recall": 40.9091,
    "f-score": 26.087
  },
  "KL_res": {
    "KL divergence": 2.6880301749160815,
    "Euclidean Dist.": 0.22777721785413496,
    "WER": 1.5151515151515151,
    "CER": 1.0505050505050506,
    "Cosine Dist.": 0.29926355017549333
  },
  "occ_eval_res": {
    "precision": 25.7576,
    "recall": 51.5152,
    "f-score": 34.3434
  },
  "clean_eval": {
    "f-score": 24.923076923076923,
    "precision": 30.451127819548873,
    "recall": 21.09375,
    "tp": 81,
    "fp": 185,
    "fn": 303
  },
  "jaccard": [
    0.621380846325167
  ],
  "braycurtis": [
    0.468013468013468
  ],
  "dice": [
    0.4507269789983845
  ],
  "cosinus": [
    0.2647087128259876
  ]
}