{
  "voc_eval_res": {
    "precision": 53.2258,
    "recall": 55.0,
    "f-score": 54.0984
  },
  "KL_res": {
    "KL divergence": 1.429363148652704,
    "Euclidean Dist.": 0.12463171408708326,
    "WER": 0.6666666666666666,
    "CER": 0.3963782696177062,
    "Cosine Dist.": 0.16794970566215583
  },
  "occ_eval_res": {
    "precision": 56.1224,
    "recall": 63.2184,
    "f-score": 59.4595
  },
  "clean_eval": {
    "f-score": 26.132771338250787,
    "precision": 25.0,
    "recall": 27.373068432671083,
    "tp": 124,
    "fp": 372,
    "fn": 329
  },
  "jaccard": [
    0.47699386503067487
  ],
  "braycurtis": [
    0.2659675881792183
  ],
  "dice": [
    0.31319234642497484
  ],
  "cosinus": [
    0.09943848271174849
  ]
}