{
  "voc_eval_res": {
    "precision": 55.1724,
    "recall": 52.459,
    "f-score": 53.7815
  },
  "KL_res": {
    "KL divergence": 2.205557253576634,
    "Euclidean Dist.": 0.14095466705524107,
    "WER": 0.6075949367088608,
    "CER": 0.4,
    "Cosine Dist.": 0.27814627732838726
  },
  "occ_eval_res": {
    "precision": 58.209,
    "recall": 49.3671,
    "f-score": 53.4247
  },
  "clean_eval": {
    "f-score": 36.014405762304925,
    "precision": 35.88516746411483,
    "recall": 36.144578313253014,
    "tp": 150,
    "fp": 268,
    "fn": 265
  },
  "jaccard": [
    0.38617200674536256
  ],
  "braycurtis": [
    0.28160919540229884
  ],
  "dice": [
    0.2392894461859979
  ],
  "cosinus": [
    0.16547372881136468
  ]
}