{
  "voc_eval_res": {
    "precision": 22.2222,
    "recall": 41.6667,
    "f-score": 28.9855
  },
  "KL_res": {
    "KL divergence": 3.0967886270760423,
    "Euclidean Dist.": 0.23776941483196007,
    "WER": 1.1794871794871795,
    "CER": 0.6707317073170732,
    "Cosine Dist.": 0.40921022137354557
  },
  "occ_eval_res": {
    "precision": 28.5714,
    "recall": 46.1538,
    "f-score": 35.2941
  },
  "clean_eval": {
    "f-score": 24.32432432432433,
    "precision": 30.82191780821918,
    "recall": 20.089285714285715,
    "tp": 90,
    "fp": 202,
    "fn": 358
  },
  "jaccard": [
    0.5341463414634147
  ],
  "braycurtis": [
    0.4065934065934066
  ],
  "dice": [
    0.3643926788685524
  ],
  "cosinus": [
    0.2860250453815766
  ]
}