{
  "voc_eval_res": {
    "precision": 30.0,
    "recall": 60.0,
    "f-score": 40.0
  },
  "KL_res": {
    "KL divergence": 3.0099921680293784,
    "Euclidean Dist.": 0.3370999312316211,
    "WER": 1.4545454545454546,
    "CER": 1.1323529411764706,
    "Cosine Dist.": 0.457103285969363
  },
  "occ_eval_res": {
    "precision": 27.2727,
    "recall": 54.5455,
    "f-score": 36.3636
  },
  "clean_eval": {
    "f-score": 53.153153153153156,
    "precision": 67.04545454545455,
    "recall": 44.02985074626866,
    "tp": 59,
    "fp": 29,
    "fn": 75
  },
  "jaccard": [
    0.679324894514768
  ],
  "braycurtis": [
    0.5093457943925234
  ],
  "dice": [
    0.5143769968051118
  ],
  "cosinus": [
    0.3878939894993334
  ]
}