{
  "voc_eval_res": {
    "precision": 50.0,
    "recall": 61.7647,
    "f-score": 55.2632
  },
  "KL_res": {
    "KL divergence": 1.6271478680760973,
    "Euclidean Dist.": 0.1651320718131277,
    "WER": 0.7073170731707317,
    "CER": 0.5084175084175084,
    "Cosine Dist.": 0.24860731665063174
  },
  "occ_eval_res": {
    "precision": 51.1111,
    "recall": 56.0976,
    "f-score": 53.4884
  },
  "clean_eval": {
    "f-score": 36.36363636363636,
    "precision": 36.0,
    "recall": 36.734693877551024,
    "tp": 126,
    "fp": 224,
    "fn": 217
  },
  "jaccard": [
    0.43457943925233644
  ],
  "braycurtis": [
    0.28135048231511256
  ],
  "dice": [
    0.27761194029850744
  ],
  "cosinus": [
    0.1318240021010283
  ]
}