{
  "voc_eval_res": {
    "precision": 40.4255,
    "recall": 57.5758,
    "f-score": 47.5
  },
  "KL_res": {
    "KL divergence": 1.6944915179920998,
    "Euclidean Dist.": 0.1783881943935567,
    "WER": 0.7272727272727273,
    "CER": 0.6042944785276073,
    "Cosine Dist.": 0.23500653451400078
  },
  "occ_eval_res": {
    "precision": 49.2754,
    "recall": 51.5152,
    "f-score": 50.3704
  },
  "clean_eval": {
    "f-score": 17.4346201743462,
    "precision": 16.867469879518072,
    "recall": 18.04123711340206,
    "tp": 70,
    "fp": 345,
    "fn": 318
  },
  "jaccard": [
    0.5617977528089888
  ],
  "braycurtis": [
    0.37376586741889983
  ],
  "dice": [
    0.390625
  ],
  "cosinus": [
    0.20307846433685128
  ]
}