{
  "voc_eval_res": {
    "precision": 40.0,
    "recall": 40.0,
    "f-score": 40.0
  },
  "KL_res": {
    "KL divergence": 2.817853268150988,
    "Euclidean Dist.": 0.14034708548807387,
    "WER": 0.8333333333333334,
    "CER": 0.5290806754221389,
    "Cosine Dist.": 0.3559476328884622
  },
  "occ_eval_res": {
    "precision": 41.3333,
    "recall": 39.7436,
    "f-score": 40.5229
  },
  "clean_eval": {
    "f-score": 19.61722488038277,
    "precision": 18.426966292134832,
    "recall": 20.971867007672635,
    "tp": 82,
    "fp": 363,
    "fn": 309
  },
  "jaccard": [
    0.489010989010989
  ],
  "braycurtis": [
    0.32142857142857145
  ],
  "dice": [
    0.3236363636363636
  ],
  "cosinus": [
    0.14005031731302986
  ]
}