{
  "voc_eval_res": {
    "precision": 18.1818,
    "recall": 50.0,
    "f-score": 26.6667
  },
  "KL_res": {
    "KL divergence": 3.810700359278745,
    "Euclidean Dist.": 0.5482880946279464,
    "WER": 2.25,
    "CER": 2.391304347826087,
    "Cosine Dist.": 0.5470891863421616
  },
  "occ_eval_res": {
    "precision": 18.1818,
    "recall": 50.0,
    "f-score": 26.6667
  },
  "clean_eval": {
    "f-score": 60.504201680672274,
    "precision": 72.0,
    "recall": 52.17391304347826,
    "tp": 36,
    "fp": 14,
    "fn": 33
  },
  "jaccard": [
    0.7801418439716312
  ],
  "braycurtis": [
    0.6868686868686869
  ],
  "dice": [
    0.6395348837209303
  ],
  "cosinus": [
    0.6086868979658128
  ]
}