{
  "voc_eval_res": {
    "precision": 25.0,
    "recall": 16.6667,
    "f-score": 20.0
  },
  "KL_res": {
    "KL divergence": 6.896414018969098,
    "Euclidean Dist.": 0.5833333333333334,
    "WER": 0.8333333333333334,
    "CER": 0.7727272727272727,
    "Cosine Dist.": 0.6619382981085934
  },
  "occ_eval_res": {
    "precision": 25.0,
    "recall": 16.6667,
    "f-score": 20.0
  },
  "clean_eval": {
    "f-score": 72.0,
    "precision": 72.0,
    "recall": 72.0,
    "tp": 36,
    "fp": 14,
    "fn": 14
  },
  "jaccard": [
    0.6261682242990654
  ],
  "braycurtis": [
    0.45569620253164556
  ],
  "dice": [
    0.4557823129251701
  ],
  "cosinus": [
    0.3834220201970958
  ]
}