{
  "voc_eval_res": {
    "precision": 33.3333,
    "recall": 33.3333,
    "f-score": 33.3333
  },
  "KL_res": {
    "KL divergence": 4.62827790325709,
    "Euclidean Dist.": 0.3088677800541124,
    "WER": 0.8125,
    "CER": 0.5368421052631579,
    "Cosine Dist.": 0.5337475958798432
  },
  "occ_eval_res": {
    "precision": 33.3333,
    "recall": 31.25,
    "f-score": 32.2581
  },
  "clean_eval": {
    "f-score": 41.04803493449782,
    "precision": 46.07843137254902,
    "recall": 37.00787401574803,
    "tp": 47,
    "fp": 55,
    "fn": 80
  },
  "jaccard": [
    0.6068376068376068
  ],
  "braycurtis": [
    0.45
  ],
  "dice": [
    0.43558282208588955
  ],
  "cosinus": [
    0.3374216758625441
  ]
}