{
  "voc_eval_res": {
    "precision": 58.6207,
    "recall": 65.3846,
    "f-score": 61.8182
  },
  "KL_res": {
    "KL divergence": 1.0715199247033345,
    "Euclidean Dist.": 0.11692403234084504,
    "WER": 0.6,
    "CER": 0.4734607218683652,
    "Cosine Dist.": 0.1328712504714099
  },
  "occ_eval_res": {
    "precision": 61.3636,
    "recall": 67.5,
    "f-score": 64.2857
  },
  "clean_eval": {
    "f-score": 42.12765957446809,
    "precision": 40.16227180527384,
    "recall": 44.29530201342282,
    "tp": 198,
    "fp": 295,
    "fn": 249
  },
  "jaccard": [
    0.4178082191780822
  ],
  "braycurtis": [
    0.23481781376518218
  ],
  "dice": [
    0.26406926406926406
  ],
  "cosinus": [
    0.07474599777974877
  ]
}