{
  "voc_eval_res": {
    "precision": 33.3333,
    "recall": 30.4348,
    "f-score": 31.8182
  },
  "KL_res": {
    "KL divergence": 4.453175773379144,
    "Euclidean Dist.": 0.2572208601347659,
    "WER": 0.8695652173913043,
    "CER": 0.6171875,
    "Cosine Dist.": 0.5197598198498685
  },
  "occ_eval_res": {
    "precision": 30.4348,
    "recall": 30.4348,
    "f-score": 30.4348
  },
  "clean_eval": {
    "f-score": 63.71681415929204,
    "precision": 64.86486486486487,
    "recall": 62.60869565217392,
    "tp": 72,
    "fp": 39,
    "fn": 43
  },
  "jaccard": [
    0.5952380952380952
  ],
  "braycurtis": [
    0.41198501872659177
  ],
  "dice": [
    0.423728813559322
  ],
  "cosinus": [
    0.2749420489597648
  ]
}