{
  "voc_eval_res": {
    "precision": 57.8947,
    "recall": 45.8333,
    "f-score": 51.1628
  },
  "KL_res": {
    "KL divergence": 2.8612631116500657,
    "Euclidean Dist.": 0.21788986785307746,
    "WER": 0.6666666666666666,
    "CER": 0.5426829268292683,
    "Cosine Dist.": 0.29289321881345254
  },
  "occ_eval_res": {
    "precision": 60.0,
    "recall": 44.4444,
    "f-score": 51.0638
  },
  "clean_eval": {
    "f-score": 45.09090909090909,
    "precision": 36.904761904761905,
    "recall": 57.943925233644855,
    "tp": 62,
    "fp": 106,
    "fn": 45
  },
  "jaccard": [
    0.5092936802973977
  ],
  "braycurtis": [
    0.40298507462686567
  ],
  "dice": [
    0.341645885286783
  ],
  "cosinus": [
    0.2573022821378007
  ]
}