{
  "voc_eval_res": {
    "precision": 47.0588,
    "recall": 50.0,
    "f-score": 48.4848
  },
  "KL_res": {
    "KL divergence": 2.4867422450551344,
    "Euclidean Dist.": 0.1700430518767602,
    "WER": 0.6944444444444444,
    "CER": 0.4052863436123348,
    "Cosine Dist.": 0.27318443222147637
  },
  "occ_eval_res": {
    "precision": 48.7179,
    "recall": 52.7778,
    "f-score": 50.6667
  },
  "clean_eval": {
    "f-score": 32.14285714285714,
    "precision": 31.517509727626457,
    "recall": 32.79352226720648,
    "tp": 81,
    "fp": 176,
    "fn": 166
  },
  "jaccard": [
    0.4217171717171717
  ],
  "braycurtis": [
    0.2881002087682672
  ],
  "dice": [
    0.2672
  ],
  "cosinus": [
    0.15722481570725622
  ]
}