{
  "voc_eval_res": {
    "precision": 50.0,
    "recall": 53.125,
    "f-score": 51.5152
  },
  "KL_res": {
    "KL divergence": 2.115207427602862,
    "Euclidean Dist.": 0.13163501530980473,
    "WER": 0.6623376623376623,
    "CER": 0.39400921658986177,
    "Cosine Dist.": 0.26670094404162714
  },
  "occ_eval_res": {
    "precision": 50.6024,
    "recall": 54.5455,
    "f-score": 52.5
  },
  "clean_eval": {
    "f-score": 23.014959723820482,
    "precision": 22.624434389140273,
    "recall": 23.4192037470726,
    "tp": 100,
    "fp": 342,
    "fn": 327
  },
  "jaccard": [
    0.39171974522292996
  ],
  "braycurtis": [
    0.2670157068062827
  ],
  "dice": [
    0.24356435643564356
  ],
  "cosinus": [
    0.12917320021909884
  ]
}