{
  "voc_eval_res": {
    "precision": 33.3333,
    "recall": 50.0,
    "f-score": 40.0
  },
  "KL_res": {
    "KL divergence": 2.7951018360463378,
    "Euclidean Dist.": 0.22276073787155137,
    "WER": 1.0,
    "CER": 0.5655172413793104,
    "Cosine Dist.": 0.36108485666211243
  },
  "occ_eval_res": {
    "precision": 35.4839,
    "recall": 52.381,
    "f-score": 42.3077
  },
  "clean_eval": {
    "f-score": 50.8108108108108,
    "precision": 56.96969696969697,
    "recall": 45.85365853658537,
    "tp": 94,
    "fp": 71,
    "fn": 111
  },
  "jaccard": [
    0.43034055727554177
  ],
  "braycurtis": [
    0.29190751445086704
  ],
  "dice": [
    0.27416173570019725
  ],
  "cosinus": [
    0.15634742347039832
  ]
}