{
  "voc_eval_res": {
    "precision": 46.1538,
    "recall": 50.6024,
    "f-score": 48.2759
  },
  "KL_res": {
    "KL divergence": 1.8192724688550788,
    "Euclidean Dist.": 0.1254294164306527,
    "WER": 0.8345323741007195,
    "CER": 0.5593635250917993,
    "Cosine Dist.": 0.23340597771613258
  },
  "occ_eval_res": {
    "precision": 52.8926,
    "recall": 46.0432,
    "f-score": 49.2308
  },
  "clean_eval": {
    "f-score": 27.996906419180196,
    "precision": 27.21804511278195,
    "recall": 28.82165605095541,
    "tp": 181,
    "fp": 484,
    "fn": 447
  },
  "jaccard": [
    0.4969987995198079
  ],
  "braycurtis": [
    0.31464737793851716
  ],
  "dice": [
    0.3306709265175719
  ],
  "cosinus": [
    0.12396407559400335
  ]
}