{
  "voc_eval_res": {
    "precision": 34.7222,
    "recall": 38.4615,
    "f-score": 36.4964
  },
  "KL_res": {
    "KL divergence": 3.0745631163072047,
    "Euclidean Dist.": 0.15262209910101826,
    "WER": 0.9615384615384616,
    "CER": 0.5865384615384616,
    "Cosine Dist.": 0.4583641623648558
  },
  "occ_eval_res": {
    "precision": 32.5581,
    "recall": 35.8974,
    "f-score": 34.1463
  },
  "clean_eval": {
    "f-score": 8.564814814814813,
    "precision": 7.939914163090128,
    "recall": 9.296482412060302,
    "tp": 37,
    "fp": 429,
    "fn": 361
  },
  "jaccard": [
    0.5552699228791774
  ],
  "braycurtis": [
    0.34124087591240876
  ],
  "dice": [
    0.38434163701067614
  ],
  "cosinus": [
    0.14643979353864844
  ]
}