{
  "voc_eval_res": {
    "precision": 48.4848,
    "recall": 69.5652,
    "f-score": 57.1429
  },
  "KL_res": {
    "KL divergence": 1.8147875110502956,
    "Euclidean Dist.": 0.21210679388718678,
    "WER": 0.7857142857142857,
    "CER": 0.525974025974026,
    "Cosine Dist.": 0.31780895975935375
  },
  "occ_eval_res": {
    "precision": 47.2222,
    "recall": 60.7143,
    "f-score": 53.125
  },
  "clean_eval": {
    "f-score": 62.02531645569621,
    "precision": 63.63636363636363,
    "recall": 60.49382716049383,
    "tp": 98,
    "fp": 56,
    "fn": 64
  },
  "jaccard": [
    0.5192307692307693
  ],
  "braycurtis": [
    0.40406976744186046
  ],
  "dice": [
    0.35064935064935066
  ],
  "cosinus": [
    0.2789216589641037
  ]
}