{
  "voc_eval_res": {
    "precision": 75.0,
    "recall": 75.0,
    "f-score": 75.0
  },
  "KL_res": {
    "KL divergence": 1.4679913351358502,
    "Euclidean Dist.": 0.3968626966596886,
    "WER": 0.5,
    "CER": 0.4444444444444444,
    "Cosine Dist.": 0.16137213062246547
  },
  "occ_eval_res": {
    "precision": 60.0,
    "recall": 75.0,
    "f-score": 66.6667
  },
  "clean_eval": {
    "f-score": 52.17391304347826,
    "precision": 42.857142857142854,
    "recall": 66.66666666666666,
    "tp": 12,
    "fp": 16,
    "fn": 6
  },
  "jaccard": [
    0.4444444444444444
  ],
  "braycurtis": [
    0.34210526315789475
  ],
  "dice": [
    0.2857142857142857
  ],
  "cosinus": [
    0.29344442595024467
  ]
}