{
  "voc_eval_res": {
    "precision": 47.6923,
    "recall": 57.4074,
    "f-score": 52.1008
  },
  "KL_res": {
    "KL divergence": 1.4551903688527998,
    "Euclidean Dist.": 0.11780645544006907,
    "WER": 0.6986301369863014,
    "CER": 0.46335697399527187,
    "Cosine Dist.": 0.15189683717587543
  },
  "occ_eval_res": {
    "precision": 54.1176,
    "recall": 63.0137,
    "f-score": 58.2278
  },
  "clean_eval": {
    "f-score": 35.714285714285715,
    "precision": 35.78947368421053,
    "recall": 35.63941299790356,
    "tp": 170,
    "fp": 305,
    "fn": 307
  },
  "jaccard": [
    0.49119718309859156
  ],
  "braycurtis": [
    0.25274725274725274
  ],
  "dice": [
    0.32555425904317387
  ],
  "cosinus": [
    0.07319515930145226
  ]
}