{
  "voc_eval_res": {
    "precision": 55.5556,
    "recall": 57.6923,
    "f-score": 56.6038
  },
  "KL_res": {
    "KL divergence": 1.7969637846780622,
    "Euclidean Dist.": 0.1694836513022277,
    "WER": 0.7419354838709677,
    "CER": 0.6349206349206349,
    "Cosine Dist.": 0.19170962313452367
  },
  "occ_eval_res": {
    "precision": 60.0,
    "recall": 58.0645,
    "f-score": 59.0164
  },
  "clean_eval": {
    "f-score": 55.78947368421052,
    "precision": 48.8479262672811,
    "recall": 65.03067484662577,
    "tp": 106,
    "fp": 111,
    "fn": 57
  },
  "jaccard": [
    0.5046439628482973
  ],
  "braycurtis": [
    0.3238341968911917
  ],
  "dice": [
    0.33747412008281574
  ],
  "cosinus": [
    0.16881893240983836
  ]
}