{
  "voc_eval_res": {
    "precision": 25.0,
    "recall": 33.3333,
    "f-score": 28.5714
  },
  "KL_res": {
    "KL divergence": 4.592080196350039,
    "Euclidean Dist.": 0.3254270698294439,
    "WER": 1.1666666666666667,
    "CER": 1.0338983050847457,
    "Cosine Dist.": 0.5527864045000421
  },
  "occ_eval_res": {
    "precision": 25.0,
    "recall": 33.3333,
    "f-score": 28.5714
  },
  "clean_eval": {
    "f-score": 48.372093023255815,
    "precision": 66.66666666666666,
    "recall": 37.95620437956204,
    "tp": 52,
    "fp": 26,
    "fn": 85
  },
  "jaccard": [
    0.7454545454545455
  ],
  "braycurtis": [
    0.61875
  ],
  "dice": [
    0.5942028985507246
  ],
  "cosinus": [
    0.5310285696227834
  ]
}