{
  "voc_eval_res": {
    "precision": 44.4444,
    "recall": 76.1905,
    "f-score": 56.1404
  },
  "KL_res": {
    "KL divergence": 1.130103546194615,
    "Euclidean Dist.": 0.18639139857993256,
    "WER": 0.8461538461538461,
    "CER": 0.7534246575342466,
    "Cosine Dist.": 0.17435471245511813
  },
  "occ_eval_res": {
    "precision": 48.7805,
    "recall": 76.9231,
    "f-score": 59.7015
  },
  "clean_eval": {
    "f-score": 48.6873508353222,
    "precision": 53.125,
    "recall": 44.93392070484582,
    "tp": 102,
    "fp": 90,
    "fn": 125
  },
  "jaccard": [
    0.4623955431754875
  ],
  "braycurtis": [
    0.34096692111959287
  ],
  "dice": [
    0.3007246376811594
  ],
  "cosinus": [
    0.21297640725341394
  ]
}