{
  "voc_eval_res": {
    "precision": 40.0,
    "recall": 40.0,
    "f-score": 40.0
  },
  "KL_res": {
    "KL divergence": 4.244048646739785,
    "Euclidean Dist.": 0.48989794855663565,
    "WER": 0.8,
    "CER": 0.42857142857142855,
    "Cosine Dist.": 0.4285714285714285
  },
  "occ_eval_res": {
    "precision": 40.0,
    "recall": 40.0,
    "f-score": 40.0
  },
  "clean_eval": {
    "f-score": 41.758241758241766,
    "precision": 30.64516129032258,
    "recall": 65.51724137931035,
    "tp": 19,
    "fp": 43,
    "fn": 10
  },
  "jaccard": [
    0.6103896103896104
  ],
  "braycurtis": [
    0.45454545454545453
  ],
  "dice": [
    0.4392523364485981
  ],
  "cosinus": [
    0.43027185084952435
  ]
}