{
  "voc_eval_res": {
    "precision": 20.0,
    "recall": 75.0,
    "f-score": 31.5789
  },
  "KL_res": {
    "KL divergence": 2.134815865131105,
    "Euclidean Dist.": 0.40352401744265637,
    "WER": 3.625,
    "CER": 2.672727272727273,
    "Cosine Dist.": 0.4908249227826845
  },
  "occ_eval_res": {
    "precision": 17.1429,
    "recall": 75.0,
    "f-score": 27.907
  },
  "clean_eval": {
    "f-score": 16.611295681063122,
    "precision": 38.46153846153847,
    "recall": 10.59322033898305,
    "tp": 25,
    "fp": 40,
    "fn": 211
  },
  "jaccard": [
    0.6996587030716723
  ],
  "braycurtis": [
    0.6206896551724138
  ],
  "dice": [
    0.5380577427821522
  ],
  "cosinus": [
    0.39539828889541273
  ]
}