{
  "voc_eval_res": {
    "precision": 33.3333,
    "recall": 57.1429,
    "f-score": 42.1053
  },
  "KL_res": {
    "KL divergence": 2.674804573706593,
    "Euclidean Dist.": 0.26607873273118676,
    "WER": 1.375,
    "CER": 0.8118811881188119,
    "Cosine Dist.": 0.3501635667113412
  },
  "occ_eval_res": {
    "precision": 34.6154,
    "recall": 56.25,
    "f-score": 42.8571
  },
  "clean_eval": {
    "f-score": 53.06122448979591,
    "precision": 63.725490196078425,
    "recall": 45.45454545454545,
    "tp": 65,
    "fp": 37,
    "fn": 78
  },
  "jaccard": [
    0.6027874564459931
  ],
  "braycurtis": [
    0.45112781954887216
  ],
  "dice": [
    0.4314214463840399
  ],
  "cosinus": [
    0.36206820830318154
  ]
}