{
  "voc_eval_res": {
    "precision": 16.6667,
    "recall": 60.0,
    "f-score": 26.087
  },
  "KL_res": {
    "KL divergence": 3.119512282834483,
    "Euclidean Dist.": 0.5014792931731893,
    "WER": 3.2,
    "CER": 2.7333333333333334,
    "Cosine Dist.": 0.5370899501137243
  },
  "occ_eval_res": {
    "precision": 16.6667,
    "recall": 60.0,
    "f-score": 26.087
  },
  "clean_eval": {
    "f-score": 48.35164835164834,
    "precision": 70.96774193548387,
    "recall": 36.666666666666664,
    "tp": 44,
    "fp": 18,
    "fn": 76
  },
  "jaccard": [
    0.7925531914893617
  ],
  "braycurtis": [
    0.7007299270072993
  ],
  "dice": [
    0.6563876651982379
  ],
  "cosinus": [
    0.6154890959351221
  ]
}