{
  "voc_eval_res": {
    "precision": 39.6226,
    "recall": 41.1765,
    "f-score": 40.3846
  },
  "KL_res": {
    "KL divergence": 2.4515476078532092,
    "Euclidean Dist.": 0.1523963352692997,
    "WER": 0.8243243243243243,
    "CER": 0.6765432098765433,
    "Cosine Dist.": 0.26068065180449906
  },
  "occ_eval_res": {
    "precision": 46.9697,
    "recall": 41.8919,
    "f-score": 44.2857
  },
  "clean_eval": {
    "f-score": 21.187427240977883,
    "precision": 20.871559633027523,
    "recall": 21.513002364066196,
    "tp": 91,
    "fp": 345,
    "fn": 332
  },
  "jaccard": [
    0.5935374149659864
  ],
  "braycurtis": [
    0.38424821002386633
  ],
  "dice": [
    0.42200725513905685
  ],
  "cosinus": [
    0.1890886963105256
  ]
}