{
  "voc_eval_res": {
    "precision": 48.7179,
    "recall": 65.5172,
    "f-score": 55.8824
  },
  "KL_res": {
    "KL divergence": 2.039540356863424,
    "Euclidean Dist.": 0.20128085694155376,
    "WER": 0.8285714285714286,
    "CER": 0.6966292134831461,
    "Cosine Dist.": 0.3567324790973231
  },
  "occ_eval_res": {
    "precision": 46.6667,
    "recall": 60.0,
    "f-score": 52.5
  },
  "clean_eval": {
    "f-score": 27.12933753943218,
    "precision": 34.53815261044177,
    "recall": 22.337662337662337,
    "tp": 86,
    "fp": 163,
    "fn": 299
  },
  "jaccard": [
    0.4897435897435897
  ],
  "braycurtis": [
    0.39565217391304347
  ],
  "dice": [
    0.3242784380305603
  ],
  "cosinus": [
    0.36620785483910345
  ]
}