{
  "voc_eval_res": {
    "precision": 52.7778,
    "recall": 52.7778,
    "f-score": 52.7778
  },
  "KL_res": {
    "KL divergence": 2.411562397404472,
    "Euclidean Dist.": 0.17866110268353688,
    "WER": 0.6410256410256411,
    "CER": 0.4034334763948498,
    "Cosine Dist.": 0.33184689521893906
  },
  "occ_eval_res": {
    "precision": 50.0,
    "recall": 51.2821,
    "f-score": 50.6329
  },
  "clean_eval": {
    "f-score": 35.993208828522924,
    "precision": 37.992831541218635,
    "recall": 34.193548387096776,
    "tp": 106,
    "fp": 173,
    "fn": 204
  },
  "jaccard": [
    0.558695652173913
  ],
  "braycurtis": [
    0.4015151515151515
  ],
  "dice": [
    0.38763197586727
  ],
  "cosinus": [
    0.3188482981302512
  ]
}