{
  "voc_eval_res": {
    "precision": 29.6296,
    "recall": 45.7143,
    "f-score": 35.9551
  },
  "KL_res": {
    "KL divergence": 2.997370960388678,
    "Euclidean Dist.": 0.18514221050711244,
    "WER": 1.2105263157894737,
    "CER": 0.81640625,
    "Cosine Dist.": 0.4334254886258292
  },
  "occ_eval_res": {
    "precision": 29.5082,
    "recall": 47.3684,
    "f-score": 36.3636
  },
  "clean_eval": {
    "f-score": 23.407917383820998,
    "precision": 23.28767123287671,
    "recall": 23.52941176470588,
    "tp": 68,
    "fp": 224,
    "fn": 221
  },
  "jaccard": [
    0.6148282097649186
  ],
  "braycurtis": [
    0.4416796267496112
  ],
  "dice": [
    0.44386422976501305
  ],
  "cosinus": [
    0.2480794586918551
  ]
}