{
  "voc_eval_res": {
    "precision": 36.1702,
    "recall": 33.3333,
    "f-score": 34.6939
  },
  "KL_res": {
    "KL divergence": 3.396898110953803,
    "Euclidean Dist.": 0.18030863920201756,
    "WER": 0.8,
    "CER": 0.5273972602739726,
    "Cosine Dist.": 0.4066023637416635
  },
  "occ_eval_res": {
    "precision": 42.1053,
    "recall": 30.0,
    "f-score": 35.0365
  },
  "clean_eval": {
    "f-score": 27.218934911242602,
    "precision": 26.018099547511316,
    "recall": 28.53598014888337,
    "tp": 115,
    "fp": 327,
    "fn": 288
  },
  "jaccard": [
    0.5692307692307692
  ],
  "braycurtis": [
    0.4125786163522013
  ],
  "dice": [
    0.3978494623655914
  ],
  "cosinus": [
    0.2608753891010872
  ]
}