{
  "voc_eval_res": {
    "precision": 45.4545,
    "recall": 51.7241,
    "f-score": 48.3871
  },
  "KL_res": {
    "KL divergence": 2.128825091192044,
    "Euclidean Dist.": 0.19361741714774378,
    "WER": 0.8,
    "CER": 0.4785992217898833,
    "Cosine Dist.": 0.2964735293185514
  },
  "occ_eval_res": {
    "precision": 47.3684,
    "recall": 51.4286,
    "f-score": 49.3151
  },
  "clean_eval": {
    "f-score": 30.14256619144603,
    "precision": 27.715355805243448,
    "recall": 33.035714285714285,
    "tp": 74,
    "fp": 193,
    "fn": 150
  },
  "jaccard": [
    0.4671916010498688
  ],
  "braycurtis": [
    0.285140562248996
  ],
  "dice": [
    0.3047945205479452
  ],
  "cosinus": [
    0.12291249264917115
  ]
}