{
  "voc_eval_res": {
    "precision": 30.0,
    "recall": 52.9412,
    "f-score": 38.2979
  },
  "KL_res": {
    "KL divergence": 2.3616478487005157,
    "Euclidean Dist.": 0.18243480205312626,
    "WER": 1.1111111111111112,
    "CER": 0.8304498269896193,
    "Cosine Dist.": 0.31491920240399496
  },
  "occ_eval_res": {
    "precision": 34.7826,
    "recall": 53.3333,
    "f-score": 42.1053
  },
  "clean_eval": {
    "f-score": 40.97035040431267,
    "precision": 48.40764331210191,
    "recall": 35.51401869158878,
    "tp": 152,
    "fp": 162,
    "fn": 276
  },
  "jaccard": [
    0.5530903328050714
  ],
  "braycurtis": [
    0.4276401564537158
  ],
  "dice": [
    0.3822562979189485
  ],
  "cosinus": [
    0.26492936183347837
  ]
}