{
  "voc_eval_res": {
    "precision": 44.4444,
    "recall": 50.0,
    "f-score": 47.0588
  },
  "KL_res": {
    "KL divergence": 1.9081329691772653,
    "Euclidean Dist.": 0.22080864828750948,
    "WER": 0.9230769230769231,
    "CER": 0.7131474103585658,
    "Cosine Dist.": 0.30115407870487076
  },
  "occ_eval_res": {
    "precision": 42.4242,
    "recall": 53.8462,
    "f-score": 47.4576
  },
  "clean_eval": {
    "f-score": 18.075801749271136,
    "precision": 17.663817663817664,
    "recall": 18.507462686567163,
    "tp": 62,
    "fp": 289,
    "fn": 273
  },
  "jaccard": [
    0.576
  ],
  "braycurtis": [
    0.3896940418679549
  ],
  "dice": [
    0.4044943820224719
  ],
  "cosinus": [
    0.17226894674116455
  ]
}