{
  "voc_eval_res": {
    "precision": 40.0,
    "recall": 66.6667,
    "f-score": 50.0
  },
  "KL_res": {
    "KL divergence": 1.9256343447386302,
    "Euclidean Dist.": 0.3398069304767047,
    "WER": 1.2,
    "CER": 1.037037037037037,
    "Cosine Dist.": 0.3280631590947072
  },
  "occ_eval_res": {
    "precision": 37.5,
    "recall": 60.0,
    "f-score": 46.1538
  },
  "clean_eval": {
    "f-score": 44.89795918367347,
    "precision": 63.95348837209303,
    "recall": 34.59119496855346,
    "tp": 55,
    "fp": 31,
    "fn": 104
  },
  "jaccard": [
    0.6884422110552764
  ],
  "braycurtis": [
    0.564935064935065
  ],
  "dice": [
    0.524904214559387
  ],
  "cosinus": [
    0.4962775898130257
  ]
}