{
  "voc_eval_res": {
    "precision": 40.0,
    "recall": 54.5455,
    "f-score": 46.1538
  },
  "KL_res": {
    "KL divergence": 2.1022250566178573,
    "Euclidean Dist.": 0.29642618090449363,
    "WER": 0.9285714285714286,
    "CER": 0.5483870967741935,
    "Cosine Dist.": 0.25273528224292674
  },
  "occ_eval_res": {
    "precision": 44.4444,
    "recall": 57.1429,
    "f-score": 50.0
  },
  "clean_eval": {
    "f-score": 53.150684931506845,
    "precision": 57.05882352941176,
    "recall": 49.743589743589745,
    "tp": 97,
    "fp": 73,
    "fn": 98
  },
  "jaccard": [
    0.6047619047619047
  ],
  "braycurtis": [
    0.39303482587064675
  ],
  "dice": [
    0.4334470989761092
  ],
  "cosinus": [
    0.235166711511558
  ]
}