{
  "voc_eval_res": {
    "precision": 48.0,
    "recall": 54.5455,
    "f-score": 51.0638
  },
  "KL_res": {
    "KL divergence": 3.0396538379607043,
    "Euclidean Dist.": 0.23323807579381203,
    "WER": 0.68,
    "CER": 0.5327868852459017,
    "Cosine Dist.": 0.4118283023249538
  },
  "occ_eval_res": {
    "precision": 48.0,
    "recall": 48.0,
    "f-score": 48.0
  },
  "clean_eval": {
    "f-score": 29.017857142857146,
    "precision": 31.55339805825243,
    "recall": 26.859504132231404,
    "tp": 65,
    "fp": 141,
    "fn": 177
  },
  "jaccard": [
    0.5310344827586206
  ],
  "braycurtis": [
    0.40298507462686567
  ],
  "dice": [
    0.3615023474178404
  ],
  "cosinus": [
    0.3642450998433574
  ]
}