{
  "voc_eval_res": {
    "precision": 50.0,
    "recall": 55.5556,
    "f-score": 52.6316
  },
  "KL_res": {
    "KL divergence": 2.7001292103638255,
    "Euclidean Dist.": 0.3172022760804488,
    "WER": 0.7777777777777778,
    "CER": 0.5857142857142857,
    "Cosine Dist.": 0.30993444065764575
  },
  "occ_eval_res": {
    "precision": 50.0,
    "recall": 55.5556,
    "f-score": 52.6316
  },
  "clean_eval": {
    "f-score": 62.5,
    "precision": 59.70149253731343,
    "recall": 65.57377049180327,
    "tp": 80,
    "fp": 54,
    "fn": 42
  },
  "jaccard": [
    0.5818181818181818
  ],
  "braycurtis": [
    0.43283582089552236
  ],
  "dice": [
    0.41025641025641024
  ],
  "cosinus": [
    0.3790755845749558
  ]
}