{
  "voc_eval_res": {
    "precision": 33.3333,
    "recall": 27.2727,
    "f-score": 30.0
  },
  "KL_res": {
    "KL divergence": 3.932789890338271,
    "Euclidean Dist.": 0.31693060681467583,
    "WER": 0.6923076923076923,
    "CER": 0.5060240963855421,
    "Cosine Dist.": 0.2794233078771078
  },
  "occ_eval_res": {
    "precision": 45.4545,
    "recall": 38.4615,
    "f-score": 41.6667
  },
  "clean_eval": {
    "f-score": 64.28571428571429,
    "precision": 61.64383561643836,
    "recall": 67.16417910447761,
    "tp": 90,
    "fp": 56,
    "fn": 44
  },
  "jaccard": [
    0.5681818181818182
  ],
  "braycurtis": [
    0.36363636363636365
  ],
  "dice": [
    0.3968253968253968
  ],
  "cosinus": [
    0.24390770278799268
  ]
}