{
  "voc_eval_res": {
    "precision": 45.0,
    "recall": 50.0,
    "f-score": 47.3684
  },
  "KL_res": {
    "KL divergence": 2.6094664323988477,
    "Euclidean Dist.": 0.2447802185061138,
    "WER": 0.7727272727272727,
    "CER": 0.5689655172413793,
    "Cosine Dist.": 0.32374777399942556
  },
  "occ_eval_res": {
    "precision": 45.4545,
    "recall": 45.4545,
    "f-score": 45.4545
  },
  "clean_eval": {
    "f-score": 14.220183486238533,
    "precision": 15.048543689320388,
    "recall": 13.478260869565217,
    "tp": 31,
    "fp": 175,
    "fn": 199
  },
  "jaccard": [
    0.5469387755102041
  ],
  "braycurtis": [
    0.40076335877862596
  ],
  "dice": [
    0.37640449438202245
  ],
  "cosinus": [
    0.2760316179676361
  ]
}