{
  "voc_eval_res": {
    "precision": 22.9167,
    "recall": 30.5556,
    "f-score": 26.1905
  },
  "KL_res": {
    "KL divergence": 4.010543528167757,
    "Euclidean Dist.": 0.21613821466862695,
    "WER": 1.0217391304347827,
    "CER": 0.8451882845188284,
    "Cosine Dist.": 0.5641990355447168
  },
  "occ_eval_res": {
    "precision": 24.0741,
    "recall": 28.2609,
    "f-score": 26.0
  },
  "clean_eval": {
    "f-score": 9.148936170212766,
    "precision": 10.487804878048781,
    "recall": 8.11320754716981,
    "tp": 43,
    "fp": 367,
    "fn": 487
  },
  "jaccard": [
    0.6666666666666666
  ],
  "braycurtis": [
    0.5313531353135313
  ],
  "dice": [
    0.5
  ],
  "cosinus": [
    0.3830584085367237
  ]
}