{
  "voc_eval_res": {
    "precision": 57.1429,
    "recall": 100.0,
    "f-score": 72.7273
  },
  "KL_res": {
    "KL divergence": 0.3182868340429332,
    "Euclidean Dist.": 0.3912303982179758,
    "WER": 0.75,
    "CER": 0.8,
    "Cosine Dist.": 0.14719713457755845
  },
  "occ_eval_res": {
    "precision": 57.1429,
    "recall": 100.0,
    "f-score": 72.7273
  },
  "clean_eval": {
    "f-score": 66.21621621621621,
    "precision": 79.03225806451613,
    "recall": 56.97674418604651,
    "tp": 49,
    "fp": 13,
    "fn": 37
  },
  "jaccard": [
    0.4563106796116505
  ],
  "braycurtis": [
    0.3333333333333333
  ],
  "dice": [
    0.29559748427672955
  ],
  "cosinus": [
    0.2583622682205696
  ]
}