{
  "voc_eval_res": {
    "precision": 44.4444,
    "recall": 50.0,
    "f-score": 47.0588
  },
  "KL_res": {
    "KL divergence": 3.5212666122034117,
    "Euclidean Dist.": 0.37297778222771255,
    "WER": 0.7692307692307693,
    "CER": 0.6231884057971014,
    "Cosine Dist.": 0.3610215489353027
  },
  "occ_eval_res": {
    "precision": 50.0,
    "recall": 38.4615,
    "f-score": 43.4783
  },
  "clean_eval": {
    "f-score": 55.17241379310346,
    "precision": 58.18181818181818,
    "recall": 52.459016393442624,
    "tp": 64,
    "fp": 46,
    "fn": 58
  },
  "jaccard": [
    0.5906040268456376
  ],
  "braycurtis": [
    0.44594594594594594
  ],
  "dice": [
    0.41904761904761906
  ],
  "cosinus": [
    0.3656325434087294
  ]
}