{
  "voc_eval_res": {
    "precision": 62.5,
    "recall": 76.9231,
    "f-score": 68.9655
  },
  "KL_res": {
    "KL divergence": 0.8774115937914364,
    "Euclidean Dist.": 0.2683396594607405,
    "WER": 0.55,
    "CER": 0.46540880503144655,
    "Cosine Dist.": 0.15892111218438865
  },
  "occ_eval_res": {
    "precision": 66.6667,
    "recall": 60.0,
    "f-score": 63.1579
  },
  "clean_eval": {
    "f-score": 28.77358490566038,
    "precision": 26.521739130434785,
    "recall": 31.443298969072163,
    "tp": 61,
    "fp": 169,
    "fn": 133
  },
  "jaccard": [
    0.3448275862068966
  ],
  "braycurtis": [
    0.2791519434628975
  ],
  "dice": [
    0.20833333333333334
  ],
  "cosinus": [
    0.12322963555952415
  ]
}