{
  "voc_eval_res": {
    "precision": 50.0,
    "recall": 50.0,
    "f-score": 50.0
  },
  "KL_res": {
    "KL divergence": 2.8690218964303726,
    "Euclidean Dist.": 0.23575095417981712,
    "WER": 0.7272727272727273,
    "CER": 0.46621621621621623,
    "Cosine Dist.": 0.35682411917484513
  },
  "occ_eval_res": {
    "precision": 50.0,
    "recall": 45.4545,
    "f-score": 47.619
  },
  "clean_eval": {
    "f-score": 29.81651376146789,
    "precision": 29.81651376146789,
    "recall": 29.81651376146789,
    "tp": 65,
    "fp": 153,
    "fn": 153
  },
  "jaccard": [
    0.5353846153846153
  ],
  "braycurtis": [
    0.3864406779661017
  ],
  "dice": [
    0.36554621848739494
  ],
  "cosinus": [
    0.28662341017607773
  ]
}