{
  "voc_eval_res": {
    "precision": 29.4118,
    "recall": 41.6667,
    "f-score": 34.4828
  },
  "KL_res": {
    "KL divergence": 3.830730230430217,
    "Euclidean Dist.": 0.3100659725660484,
    "WER": 1.1666666666666667,
    "CER": 0.9186046511627907,
    "Cosine Dist.": 0.4829123100049808
  },
  "occ_eval_res": {
    "precision": 29.4118,
    "recall": 41.6667,
    "f-score": 34.4828
  },
  "clean_eval": {
    "f-score": 25.568181818181817,
    "precision": 30.82191780821918,
    "recall": 21.844660194174757,
    "tp": 45,
    "fp": 101,
    "fn": 161
  },
  "jaccard": [
    0.6828358208955224
  ],
  "braycurtis": [
    0.5370370370370371
  ],
  "dice": [
    0.5184135977337111
  ],
  "cosinus": [
    0.42385847073733574
  ]
}