{
  "voc_eval_res": {
    "precision": 41.6667,
    "recall": 38.4615,
    "f-score": 40.0
  },
  "KL_res": {
    "KL divergence": 3.2570010377613197,
    "Euclidean Dist.": 0.30750255792310366,
    "WER": 0.8666666666666667,
    "CER": 0.5824175824175825,
    "Cosine Dist.": 0.35549661336451055
  },
  "occ_eval_res": {
    "precision": 42.8571,
    "recall": 40.0,
    "f-score": 41.3793
  },
  "clean_eval": {
    "f-score": 54.24528301886793,
    "precision": 45.2755905511811,
    "recall": 67.64705882352942,
    "tp": 115,
    "fp": 139,
    "fn": 55
  },
  "jaccard": [
    0.5769230769230769
  ],
  "braycurtis": [
    0.43349753694581283
  ],
  "dice": [
    0.40540540540540543
  ],
  "cosinus": [
    0.4170960801495842
  ]
}