{
  "voc_eval_res": {
    "precision": 8.3333,
    "recall": 9.0909,
    "f-score": 8.6957
  },
  "KL_res": {
    "KL divergence": 7.744018633702925,
    "Euclidean Dist.": 0.408248290463863,
    "WER": 1.0,
    "CER": 0.5697674418604651,
    "Cosine Dist.": 0.8567770251921134
  },
  "occ_eval_res": {
    "precision": 8.3333,
    "recall": 8.3333,
    "f-score": 8.3333
  },
  "clean_eval": {
    "f-score": 66.14785992217898,
    "precision": 63.43283582089553,
    "recall": 69.10569105691057,
    "tp": 85,
    "fp": 49,
    "fn": 38
  },
  "jaccard": [
    0.7850467289719626
  ],
  "braycurtis": [
    0.6753246753246753
  ],
  "dice": [
    0.6461538461538462
  ],
  "cosinus": [
    0.6071419208406207
  ]
}