{
  "voc_eval_res": {
    "precision": 56.0976,
    "recall": 67.6471,
    "f-score": 61.3333
  },
  "KL_res": {
    "KL divergence": 1.2813941547672287,
    "Euclidean Dist.": 0.13880716126839546,
    "WER": 0.5714285714285714,
    "CER": 0.30959752321981426,
    "Cosine Dist.": 0.11296520457163994
  },
  "occ_eval_res": {
    "precision": 63.4615,
    "recall": 67.3469,
    "f-score": 65.3465
  },
  "clean_eval": {
    "f-score": 54.99999999999999,
    "precision": 56.82656826568265,
    "recall": 53.28719723183391,
    "tp": 308,
    "fp": 234,
    "fn": 270
  },
  "jaccard": [
    0.42543859649122806
  ],
  "braycurtis": [
    0.24592592592592594
  ],
  "dice": [
    0.27019498607242337
  ],
  "cosinus": [
    0.11006252010940898
  ]
}