{
  "voc_eval_res": {
    "precision": 46.1538,
    "recall": 62.069,
    "f-score": 52.9412
  },
  "KL_res": {
    "KL divergence": 1.7848250862908939,
    "Euclidean Dist.": 0.21226713007299514,
    "WER": 0.975609756097561,
    "CER": 0.5824561403508772,
    "Cosine Dist.": 0.3294985411067223
  },
  "occ_eval_res": {
    "precision": 39.6552,
    "recall": 56.0976,
    "f-score": 46.4646
  },
  "clean_eval": {
    "f-score": 42.08494208494209,
    "precision": 46.38297872340426,
    "recall": 38.515901060070675,
    "tp": 218,
    "fp": 252,
    "fn": 348
  },
  "jaccard": [
    0.4444444444444444
  ],
  "braycurtis": [
    0.35769828926905134
  ],
  "dice": [
    0.2857142857142857
  ],
  "cosinus": [
    0.2497028333113388
  ]
}