{
  "voc_eval_res": {
    "precision": 45.1613,
    "recall": 60.8696,
    "f-score": 51.8519
  },
  "KL_res": {
    "KL divergence": 2.488982070612942,
    "Euclidean Dist.": 0.2522147599779733,
    "WER": 1.0,
    "CER": 0.75,
    "Cosine Dist.": 0.37377570891485046
  },
  "occ_eval_res": {
    "precision": 46.1538,
    "recall": 51.4286,
    "f-score": 48.6486
  },
  "clean_eval": {
    "f-score": 8.116883116883116,
    "precision": 9.398496240601503,
    "recall": 7.142857142857142,
    "tp": 25,
    "fp": 241,
    "fn": 325
  },
  "jaccard": [
    0.5176470588235295
  ],
  "braycurtis": [
    0.40375586854460094
  ],
  "dice": [
    0.3492063492063492
  ],
  "cosinus": [
    0.38980332904468085
  ]
}