{
  "voc_eval_res": {
    "precision": 28.5714,
    "recall": 16.6667,
    "f-score": 21.0526
  },
  "KL_res": {
    "KL divergence": 6.954693931994031,
    "Euclidean Dist.": 0.467540484138422,
    "WER": 0.8666666666666667,
    "CER": 0.696078431372549,
    "Cosine Dist.": 0.7333333333333334
  },
  "occ_eval_res": {
    "precision": 28.5714,
    "recall": 13.3333,
    "f-score": 18.1818
  },
  "clean_eval": {
    "f-score": 42.857142857142854,
    "precision": 30.612244897959183,
    "recall": 71.42857142857143,
    "tp": 45,
    "fp": 102,
    "fn": 18
  },
  "jaccard": [
    0.7540983606557377
  ],
  "braycurtis": [
    0.676056338028169
  ],
  "dice": [
    0.6052631578947368
  ],
  "cosinus": [
    0.5759911251417729
  ]
}