{
  "voc_eval_res": {
    "precision": 25.0,
    "recall": 33.3333,
    "f-score": 28.5714
  },
  "KL_res": {
    "KL divergence": 5.286104364553488,
    "Euclidean Dist.": 0.6508541396588878,
    "WER": 1.0,
    "CER": 1.0588235294117647,
    "Cosine Dist.": 0.5527864045000421
  },
  "occ_eval_res": {
    "precision": 25.0,
    "recall": 33.3333,
    "f-score": 28.5714
  },
  "clean_eval": {
    "f-score": 65.9090909090909,
    "precision": 76.31578947368422,
    "recall": 57.99999999999999,
    "tp": 29,
    "fp": 9,
    "fn": 21
  },
  "jaccard": [
    0.8194444444444444
  ],
  "braycurtis": [
    0.7045454545454546
  ],
  "dice": [
    0.6941176470588235
  ],
  "cosinus": [
    0.7102513208502044
  ]
}