{
  "voc_eval_res": {
    "precision": 20.6897,
    "recall": 27.2727,
    "f-score": 23.5294
  },
  "KL_res": {
    "KL divergence": 4.566084307552424,
    "Euclidean Dist.": 0.24229163039564452,
    "WER": 0.9666666666666667,
    "CER": 0.7539267015706806,
    "Cosine Dist.": 0.4038803964061576
  },
  "occ_eval_res": {
    "precision": 27.2727,
    "recall": 30.0,
    "f-score": 28.5714
  },
  "clean_eval": {
    "f-score": 32.01219512195122,
    "precision": 32.01219512195122,
    "recall": 32.01219512195122,
    "tp": 105,
    "fp": 223,
    "fn": 223
  },
  "jaccard": [
    0.6973365617433414
  ],
  "braycurtis": [
    0.5513126491646778
  ],
  "dice": [
    0.5353159851301115
  ],
  "cosinus": [
    0.3849545872838508
  ]
}