{
  "voc_eval_res": {
    "precision": 55.5556,
    "recall": 65.2174,
    "f-score": 60.0
  },
  "KL_res": {
    "KL divergence": 2.123493196497243,
    "Euclidean Dist.": 0.22577449489723928,
    "WER": 0.6585365853658537,
    "CER": 0.5021645021645021,
    "Cosine Dist.": 0.2783946468364542
  },
  "occ_eval_res": {
    "precision": 60.0,
    "recall": 58.5366,
    "f-score": 59.2593
  },
  "clean_eval": {
    "f-score": 34.883720930232556,
    "precision": 39.735099337748345,
    "recall": 31.088082901554404,
    "tp": 120,
    "fp": 182,
    "fn": 266
  },
  "jaccard": [
    0.5271739130434783
  ],
  "braycurtis": [
    0.3877159309021113
  ],
  "dice": [
    0.35793357933579334
  ],
  "cosinus": [
    0.32933729355172103
  ]
}