{
  "voc_eval_res": {
    "precision": 58.8235,
    "recall": 71.4286,
    "f-score": 64.5161
  },
  "KL_res": {
    "KL divergence": 1.2305311886176364,
    "Euclidean Dist.": 0.18603958353962907,
    "WER": 0.5294117647058824,
    "CER": 0.3865546218487395,
    "Cosine Dist.": 0.11534826307061707
  },
  "occ_eval_res": {
    "precision": 65.0,
    "recall": 76.4706,
    "f-score": 70.2703
  },
  "clean_eval": {
    "f-score": 47.300771208226216,
    "precision": 50.54945054945055,
    "recall": 44.44444444444444,
    "tp": 92,
    "fp": 90,
    "fn": 115
  },
  "jaccard": [
    0.425531914893617
  ],
  "braycurtis": [
    0.2574626865671642
  ],
  "dice": [
    0.2702702702702703
  ],
  "cosinus": [
    0.12312029402264024
  ]
}