{
  "voc_eval_res": {
    "precision": 58.3333,
    "recall": 73.6842,
    "f-score": 65.1163
  },
  "KL_res": {
    "KL divergence": 1.3563549453918198,
    "Euclidean Dist.": 0.20516295166207246,
    "WER": 0.6785714285714286,
    "CER": 0.5394736842105263,
    "Cosine Dist.": 0.2012061556236544
  },
  "occ_eval_res": {
    "precision": 60.7143,
    "recall": 60.7143,
    "f-score": 60.7143
  },
  "clean_eval": {
    "f-score": 15.413533834586465,
    "precision": 15.413533834586465,
    "recall": 15.413533834586465,
    "tp": 41,
    "fp": 225,
    "fn": 225
  },
  "jaccard": [
    0.5017921146953405
  ],
  "braycurtis": [
    0.37577639751552794
  ],
  "dice": [
    0.3349282296650718
  ],
  "cosinus": [
    0.2884401659354072
  ]
}