{
  "voc_eval_res": {
    "precision": 33.3333,
    "recall": 37.931,
    "f-score": 35.4839
  },
  "KL_res": {
    "KL divergence": 3.0331375908844267,
    "Euclidean Dist.": 0.21457841076121245,
    "WER": 0.7674418604651163,
    "CER": 0.41134751773049644,
    "Cosine Dist.": 0.3061241829444815
  },
  "occ_eval_res": {
    "precision": 36.9565,
    "recall": 39.5349,
    "f-score": 38.2022
  },
  "clean_eval": {
    "f-score": 14.893617021276597,
    "precision": 15.695067264573993,
    "recall": 14.17004048582996,
    "tp": 70,
    "fp": 376,
    "fn": 424
  },
  "jaccard": [
    0.4954954954954955
  ],
  "braycurtis": [
    0.35130434782608694
  ],
  "dice": [
    0.32934131736526945
  ],
  "cosinus": [
    0.20239571677573132
  ]
}