{
  "voc_eval_res": {
    "precision": 53.8462,
    "recall": 50.0,
    "f-score": 51.8519
  },
  "KL_res": {
    "KL divergence": 2.937995975237448,
    "Euclidean Dist.": 0.2766416675862441,
    "WER": 0.6428571428571429,
    "CER": 0.4375,
    "Cosine Dist.": 0.3152632119825395
  },
  "occ_eval_res": {
    "precision": 50.0,
    "recall": 50.0,
    "f-score": 50.0
  },
  "clean_eval": {
    "f-score": 43.037974683544306,
    "precision": 46.57534246575342,
    "recall": 40.0,
    "tp": 68,
    "fp": 78,
    "fn": 102
  },
  "jaccard": [
    0.5260869565217391
  ],
  "braycurtis": [
    0.3853658536585366
  ],
  "dice": [
    0.35693215339233036
  ],
  "cosinus": [
    0.2835942480023046
  ]
}