{
  "voc_eval_res": {
    "precision": 52.9412,
    "recall": 81.8182,
    "f-score": 64.2857
  },
  "KL_res": {
    "KL divergence": 0.5207453360028937,
    "Euclidean Dist.": 0.18857043608966467,
    "WER": 0.45454545454545453,
    "CER": 0.33879781420765026,
    "Cosine Dist.": 0.02721906968632104
  },
  "occ_eval_res": {
    "precision": 68.9655,
    "recall": 90.9091,
    "f-score": 78.4314
  },
  "clean_eval": {
    "f-score": 25.649350649350648,
    "precision": 29.69924812030075,
    "recall": 22.57142857142857,
    "tp": 79,
    "fp": 187,
    "fn": 271
  },
  "jaccard": [
    0.43776824034334766
  ],
  "braycurtis": [
    0.1902439024390244
  ],
  "dice": [
    0.2802197802197802
  ],
  "cosinus": [
    0.04321372664706136
  ]
}