{
  "voc_eval_res": {
    "precision": 37.5,
    "recall": 42.8571,
    "f-score": 40.0
  },
  "KL_res": {
    "KL divergence": 3.8682309422493706,
    "Euclidean Dist.": 0.4020832231856322,
    "WER": 0.8571428571428571,
    "CER": 0.6888888888888889,
    "Cosine Dist.": 0.42792244645264466
  },
  "occ_eval_res": {
    "precision": 37.5,
    "recall": 42.8571,
    "f-score": 40.0
  },
  "clean_eval": {
    "f-score": 72.83236994219654,
    "precision": 73.25581395348837,
    "recall": 72.41379310344827,
    "tp": 63,
    "fp": 23,
    "fn": 24
  },
  "jaccard": [
    0.6986301369863014
  ],
  "braycurtis": [
    0.56
  ],
  "dice": [
    0.5368421052631579
  ],
  "cosinus": [
    0.5128585934031882
  ]
}