{
  "voc_eval_res": {
    "precision": 45.8333,
    "recall": 57.8947,
    "f-score": 51.1628
  },
  "KL_res": {
    "KL divergence": 2.272631285630408,
    "Euclidean Dist.": 0.23325846712421125,
    "WER": 0.84,
    "CER": 0.6013513513513513,
    "Cosine Dist.": 0.2879310050836881
  },
  "occ_eval_res": {
    "precision": 44.8276,
    "recall": 52.0,
    "f-score": 48.1481
  },
  "clean_eval": {
    "f-score": 39.37007874015748,
    "precision": 45.87155963302752,
    "recall": 34.48275862068966,
    "tp": 100,
    "fp": 118,
    "fn": 190
  },
  "jaccard": [
    0.5032679738562091
  ],
  "braycurtis": [
    0.3674698795180723
  ],
  "dice": [
    0.33624454148471616
  ],
  "cosinus": [
    0.25448654743433163
  ]
}