{
  "voc_eval_res": {
    "precision": 36.3636,
    "recall": 33.3333,
    "f-score": 34.7826
  },
  "KL_res": {
    "KL divergence": 4.778807527262286,
    "Euclidean Dist.": 0.3606303379239796,
    "WER": 0.9230769230769231,
    "CER": 0.75,
    "Cosine Dist.": 0.4993738256782413
  },
  "occ_eval_res": {
    "precision": 33.3333,
    "recall": 30.7692,
    "f-score": 32.0
  },
  "clean_eval": {
    "f-score": 50.0,
    "precision": 56.12244897959183,
    "recall": 45.08196721311475,
    "tp": 55,
    "fp": 43,
    "fn": 67
  },
  "jaccard": [
    0.6480446927374302
  ],
  "braycurtis": [
    0.5503355704697986
  ],
  "dice": [
    0.4793388429752066
  ],
  "cosinus": [
    0.4685612848511852
  ]
}