{
  "voc_eval_res": {
    "precision": 41.1765,
    "recall": 58.3333,
    "f-score": 48.2759
  },
  "KL_res": {
    "KL divergence": 2.409749351931688,
    "Euclidean Dist.": 0.30985330447614173,
    "WER": 1.3333333333333333,
    "CER": 0.6091954022988506,
    "Cosine Dist.": 0.2941176470588234
  },
  "occ_eval_res": {
    "precision": 32.1429,
    "recall": 60.0,
    "f-score": 41.8605
  },
  "clean_eval": {
    "f-score": 39.01098901098901,
    "precision": 52.98507462686567,
    "recall": 30.869565217391305,
    "tp": 71,
    "fp": 63,
    "fn": 159
  },
  "jaccard": [
    0.5566037735849056
  ],
  "braycurtis": [
    0.47107438016528924
  ],
  "dice": [
    0.38562091503267976
  ],
  "cosinus": [
    0.4096012338116424
  ]
}