{
  "voc_eval_res": {
    "precision": 46.1538,
    "recall": 52.1739,
    "f-score": 48.9796
  },
  "KL_res": {
    "KL divergence": 2.571322761942474,
    "Euclidean Dist.": 0.21055501380615077,
    "WER": 1.0769230769230769,
    "CER": 0.8269230769230769,
    "Cosine Dist.": 0.32000000000000006
  },
  "occ_eval_res": {
    "precision": 46.4286,
    "recall": 50.0,
    "f-score": 48.1481
  },
  "clean_eval": {
    "f-score": 13.359528487229863,
    "precision": 13.333333333333334,
    "recall": 13.385826771653544,
    "tp": 34,
    "fp": 221,
    "fn": 220
  },
  "jaccard": [
    0.5609756097560976
  ],
  "braycurtis": [
    0.41369047619047616
  ],
  "dice": [
    0.3898305084745763
  ],
  "cosinus": [
    0.2851859655377118
  ]
}