{
  "voc_eval_res": {
    "precision": 60.0,
    "recall": 42.8571,
    "f-score": 50.0
  },
  "KL_res": {
    "KL divergence": 3.460662982343541,
    "Euclidean Dist.": 0.30101867865293547,
    "WER": 0.5714285714285714,
    "CER": 0.36470588235294116,
    "Cosine Dist.": 0.3291796067500633
  },
  "occ_eval_res": {
    "precision": 60.0,
    "recall": 42.8571,
    "f-score": 50.0
  },
  "clean_eval": {
    "f-score": 43.57976653696498,
    "precision": 35.44303797468354,
    "recall": 56.56565656565656,
    "tp": 56,
    "fp": 102,
    "fn": 43
  },
  "jaccard": [
    0.5082872928176796
  ],
  "braycurtis": [
    0.35714285714285715
  ],
  "dice": [
    0.34074074074074073
  ],
  "cosinus": [
    0.2920348324741764
  ]
}