{
  "voc_eval_res": {
    "precision": 33.3333,
    "recall": 71.4286,
    "f-score": 45.4545
  },
  "KL_res": {
    "KL divergence": 1.4055120601346256,
    "Euclidean Dist.": 0.35829276077273087,
    "WER": 1.0,
    "CER": 0.8979591836734694,
    "Cosine Dist.": 0.22540333075851648
  },
  "occ_eval_res": {
    "precision": 41.1765,
    "recall": 70.0,
    "f-score": 51.8519
  },
  "clean_eval": {
    "f-score": 60.15625,
    "precision": 78.57142857142857,
    "recall": 48.734177215189874,
    "tp": 77,
    "fp": 21,
    "fn": 81
  },
  "jaccard": [
    0.6176470588235294
  ],
  "braycurtis": [
    0.43478260869565216
  ],
  "dice": [
    0.44680851063829785
  ],
  "cosinus": [
    0.32246628847738534
  ]
}