{
  "voc_eval_res": {
    "precision": 31.8182,
    "recall": 53.8462,
    "f-score": 40.0
  },
  "KL_res": {
    "KL divergence": 2.379054726729353,
    "Euclidean Dist.": 0.253060809656901,
    "WER": 1.5333333333333334,
    "CER": 1.3857142857142857,
    "Cosine Dist.": 0.2417124555948449
  },
  "occ_eval_res": {
    "precision": 29.0323,
    "recall": 60.0,
    "f-score": 39.1304
  },
  "clean_eval": {
    "f-score": 25.471698113207548,
    "precision": 36.986301369863014,
    "recall": 19.424460431654676,
    "tp": 54,
    "fp": 92,
    "fn": 224
  },
  "jaccard": [
    0.7043795620437956
  ],
  "braycurtis": [
    0.5806451612903226
  ],
  "dice": [
    0.543661971830986
  ],
  "cosinus": [
    0.40990361141917364
  ]
}