{
  "voc_eval_res": {
    "precision": 27.907,
    "recall": 35.2941,
    "f-score": 31.1688
  },
  "KL_res": {
    "KL divergence": 4.113772051587481,
    "Euclidean Dist.": 0.2287756581992645,
    "WER": 0.8297872340425532,
    "CER": 0.5817490494296578,
    "Cosine Dist.": 0.590909090909091
  },
  "occ_eval_res": {
    "precision": 28.8889,
    "recall": 27.6596,
    "f-score": 28.2609
  },
  "clean_eval": {
    "f-score": 23.275862068965512,
    "precision": 25.59241706161137,
    "recall": 21.34387351778656,
    "tp": 108,
    "fp": 314,
    "fn": 398
  },
  "jaccard": [
    0.624031007751938
  ],
  "braycurtis": [
    0.4599659284497445
  ],
  "dice": [
    0.4535211267605634
  ],
  "cosinus": [
    0.3327835623329891
  ]
}