{
  "voc_eval_res": {
    "precision": 57.1429,
    "recall": 61.5385,
    "f-score": 59.2593
  },
  "KL_res": {
    "KL divergence": 1.615286786917014,
    "Euclidean Dist.": 0.26588698012053225,
    "WER": 0.5882352941176471,
    "CER": 0.35714285714285715,
    "Cosine Dist.": 0.19899812108518578
  },
  "occ_eval_res": {
    "precision": 60.0,
    "recall": 52.9412,
    "f-score": 56.25
  },
  "clean_eval": {
    "f-score": 22.28739002932551,
    "precision": 20.76502732240437,
    "recall": 24.050632911392405,
    "tp": 38,
    "fp": 145,
    "fn": 120
  },
  "jaccard": [
    0.44886363636363635
  ],
  "braycurtis": [
    0.3197969543147208
  ],
  "dice": [
    0.2893772893772894
  ],
  "cosinus": [
    0.18452807451109998
  ]
}