{
  "voc_eval_res": {
    "precision": 60.0,
    "recall": 100.0,
    "f-score": 75.0
  },
  "KL_res": {
    "KL divergence": 0.33135814717167017,
    "Euclidean Dist.": 0.3568570284799084,
    "WER": 0.7142857142857143,
    "CER": 0.625,
    "Cosine Dist.": 0.1750420886156946
  },
  "occ_eval_res": {
    "precision": 60.0,
    "recall": 85.7143,
    "f-score": 70.5882
  },
  "clean_eval": {
    "f-score": 63.46153846153847,
    "precision": 76.74418604651163,
    "recall": 54.09836065573771,
    "tp": 66,
    "fp": 20,
    "fn": 56
  },
  "jaccard": [
    0.29310344827586204
  ],
  "braycurtis": [
    0.23076923076923078
  ],
  "dice": [
    0.1717171717171717
  ],
  "cosinus": [
    0.15768269573311133
  ]
}