{
  "voc_eval_res": {
    "precision": 53.125,
    "recall": 51.5152,
    "f-score": 52.3077
  },
  "KL_res": {
    "KL divergence": 1.808634303164597,
    "Euclidean Dist.": 0.15640131501025534,
    "WER": 0.6086956521739131,
    "CER": 0.4012539184952978,
    "Cosine Dist.": 0.16544602855001644
  },
  "occ_eval_res": {
    "precision": 60.9756,
    "recall": 54.3478,
    "f-score": 57.4713
  },
  "clean_eval": {
    "f-score": 6.2,
    "precision": 5.849056603773585,
    "recall": 6.595744680851063,
    "tp": 31,
    "fp": 499,
    "fn": 439
  },
  "jaccard": [
    0.5012224938875306
  ],
  "braycurtis": [
    0.34003350083752093
  ],
  "dice": [
    0.33442088091353994
  ],
  "cosinus": [
    0.18762084803364187
  ]
}