{
  "voc_eval_res": {
    "precision": 29.4118,
    "recall": 62.5,
    "f-score": 40.0
  },
  "KL_res": {
    "KL divergence": 1.5656972638789604,
    "Euclidean Dist.": 0.3106663893023783,
    "WER": 1.0833333333333333,
    "CER": 0.47191011235955055,
    "Cosine Dist.": 0.16072040183116632
  },
  "occ_eval_res": {
    "precision": 42.8571,
    "recall": 75.0,
    "f-score": 54.5455
  },
  "clean_eval": {
    "f-score": 62.94117647058823,
    "precision": 73.28767123287672,
    "recall": 55.154639175257735,
    "tp": 107,
    "fp": 39,
    "fn": 87
  },
  "jaccard": [
    0.5879120879120879
  ],
  "braycurtis": [
    0.35121951219512193
  ],
  "dice": [
    0.4163424124513619
  ],
  "cosinus": [
    0.24472067352069216
  ]
}