{
  "voc_eval_res": {
    "precision": 25.641,
    "recall": 47.619,
    "f-score": 33.3333
  },
  "KL_res": {
    "KL divergence": 2.587272415946483,
    "Euclidean Dist.": 0.22459863099094327,
    "WER": 1.32,
    "CER": 0.8042328042328042,
    "Cosine Dist.": 0.3461844698427945
  },
  "occ_eval_res": {
    "precision": 29.7872,
    "recall": 56.0,
    "f-score": 38.8889
  },
  "clean_eval": {
    "f-score": 23.83419689119171,
    "precision": 33.093525179856115,
    "recall": 18.62348178137652,
    "tp": 92,
    "fp": 186,
    "fn": 402
  },
  "jaccard": [
    0.5847665847665847
  ],
  "braycurtis": [
    0.4239350912778905
  ],
  "dice": [
    0.4131944444444444
  ],
  "cosinus": [
    0.2635449962625642
  ]
}