{
  "voc_eval_res": {
    "precision": 19.2308,
    "recall": 35.7143,
    "f-score": 25.0
  },
  "KL_res": {
    "KL divergence": 4.057331196830099,
    "Euclidean Dist.": 0.30891849691841056,
    "WER": 1.4666666666666666,
    "CER": 0.8888888888888888,
    "Cosine Dist.": 0.5689472751357403
  },
  "occ_eval_res": {
    "precision": 19.2308,
    "recall": 33.3333,
    "f-score": 24.3902
  },
  "clean_eval": {
    "f-score": 16.90721649484536,
    "precision": 22.404371584699454,
    "recall": 13.57615894039735,
    "tp": 41,
    "fp": 142,
    "fn": 261
  },
  "jaccard": [
    0.6358543417366946
  ],
  "braycurtis": [
    0.4869281045751634
  ],
  "dice": [
    0.46611909650924027
  ],
  "cosinus": [
    0.33141101881988844
  ]
}