{
  "voc_eval_res": {
    "precision": 43.75,
    "recall": 46.6667,
    "f-score": 45.1613
  },
  "KL_res": {
    "KL divergence": 2.729196437683982,
    "Euclidean Dist.": 0.25984091486535044,
    "WER": 0.8823529411764706,
    "CER": 0.6454545454545455,
    "Cosine Dist.": 0.2745237498899882
  },
  "occ_eval_res": {
    "precision": 45.0,
    "recall": 52.9412,
    "f-score": 48.6486
  },
  "clean_eval": {
    "f-score": 29.42643391521197,
    "precision": 30.412371134020617,
    "recall": 28.502415458937197,
    "tp": 59,
    "fp": 135,
    "fn": 148
  },
  "jaccard": [
    0.59375
  ],
  "braycurtis": [
    0.44176706827309237
  ],
  "dice": [
    0.4222222222222222
  ],
  "cosinus": [
    0.3091095869140694
  ]
}