{
  "voc_eval_res": {
    "precision": 23.0769,
    "recall": 50.0,
    "f-score": 31.5789
  },
  "KL_res": {
    "KL divergence": 2.9593550521293803,
    "Euclidean Dist.": 0.2869794474110021,
    "WER": 1.6923076923076923,
    "CER": 1.2323232323232323,
    "Cosine Dist.": 0.35181878391233146
  },
  "occ_eval_res": {
    "precision": 25.0,
    "recall": 53.8462,
    "f-score": 34.1463
  },
  "clean_eval": {
    "f-score": 9.433962264150944,
    "precision": 13.698630136986301,
    "recall": 7.194244604316546,
    "tp": 20,
    "fp": 126,
    "fn": 258
  },
  "jaccard": [
    0.6503267973856209
  ],
  "braycurtis": [
    0.5064935064935064
  ],
  "dice": [
    0.48184019370460046
  ],
  "cosinus": [
    0.24691641569663914
  ]
}