{
  "voc_eval_res": {
    "precision": 33.3333,
    "recall": 72.7273,
    "f-score": 45.7143
  },
  "KL_res": {
    "KL divergence": 1.7498223399417634,
    "Euclidean Dist.": 0.3489090139277001,
    "WER": 1.125,
    "CER": 0.824,
    "Cosine Dist.": 0.3377338214674781
  },
  "occ_eval_res": {
    "precision": 36.0,
    "recall": 56.25,
    "f-score": 43.9024
  },
  "clean_eval": {
    "f-score": 16.052060737527118,
    "precision": 20.32967032967033,
    "recall": 13.261648745519713,
    "tp": 37,
    "fp": 145,
    "fn": 242
  },
  "jaccard": [
    0.6082089552238806
  ],
  "braycurtis": [
    0.4318181818181818
  ],
  "dice": [
    0.43699731903485256
  ],
  "cosinus": [
    0.24522532087264715
  ]
}