{
  "voc_eval_res": {
    "precision": 25.0,
    "recall": 57.1429,
    "f-score": 34.7826
  },
  "KL_res": {
    "KL divergence": 2.4045567707023685,
    "Euclidean Dist.": 0.4420508461899874,
    "WER": 1.3333333333333333,
    "CER": 1.3404255319148937,
    "Cosine Dist.": 0.4404971150558117
  },
  "occ_eval_res": {
    "precision": 25.0,
    "recall": 44.4444,
    "f-score": 32.0
  },
  "clean_eval": {
    "f-score": 53.278688524590166,
    "precision": 75.5813953488372,
    "recall": 41.139240506329116,
    "tp": 65,
    "fp": 21,
    "fn": 93
  },
  "jaccard": [
    0.6865671641791045
  ],
  "braycurtis": [
    0.5723684210526315
  ],
  "dice": [
    0.5227272727272727
  ],
  "cosinus": [
    0.49149313183332743
  ]
}