{
  "voc_eval_res": {
    "precision": 35.7143,
    "recall": 44.1176,
    "f-score": 39.4737
  },
  "KL_res": {
    "KL divergence": 2.307704358722748,
    "Euclidean Dist.": 0.1632522687199548,
    "WER": 0.8653846153846154,
    "CER": 0.5935672514619883,
    "Cosine Dist.": 0.17685919722824794
  },
  "occ_eval_res": {
    "precision": 45.4545,
    "recall": 48.0769,
    "f-score": 46.729
  },
  "clean_eval": {
    "f-score": 27.11864406779661,
    "precision": 26.297577854671278,
    "recall": 27.992633517495396,
    "tp": 152,
    "fp": 426,
    "fn": 391
  },
  "jaccard": [
    0.5580448065173116
  ],
  "braycurtis": [
    0.37369207772795215
  ],
  "dice": [
    0.3870056497175141
  ],
  "cosinus": [
    0.18987058988482852
  ]
}