{
  "voc_eval_res": {
    "precision": 44.7368,
    "recall": 60.7143,
    "f-score": 51.5152
  },
  "KL_res": {
    "KL divergence": 2.343163268885082,
    "Euclidean Dist.": 0.20554140408672572,
    "WER": 0.7906976744186046,
    "CER": 0.5280898876404494,
    "Cosine Dist.": 0.36023672178359967
  },
  "occ_eval_res": {
    "precision": 44.0,
    "recall": 51.1628,
    "f-score": 47.3118
  },
  "clean_eval": {
    "f-score": 24.789915966386552,
    "precision": 27.188940092165897,
    "recall": 22.779922779922778,
    "tp": 118,
    "fp": 316,
    "fn": 400
  },
  "jaccard": [
    0.4600484261501211
  ],
  "braycurtis": [
    0.3547854785478548
  ],
  "dice": [
    0.29874213836477986
  ],
  "cosinus": [
    0.25558553375057214
  ]
}