{
  "voc_eval_res": {
    "precision": 52.6316,
    "recall": 41.6667,
    "f-score": 46.5116
  },
  "KL_res": {
    "KL divergence": 3.291373682865331,
    "Euclidean Dist.": 0.25757376813593813,
    "WER": 0.71875,
    "CER": 0.46710526315789475,
    "Cosine Dist.": 0.4422266489772828
  },
  "occ_eval_res": {
    "precision": 47.619,
    "recall": 31.25,
    "f-score": 37.7358
  },
  "clean_eval": {
    "f-score": 25.403225806451612,
    "precision": 22.66187050359712,
    "recall": 28.899082568807337,
    "tp": 63,
    "fp": 215,
    "fn": 155
  },
  "jaccard": [
    0.5460992907801419
  ],
  "braycurtis": [
    0.4397163120567376
  ],
  "dice": [
    0.375609756097561
  ],
  "cosinus": [
    0.35556071971130476
  ]
}