{
  "voc_eval_res": {
    "precision": 40.0,
    "recall": 36.3636,
    "f-score": 38.0952
  },
  "KL_res": {
    "KL divergence": 3.683543558453069,
    "Euclidean Dist.": 0.25246987229519857,
    "WER": 0.8695652173913043,
    "CER": 0.6585365853658537,
    "Cosine Dist.": 0.42024909563579693
  },
  "occ_eval_res": {
    "precision": 36.3636,
    "recall": 34.7826,
    "f-score": 35.5556
  },
  "clean_eval": {
    "f-score": 27.54237288135593,
    "precision": 28.26086956521739,
    "recall": 26.859504132231404,
    "tp": 65,
    "fp": 165,
    "fn": 177
  },
  "jaccard": [
    0.6389776357827476
  ],
  "braycurtis": [
    0.4942084942084942
  ],
  "dice": [
    0.4694835680751174
  ],
  "cosinus": [
    0.4084819703493595
  ]
}