{
  "voc_eval_res": {
    "precision": 33.3333,
    "recall": 29.0323,
    "f-score": 31.0345
  },
  "KL_res": {
    "KL divergence": 4.587886687069246,
    "Euclidean Dist.": 0.23856536515031562,
    "WER": 0.8611111111111112,
    "CER": 0.44954128440366975,
    "Cosine Dist.": 0.5527864045000419
  },
  "occ_eval_res": {
    "precision": 34.4828,
    "recall": 27.7778,
    "f-score": 30.7692
  },
  "clean_eval": {
    "f-score": 34.74025974025974,
    "precision": 32.82208588957055,
    "recall": 36.896551724137936,
    "tp": 107,
    "fp": 219,
    "fn": 183
  },
  "jaccard": [
    0.5654320987654321
  ],
  "braycurtis": [
    0.4198645598194131
  ],
  "dice": [
    0.39414802065404475
  ],
  "cosinus": [
    0.3128138114044924
  ]
}