{
  "voc_eval_res": {
    "precision": 20.0,
    "recall": 50.0,
    "f-score": 28.5714
  },
  "KL_res": {
    "KL divergence": 3.0128536237695753,
    "Euclidean Dist.": 0.44482286614675776,
    "WER": 1.8571428571428572,
    "CER": 0.9814814814814815,
    "Cosine Dist.": 0.40371520600005617
  },
  "occ_eval_res": {
    "precision": 23.5294,
    "recall": 57.1429,
    "f-score": 33.3333
  },
  "clean_eval": {
    "f-score": 51.21951219512194,
    "precision": 73.25581395348837,
    "recall": 39.375,
    "tp": 63,
    "fp": 23,
    "fn": 97
  },
  "jaccard": [
    0.5697674418604651
  ],
  "braycurtis": [
    0.391025641025641
  ],
  "dice": [
    0.3983739837398374
  ],
  "cosinus": [
    0.26127533833718675
  ]
}