{
  "voc_eval_res": {
    "precision": 33.3333,
    "recall": 45.0,
    "f-score": 38.2979
  },
  "KL_res": {
    "KL divergence": 3.276415839724287,
    "Euclidean Dist.": 0.24127238326781522,
    "WER": 1.2083333333333333,
    "CER": 0.925,
    "Cosine Dist.": 0.4104936552534366
  },
  "occ_eval_res": {
    "precision": 34.4828,
    "recall": 41.6667,
    "f-score": 37.7358
  },
  "clean_eval": {
    "f-score": 17.86941580756014,
    "precision": 19.402985074626866,
    "recall": 16.560509554140125,
    "tp": 52,
    "fp": 216,
    "fn": 262
  },
  "jaccard": [
    0.5816618911174785
  ],
  "braycurtis": [
    0.44931506849315067
  ],
  "dice": [
    0.4101010101010101
  ],
  "cosinus": [
    0.32720454129841703
  ]
}