{
  "voc_eval_res": {
    "precision": 100.0,
    "recall": 50.0,
    "f-score": 66.6667
  },
  "KL_res": {
    "KL divergence": 3.20113765331193,
    "Euclidean Dist.": 0.6123724356957945,
    "WER": 0.5,
    "CER": 0.3939393939393939,
    "Cosine Dist.": 0.18350341907227385
  },
  "occ_eval_res": {
    "precision": 100.0,
    "recall": 50.0,
    "f-score": 66.6667
  },
  "clean_eval": {
    "f-score": 55.26315789473685,
    "precision": 42.0,
    "recall": 80.76923076923077,
    "tp": 21,
    "fp": 29,
    "fn": 5
  },
  "jaccard": [
    0.4426229508196721
  ],
  "braycurtis": [
    0.28
  ],
  "dice": [
    0.28421052631578947
  ],
  "cosinus": [
    0.22915442626248095
  ]
}