{
  "voc_eval_res": {
    "precision": 80.0,
    "recall": 80.0,
    "f-score": 80.0
  },
  "KL_res": {
    "KL divergence": 1.1003263735377582,
    "Euclidean Dist.": 0.28284271247461906,
    "WER": 0.4,
    "CER": 0.2631578947368421,
    "Cosine Dist.": 0.11111111111111116
  },
  "occ_eval_res": {
    "precision": 80.0,
    "recall": 80.0,
    "f-score": 80.0
  },
  "clean_eval": {
    "f-score": 80.64516129032258,
    "precision": 80.64516129032258,
    "recall": 80.64516129032258,
    "tp": 50,
    "fp": 12,
    "fn": 12
  },
  "jaccard": [
    0.4111111111111111
  ],
  "braycurtis": [
    0.25675675675675674
  ],
  "dice": [
    0.25874125874125875
  ],
  "cosinus": [
    0.24026282360241358
  ]
}