{
  "voc_eval_res": {
    "precision": 30.0,
    "recall": 25.0,
    "f-score": 27.2727
  },
  "KL_res": {
    "KL divergence": 4.7701590350405825,
    "Euclidean Dist.": 0.3621925343690324,
    "WER": 0.8461538461538461,
    "CER": 0.5480769230769231,
    "Cosine Dist.": 0.5158179738649582
  },
  "occ_eval_res": {
    "precision": 30.0,
    "recall": 23.0769,
    "f-score": 26.087
  },
  "clean_eval": {
    "f-score": 43.74999999999999,
    "precision": 38.35616438356164,
    "recall": 50.90909090909091,
    "tp": 56,
    "fp": 90,
    "fn": 54
  },
  "jaccard": [
    0.6891891891891891
  ],
  "braycurtis": [
    0.5359116022099447
  ],
  "dice": [
    0.5257731958762887
  ],
  "cosinus": [
    0.3922277678264283
  ]
}