{
  "voc_eval_res": {
    "precision": 33.3333,
    "recall": 80.0,
    "f-score": 47.0588
  },
  "KL_res": {
    "KL divergence": 1.5779556868371778,
    "Euclidean Dist.": 0.45215533220835125,
    "WER": 1.6,
    "CER": 1.3783783783783783,
    "Cosine Dist.": 0.33333333333333337
  },
  "occ_eval_res": {
    "precision": 33.3333,
    "recall": 80.0,
    "f-score": 47.0588
  },
  "clean_eval": {
    "f-score": 48.97959183673469,
    "precision": 77.41935483870968,
    "recall": 35.82089552238806,
    "tp": 48,
    "fp": 14,
    "fn": 86
  },
  "jaccard": [
    0.5874125874125874
  ],
  "braycurtis": [
    0.49193548387096775
  ],
  "dice": [
    0.4158415841584158
  ],
  "cosinus": [
    0.3219831225054671
  ]
}