{
  "voc_eval_res": {
    "precision": 22.2222,
    "recall": 33.3333,
    "f-score": 26.6667
  },
  "KL_res": {
    "KL divergence": 3.7548741008885975,
    "Euclidean Dist.": 0.39042723414318564,
    "WER": 0.8888888888888888,
    "CER": 0.6615384615384615,
    "Cosine Dist.": 0.2592592592592593
  },
  "occ_eval_res": {
    "precision": 36.3636,
    "recall": 44.4444,
    "f-score": 40.0
  },
  "clean_eval": {
    "f-score": 56.896551724137936,
    "precision": 60.0,
    "recall": 54.09836065573771,
    "tp": 66,
    "fp": 44,
    "fn": 56
  },
  "jaccard": [
    0.6903225806451613
  ],
  "braycurtis": [
    0.4482758620689655
  ],
  "dice": [
    0.5270935960591133
  ],
  "cosinus": [
    0.26323714850622515
  ]
}