{
  "voc_eval_res": {
    "precision": 58.3333,
    "recall": 66.6667,
    "f-score": 62.2222
  },
  "KL_res": {
    "KL divergence": 1.1450000134339555,
    "Euclidean Dist.": 0.18315175731364405,
    "WER": 0.6774193548387096,
    "CER": 0.5051020408163265,
    "Cosine Dist.": 0.1414331941851138
  },
  "occ_eval_res": {
    "precision": 62.5,
    "recall": 64.5161,
    "f-score": 63.4921
  },
  "clean_eval": {
    "f-score": 13.684210526315788,
    "precision": 13.903743315508022,
    "recall": 13.471502590673575,
    "tp": 52,
    "fp": 322,
    "fn": 334
  },
  "jaccard": [
    0.4101694915254237
  ],
  "braycurtis": [
    0.2564102564102564
  ],
  "dice": [
    0.2579957356076759
  ],
  "cosinus": [
    0.10772278821521142
  ]
}