{
  "voc_eval_res": {
    "precision": 52.0,
    "recall": 52.0,
    "f-score": 52.0
  },
  "KL_res": {
    "KL divergence": 2.1289676707562375,
    "Euclidean Dist.": 0.21908059374546013,
    "WER": 0.631578947368421,
    "CER": 0.48333333333333334,
    "Cosine Dist.": 0.2700411223930318
  },
  "occ_eval_res": {
    "precision": 56.6667,
    "recall": 44.7368,
    "f-score": 50.0
  },
  "clean_eval": {
    "f-score": 18.31610044313146,
    "precision": 17.71428571428571,
    "recall": 18.960244648318042,
    "tp": 62,
    "fp": 288,
    "fn": 265
  },
  "jaccard": [
    0.5247252747252747
  ],
  "braycurtis": [
    0.3917748917748918
  ],
  "dice": [
    0.35567970204841715
  ],
  "cosinus": [
    0.23264027126269582
  ]
}