{
  "voc_eval_res": {
    "precision": 28.5714,
    "recall": 70.5882,
    "f-score": 40.678
  },
  "KL_res": {
    "KL divergence": 1.4224824747236602,
    "Euclidean Dist.": 0.23932261483558664,
    "WER": 1.5769230769230769,
    "CER": 1.0057142857142858,
    "Cosine Dist.": 0.17514433711261268
  },
  "occ_eval_res": {
    "precision": 35.7143,
    "recall": 76.9231,
    "f-score": 48.7805
  },
  "clean_eval": {
    "f-score": 26.45241038318912,
    "precision": 40.225563909774436,
    "recall": 19.70534069981584,
    "tp": 107,
    "fp": 159,
    "fn": 436
  },
  "jaccard": [
    0.6004901960784313
  ],
  "braycurtis": [
    0.40636704119850187
  ],
  "dice": [
    0.4290718038528897
  ],
  "cosinus": [
    0.1791891117720148
  ]
}