{
  "voc_eval_res": {
    "precision": 23.0769,
    "recall": 18.75,
    "f-score": 20.6897
  },
  "KL_res": {
    "KL divergence": 5.949219112466892,
    "Euclidean Dist.": 0.33346813718961227,
    "WER": 0.9375,
    "CER": 0.5670103092783505,
    "Cosine Dist.": 0.6558763991941574
  },
  "occ_eval_res": {
    "precision": 23.0769,
    "recall": 18.75,
    "f-score": 20.6897
  },
  "clean_eval": {
    "f-score": 70.39473684210526,
    "precision": 67.72151898734177,
    "recall": 73.28767123287672,
    "tp": 107,
    "fp": 51,
    "fn": 39
  },
  "jaccard": [
    0.7028301886792453
  ],
  "braycurtis": [
    0.5117647058823529
  ],
  "dice": [
    0.5418181818181819
  ],
  "cosinus": [
    0.40099709250451465
  ]
}