{
  "voc_eval_res": {
    "precision": 35.0,
    "recall": 70.0,
    "f-score": 46.6667
  },
  "KL_res": {
    "KL divergence": 1.1425947619070467,
    "Euclidean Dist.": 0.2562076523273868,
    "WER": 1.125,
    "CER": 0.9,
    "Cosine Dist.": 0.11350056236795869
  },
  "occ_eval_res": {
    "precision": 43.3333,
    "recall": 81.25,
    "f-score": 56.5217
  },
  "clean_eval": {
    "f-score": 14.661654135338347,
    "precision": 20.103092783505154,
    "recall": 11.538461538461538,
    "tp": 39,
    "fp": 155,
    "fn": 299
  },
  "jaccard": [
    0.5765765765765766
  ],
  "braycurtis": [
    0.36428571428571427
  ],
  "dice": [
    0.4050632911392405
  ],
  "cosinus": [
    0.13721974537660442
  ]
}