{
  "voc_eval_res": {
    "precision": 37.5,
    "recall": 33.3333,
    "f-score": 35.2941
  },
  "KL_res": {
    "KL divergence": 4.622982213617371,
    "Euclidean Dist.": 0.3928371006591931,
    "WER": 0.8333333333333334,
    "CER": 0.6607142857142857,
    "Cosine Dist.": 0.4059114742139954
  },
  "occ_eval_res": {
    "precision": 44.4444,
    "recall": 33.3333,
    "f-score": 38.0952
  },
  "clean_eval": {
    "f-score": 67.94258373205741,
    "precision": 71.71717171717171,
    "recall": 64.54545454545455,
    "tp": 71,
    "fp": 28,
    "fn": 39
  },
  "jaccard": [
    0.6301369863013698
  ],
  "braycurtis": [
    0.44881889763779526
  ],
  "dice": [
    0.46
  ],
  "cosinus": [
    0.33798725875915536
  ]
}