{
  "voc_eval_res": {
    "precision": 50.0,
    "recall": 50.0,
    "f-score": 50.0
  },
  "KL_res": {
    "KL divergence": 2.242603260843573,
    "Euclidean Dist.": 0.2279014220485365,
    "WER": 0.6363636363636364,
    "CER": 0.43703703703703706,
    "Cosine Dist.": 0.24887595709916766
  },
  "occ_eval_res": {
    "precision": 52.6316,
    "recall": 45.4545,
    "f-score": 48.7805
  },
  "clean_eval": {
    "f-score": 63.10679611650484,
    "precision": 59.63302752293578,
    "recall": 67.0103092783505,
    "tp": 130,
    "fp": 88,
    "fn": 64
  },
  "jaccard": [
    0.5315985130111525
  ],
  "braycurtis": [
    0.36538461538461536
  ],
  "dice": [
    0.3620253164556962
  ],
  "cosinus": [
    0.24294434875648652
  ]
}