{
  "voc_eval_res": {
    "precision": 38.7097,
    "recall": 54.5455,
    "f-score": 45.283
  },
  "KL_res": {
    "KL divergence": 1.6697248315085258,
    "Euclidean Dist.": 0.1955970857519317,
    "WER": 0.8,
    "CER": 0.7569060773480663,
    "Cosine Dist.": 0.17681939823176962
  },
  "occ_eval_res": {
    "precision": 47.9167,
    "recall": 65.7143,
    "f-score": 55.4217
  },
  "clean_eval": {
    "f-score": 14.60674157303371,
    "precision": 16.560509554140125,
    "recall": 13.06532663316583,
    "tp": 52,
    "fp": 262,
    "fn": 346
  },
  "jaccard": [
    0.58994708994709
  ],
  "braycurtis": [
    0.42701525054466233
  ],
  "dice": [
    0.41838649155722324
  ],
  "cosinus": [
    0.2894326114003405
  ]
}