{
  "voc_eval_res": {
    "precision": 50.0,
    "recall": 69.2308,
    "f-score": 58.0645
  },
  "KL_res": {
    "KL divergence": 0.8714543747368886,
    "Euclidean Dist.": 0.186294679180813,
    "WER": 0.5,
    "CER": 0.29608938547486036,
    "Cosine Dist.": 0.04156192741702569
  },
  "occ_eval_res": {
    "precision": 65.5172,
    "recall": 79.1667,
    "f-score": 71.6981
  },
  "clean_eval": {
    "f-score": 30.89171974522293,
    "precision": 33.44827586206897,
    "recall": 28.698224852071007,
    "tp": 97,
    "fp": 193,
    "fn": 241
  },
  "jaccard": [
    0.39805825242718446
  ],
  "braycurtis": [
    0.16578947368421051
  ],
  "dice": [
    0.24848484848484848
  ],
  "cosinus": [
    0.03608379390999328
  ]
}