{
  "voc_eval_res": {
    "precision": 16.6667,
    "recall": 21.0526,
    "f-score": 18.6047
  },
  "KL_res": {
    "KL divergence": 5.5470979113677705,
    "Euclidean Dist.": 0.2784564530034843,
    "WER": 1.0,
    "CER": 0.6993865030674846,
    "Cosine Dist.": 0.6105095811477399
  },
  "occ_eval_res": {
    "precision": 20.0,
    "recall": 21.7391,
    "f-score": 20.8333
  },
  "clean_eval": {
    "f-score": 52.016129032258064,
    "precision": 56.086956521739125,
    "recall": 48.49624060150376,
    "tp": 129,
    "fp": 101,
    "fn": 137
  },
  "jaccard": [
    0.6935483870967742
  ],
  "braycurtis": [
    0.5
  ],
  "dice": [
    0.5308641975308642
  ],
  "cosinus": [
    0.3442841460390095
  ]
}