{
  "voc_eval_res": {
    "precision": 52.9412,
    "recall": 52.9412,
    "f-score": 52.9412
  },
  "KL_res": {
    "KL divergence": 2.153071734577744,
    "Euclidean Dist.": 0.21521103473958814,
    "WER": 0.65,
    "CER": 0.4262295081967213,
    "Cosine Dist.": 0.20390206015556012
  },
  "occ_eval_res": {
    "precision": 57.8947,
    "recall": 55.0,
    "f-score": 56.4103
  },
  "clean_eval": {
    "f-score": 37.735849056603776,
    "precision": 36.69724770642202,
    "recall": 38.83495145631068,
    "tp": 80,
    "fp": 138,
    "fn": 126
  },
  "jaccard": [
    0.4833948339483395
  ],
  "braycurtis": [
    0.34108527131782945
  ],
  "dice": [
    0.31873479318734793
  ],
  "cosinus": [
    0.26461152034917457
  ]
}