{
  "voc_eval_res": {
    "precision": 21.4286,
    "recall": 18.75,
    "f-score": 20.0
  },
  "KL_res": {
    "KL divergence": 5.968963427735895,
    "Euclidean Dist.": 0.3363147913620346,
    "WER": 0.8125,
    "CER": 0.5510204081632653,
    "Cosine Dist.": 0.6922064943744538
  },
  "occ_eval_res": {
    "precision": 20.0,
    "recall": 18.75,
    "f-score": 19.3548
  },
  "clean_eval": {
    "f-score": 70.39473684210526,
    "precision": 67.72151898734177,
    "recall": 73.28767123287672,
    "tp": 107,
    "fp": 51,
    "fn": 39
  },
  "jaccard": [
    0.7490909090909091
  ],
  "braycurtis": [
    0.612565445026178
  ],
  "dice": [
    0.5988372093023255
  ],
  "cosinus": [
    0.5700386023512098
  ]
}