{
  "voc_eval_res": {
    "precision": 33.3333,
    "recall": 44.4444,
    "f-score": 38.0952
  },
  "KL_res": {
    "KL divergence": 3.2580400026567697,
    "Euclidean Dist.": 0.3666666666666667,
    "WER": 1.2,
    "CER": 0.8870967741935484,
    "Cosine Dist.": 0.4264606653235957
  },
  "occ_eval_res": {
    "precision": 33.3333,
    "recall": 40.0,
    "f-score": 36.3636
  },
  "clean_eval": {
    "f-score": 53.448275862068975,
    "precision": 63.26530612244898,
    "recall": 46.26865671641791,
    "tp": 62,
    "fp": 36,
    "fn": 72
  },
  "jaccard": [
    0.5657142857142857
  ],
  "braycurtis": [
    0.4713375796178344
  ],
  "dice": [
    0.3944223107569721
  ],
  "cosinus": [
    0.36579578705802107
  ]
}