{
  "voc_eval_res": {
    "precision": 47.3684,
    "recall": 45.0,
    "f-score": 46.1538
  },
  "KL_res": {
    "KL divergence": 3.1774460303684897,
    "Euclidean Dist.": 0.2719641466102106,
    "WER": 0.6923076923076923,
    "CER": 0.39655172413793105,
    "Cosine Dist.": 0.36968476355295243
  },
  "occ_eval_res": {
    "precision": 42.3077,
    "recall": 42.3077,
    "f-score": 42.3077
  },
  "clean_eval": {
    "f-score": 44.881889763779526,
    "precision": 44.881889763779526,
    "recall": 44.881889763779526,
    "tp": 114,
    "fp": 140,
    "fn": 140
  },
  "jaccard": [
    0.5236486486486487
  ],
  "braycurtis": [
    0.38023952095808383
  ],
  "dice": [
    0.35469107551487417
  ],
  "cosinus": [
    0.2599804868243919
  ]
}