{
  "voc_eval_res": {
    "precision": 50.0,
    "recall": 55.0,
    "f-score": 52.381
  },
  "KL_res": {
    "KL divergence": 2.50346324372867,
    "Euclidean Dist.": 0.23357914341851654,
    "WER": 0.6666666666666666,
    "CER": 0.4157303370786517,
    "Cosine Dist.": 0.2885085413767917
  },
  "occ_eval_res": {
    "precision": 50.0,
    "recall": 48.1481,
    "f-score": 49.0566
  },
  "clean_eval": {
    "f-score": 24.06015037593985,
    "precision": 24.06015037593985,
    "recall": 24.06015037593985,
    "tp": 64,
    "fp": 202,
    "fn": 202
  },
  "jaccard": [
    0.5098684210526315
  ],
  "braycurtis": [
    0.36470588235294116
  ],
  "dice": [
    0.34216335540838855
  ],
  "cosinus": [
    0.2312432065965495
  ]
}