{
  "voc_eval_res": {
    "precision": 66.6667,
    "recall": 58.8235,
    "f-score": 62.5
  },
  "KL_res": {
    "KL divergence": 1.6686086806129252,
    "Euclidean Dist.": 0.1842569327975222,
    "WER": 0.5714285714285714,
    "CER": 0.4838709677419355,
    "Cosine Dist.": 0.11789144572804588
  },
  "occ_eval_res": {
    "precision": 72.2222,
    "recall": 61.9048,
    "f-score": 66.6667
  },
  "clean_eval": {
    "f-score": 46.330275229357795,
    "precision": 43.913043478260875,
    "recall": 49.029126213592235,
    "tp": 101,
    "fp": 129,
    "fn": 105
  },
  "jaccard": [
    0.49416342412451364
  ],
  "braycurtis": [
    0.3114754098360656
  ],
  "dice": [
    0.3281653746770026
  ],
  "cosinus": [
    0.2036282782456449
  ]
}