{
  "voc_eval_res": {
    "precision": 41.1765,
    "recall": 43.75,
    "f-score": 42.4242
  },
  "KL_res": {
    "KL divergence": 2.40010623311233,
    "Euclidean Dist.": 0.18635835652304578,
    "WER": 0.9047619047619048,
    "CER": 0.5463917525773195,
    "Cosine Dist.": 0.2635317442373327
  },
  "occ_eval_res": {
    "precision": 39.6226,
    "recall": 50.0,
    "f-score": 44.2105
  },
  "clean_eval": {
    "f-score": 9.288537549407113,
    "precision": 9.751037344398341,
    "recall": 8.867924528301886,
    "tp": 47,
    "fp": 435,
    "fn": 483
  },
  "jaccard": [
    0.5723981900452488
  ],
  "braycurtis": [
    0.4215686274509804
  ],
  "dice": [
    0.4009508716323296
  ],
  "cosinus": [
    0.265614325705104
  ]
}