{
  "voc_eval_res": {
    "precision": 18.1818,
    "recall": 28.5714,
    "f-score": 22.2222
  },
  "KL_res": {
    "KL divergence": 5.057639726350418,
    "Euclidean Dist.": 0.31139638658646274,
    "WER": 1.5,
    "CER": 1.02020202020202,
    "Cosine Dist.": 0.6498495123740732
  },
  "occ_eval_res": {
    "precision": 17.3913,
    "recall": 28.5714,
    "f-score": 21.6216
  },
  "clean_eval": {
    "f-score": 11.5,
    "precision": 14.556962025316455,
    "recall": 9.50413223140496,
    "tp": 23,
    "fp": 135,
    "fn": 219
  },
  "jaccard": [
    0.776595744680851
  ],
  "braycurtis": [
    0.6733870967741935
  ],
  "dice": [
    0.6347826086956522
  ],
  "cosinus": [
    0.5927027724487219
  ]
}