{
  "voc_eval_res": {
    "precision": 52.9412,
    "recall": 81.8182,
    "f-score": 64.2857
  },
  "KL_res": {
    "KL divergence": 1.1298653216288919,
    "Euclidean Dist.": 0.2504821054252485,
    "WER": 0.7272727272727273,
    "CER": 0.6533333333333333,
    "Cosine Dist.": 0.210647782623674
  },
  "occ_eval_res": {
    "precision": 52.9412,
    "recall": 81.8182,
    "f-score": 64.2857
  },
  "clean_eval": {
    "f-score": 58.55263157894737,
    "precision": 72.95081967213115,
    "recall": 48.9010989010989,
    "tp": 89,
    "fp": 33,
    "fn": 93
  },
  "jaccard": [
    0.40217391304347827
  ],
  "braycurtis": [
    0.34408602150537637
  ],
  "dice": [
    0.25170068027210885
  ],
  "cosinus": [
    0.22256042442301982
  ]
}