{
  "voc_eval_res": {
    "precision": 58.3333,
    "recall": 70.0,
    "f-score": 63.6364
  },
  "KL_res": {
    "KL divergence": 1.3950028072641776,
    "Euclidean Dist.": 0.2724311839712921,
    "WER": 0.6666666666666666,
    "CER": 0.8615384615384616,
    "Cosine Dist.": 0.17122458598925183
  },
  "occ_eval_res": {
    "precision": 56.25,
    "recall": 75.0,
    "f-score": 64.2857
  },
  "clean_eval": {
    "f-score": 62.658227848101255,
    "precision": 73.88059701492537,
    "recall": 54.395604395604394,
    "tp": 99,
    "fp": 35,
    "fn": 83
  },
  "jaccard": [
    0.5786516853932584
  ],
  "braycurtis": [
    0.47337278106508873
  ],
  "dice": [
    0.40711462450592883
  ],
  "cosinus": [
    0.31953167755046685
  ]
}