{
  "voc_eval_res": {
    "precision": 45.4545,
    "recall": 45.4545,
    "f-score": 45.4545
  },
  "KL_res": {
    "KL divergence": 3.417619350270822,
    "Euclidean Dist.": 0.3149183286488868,
    "WER": 0.6363636363636364,
    "CER": 0.5180722891566265,
    "Cosine Dist.": 0.375
  },
  "occ_eval_res": {
    "precision": 45.4545,
    "recall": 45.4545,
    "f-score": 45.4545
  },
  "clean_eval": {
    "f-score": 70.94017094017096,
    "precision": 67.47967479674797,
    "recall": 74.77477477477478,
    "tp": 83,
    "fp": 40,
    "fn": 28
  },
  "jaccard": [
    0.5508021390374331
  ],
  "braycurtis": [
    0.38666666666666666
  ],
  "dice": [
    0.3800738007380074
  ],
  "cosinus": [
    0.3431965487180454
  ]
}