{
  "voc_eval_res": {
    "precision": 50.0,
    "recall": 26.3158,
    "f-score": 34.4828
  },
  "KL_res": {
    "KL divergence": 4.294163423966284,
    "Euclidean Dist.": 0.32733935909800455,
    "WER": 0.7272727272727273,
    "CER": 0.6054421768707483,
    "Cosine Dist.": 0.28787165363579037
  },
  "occ_eval_res": {
    "precision": 58.3333,
    "recall": 31.8182,
    "f-score": 41.1765
  },
  "clean_eval": {
    "f-score": 56.81818181818181,
    "precision": 45.87155963302752,
    "recall": 74.6268656716418,
    "tp": 100,
    "fp": 118,
    "fn": 34
  },
  "jaccard": [
    0.6568265682656826
  ],
  "braycurtis": [
    0.4830508474576271
  ],
  "dice": [
    0.489010989010989
  ],
  "cosinus": [
    0.32172934501639827
  ]
}