{
  "voc_eval_res": {
    "precision": 21.4286,
    "recall": 33.3333,
    "f-score": 26.087
  },
  "KL_res": {
    "KL divergence": 4.101480120725805,
    "Euclidean Dist.": 0.36271545321367277,
    "WER": 1.3,
    "CER": 0.864406779661017,
    "Cosine Dist.": 0.44529980377477085
  },
  "occ_eval_res": {
    "precision": 25.0,
    "recall": 40.0,
    "f-score": 30.7692
  },
  "clean_eval": {
    "f-score": 44.35797665369649,
    "precision": 58.16326530612245,
    "recall": 35.84905660377358,
    "tp": 57,
    "fp": 41,
    "fn": 102
  },
  "jaccard": [
    0.6985645933014354
  ],
  "braycurtis": [
    0.5212121212121212
  ],
  "dice": [
    0.5367647058823529
  ],
  "cosinus": [
    0.4104916453177627
  ]
}