{
  "voc_eval_res": {
    "precision": 63.6364,
    "recall": 35.0,
    "f-score": 45.1613
  },
  "KL_res": {
    "KL divergence": 3.6751658867134624,
    "Euclidean Dist.": 0.2876915707998708,
    "WER": 0.6190476190476191,
    "CER": 0.4921875,
    "Cosine Dist.": 0.28933094548129845
  },
  "occ_eval_res": {
    "precision": 66.6667,
    "recall": 38.0952,
    "f-score": 48.4848
  },
  "clean_eval": {
    "f-score": 56.81818181818181,
    "precision": 45.87155963302752,
    "recall": 74.6268656716418,
    "tp": 100,
    "fp": 118,
    "fn": 34
  },
  "jaccard": [
    0.6
  ],
  "braycurtis": [
    0.45320197044334976
  ],
  "dice": [
    0.42857142857142855
  ],
  "cosinus": [
    0.3777335032430028
  ]
}