{
  "voc_eval_res": {
    "precision": 57.1429,
    "recall": 80.0,
    "f-score": 66.6667
  },
  "KL_res": {
    "KL divergence": 1.2634793225441028,
    "Euclidean Dist.": 0.35685702847990847,
    "WER": 0.6,
    "CER": 0.5483870967741935,
    "Cosine Dist.": 0.19596974779263032
  },
  "occ_eval_res": {
    "precision": 57.1429,
    "recall": 80.0,
    "f-score": 66.6667
  },
  "clean_eval": {
    "f-score": 64.86486486486487,
    "precision": 77.41935483870968,
    "recall": 55.81395348837209,
    "tp": 48,
    "fp": 14,
    "fn": 38
  },
  "jaccard": [
    0.4943820224719101
  ],
  "braycurtis": [
    0.33783783783783783
  ],
  "dice": [
    0.3283582089552239
  ],
  "cosinus": [
    0.3366260374254496
  ]
}