{
  "voc_eval_res": {
    "precision": 61.9048,
    "recall": 76.4706,
    "f-score": 68.4211
  },
  "KL_res": {
    "KL divergence": 0.9764201167093811,
    "Euclidean Dist.": 0.16664566929125524,
    "WER": 0.5238095238095238,
    "CER": 0.36774193548387096,
    "Cosine Dist.": 0.09741581555677192
  },
  "occ_eval_res": {
    "precision": 62.963,
    "recall": 80.9524,
    "f-score": 70.8333
  },
  "clean_eval": {
    "f-score": 39.09774436090226,
    "precision": 42.97520661157025,
    "recall": 35.86206896551724,
    "tp": 104,
    "fp": 138,
    "fn": 186
  },
  "jaccard": [
    0.32510288065843623
  ],
  "braycurtis": [
    0.2289156626506024
  ],
  "dice": [
    0.1941031941031941
  ],
  "cosinus": [
    0.10029371664718312
  ]
}