{
  "voc_eval_res": {
    "precision": 48.4848,
    "recall": 64.0,
    "f-score": 55.1724
  },
  "KL_res": {
    "KL divergence": 1.9295241135190682,
    "Euclidean Dist.": 0.1989943854285813,
    "WER": 0.75,
    "CER": 0.5340314136125655,
    "Cosine Dist.": 0.2252837665578752
  },
  "occ_eval_res": {
    "precision": 51.1111,
    "recall": 63.8889,
    "f-score": 56.7901
  },
  "clean_eval": {
    "f-score": 34.831460674157306,
    "precision": 39.490445859872615,
    "recall": 31.155778894472363,
    "tp": 124,
    "fp": 190,
    "fn": 274
  },
  "jaccard": [
    0.5175202156334232
  ],
  "braycurtis": [
    0.3601694915254237
  ],
  "dice": [
    0.3490909090909091
  ],
  "cosinus": [
    0.2841224634470684
  ]
}