{
  "voc_eval_res": {
    "precision": 22.2222,
    "recall": 28.5714,
    "f-score": 25.0
  },
  "KL_res": {
    "KL divergence": 4.799986513848453,
    "Euclidean Dist.": 0.4123105625617661,
    "WER": 1.0,
    "CER": 0.7014925373134329,
    "Cosine Dist.": 0.4283380495249707
  },
  "occ_eval_res": {
    "precision": 30.0,
    "recall": 33.3333,
    "f-score": 31.5789
  },
  "clean_eval": {
    "f-score": 57.03125,
    "precision": 54.47761194029851,
    "recall": 59.83606557377049,
    "tp": 73,
    "fp": 61,
    "fn": 49
  },
  "jaccard": [
    0.6598639455782312
  ],
  "braycurtis": [
    0.5151515151515151
  ],
  "dice": [
    0.49238578680203043
  ],
  "cosinus": [
    0.4740959594446621
  ]
}