{
  "voc_eval_res": {
    "precision": 25.0,
    "recall": 44.4444,
    "f-score": 32.0
  },
  "KL_res": {
    "KL divergence": 3.0488373605434127,
    "Euclidean Dist.": 0.2455988734365509,
    "WER": 1.1818181818181819,
    "CER": 0.7515923566878981,
    "Cosine Dist.": 0.38007378613394815
  },
  "occ_eval_res": {
    "precision": 29.7297,
    "recall": 50.0,
    "f-score": 37.2881
  },
  "clean_eval": {
    "f-score": 27.5974025974026,
    "precision": 35.12396694214876,
    "recall": 22.727272727272727,
    "tp": 85,
    "fp": 157,
    "fn": 289
  },
  "jaccard": [
    0.6295180722891566
  ],
  "braycurtis": [
    0.48293963254593175
  ],
  "dice": [
    0.4593406593406593
  ],
  "cosinus": [
    0.3357963306352375
  ]
}