{
  "voc_eval_res": {
    "precision": 20.8333,
    "recall": 26.3158,
    "f-score": 23.2558
  },
  "KL_res": {
    "KL divergence": 4.998899911149724,
    "Euclidean Dist.": 0.29155472330675486,
    "WER": 1.1363636363636365,
    "CER": 0.9111111111111111,
    "Cosine Dist.": 0.6024768040000373
  },
  "occ_eval_res": {
    "precision": 19.2308,
    "recall": 22.7273,
    "f-score": 20.8333
  },
  "clean_eval": {
    "f-score": 24.94969818913481,
    "precision": 28.440366972477065,
    "recall": 22.22222222222222,
    "tp": 62,
    "fp": 156,
    "fn": 217
  },
  "jaccard": [
    0.7806122448979592
  ],
  "braycurtis": [
    0.6428571428571429
  ],
  "dice": [
    0.6401673640167364
  ],
  "cosinus": [
    0.47732501496709323
  ]
}