{
  "voc_eval_res": {
    "precision": 42.3077,
    "recall": 50.0,
    "f-score": 45.8333
  },
  "KL_res": {
    "KL divergence": 2.9392144112032375,
    "Euclidean Dist.": 0.2475787818463933,
    "WER": 0.7352941176470589,
    "CER": 0.5428571428571428,
    "Cosine Dist.": 0.3707081464285995
  },
  "occ_eval_res": {
    "precision": 48.2759,
    "recall": 41.1765,
    "f-score": 44.4444
  },
  "clean_eval": {
    "f-score": 25.179856115107913,
    "precision": 26.31578947368421,
    "recall": 24.137931034482758,
    "tp": 70,
    "fp": 196,
    "fn": 220
  },
  "jaccard": [
    0.5882352941176471
  ],
  "braycurtis": [
    0.44559585492227977
  ],
  "dice": [
    0.4166666666666667
  ],
  "cosinus": [
    0.3737004259727459
  ]
}