{
  "voc_eval_res": {
    "precision": 26.6667,
    "recall": 23.5294,
    "f-score": 25.0
  },
  "KL_res": {
    "KL divergence": 5.3493090302946635,
    "Euclidean Dist.": 0.3071867612167237,
    "WER": 0.9411764705882353,
    "CER": 0.6857142857142857,
    "Cosine Dist.": 0.5994990605425929
  },
  "occ_eval_res": {
    "precision": 26.6667,
    "recall": 23.5294,
    "f-score": 25.0
  },
  "clean_eval": {
    "f-score": 65.18987341772151,
    "precision": 60.588235294117645,
    "recall": 70.54794520547945,
    "tp": 103,
    "fp": 67,
    "fn": 43
  },
  "jaccard": [
    0.762589928057554
  ],
  "braycurtis": [
    0.6313131313131313
  ],
  "dice": [
    0.6162790697674418
  ],
  "cosinus": [
    0.5697134450742924
  ]
}