{
  "voc_eval_res": {
    "precision": 46.1538,
    "recall": 57.1429,
    "f-score": 51.0638
  },
  "KL_res": {
    "KL divergence": 2.3315707049568415,
    "Euclidean Dist.": 0.23450224357476732,
    "WER": 0.9655172413793104,
    "CER": 0.5276073619631901,
    "Cosine Dist.": 0.314906671063811
  },
  "occ_eval_res": {
    "precision": 44.4444,
    "recall": 55.1724,
    "f-score": 49.2308
  },
  "clean_eval": {
    "f-score": 25.33783783783784,
    "precision": 29.527559055118108,
    "recall": 22.189349112426036,
    "tp": 75,
    "fp": 179,
    "fn": 263
  },
  "jaccard": [
    0.4864864864864865
  ],
  "braycurtis": [
    0.376657824933687
  ],
  "dice": [
    0.32142857142857145
  ],
  "cosinus": [
    0.2998037751695769
  ]
}