{
  "voc_eval_res": {
    "precision": 45.0,
    "recall": 52.9412,
    "f-score": 48.6486
  },
  "KL_res": {
    "KL divergence": 2.51688422997839,
    "Euclidean Dist.": 0.22879382098965445,
    "WER": 0.8888888888888888,
    "CER": 0.4715447154471545,
    "Cosine Dist.": 0.27800512761884477
  },
  "occ_eval_res": {
    "precision": 43.4783,
    "recall": 55.5556,
    "f-score": 48.7805
  },
  "clean_eval": {
    "f-score": 4.639175257731959,
    "precision": 4.945054945054945,
    "recall": 4.368932038834951,
    "tp": 9,
    "fp": 173,
    "fn": 197
  },
  "jaccard": [
    0.48031496062992124
  ],
  "braycurtis": [
    0.29259259259259257
  ],
  "dice": [
    0.3160621761658031
  ],
  "cosinus": [
    0.1613938632085219
  ]
}