{
  "voc_eval_res": {
    "precision": 64.5161,
    "recall": 64.5161,
    "f-score": 64.5161
  },
  "KL_res": {
    "KL divergence": 1.5854335894389557,
    "Euclidean Dist.": 0.1518297343888078,
    "WER": 0.5576923076923077,
    "CER": 0.45396825396825397,
    "Cosine Dist.": 0.11546620165579546
  },
  "occ_eval_res": {
    "precision": 71.7949,
    "recall": 53.8462,
    "f-score": 61.5385
  },
  "clean_eval": {
    "f-score": 17.2,
    "precision": 16.22641509433962,
    "recall": 18.29787234042553,
    "tp": 86,
    "fp": 444,
    "fn": 384
  },
  "jaccard": [
    0.38046272493573263
  ],
  "braycurtis": [
    0.25577557755775576
  ],
  "dice": [
    0.23492063492063492
  ],
  "cosinus": [
    0.10391482638920269
  ]
}