{
  "voc_eval_res": {
    "precision": 50.0,
    "recall": 25.0,
    "f-score": 33.3333
  },
  "KL_res": {
    "KL divergence": 5.327291114942571,
    "Euclidean Dist.": 0.3720614896305659,
    "WER": 0.8181818181818182,
    "CER": 0.5769230769230769,
    "Cosine Dist.": 0.5296829189982277
  },
  "occ_eval_res": {
    "precision": 45.4545,
    "recall": 22.7273,
    "f-score": 30.303
  },
  "clean_eval": {
    "f-score": 46.05263157894737,
    "precision": 33.980582524271846,
    "recall": 71.42857142857143,
    "tp": 70,
    "fp": 136,
    "fn": 28
  },
  "jaccard": [
    0.5852534562211982
  ],
  "braycurtis": [
    0.4948453608247423
  ],
  "dice": [
    0.41368078175895767
  ],
  "cosinus": [
    0.3816972947920795
  ]
}