{
  "voc_eval_res": {
    "precision": 25.0,
    "recall": 21.4286,
    "f-score": 23.0769
  },
  "KL_res": {
    "KL divergence": 5.715419372195809,
    "Euclidean Dist.": 0.3456483604989994,
    "WER": 0.9285714285714286,
    "CER": 0.45555555555555555,
    "Cosine Dist.": 0.6242654253489104
  },
  "occ_eval_res": {
    "precision": 25.0,
    "recall": 21.4286,
    "f-score": 23.0769
  },
  "clean_eval": {
    "f-score": 68.57142857142857,
    "precision": 65.75342465753424,
    "recall": 71.64179104477611,
    "tp": 96,
    "fp": 50,
    "fn": 38
  },
  "jaccard": [
    0.6244131455399061
  ],
  "braycurtis": [
    0.46706586826347307
  ],
  "dice": [
    0.4539249146757679
  ],
  "cosinus": [
    0.3790867423939017
  ]
}