{
  "voc_eval_res": {
    "precision": 34.4828,
    "recall": 83.3333,
    "f-score": 48.7805
  },
  "KL_res": {
    "KL divergence": 1.0862969452496583,
    "Euclidean Dist.": 0.3535533905932738,
    "WER": 1.1,
    "CER": 0.8270676691729323,
    "Cosine Dist.": 0.32486004896142306
  },
  "occ_eval_res": {
    "precision": 36.6667,
    "recall": 55.0,
    "f-score": 44.0
  },
  "clean_eval": {
    "f-score": 13.309352517985612,
    "precision": 16.972477064220186,
    "recall": 10.946745562130179,
    "tp": 37,
    "fp": 181,
    "fn": 301
  },
  "jaccard": [
    0.5986622073578596
  ],
  "braycurtis": [
    0.4154727793696275
  ],
  "dice": [
    0.42720763723150357
  ],
  "cosinus": [
    0.22850627692854153
  ]
}