{
  "voc_eval_res": {
    "precision": 62.5,
    "recall": 52.6316,
    "f-score": 57.1429
  },
  "KL_res": {
    "KL divergence": 1.9039069494004068,
    "Euclidean Dist.": 0.19091546555799888,
    "WER": 0.6666666666666666,
    "CER": 0.5104895104895105,
    "Cosine Dist.": 0.15278411101367895
  },
  "occ_eval_res": {
    "precision": 68.4211,
    "recall": 54.1667,
    "f-score": 60.4651
  },
  "clean_eval": {
    "f-score": 35.65217391304348,
    "precision": 30.82706766917293,
    "recall": 42.2680412371134,
    "tp": 82,
    "fp": 184,
    "fn": 112
  },
  "jaccard": [
    0.3941908713692946
  ],
  "braycurtis": [
    0.2965779467680608
  ],
  "dice": [
    0.2454780361757106
  ],
  "cosinus": [
    0.17719603523722116
  ]
}