{
  "voc_eval_res": {
    "precision": 22.2222,
    "recall": 27.5862,
    "f-score": 24.6154
  },
  "KL_res": {
    "KL divergence": 4.630425699481075,
    "Euclidean Dist.": 0.22763966365344585,
    "WER": 1.15625,
    "CER": 0.8502673796791443,
    "Cosine Dist.": 0.5902073339424936
  },
  "occ_eval_res": {
    "precision": 21.4286,
    "recall": 28.125,
    "f-score": 24.3243
  },
  "clean_eval": {
    "f-score": 36.57142857142857,
    "precision": 42.384105960264904,
    "recall": 32.1608040201005,
    "tp": 128,
    "fp": 174,
    "fn": 270
  },
  "jaccard": [
    0.6761487964989059
  ],
  "braycurtis": [
    0.5324384787472036
  ],
  "dice": [
    0.5107438016528926
  ],
  "cosinus": [
    0.41430007320138473
  ]
}