{
  "voc_eval_res": {
    "precision": 47.0588,
    "recall": 53.3333,
    "f-score": 50.0
  },
  "KL_res": {
    "KL divergence": 2.3047141111513807,
    "Euclidean Dist.": 0.23497711071457364,
    "WER": 0.8823529411764706,
    "CER": 0.5128205128205128,
    "Cosine Dist.": 0.23505369002598808
  },
  "occ_eval_res": {
    "precision": 47.619,
    "recall": 58.8235,
    "f-score": 52.6316
  },
  "clean_eval": {
    "f-score": 16.037735849056606,
    "precision": 17.525773195876287,
    "recall": 14.782608695652174,
    "tp": 34,
    "fp": 160,
    "fn": 196
  },
  "jaccard": [
    0.46774193548387094
  ],
  "braycurtis": [
    0.29056603773584905
  ],
  "dice": [
    0.30526315789473685
  ],
  "cosinus": [
    0.16380125132842127
  ]
}