{
  "voc_eval_res": {
    "precision": 84.6154,
    "recall": 64.7059,
    "f-score": 73.3333
  },
  "KL_res": {
    "KL divergence": 1.4171511113531596,
    "Euclidean Dist.": 0.1704772712123232,
    "WER": 0.35,
    "CER": 0.3687150837988827,
    "Cosine Dist.": 0.08996848961341997
  },
  "occ_eval_res": {
    "precision": 87.5,
    "recall": 70.0,
    "f-score": 77.7778
  },
  "clean_eval": {
    "f-score": 53.26876513317191,
    "precision": 45.45454545454545,
    "recall": 64.32748538011695,
    "tp": 110,
    "fp": 132,
    "fn": 61
  },
  "jaccard": [
    0.3511111111111111
  ],
  "braycurtis": [
    0.22333333333333333
  ],
  "dice": [
    0.21293800539083557
  ],
  "cosinus": [
    0.09640786265192025
  ]
}