{
  "voc_eval_res": {
    "precision": 7.6923,
    "recall": 11.1111,
    "f-score": 9.0909
  },
  "KL_res": {
    "KL divergence": 7.5027474419907465,
    "Euclidean Dist.": 0.42242804387845284,
    "WER": 1.4444444444444444,
    "CER": 1.0769230769230769,
    "Cosine Dist.": 0.8466070022305259
  },
  "occ_eval_res": {
    "precision": 7.1429,
    "recall": 11.1111,
    "f-score": 8.6957
  },
  "clean_eval": {
    "f-score": 47.01492537313433,
    "precision": 57.27272727272727,
    "recall": 39.87341772151899,
    "tp": 63,
    "fp": 47,
    "fn": 95
  },
  "jaccard": [
    0.8086124401913876
  ],
  "braycurtis": [
    0.7215189873417721
  ],
  "dice": [
    0.678714859437751
  ],
  "cosinus": [
    0.6312370784210184
  ]
}