{
  "voc_eval_res": {
    "precision": 32.1429,
    "recall": 64.2857,
    "f-score": 42.8571
  },
  "KL_res": {
    "KL divergence": 1.4923461556106936,
    "Euclidean Dist.": 0.28776052969262406,
    "WER": 1.2,
    "CER": 0.9133858267716536,
    "Cosine Dist.": 0.10388877711716549
  },
  "occ_eval_res": {
    "precision": 42.8571,
    "recall": 75.0,
    "f-score": 54.5455
  },
  "clean_eval": {
    "f-score": 20.312500000000004,
    "precision": 26.859504132231404,
    "recall": 16.331658291457288,
    "tp": 65,
    "fp": 177,
    "fn": 333
  },
  "jaccard": [
    0.5822784810126582
  ],
  "braycurtis": [
    0.3893805309734513
  ],
  "dice": [
    0.4107142857142857
  ],
  "cosinus": [
    0.1648977428171574
  ]
}