{
  "voc_eval_res": {
    "precision": 41.1765,
    "recall": 50.0,
    "f-score": 45.1613
  },
  "KL_res": {
    "KL divergence": 3.252611402782039,
    "Euclidean Dist.": 0.2787237569424341,
    "WER": 0.7058823529411765,
    "CER": 0.7171717171717171,
    "Cosine Dist.": 0.3617152614957746
  },
  "occ_eval_res": {
    "precision": 42.1053,
    "recall": 47.0588,
    "f-score": 44.4444
  },
  "clean_eval": {
    "f-score": 21.698113207547166,
    "precision": 23.711340206185564,
    "recall": 20.0,
    "tp": 46,
    "fp": 148,
    "fn": 184
  },
  "jaccard": [
    0.5849802371541502
  ],
  "braycurtis": [
    0.4625
  ],
  "dice": [
    0.4134078212290503
  ],
  "cosinus": [
    0.3157927934237865
  ]
}