{
  "voc_eval_res": {
    "precision": 35.7143,
    "recall": 50.0,
    "f-score": 41.6667
  },
  "KL_res": {
    "KL divergence": 2.800274182053001,
    "Euclidean Dist.": 0.30120663369185885,
    "WER": 0.9090909090909091,
    "CER": 0.5652173913043478,
    "Cosine Dist.": 0.3017027512448245
  },
  "occ_eval_res": {
    "precision": 40.0,
    "recall": 54.5455,
    "f-score": 46.1538
  },
  "clean_eval": {
    "f-score": 67.85714285714286,
    "precision": 77.8688524590164,
    "recall": 60.12658227848101,
    "tp": 95,
    "fp": 27,
    "fn": 63
  },
  "jaccard": [
    0.5574712643678161
  ],
  "braycurtis": [
    0.4049079754601227
  ],
  "dice": [
    0.38645418326693226
  ],
  "cosinus": [
    0.32870571940787086
  ]
}