{
  "voc_eval_res": {
    "precision": 44.4444,
    "recall": 38.0952,
    "f-score": 41.0256
  },
  "KL_res": {
    "KL divergence": 2.6217033163463874,
    "Euclidean Dist.": 0.21644315800561217,
    "WER": 0.6551724137931034,
    "CER": 0.48226950354609927,
    "Cosine Dist.": 0.20064853414943518
  },
  "occ_eval_res": {
    "precision": 56.5217,
    "recall": 44.8276,
    "f-score": 50.0
  },
  "clean_eval": {
    "f-score": 16.913319238900634,
    "precision": 15.686274509803921,
    "recall": 18.34862385321101,
    "tp": 40,
    "fp": 215,
    "fn": 178
  },
  "jaccard": [
    0.6298932384341637
  ],
  "braycurtis": [
    0.4253731343283582
  ],
  "dice": [
    0.4597402597402597
  ],
  "cosinus": [
    0.2654939975406433
  ]
}