{
  "voc_eval_res": {
    "precision": 80.0,
    "recall": 63.1579,
    "f-score": 70.5882
  },
  "KL_res": {
    "KL divergence": 1.2989662590246498,
    "Euclidean Dist.": 0.1552479921228347,
    "WER": 0.48,
    "CER": 0.3176470588235294,
    "Cosine Dist.": 0.08236219254348309
  },
  "occ_eval_res": {
    "precision": 84.2105,
    "recall": 64.0,
    "f-score": 72.7273
  },
  "clean_eval": {
    "f-score": 23.684210526315788,
    "precision": 21.72413793103448,
    "recall": 26.033057851239672,
    "tp": 63,
    "fp": 227,
    "fn": 179
  },
  "jaccard": [
    0.36466165413533835
  ],
  "braycurtis": [
    0.2267080745341615
  ],
  "dice": [
    0.22298850574712645
  ],
  "cosinus": [
    0.09888397643335334
  ]
}