{
  "voc_eval_res": {
    "precision": 39.1304,
    "recall": 64.2857,
    "f-score": 48.6486
  },
  "KL_res": {
    "KL divergence": 1.398795972333823,
    "Euclidean Dist.": 0.2263070487920924,
    "WER": 0.9,
    "CER": 0.7435897435897436,
    "Cosine Dist.": 0.11246840139575609
  },
  "occ_eval_res": {
    "precision": 48.3871,
    "recall": 75.0,
    "f-score": 58.8235
  },
  "clean_eval": {
    "f-score": 14.113597246127368,
    "precision": 16.94214876033058,
    "recall": 12.094395280235988,
    "tp": 41,
    "fp": 201,
    "fn": 298
  },
  "jaccard": [
    0.5330739299610895
  ],
  "braycurtis": [
    0.3602693602693603
  ],
  "dice": [
    0.363395225464191
  ],
  "cosinus": [
    0.17984401783893256
  ]
}