{
  "voc_eval_res": {
    "precision": 44.7368,
    "recall": 48.5714,
    "f-score": 46.5753
  },
  "KL_res": {
    "KL divergence": 2.362381345728757,
    "Euclidean Dist.": 0.19804810568658437,
    "WER": 0.8163265306122449,
    "CER": 0.5760517799352751,
    "Cosine Dist.": 0.29807805090329076
  },
  "occ_eval_res": {
    "precision": 47.0588,
    "recall": 48.9796,
    "f-score": 48.0
  },
  "clean_eval": {
    "f-score": 10.44776119402985,
    "precision": 11.067193675889328,
    "recall": 9.89399293286219,
    "tp": 56,
    "fp": 450,
    "fn": 510
  },
  "jaccard": [
    0.5361702127659574
  ],
  "braycurtis": [
    0.3445635528330781
  ],
  "dice": [
    0.36627906976744184
  ],
  "cosinus": [
    0.18298821497851203
  ]
}