{
  "voc_eval_res": {
    "precision": 50.0,
    "recall": 66.6667,
    "f-score": 57.1429
  },
  "KL_res": {
    "KL divergence": 2.068729092963711,
    "Euclidean Dist.": 0.36324157862838946,
    "WER": 0.6666666666666666,
    "CER": 0.4146341463414634,
    "Cosine Dist.": 0.26970325665977857
  },
  "occ_eval_res": {
    "precision": 50.0,
    "recall": 66.6667,
    "f-score": 57.1429
  },
  "clean_eval": {
    "f-score": 73.91304347826089,
    "precision": 80.95238095238095,
    "recall": 68.0,
    "tp": 51,
    "fp": 12,
    "fn": 24
  },
  "jaccard": [
    0.46534653465346537
  ],
  "braycurtis": [
    0.3253012048192771
  ],
  "dice": [
    0.3032258064516129
  ],
  "cosinus": [
    0.30658530123495986
  ]
}