{
  "voc_eval_res": {
    "precision": 37.5,
    "recall": 39.1304,
    "f-score": 38.2979
  },
  "KL_res": {
    "KL divergence": 3.862720200920278,
    "Euclidean Dist.": 0.25064217932665117,
    "WER": 0.7916666666666666,
    "CER": 0.5642857142857143,
    "Cosine Dist.": 0.530523522138429
  },
  "occ_eval_res": {
    "precision": 33.3333,
    "recall": 37.5,
    "f-score": 35.2941
  },
  "clean_eval": {
    "f-score": 56.69291338582677,
    "precision": 59.50413223140496,
    "recall": 54.13533834586466,
    "tp": 144,
    "fp": 98,
    "fn": 122
  },
  "jaccard": [
    0.5718654434250765
  ],
  "braycurtis": [
    0.4533762057877814
  ],
  "dice": [
    0.4004282655246253
  ],
  "cosinus": [
    0.35443614047634586
  ]
}