{
  "voc_eval_res": {
    "precision": 33.3333,
    "recall": 42.1053,
    "f-score": 37.2093
  },
  "KL_res": {
    "KL divergence": 3.7669852345638115,
    "Euclidean Dist.": 0.25884358211089575,
    "WER": 1.0,
    "CER": 0.7205882352941176,
    "Cosine Dist.": 0.5062292801213057
  },
  "occ_eval_res": {
    "precision": 32.0,
    "recall": 40.0,
    "f-score": 35.5556
  },
  "clean_eval": {
    "f-score": 37.79527559055118,
    "precision": 41.73913043478261,
    "recall": 34.53237410071942,
    "tp": 96,
    "fp": 134,
    "fn": 182
  },
  "jaccard": [
    0.6934523809523809
  ],
  "braycurtis": [
    0.49825783972125437
  ],
  "dice": [
    0.530751708428246
  ],
  "cosinus": [
    0.3194987393404616
  ]
}