{
  "voc_eval_res": {
    "precision": 33.3333,
    "recall": 37.5,
    "f-score": 35.2941
  },
  "KL_res": {
    "KL divergence": 4.041430559651477,
    "Euclidean Dist.": 0.2813528829186419,
    "WER": 0.9473684210526315,
    "CER": 0.88,
    "Cosine Dist.": 0.3987535229182556
  },
  "occ_eval_res": {
    "precision": 30.4348,
    "recall": 36.8421,
    "f-score": 33.3333
  },
  "clean_eval": {
    "f-score": 14.622641509433965,
    "precision": 15.048543689320388,
    "recall": 14.220183486238533,
    "tp": 31,
    "fp": 175,
    "fn": 187
  },
  "jaccard": [
    0.7518518518518519
  ],
  "braycurtis": [
    0.6405529953917051
  ],
  "dice": [
    0.6023738872403561
  ],
  "cosinus": [
    0.5187621083979859
  ]
}