{
  "voc_eval_res": {
    "precision": 47.619,
    "recall": 71.4286,
    "f-score": 57.1429
  },
  "KL_res": {
    "KL divergence": 1.0664332521013928,
    "Euclidean Dist.": 0.17692921911509094,
    "WER": 1.0,
    "CER": 0.7557251908396947,
    "Cosine Dist.": 0.0762395692965987
  },
  "occ_eval_res": {
    "precision": 48.4848,
    "recall": 80.0,
    "f-score": 60.3774
  },
  "clean_eval": {
    "f-score": 28.525121555915717,
    "precision": 36.36363636363637,
    "recall": 23.466666666666665,
    "tp": 88,
    "fp": 154,
    "fn": 287
  },
  "jaccard": [
    0.4457831325301205
  ],
  "braycurtis": [
    0.327217125382263
  ],
  "dice": [
    0.2868217054263566
  ],
  "cosinus": [
    0.10355986780980642
  ]
}