{
  "voc_eval_res": {
    "precision": 29.7297,
    "recall": 50.0,
    "f-score": 37.2881
  },
  "KL_res": {
    "KL divergence": 2.701142336231687,
    "Euclidean Dist.": 0.21648528309399964,
    "WER": 1.2058823529411764,
    "CER": 0.9467455621301775,
    "Cosine Dist.": 0.3051320053027017
  },
  "occ_eval_res": {
    "precision": 33.3333,
    "recall": 52.9412,
    "f-score": 40.9091
  },
  "clean_eval": {
    "f-score": 25.379310344827587,
    "precision": 33.093525179856115,
    "recall": 20.581655480984338,
    "tp": 92,
    "fp": 186,
    "fn": 355
  },
  "jaccard": [
    0.6372795969773299
  ],
  "braycurtis": [
    0.5133470225872689
  ],
  "dice": [
    0.4676524953789279
  ],
  "cosinus": [
    0.35723469440034883
  ]
}