{
  "voc_eval_res": {
    "precision": 50.0,
    "recall": 66.6667,
    "f-score": 57.1429
  },
  "KL_res": {
    "KL divergence": 1.8923805952880999,
    "Euclidean Dist.": 0.23925938918787157,
    "WER": 0.6666666666666666,
    "CER": 0.4609053497942387,
    "Cosine Dist.": 0.29598410370480943
  },
  "occ_eval_res": {
    "precision": 62.1622,
    "recall": 54.7619,
    "f-score": 58.2278
  },
  "clean_eval": {
    "f-score": 9.668508287292818,
    "precision": 10.0,
    "recall": 9.358288770053475,
    "tp": 35,
    "fp": 315,
    "fn": 339
  },
  "jaccard": [
    0.5494186046511628
  ],
  "braycurtis": [
    0.3764478764478765
  ],
  "dice": [
    0.3787575150300601
  ],
  "cosinus": [
    0.3083337578466533
  ]
}