{
  "voc_eval_res": {
    "precision": 33.3333,
    "recall": 66.6667,
    "f-score": 44.4444
  },
  "KL_res": {
    "KL divergence": 1.7569568247327205,
    "Euclidean Dist.": 0.2561102646612011,
    "WER": 1.5,
    "CER": 1.1047619047619048,
    "Cosine Dist.": 0.222518416976776
  },
  "occ_eval_res": {
    "precision": 34.4828,
    "recall": 71.4286,
    "f-score": 46.5116
  },
  "clean_eval": {
    "f-score": 14.40677966101695,
    "precision": 20.0,
    "recall": 11.258278145695364,
    "tp": 34,
    "fp": 136,
    "fn": 268
  },
  "jaccard": [
    0.5441176470588235
  ],
  "braycurtis": [
    0.43137254901960786
  ],
  "dice": [
    0.37373737373737376
  ],
  "cosinus": [
    0.23732261183427839
  ]
}