{
  "voc_eval_res": {
    "precision": 50.0,
    "recall": 58.8235,
    "f-score": 54.0541
  },
  "KL_res": {
    "KL divergence": 2.821619617331147,
    "Euclidean Dist.": 0.2854441066602747,
    "WER": 0.6666666666666666,
    "CER": 0.572463768115942,
    "Cosine Dist.": 0.36644740637505957
  },
  "occ_eval_res": {
    "precision": 47.8261,
    "recall": 52.381,
    "f-score": 50.0
  },
  "clean_eval": {
    "f-score": 50.0,
    "precision": 50.0,
    "recall": 50.0,
    "tp": 127,
    "fp": 127,
    "fn": 127
  },
  "jaccard": [
    0.5669014084507042
  ],
  "braycurtis": [
    0.40955631399317405
  ],
  "dice": [
    0.3955773955773956
  ],
  "cosinus": [
    0.2869497097655409
  ]
}