{
  "voc_eval_res": {
    "precision": 54.5455,
    "recall": 46.1538,
    "f-score": 50.0
  },
  "KL_res": {
    "KL divergence": 2.5642598609609646,
    "Euclidean Dist.": 0.246649141122705,
    "WER": 0.7435897435897436,
    "CER": 0.5365853658536586,
    "Cosine Dist.": 0.345153812401901
  },
  "occ_eval_res": {
    "precision": 58.3333,
    "recall": 35.8974,
    "f-score": 44.4444
  },
  "clean_eval": {
    "f-score": 43.377483443708606,
    "precision": 38.75739644970414,
    "recall": 49.24812030075188,
    "tp": 131,
    "fp": 207,
    "fn": 135
  },
  "jaccard": [
    0.47115384615384615
  ],
  "braycurtis": [
    0.41160949868073876
  ],
  "dice": [
    0.3081761006289308
  ],
  "cosinus": [
    0.3210666761531752
  ]
}