{
  "voc_eval_res": {
    "precision": 36.3636,
    "recall": 36.3636,
    "f-score": 36.3636
  },
  "KL_res": {
    "KL divergence": 4.25299453107774,
    "Euclidean Dist.": 0.34015067152490375,
    "WER": 0.8181818181818182,
    "CER": 0.5373134328358209,
    "Cosine Dist.": 0.4666666666666667
  },
  "occ_eval_res": {
    "precision": 36.3636,
    "recall": 36.3636,
    "f-score": 36.3636
  },
  "clean_eval": {
    "f-score": 67.56756756756756,
    "precision": 67.56756756756756,
    "recall": 67.56756756756756,
    "tp": 75,
    "fp": 36,
    "fn": 36
  },
  "jaccard": [
    0.536723163841808
  ],
  "braycurtis": [
    0.3829787234042553
  ],
  "dice": [
    0.3667953667953668
  ],
  "cosinus": [
    0.34092993738509114
  ]
}