{
  "voc_eval_res": {
    "precision": 38.7097,
    "recall": 40.0,
    "f-score": 39.3443
  },
  "KL_res": {
    "KL divergence": 3.0072608758071304,
    "Euclidean Dist.": 0.1854081217582818,
    "WER": 0.7045454545454546,
    "CER": 0.5057034220532319,
    "Cosine Dist.": 0.19467999837897165
  },
  "occ_eval_res": {
    "precision": 48.7179,
    "recall": 43.1818,
    "f-score": 45.7831
  },
  "clean_eval": {
    "f-score": 29.424778761061944,
    "precision": 29.82062780269058,
    "recall": 29.03930131004367,
    "tp": 133,
    "fp": 313,
    "fn": 325
  },
  "jaccard": [
    0.5588235294117647
  ],
  "braycurtis": [
    0.3634651600753296
  ],
  "dice": [
    0.3877551020408163
  ],
  "cosinus": [
    0.1879118636391348
  ]
}