{
  "voc_eval_res": {
    "precision": 25.0,
    "recall": 18.75,
    "f-score": 21.4286
  },
  "KL_res": {
    "KL divergence": 5.939574438665645,
    "Euclidean Dist.": 0.34041947163267067,
    "WER": 0.8125,
    "CER": 0.59,
    "Cosine Dist.": 0.6445906733445447
  },
  "occ_eval_res": {
    "precision": 25.0,
    "recall": 18.75,
    "f-score": 21.4286
  },
  "clean_eval": {
    "f-score": 47.94520547945205,
    "precision": 41.17647058823529,
    "recall": 57.377049180327866,
    "tp": 70,
    "fp": 100,
    "fn": 52
  },
  "jaccard": [
    0.7129186602870813
  ],
  "braycurtis": [
    0.5723270440251572
  ],
  "dice": [
    0.5539033457249071
  ],
  "cosinus": [
    0.44868318511799865
  ]
}