{
  "voc_eval_res": {
    "precision": 20.0,
    "recall": 50.0,
    "f-score": 28.5714
  },
  "KL_res": {
    "KL divergence": 3.9939148166793865,
    "Euclidean Dist.": 0.7681145747868608,
    "WER": 2.0,
    "CER": 0.8421052631578947,
    "Cosine Dist.": 0.5285954792089683
  },
  "occ_eval_res": {
    "precision": 20.0,
    "recall": 50.0,
    "f-score": 28.5714
  },
  "clean_eval": {
    "f-score": 63.99999999999999,
    "precision": 84.21052631578947,
    "recall": 51.61290322580645,
    "tp": 32,
    "fp": 6,
    "fn": 30
  },
  "jaccard": [
    0.5373134328358209
  ],
  "braycurtis": [
    0.41509433962264153
  ],
  "dice": [
    0.3673469387755102
  ],
  "cosinus": [
    0.3573715362800157
  ]
}