{
  "voc_eval_res": {
    "precision": 66.6667,
    "recall": 54.5455,
    "f-score": 60.0
  },
  "KL_res": {
    "KL divergence": 2.6145293499125275,
    "Euclidean Dist.": 0.2885425627694081,
    "WER": 0.6363636363636364,
    "CER": 0.6527777777777778,
    "Cosine Dist.": 0.24853085069782077
  },
  "occ_eval_res": {
    "precision": 66.6667,
    "recall": 54.5455,
    "f-score": 60.0
  },
  "clean_eval": {
    "f-score": 68.18181818181817,
    "precision": 61.47540983606557,
    "recall": 76.53061224489795,
    "tp": 75,
    "fp": 47,
    "fn": 23
  },
  "jaccard": [
    0.5359477124183006
  ],
  "braycurtis": [
    0.3875968992248062
  ],
  "dice": [
    0.36607142857142855
  ],
  "cosinus": [
    0.31238052030228025
  ]
}