{
  "voc_eval_res": {
    "precision": 50.0,
    "recall": 63.6364,
    "f-score": 56.0
  },
  "KL_res": {
    "KL divergence": 1.87346687636643,
    "Euclidean Dist.": 0.1914355806946733,
    "WER": 0.7017543859649122,
    "CER": 0.44571428571428573,
    "Cosine Dist.": 0.22660195807721317
  },
  "occ_eval_res": {
    "precision": 52.459,
    "recall": 56.1404,
    "f-score": 54.2373
  },
  "clean_eval": {
    "f-score": 7.730263157894737,
    "precision": 7.966101694915253,
    "recall": 7.507987220447284,
    "tp": 47,
    "fp": 543,
    "fn": 579
  },
  "jaccard": [
    0.44206008583690987
  ],
  "braycurtis": [
    0.3259361997226075
  ],
  "dice": [
    0.2837465564738292
  ],
  "cosinus": [
    0.17685626717015412
  ]
}