{
  "voc_eval_res": {
    "precision": 61.5385,
    "recall": 72.7273,
    "f-score": 66.6667
  },
  "KL_res": {
    "KL divergence": 1.289236378221442,
    "Euclidean Dist.": 0.1767766952966369,
    "WER": 0.53125,
    "CER": 0.37745098039215685,
    "Cosine Dist.": 0.1557682351822619
  },
  "occ_eval_res": {
    "precision": 65.625,
    "recall": 65.625,
    "f-score": 65.625
  },
  "clean_eval": {
    "f-score": 9.174311926605506,
    "precision": 9.554140127388536,
    "recall": 8.823529411764707,
    "tp": 30,
    "fp": 284,
    "fn": 310
  },
  "jaccard": [
    0.4077669902912621
  ],
  "braycurtis": [
    0.2589928057553957
  ],
  "dice": [
    0.25609756097560976
  ],
  "cosinus": [
    0.13768054423035392
  ]
}