{
  "voc_eval_res": {
    "precision": 15.625,
    "recall": 38.4615,
    "f-score": 22.2222
  },
  "KL_res": {
    "KL divergence": 3.841485116048191,
    "Euclidean Dist.": 0.2941608611710571,
    "WER": 2.0714285714285716,
    "CER": 1.4495412844036697,
    "Cosine Dist.": 0.4544552744100194
  },
  "occ_eval_res": {
    "precision": 17.1429,
    "recall": 42.8571,
    "f-score": 24.4898
  },
  "clean_eval": {
    "f-score": 8.064516129032258,
    "precision": 12.658227848101266,
    "recall": 5.9171597633136095,
    "tp": 20,
    "fp": 138,
    "fn": 318
  },
  "jaccard": [
    0.7011173184357542
  ],
  "braycurtis": [
    0.5589041095890411
  ],
  "dice": [
    0.5397849462365591
  ],
  "cosinus": [
    0.2891708843981715
  ]
}