{
  "voc_eval_res": {
    "precision": 41.6667,
    "recall": 45.4545,
    "f-score": 43.4783
  },
  "KL_res": {
    "KL divergence": 2.8557798652702777,
    "Euclidean Dist.": 0.1920668107333557,
    "WER": 0.6851851851851852,
    "CER": 0.4652567975830816,
    "Cosine Dist.": 0.2579500152953157
  },
  "occ_eval_res": {
    "precision": 50.0,
    "recall": 40.7407,
    "f-score": 44.898
  },
  "clean_eval": {
    "f-score": 19.305019305019304,
    "precision": 18.050541516245488,
    "recall": 20.74688796680498,
    "tp": 100,
    "fp": 454,
    "fn": 382
  },
  "jaccard": [
    0.517162471395881
  ],
  "braycurtis": [
    0.37947122861586313
  ],
  "dice": [
    0.3487654320987654
  ],
  "cosinus": [
    0.2263703791731988
  ]
}