{
  "voc_eval_res": {
    "precision": 73.3333,
    "recall": 84.6154,
    "f-score": 78.5714
  },
  "KL_res": {
    "KL divergence": 0.45600508164985387,
    "Euclidean Dist.": 0.19319613855383055,
    "WER": 0.2608695652173913,
    "CER": 0.21333333333333335,
    "Cosine Dist.": 0.0240588546803725
  },
  "occ_eval_res": {
    "precision": 79.1667,
    "recall": 82.6087,
    "f-score": 80.8511
  },
  "clean_eval": {
    "f-score": 52.816901408450704,
    "precision": 53.956834532374096,
    "recall": 51.724137931034484,
    "tp": 150,
    "fp": 128,
    "fn": 140
  },
  "jaccard": [
    0.24352331606217617
  ],
  "braycurtis": [
    0.14285714285714285
  ],
  "dice": [
    0.13864306784660768
  ],
  "cosinus": [
    0.04200276311353457
  ]
}