{
  "voc_eval_res": {
    "precision": 27.2727,
    "recall": 60.0,
    "f-score": 37.5
  },
  "KL_res": {
    "KL divergence": 1.8227899558807499,
    "Euclidean Dist.": 0.2515834124113633,
    "WER": 1.5217391304347827,
    "CER": 1.2635658914728682,
    "Cosine Dist.": 0.2249420990419122
  },
  "occ_eval_res": {
    "precision": 31.25,
    "recall": 65.2174,
    "f-score": 42.2535
  },
  "clean_eval": {
    "f-score": 11.764705882352944,
    "precision": 16.972477064220186,
    "recall": 9.002433090024331,
    "tp": 37,
    "fp": 181,
    "fn": 374
  },
  "jaccard": [
    0.6519337016574586
  ],
  "braycurtis": [
    0.5277108433734939
  ],
  "dice": [
    0.48360655737704916
  ],
  "cosinus": [
    0.315332926649847
  ]
}