{
  "voc_eval_res": {
    "precision": 41.3793,
    "recall": 50.0,
    "f-score": 45.283
  },
  "KL_res": {
    "KL divergence": 2.4420909875859986,
    "Euclidean Dist.": 0.19602163317383967,
    "WER": 0.7407407407407407,
    "CER": 0.4228855721393035,
    "Cosine Dist.": 0.28968860481674374
  },
  "occ_eval_res": {
    "precision": 45.1613,
    "recall": 51.8519,
    "f-score": 48.2759
  },
  "clean_eval": {
    "f-score": 21.1038961038961,
    "precision": 21.52317880794702,
    "recall": 20.70063694267516,
    "tp": 65,
    "fp": 237,
    "fn": 249
  },
  "jaccard": [
    0.5171503957783641
  ],
  "braycurtis": [
    0.31381733021077285
  ],
  "dice": [
    0.3487544483985765
  ],
  "cosinus": [
    0.15937879877398908
  ]
}