{
  "voc_eval_res": {
    "precision": 23.0769,
    "recall": 27.2727,
    "f-score": 25.0
  },
  "KL_res": {
    "KL divergence": 4.017697388031489,
    "Euclidean Dist.": 0.3060640679256774,
    "WER": 1.0,
    "CER": 0.6206896551724138,
    "Cosine Dist.": 0.33287561500500906
  },
  "occ_eval_res": {
    "precision": 33.3333,
    "recall": 38.4615,
    "f-score": 35.7143
  },
  "clean_eval": {
    "f-score": 32.92682926829268,
    "precision": 34.177215189873415,
    "recall": 31.76470588235294,
    "tp": 54,
    "fp": 104,
    "fn": 116
  },
  "jaccard": [
    0.6819923371647509
  ],
  "braycurtis": [
    0.45569620253164556
  ],
  "dice": [
    0.5174418604651163
  ],
  "cosinus": [
    0.2699562940140747
  ]
}