{
  "voc_eval_res": {
    "precision": 30.7692,
    "recall": 36.3636,
    "f-score": 33.3333
  },
  "KL_res": {
    "KL divergence": 3.533113078692379,
    "Euclidean Dist.": 0.23735002425448673,
    "WER": 0.9166666666666666,
    "CER": 0.5748502994011976,
    "Cosine Dist.": 0.435255033597986
  },
  "occ_eval_res": {
    "precision": 32.1429,
    "recall": 37.5,
    "f-score": 34.6154
  },
  "clean_eval": {
    "f-score": 37.21804511278196,
    "precision": 38.976377952755904,
    "recall": 35.61151079136691,
    "tp": 99,
    "fp": 155,
    "fn": 179
  },
  "jaccard": [
    0.6050420168067226
  ],
  "braycurtis": [
    0.4098360655737705
  ],
  "dice": [
    0.43373493975903615
  ],
  "cosinus": [
    0.24456427011908488
  ]
}