{
  "voc_eval_res": {
    "precision": 41.1765,
    "recall": 46.6667,
    "f-score": 43.75
  },
  "KL_res": {
    "KL divergence": 2.9737992799466184,
    "Euclidean Dist.": 0.2679232722601642,
    "WER": 0.7083333333333334,
    "CER": 0.5371900826446281,
    "Cosine Dist.": 0.2906915317589228
  },
  "occ_eval_res": {
    "precision": 52.381,
    "recall": 45.8333,
    "f-score": 48.8889
  },
  "clean_eval": {
    "f-score": 48.00000000000001,
    "precision": 49.48453608247423,
    "recall": 46.601941747572816,
    "tp": 96,
    "fp": 98,
    "fn": 110
  },
  "jaccard": [
    0.6422764227642277
  ],
  "braycurtis": [
    0.4296577946768061
  ],
  "dice": [
    0.47305389221556887
  ],
  "cosinus": [
    0.33841631695658103
  ]
}