{
  "voc_eval_res": {
    "precision": 66.6667,
    "recall": 50.0,
    "f-score": 57.1429
  },
  "KL_res": {
    "KL divergence": 2.3980538426911577,
    "Euclidean Dist.": 0.40926763859362253,
    "WER": 0.6,
    "CER": 0.52,
    "Cosine Dist.": 0.1296117202215109
  },
  "occ_eval_res": {
    "precision": 75.0,
    "recall": 60.0,
    "f-score": 66.6667
  },
  "clean_eval": {
    "f-score": 58.928571428571416,
    "precision": 53.2258064516129,
    "recall": 66.0,
    "tp": 33,
    "fp": 29,
    "fn": 17
  },
  "jaccard": [
    0.5476190476190477
  ],
  "braycurtis": [
    0.29213483146067415
  ],
  "dice": [
    0.3770491803278688
  ],
  "cosinus": [
    0.15845005121330413
  ]
}