{
  "voc_eval_res": {
    "precision": 56.0976,
    "recall": 54.7619,
    "f-score": 55.4217
  },
  "KL_res": {
    "KL divergence": 1.9198142733364592,
    "Euclidean Dist.": 0.1395283622270869,
    "WER": 0.6181818181818182,
    "CER": 0.3805309734513274,
    "Cosine Dist.": 0.15219957831899544
  },
  "occ_eval_res": {
    "precision": 62.7451,
    "recall": 58.1818,
    "f-score": 60.3774
  },
  "clean_eval": {
    "f-score": 37.76223776223777,
    "precision": 38.16254416961131,
    "recall": 37.37024221453287,
    "tp": 216,
    "fp": 350,
    "fn": 362
  },
  "jaccard": [
    0.45
  ],
  "braycurtis": [
    0.2725947521865889
  ],
  "dice": [
    0.2903225806451613
  ],
  "cosinus": [
    0.1387771622002938
  ]
}