{
  "voc_eval_res": {
    "precision": 50.0,
    "recall": 41.6667,
    "f-score": 45.4545
  },
  "KL_res": {
    "KL divergence": 3.98771625581041,
    "Euclidean Dist.": 0.33837411458342725,
    "WER": 0.6153846153846154,
    "CER": 0.5353535353535354,
    "Cosine Dist.": 0.4226497308103744
  },
  "occ_eval_res": {
    "precision": 50.0,
    "recall": 38.4615,
    "f-score": 43.4783
  },
  "clean_eval": {
    "f-score": 55.55555555555555,
    "precision": 43.859649122807014,
    "recall": 75.75757575757575,
    "tp": 75,
    "fp": 96,
    "fn": 24
  },
  "jaccard": [
    0.5885416666666666
  ],
  "braycurtis": [
    0.48466257668711654
  ],
  "dice": [
    0.41697416974169743
  ],
  "cosinus": [
    0.44340589374537265
  ]
}