{
  "voc_eval_res": {
    "precision": 71.4286,
    "recall": 58.8235,
    "f-score": 64.5161
  },
  "KL_res": {
    "KL divergence": 1.6734161628806257,
    "Euclidean Dist.": 0.19786631117374595,
    "WER": 0.5238095238095238,
    "CER": 0.384,
    "Cosine Dist.": 0.14601350754655973
  },
  "occ_eval_res": {
    "precision": 75.0,
    "recall": 57.1429,
    "f-score": 64.8649
  },
  "clean_eval": {
    "f-score": 54.85436893203883,
    "precision": 49.130434782608695,
    "recall": 62.08791208791209,
    "tp": 113,
    "fp": 117,
    "fn": 69
  },
  "jaccard": [
    0.4669421487603306
  ],
  "braycurtis": [
    0.31196581196581197
  ],
  "dice": [
    0.3045822102425876
  ],
  "cosinus": [
    0.20164080478904312
  ]
}