{
  "voc_eval_res": {
    "precision": 55.0,
    "recall": 84.6154,
    "f-score": 66.6667
  },
  "KL_res": {
    "KL divergence": 0.7918391921772786,
    "Euclidean Dist.": 0.240925170989934,
    "WER": 0.6875,
    "CER": 0.5754716981132075,
    "Cosine Dist.": 0.12661270987605988
  },
  "occ_eval_res": {
    "precision": 59.0909,
    "recall": 81.25,
    "f-score": 68.4211
  },
  "clean_eval": {
    "f-score": 22.16981132075472,
    "precision": 25.82417582417583,
    "recall": 19.421487603305785,
    "tp": 47,
    "fp": 135,
    "fn": 195
  },
  "jaccard": [
    0.35
  ],
  "braycurtis": [
    0.27734375
  ],
  "dice": [
    0.21212121212121213
  ],
  "cosinus": [
    0.16001727077751193
  ]
}