{
  "voc_eval_res": {
    "precision": 37.5,
    "recall": 100.0,
    "f-score": 54.5455
  },
  "KL_res": {
    "KL divergence": 0.5194948078162003,
    "Euclidean Dist.": 0.3934779446425568,
    "WER": 1.5714285714285714,
    "CER": 1.8181818181818181,
    "Cosine Dist.": 0.1915479165455568
  },
  "occ_eval_res": {
    "precision": 38.8889,
    "recall": 100.0,
    "f-score": 56.0
  },
  "clean_eval": {
    "f-score": 36.986301369863014,
    "precision": 62.7906976744186,
    "recall": 26.21359223300971,
    "tp": 54,
    "fp": 32,
    "fn": 152
  },
  "jaccard": [
    0.616580310880829
  ],
  "braycurtis": [
    0.5146198830409356
  ],
  "dice": [
    0.44569288389513106
  ],
  "cosinus": [
    0.32346582600885543
  ]
}