{
  "voc_eval_res": {
    "precision": 58.3333,
    "recall": 70.0,
    "f-score": 63.6364
  },
  "KL_res": {
    "KL divergence": 1.5487252187501002,
    "Euclidean Dist.": 0.2852994495985411,
    "WER": 0.7272727272727273,
    "CER": 0.7419354838709677,
    "Cosine Dist.": 0.2184524691689964
  },
  "occ_eval_res": {
    "precision": 53.3333,
    "recall": 72.7273,
    "f-score": 61.5385
  },
  "clean_eval": {
    "f-score": 61.8421052631579,
    "precision": 70.1492537313433,
    "recall": 55.294117647058826,
    "tp": 94,
    "fp": 40,
    "fn": 76
  },
  "jaccard": [
    0.4759036144578313
  ],
  "braycurtis": [
    0.3875
  ],
  "dice": [
    0.31225296442687744
  ],
  "cosinus": [
    0.2697691303749872
  ]
}