{
  "voc_eval_res": {
    "precision": 44.1176,
    "recall": 60.0,
    "f-score": 50.8475
  },
  "KL_res": {
    "KL divergence": 1.3711152620790024,
    "Euclidean Dist.": 0.19526178569207453,
    "WER": 0.7619047619047619,
    "CER": 0.5641025641025641,
    "Cosine Dist.": 0.13679993911356536
  },
  "occ_eval_res": {
    "precision": 50.9434,
    "recall": 64.2857,
    "f-score": 56.8421
  },
  "clean_eval": {
    "f-score": 14.528301886792452,
    "precision": 15.587044534412955,
    "recall": 13.604240282685511,
    "tp": 77,
    "fp": 417,
    "fn": 489
  },
  "jaccard": [
    0.5737704918032787
  ],
  "braycurtis": [
    0.3817292006525285
  ],
  "dice": [
    0.40229885057471265
  ],
  "cosinus": [
    0.17688097768070887
  ]
}