{
  "voc_eval_res": {
    "precision": 35.2941,
    "recall": 60.0,
    "f-score": 44.4444
  },
  "KL_res": {
    "KL divergence": 2.3271897290950094,
    "Euclidean Dist.": 0.33417111871589295,
    "WER": 1.0909090909090908,
    "CER": 0.9178082191780822,
    "Cosine Dist.": 0.37762408573585815
  },
  "occ_eval_res": {
    "precision": 35.2941,
    "recall": 54.5455,
    "f-score": 42.8571
  },
  "clean_eval": {
    "f-score": 56.09756097560976,
    "precision": 68.65671641791045,
    "recall": 47.42268041237113,
    "tp": 92,
    "fp": 42,
    "fn": 102
  },
  "jaccard": [
    0.6339285714285714
  ],
  "braycurtis": [
    0.4973821989528796
  ],
  "dice": [
    0.46405228758169936
  ],
  "cosinus": [
    0.3893833666094555
  ]
}