{
  "voc_eval_res": {
    "precision": 33.3333,
    "recall": 33.3333,
    "f-score": 33.3333
  },
  "KL_res": {
    "KL divergence": 3.5689343410921093,
    "Euclidean Dist.": 0.2502423724260687,
    "WER": 0.7692307692307693,
    "CER": 0.6199095022624435,
    "Cosine Dist.": 0.3460992377305623
  },
  "occ_eval_res": {
    "precision": 40.7407,
    "recall": 28.2051,
    "f-score": 33.3333
  },
  "clean_eval": {
    "f-score": 13.569321533923304,
    "precision": 12.266666666666666,
    "recall": 15.181518151815181,
    "tp": 46,
    "fp": 329,
    "fn": 257
  },
  "jaccard": [
    0.6692111959287532
  ],
  "braycurtis": [
    0.530373831775701
  ],
  "dice": [
    0.502868068833652
  ],
  "cosinus": [
    0.3558931406906256
  ]
}