{
  "voc_eval_res": {
    "precision": 37.5,
    "recall": 60.0,
    "f-score": 46.1538
  },
  "KL_res": {
    "KL divergence": 2.5027923397158904,
    "Euclidean Dist.": 0.3097377923340967,
    "WER": 1.0,
    "CER": 0.9672131147540983,
    "Cosine Dist.": 0.36039785093316856
  },
  "occ_eval_res": {
    "precision": 37.5,
    "recall": 60.0,
    "f-score": 46.1538
  },
  "clean_eval": {
    "f-score": 53.57142857142857,
    "precision": 76.53061224489795,
    "recall": 41.208791208791204,
    "tp": 75,
    "fp": 23,
    "fn": 107
  },
  "jaccard": [
    0.5964125560538116
  ],
  "braycurtis": [
    0.4576271186440678
  ],
  "dice": [
    0.4249201277955272
  ],
  "cosinus": [
    0.4068758116924467
  ]
}