{
  "voc_eval_res": {
    "precision": 52.9412,
    "recall": 54.5455,
    "f-score": 53.7313
  },
  "KL_res": {
    "KL divergence": 2.5193865706719993,
    "Euclidean Dist.": 0.19259781722629465,
    "WER": 0.6530612244897959,
    "CER": 0.40894568690095845,
    "Cosine Dist.": 0.3114696273409038
  },
  "occ_eval_res": {
    "precision": 55.0,
    "recall": 44.898,
    "f-score": 49.4382
  },
  "clean_eval": {
    "f-score": 12.284482758620689,
    "precision": 11.825726141078837,
    "recall": 12.780269058295964,
    "tp": 57,
    "fp": 425,
    "fn": 389
  },
  "jaccard": [
    0.4592074592074592
  ],
  "braycurtis": [
    0.3440134907251265
  ],
  "dice": [
    0.2980332829046899
  ],
  "cosinus": [
    0.21970776590647279
  ]
}