{
  "voc_eval_res": {
    "precision": 46.1538,
    "recall": 69.2308,
    "f-score": 55.3846
  },
  "KL_res": {
    "KL divergence": 1.0446148883915867,
    "Euclidean Dist.": 0.1821575025380293,
    "WER": 0.6170212765957447,
    "CER": 0.4074074074074074,
    "Cosine Dist.": 0.13174278106441828
  },
  "occ_eval_res": {
    "precision": 58.4906,
    "recall": 65.9574,
    "f-score": 62.0
  },
  "clean_eval": {
    "f-score": 39.42908117752007,
    "precision": 39.04593639575972,
    "recall": 39.81981981981982,
    "tp": 221,
    "fp": 345,
    "fn": 334
  },
  "jaccard": [
    0.46842105263157896
  ],
  "braycurtis": [
    0.2774390243902439
  ],
  "dice": [
    0.30584192439862545
  ],
  "cosinus": [
    0.11929176161748067
  ]
}