{
  "voc_eval_res": {
    "precision": 62.5,
    "recall": 71.4286,
    "f-score": 66.6667
  },
  "KL_res": {
    "KL divergence": 1.542637204843375,
    "Euclidean Dist.": 0.21977641732137848,
    "WER": 0.5714285714285714,
    "CER": 0.4479166666666667,
    "Cosine Dist.": 0.20614337986426468
  },
  "occ_eval_res": {
    "precision": 58.8235,
    "recall": 71.4286,
    "f-score": 64.5161
  },
  "clean_eval": {
    "f-score": 52.659574468085104,
    "precision": 58.235294117647065,
    "recall": 48.05825242718447,
    "tp": 99,
    "fp": 71,
    "fn": 107
  },
  "jaccard": [
    0.491869918699187
  ],
  "braycurtis": [
    0.35454545454545455
  ],
  "dice": [
    0.3261455525606469
  ],
  "cosinus": [
    0.25742031813228583
  ]
}