{
  "voc_eval_res": {
    "precision": 36.3636,
    "recall": 48.0,
    "f-score": 41.3793
  },
  "KL_res": {
    "KL divergence": 2.548035199844529,
    "Euclidean Dist.": 0.2321871453604554,
    "WER": 0.9714285714285714,
    "CER": 0.7818181818181819,
    "Cosine Dist.": 0.27752780523724874
  },
  "occ_eval_res": {
    "precision": 36.7347,
    "recall": 51.4286,
    "f-score": 42.8571
  },
  "clean_eval": {
    "f-score": 29.822485207100595,
    "precision": 33.68983957219251,
    "recall": 26.751592356687897,
    "tp": 126,
    "fp": 248,
    "fn": 345
  },
  "jaccard": [
    0.6609336609336609
  ],
  "braycurtis": [
    0.5233644859813084
  ],
  "dice": [
    0.4935779816513762
  ],
  "cosinus": [
    0.40540029365074515
  ]
}