{
  "voc_eval_res": {
    "precision": 40.0,
    "recall": 25.0,
    "f-score": 30.7692
  },
  "KL_res": {
    "KL divergence": 4.685860093005602,
    "Euclidean Dist.": 0.5030769521187455,
    "WER": 0.8888888888888888,
    "CER": 0.7419354838709677,
    "Cosine Dist.": 0.5256583509747431
  },
  "occ_eval_res": {
    "precision": 33.3333,
    "recall": 22.2222,
    "f-score": 26.6667
  },
  "clean_eval": {
    "f-score": 48.91304347826087,
    "precision": 40.909090909090914,
    "recall": 60.810810810810814,
    "tp": 45,
    "fp": 65,
    "fn": 29
  },
  "jaccard": [
    0.8129496402877698
  ],
  "braycurtis": [
    0.7425742574257426
  ],
  "dice": [
    0.6848484848484848
  ],
  "cosinus": [
    0.7320419777917536
  ]
}