{
  "voc_eval_res": {
    "precision": 52.9412,
    "recall": 81.8182,
    "f-score": 64.2857
  },
  "KL_res": {
    "KL divergence": 1.1709921099003928,
    "Euclidean Dist.": 0.23618279557404276,
    "WER": 0.7333333333333333,
    "CER": 0.5,
    "Cosine Dist.": 0.14798713276974185
  },
  "occ_eval_res": {
    "precision": 57.1429,
    "recall": 80.0,
    "f-score": 66.6667
  },
  "clean_eval": {
    "f-score": 65.18987341772151,
    "precision": 76.86567164179104,
    "recall": 56.59340659340659,
    "tp": 103,
    "fp": 31,
    "fn": 79
  },
  "jaccard": [
    0.5875706214689266
  ],
  "braycurtis": [
    0.3958333333333333
  ],
  "dice": [
    0.416
  ],
  "cosinus": [
    0.33419077706302336
  ]
}