{
  "voc_eval_res": {
    "precision": 30.0,
    "recall": 15.7895,
    "f-score": 20.6897
  },
  "KL_res": {
    "KL divergence": 6.624220294563499,
    "Euclidean Dist.": 0.3819411172068707,
    "WER": 0.8695652173913043,
    "CER": 0.628099173553719,
    "Cosine Dist.": 0.7226499018873855
  },
  "occ_eval_res": {
    "precision": 30.0,
    "recall": 13.0435,
    "f-score": 18.1818
  },
  "clean_eval": {
    "f-score": 43.42105263157895,
    "precision": 34.02061855670103,
    "recall": 60.0,
    "tp": 66,
    "fp": 128,
    "fn": 44
  },
  "jaccard": [
    0.6926829268292682
  ],
  "braycurtis": [
    0.5625
  ],
  "dice": [
    0.5298507462686567
  ],
  "cosinus": [
    0.4389712521361081
  ]
}