{
  "voc_eval_res": {
    "precision": 50.0,
    "recall": 72.7273,
    "f-score": 59.2593
  },
  "KL_res": {
    "KL divergence": 1.6131556406103882,
    "Euclidean Dist.": 0.2625959092793487,
    "WER": 0.8181818181818182,
    "CER": 0.5584415584415584,
    "Cosine Dist.": 0.25073135073464503
  },
  "occ_eval_res": {
    "precision": 50.0,
    "recall": 72.7273,
    "f-score": 59.2593
  },
  "clean_eval": {
    "f-score": 57.04225352112676,
    "precision": 59.55882352941176,
    "recall": 54.729729729729726,
    "tp": 81,
    "fp": 55,
    "fn": 67
  },
  "jaccard": [
    0.49523809523809526
  ],
  "braycurtis": [
    0.34269662921348315
  ],
  "dice": [
    0.3291139240506329
  ],
  "cosinus": [
    0.30467485632271174
  ]
}