{
  "voc_eval_res": {
    "precision": 40.0,
    "recall": 28.5714,
    "f-score": 33.3333
  },
  "KL_res": {
    "KL divergence": 5.250283880796988,
    "Euclidean Dist.": 0.4848732213850612,
    "WER": 0.7142857142857143,
    "CER": 0.6037735849056604,
    "Cosine Dist.": 0.49604736932103044
  },
  "occ_eval_res": {
    "precision": 40.0,
    "recall": 28.5714,
    "f-score": 33.3333
  },
  "clean_eval": {
    "f-score": 63.51351351351352,
    "precision": 54.65116279069767,
    "recall": 75.80645161290323,
    "tp": 47,
    "fp": 39,
    "fn": 15
  },
  "jaccard": [
    0.6923076923076923
  ],
  "braycurtis": [
    0.5555555555555556
  ],
  "dice": [
    0.5294117647058824
  ],
  "cosinus": [
    0.4949494949494948
  ]
}