{
  "voc_eval_res": {
    "precision": 34.4828,
    "recall": 43.4783,
    "f-score": 38.4615
  },
  "KL_res": {
    "KL divergence": 3.328584025203127,
    "Euclidean Dist.": 0.22346000760762538,
    "WER": 0.96,
    "CER": 0.6546762589928058,
    "Cosine Dist.": 0.41205526420786875
  },
  "occ_eval_res": {
    "precision": 34.375,
    "recall": 44.0,
    "f-score": 38.5965
  },
  "clean_eval": {
    "f-score": 30.14705882352941,
    "precision": 32.28346456692913,
    "recall": 28.27586206896552,
    "tp": 82,
    "fp": 172,
    "fn": 208
  },
  "jaccard": [
    0.6268656716417911
  ],
  "braycurtis": [
    0.446875
  ],
  "dice": [
    0.45652173913043476
  ],
  "cosinus": [
    0.32589133249428737
  ]
}