{
  "voc_eval_res": {
    "precision": 27.7778,
    "recall": 25.0,
    "f-score": 26.3158
  },
  "KL_res": {
    "KL divergence": 4.829251638546383,
    "Euclidean Dist.": 0.27555353756777595,
    "WER": 0.8181818181818182,
    "CER": 0.5100671140939598,
    "Cosine Dist.": 0.4782060679127964
  },
  "occ_eval_res": {
    "precision": 30.0,
    "recall": 27.2727,
    "f-score": 28.5714
  },
  "clean_eval": {
    "f-score": 44.39359267734553,
    "precision": 44.4954128440367,
    "recall": 44.29223744292237,
    "tp": 97,
    "fp": 121,
    "fn": 122
  },
  "jaccard": [
    0.6050955414012739
  ],
  "braycurtis": [
    0.44039735099337746
  ],
  "dice": [
    0.4337899543378995
  ],
  "cosinus": [
    0.3082189996370832
  ]
}