{
  "voc_eval_res": {
    "precision": 38.4615,
    "recall": 27.7778,
    "f-score": 32.2581
  },
  "KL_res": {
    "KL divergence": 3.477100854944981,
    "Euclidean Dist.": 0.2559365547337359,
    "WER": 0.6363636363636364,
    "CER": 0.506578947368421,
    "Cosine Dist.": 0.20677864442425598
  },
  "occ_eval_res": {
    "precision": 50.0,
    "recall": 40.9091,
    "f-score": 45.0
  },
  "clean_eval": {
    "f-score": 48.21428571428572,
    "precision": 42.51968503937008,
    "recall": 55.670103092783506,
    "tp": 108,
    "fp": 146,
    "fn": 86
  },
  "jaccard": [
    0.7276264591439688
  ],
  "braycurtis": [
    0.4296577946768061
  ],
  "dice": [
    0.5718654434250765
  ],
  "cosinus": [
    0.19871536312992788
  ]
}