{
  "voc_eval_res": {
    "precision": 15.3846,
    "recall": 20.0,
    "f-score": 17.3913
  },
  "KL_res": {
    "KL divergence": 5.778744726281338,
    "Euclidean Dist.": 0.37318170047883364,
    "WER": 1.0,
    "CER": 0.8688524590163934,
    "Cosine Dist.": 0.554564596812626
  },
  "occ_eval_res": {
    "precision": 21.4286,
    "recall": 23.0769,
    "f-score": 22.2222
  },
  "clean_eval": {
    "f-score": 62.5,
    "precision": 72.72727272727273,
    "recall": 54.794520547945204,
    "tp": 80,
    "fp": 30,
    "fn": 66
  },
  "jaccard": [
    0.7219251336898396
  ],
  "braycurtis": [
    0.5379310344827586
  ],
  "dice": [
    0.5648535564853556
  ],
  "cosinus": [
    0.41738648133788125
  ]
}