{
  "voc_eval_res": {
    "precision": 15.3846,
    "recall": 16.6667,
    "f-score": 16.0
  },
  "KL_res": {
    "KL divergence": 6.458943063552976,
    "Euclidean Dist.": 0.36701167200768303,
    "WER": 1.0,
    "CER": 0.7027027027027027,
    "Cosine Dist.": 0.7239737762630583
  },
  "occ_eval_res": {
    "precision": 15.3846,
    "recall": 16.6667,
    "f-score": 16.0
  },
  "clean_eval": {
    "f-score": 70.3125,
    "precision": 67.16417910447761,
    "recall": 73.77049180327869,
    "tp": 90,
    "fp": 44,
    "fn": 32
  },
  "jaccard": [
    0.771689497716895
  ],
  "braycurtis": [
    0.6174496644295302
  ],
  "dice": [
    0.6282527881040892
  ],
  "cosinus": [
    0.5182981982398142
  ]
}