{
  "voc_eval_res": {
    "precision": 40.0,
    "recall": 55.1724,
    "f-score": 46.3768
  },
  "KL_res": {
    "KL divergence": 2.6004929936148384,
    "Euclidean Dist.": 0.2024727869707382,
    "WER": 0.8648648648648649,
    "CER": 0.6367924528301887,
    "Cosine Dist.": 0.39957767953164713
  },
  "occ_eval_res": {
    "precision": 40.0,
    "recall": 48.6486,
    "f-score": 43.9024
  },
  "clean_eval": {
    "f-score": 14.953271028037385,
    "precision": 17.11229946524064,
    "recall": 13.278008298755188,
    "tp": 64,
    "fp": 310,
    "fn": 418
  },
  "jaccard": [
    0.5739910313901345
  ],
  "braycurtis": [
    0.424
  ],
  "dice": [
    0.4025157232704403
  ],
  "cosinus": [
    0.28343409144189713
  ]
}