{
  "voc_eval_res": {
    "precision": 77.7778,
    "recall": 66.6667,
    "f-score": 71.7949
  },
  "KL_res": {
    "KL divergence": 1.049760849418543,
    "Euclidean Dist.": 0.13642254619787417,
    "WER": 0.5333333333333333,
    "CER": 0.4052631578947368,
    "Cosine Dist.": 0.07199047593342722
  },
  "occ_eval_res": {
    "precision": 83.3333,
    "recall": 66.6667,
    "f-score": 74.0741
  },
  "clean_eval": {
    "f-score": 27.36486486486487,
    "precision": 23.964497041420117,
    "recall": 31.88976377952756,
    "tp": 81,
    "fp": 257,
    "fn": 173
  },
  "jaccard": [
    0.292
  ],
  "braycurtis": [
    0.1930835734870317
  ],
  "dice": [
    0.17096018735362997
  ],
  "cosinus": [
    0.07573072962948113
  ]
}