{
  "voc_eval_res": {
    "precision": 50.0,
    "recall": 18.75,
    "f-score": 27.2727
  },
  "KL_res": {
    "KL divergence": 5.665151701677126,
    "Euclidean Dist.": 0.44839922523270376,
    "WER": 0.8947368421052632,
    "CER": 0.7787610619469026,
    "Cosine Dist.": 0.5357929174514724
  },
  "occ_eval_res": {
    "precision": 50.0,
    "recall": 15.7895,
    "f-score": 24.0
  },
  "clean_eval": {
    "f-score": 34.44976076555024,
    "precision": 24.65753424657534,
    "recall": 57.14285714285714,
    "tp": 36,
    "fp": 110,
    "fn": 27
  },
  "jaccard": [
    0.7881773399014779
  ],
  "braycurtis": [
    0.7169811320754716
  ],
  "dice": [
    0.6504065040650406
  ],
  "cosinus": [
    0.5904874424888069
  ]
}