{
  "voc_eval_res": {
    "precision": 46.1538,
    "recall": 50.0,
    "f-score": 48.0
  },
  "KL_res": {
    "KL divergence": 3.644131911360633,
    "Euclidean Dist.": 0.3312410707066914,
    "WER": 0.7608695652173914,
    "CER": 0.4775510204081633,
    "Cosine Dist.": 0.5679861753364126
  },
  "occ_eval_res": {
    "precision": 50.0,
    "recall": 32.6087,
    "f-score": 39.4737
  },
  "clean_eval": {
    "f-score": 9.50920245398773,
    "precision": 9.171597633136095,
    "recall": 9.872611464968154,
    "tp": 31,
    "fp": 307,
    "fn": 283
  },
  "jaccard": [
    0.48405797101449277
  ],
  "braycurtis": [
    0.4613733905579399
  ],
  "dice": [
    0.3193116634799235
  ],
  "cosinus": [
    0.48681720211389734
  ]
}