{
  "voc_eval_res": {
    "precision": 33.3333,
    "recall": 54.5455,
    "f-score": 41.3793
  },
  "KL_res": {
    "KL divergence": 2.8893499489381322,
    "Euclidean Dist.": 0.27413915760377106,
    "WER": 1.0,
    "CER": 0.8247422680412371,
    "Cosine Dist.": 0.21257401456410951
  },
  "occ_eval_res": {
    "precision": 40.9091,
    "recall": 52.9412,
    "f-score": 46.1538
  },
  "clean_eval": {
    "f-score": 20.28301886792453,
    "precision": 27.21518987341772,
    "recall": 16.165413533834585,
    "tp": 43,
    "fp": 115,
    "fn": 223
  },
  "jaccard": [
    0.5588235294117647
  ],
  "braycurtis": [
    0.4235294117647059
  ],
  "dice": [
    0.3877551020408163
  ],
  "cosinus": [
    0.2475221130798375
  ]
}