{
  "voc_eval_res": {
    "precision": 16.6667,
    "recall": 22.2222,
    "f-score": 19.0476
  },
  "KL_res": {
    "KL divergence": 5.985010975801583,
    "Euclidean Dist.": 0.3986861137335368,
    "WER": 1.2222222222222223,
    "CER": 0.819672131147541,
    "Cosine Dist.": 0.677670814389848
  },
  "occ_eval_res": {
    "precision": 16.6667,
    "recall": 22.2222,
    "f-score": 19.0476
  },
  "clean_eval": {
    "f-score": 55.79399141630902,
    "precision": 65.65656565656566,
    "recall": 48.507462686567166,
    "tp": 65,
    "fp": 34,
    "fn": 69
  },
  "jaccard": [
    0.6902173913043478
  ],
  "braycurtis": [
    0.5071428571428571
  ],
  "dice": [
    0.5269709543568465
  ],
  "cosinus": [
    0.373706935704348
  ]
}