{
  "voc_eval_res": {
    "precision": 68.4211,
    "recall": 65.0,
    "f-score": 66.6667
  },
  "KL_res": {
    "KL divergence": 1.2209709556856347,
    "Euclidean Dist.": 0.14900780440887765,
    "WER": 0.4444444444444444,
    "CER": 0.33146067415730335,
    "Cosine Dist.": 0.05977754502448518
  },
  "occ_eval_res": {
    "precision": 71.4286,
    "recall": 74.0741,
    "f-score": 72.7273
  },
  "clean_eval": {
    "f-score": 47.77070063694268,
    "precision": 49.668874172185426,
    "recall": 46.012269938650306,
    "tp": 150,
    "fp": 152,
    "fn": 176
  },
  "jaccard": [
    0.4083969465648855
  ],
  "braycurtis": [
    0.21372031662269128
  ],
  "dice": [
    0.2565947242206235
  ],
  "cosinus": [
    0.06998353410808311
  ]
}