{
  "voc_eval_res": {
    "precision": 28.5714,
    "recall": 61.5385,
    "f-score": 39.0244
  },
  "KL_res": {
    "KL divergence": 2.2111864688317153,
    "Euclidean Dist.": 0.32838624271595585,
    "WER": 1.3333333333333333,
    "CER": 0.72,
    "Cosine Dist.": 0.38141042586825813
  },
  "occ_eval_res": {
    "precision": 31.0345,
    "recall": 50.0,
    "f-score": 38.2979
  },
  "clean_eval": {
    "f-score": 14.388489208633096,
    "precision": 16.528925619834713,
    "recall": 12.738853503184714,
    "tp": 40,
    "fp": 202,
    "fn": 274
  },
  "jaccard": [
    0.5559322033898305
  ],
  "braycurtis": [
    0.40226628895184136
  ],
  "dice": [
    0.38497652582159625
  ],
  "cosinus": [
    0.22722950963793198
  ]
}