{
  "voc_eval_res": {
    "precision": 30.0,
    "recall": 33.3333,
    "f-score": 31.5789
  },
  "KL_res": {
    "KL divergence": 4.515501781161385,
    "Euclidean Dist.": 0.277811381061802,
    "WER": 0.8421052631578947,
    "CER": 0.6990291262135923,
    "Cosine Dist.": 0.5237103277921598
  },
  "occ_eval_res": {
    "precision": 28.5714,
    "recall": 31.5789,
    "f-score": 30.0
  },
  "clean_eval": {
    "f-score": 29.055690072639223,
    "precision": 30.927835051546392,
    "recall": 27.397260273972602,
    "tp": 60,
    "fp": 134,
    "fn": 159
  },
  "jaccard": [
    0.6989247311827957
  ],
  "braycurtis": [
    0.5619469026548672
  ],
  "dice": [
    0.5371900826446281
  ],
  "cosinus": [
    0.45064972139395987
  ]
}