{
  "voc_eval_res": {
    "precision": 42.8571,
    "recall": 42.8571,
    "f-score": 42.8571
  },
  "KL_res": {
    "KL divergence": 3.547253867286945,
    "Euclidean Dist.": 0.29028096484053656,
    "WER": 1.0,
    "CER": 0.7640449438202247,
    "Cosine Dist.": 0.38605938648507976
  },
  "occ_eval_res": {
    "precision": 40.0,
    "recall": 42.8571,
    "f-score": 41.3793
  },
  "clean_eval": {
    "f-score": 55.487804878048784,
    "precision": 62.328767123287676,
    "recall": 50.0,
    "tp": 91,
    "fp": 55,
    "fn": 91
  },
  "jaccard": [
    0.5527638190954773
  ],
  "braycurtis": [
    0.4065934065934066
  ],
  "dice": [
    0.3819444444444444
  ],
  "cosinus": [
    0.2873372780049497
  ]
}