{
  "voc_eval_res": {
    "precision": 23.0769,
    "recall": 37.5,
    "f-score": 28.5714
  },
  "KL_res": {
    "KL divergence": 3.861518192295241,
    "Euclidean Dist.": 0.4096327167973251,
    "WER": 1.3333333333333333,
    "CER": 0.8103448275862069,
    "Cosine Dist.": 0.5149287499273341
  },
  "occ_eval_res": {
    "precision": 23.0769,
    "recall": 33.3333,
    "f-score": 27.2727
  },
  "clean_eval": {
    "f-score": 60.57692307692308,
    "precision": 73.25581395348837,
    "recall": 51.63934426229508,
    "tp": 63,
    "fp": 23,
    "fn": 59
  },
  "jaccard": [
    0.7741935483870968
  ],
  "braycurtis": [
    0.6834532374100719
  ],
  "dice": [
    0.631578947368421
  ],
  "cosinus": [
    0.6222582401664797
  ]
}