{
  "voc_eval_res": {
    "precision": 47.619,
    "recall": 62.5,
    "f-score": 54.0541
  },
  "KL_res": {
    "KL divergence": 2.0402051899417897,
    "Euclidean Dist.": 0.21929607969474046,
    "WER": 0.8421052631578947,
    "CER": 0.6416666666666667,
    "Cosine Dist.": 0.21145431943858817
  },
  "occ_eval_res": {
    "precision": 44.4444,
    "recall": 63.1579,
    "f-score": 52.1739
  },
  "clean_eval": {
    "f-score": 40.6015037593985,
    "precision": 46.95652173913044,
    "recall": 35.76158940397351,
    "tp": 108,
    "fp": 122,
    "fn": 194
  },
  "jaccard": [
    0.5323741007194245
  ],
  "braycurtis": [
    0.4006734006734007
  ],
  "dice": [
    0.3627450980392157
  ],
  "cosinus": [
    0.2612618825672153
  ]
}