{
  "voc_eval_res": {
    "precision": 40.0,
    "recall": 57.1429,
    "f-score": 47.0588
  },
  "KL_res": {
    "KL divergence": 2.310665609001985,
    "Euclidean Dist.": 0.33575651597032175,
    "WER": 0.875,
    "CER": 0.6458333333333334,
    "Cosine Dist.": 0.24074339763470343
  },
  "occ_eval_res": {
    "precision": 45.4545,
    "recall": 62.5,
    "f-score": 52.6316
  },
  "clean_eval": {
    "f-score": 65.38461538461539,
    "precision": 79.06976744186046,
    "recall": 55.73770491803278,
    "tp": 68,
    "fp": 18,
    "fn": 54
  },
  "jaccard": [
    0.5882352941176471
  ],
  "braycurtis": [
    0.4369747899159664
  ],
  "dice": [
    0.4166666666666667
  ],
  "cosinus": [
    0.30123730319147324
  ]
}