{
  "voc_eval_res": {
    "precision": 28.5714,
    "recall": 21.0526,
    "f-score": 24.2424
  },
  "KL_res": {
    "KL divergence": 5.058710182724492,
    "Euclidean Dist.": 0.29297326385411576,
    "WER": 0.75,
    "CER": 0.5234899328859061,
    "Cosine Dist.": 0.4693313694947676
  },
  "occ_eval_res": {
    "precision": 33.3333,
    "recall": 25.0,
    "f-score": 28.5714
  },
  "clean_eval": {
    "f-score": 58.88594164456234,
    "precision": 50.917431192660544,
    "recall": 69.81132075471697,
    "tp": 111,
    "fp": 107,
    "fn": 48
  },
  "jaccard": [
    0.6301369863013698
  ],
  "braycurtis": [
    0.4521072796934866
  ],
  "dice": [
    0.46
  ],
  "cosinus": [
    0.31145452815618535
  ]
}