{
  "voc_eval_res": {
    "precision": 55.5556,
    "recall": 41.6667,
    "f-score": 47.619
  },
  "KL_res": {
    "KL divergence": 2.9090427664510976,
    "Euclidean Dist.": 0.29627314724385295,
    "WER": 0.7222222222222222,
    "CER": 0.5604395604395604,
    "Cosine Dist.": 0.21568627450980404
  },
  "occ_eval_res": {
    "precision": 60.0,
    "recall": 50.0,
    "f-score": 54.5455
  },
  "clean_eval": {
    "f-score": 60.365853658536594,
    "precision": 62.65822784810127,
    "recall": 58.235294117647065,
    "tp": 99,
    "fp": 59,
    "fn": 71
  },
  "jaccard": [
    0.5977653631284916
  ],
  "braycurtis": [
    0.40217391304347827
  ],
  "dice": [
    0.4262948207171315
  ],
  "cosinus": [
    0.32237413082940203
  ]
}