{
  "voc_eval_res": {
    "precision": 33.3333,
    "recall": 66.6667,
    "f-score": 44.4444
  },
  "KL_res": {
    "KL divergence": 2.4139237306593815,
    "Euclidean Dist.": 0.5773502691896258,
    "WER": 1.3333333333333333,
    "CER": 1.4285714285714286,
    "Cosine Dist.": 0.36754446796632423
  },
  "occ_eval_res": {
    "precision": 33.3333,
    "recall": 66.6667,
    "f-score": 44.4444
  },
  "clean_eval": {
    "f-score": 65.78947368421052,
    "precision": 96.15384615384616,
    "recall": 50.0,
    "tp": 25,
    "fp": 1,
    "fn": 25
  },
  "jaccard": [
    0.7123287671232876
  ],
  "braycurtis": [
    0.5625
  ],
  "dice": [
    0.5531914893617021
  ],
  "cosinus": [
    0.46883775234554426
  ]
}