{
  "voc_eval_res": {
    "precision": 41.6667,
    "recall": 38.4615,
    "f-score": 40.0
  },
  "KL_res": {
    "KL divergence": 3.953283822191694,
    "Euclidean Dist.": 0.31716197120135853,
    "WER": 0.8461538461538461,
    "CER": 0.5523809523809524,
    "Cosine Dist.": 0.41023217538041146
  },
  "occ_eval_res": {
    "precision": 38.4615,
    "recall": 38.4615,
    "f-score": 38.4615
  },
  "clean_eval": {
    "f-score": 68.42105263157893,
    "precision": 65.82278481012658,
    "recall": 71.23287671232876,
    "tp": 104,
    "fp": 54,
    "fn": 42
  },
  "jaccard": [
    0.64
  ],
  "braycurtis": [
    0.49732620320855614
  ],
  "dice": [
    0.47058823529411764
  ],
  "cosinus": [
    0.3955824126359555
  ]
}