{
  "voc_eval_res": {
    "precision": 48.4848,
    "recall": 50.0,
    "f-score": 49.2308
  },
  "KL_res": {
    "KL divergence": 2.2060104023351688,
    "Euclidean Dist.": 0.18259723646316361,
    "WER": 1.0714285714285714,
    "CER": 0.8249027237354085,
    "Cosine Dist.": 0.22396889125347952
  },
  "occ_eval_res": {
    "precision": 48.9362,
    "recall": 54.7619,
    "f-score": 51.6854
  },
  "clean_eval": {
    "f-score": 10.425531914893616,
    "precision": 10.986547085201794,
    "recall": 9.919028340080972,
    "tp": 49,
    "fp": 397,
    "fn": 445
  },
  "jaccard": [
    0.573394495412844
  ],
  "braycurtis": [
    0.37294332723948814
  ],
  "dice": [
    0.40192926045016075
  ],
  "cosinus": [
    0.21780685549880607
  ]
}