{
  "voc_eval_res": {
    "precision": 33.3333,
    "recall": 40.7407,
    "f-score": 36.6667
  },
  "KL_res": {
    "KL divergence": 3.1504532128687375,
    "Euclidean Dist.": 0.21845602300410544,
    "WER": 0.7380952380952381,
    "CER": 0.5601503759398496,
    "Cosine Dist.": 0.28195087778736794
  },
  "occ_eval_res": {
    "precision": 41.0256,
    "recall": 38.0952,
    "f-score": 39.5062
  },
  "clean_eval": {
    "f-score": 31.858407079646017,
    "precision": 33.17972350230415,
    "recall": 30.638297872340424,
    "tp": 144,
    "fp": 290,
    "fn": 326
  },
  "jaccard": [
    0.5497737556561086
  ],
  "braycurtis": [
    0.4076086956521739
  ],
  "dice": [
    0.3790951638065523
  ],
  "cosinus": [
    0.260493533628283
  ]
}