{
  "voc_eval_res": {
    "precision": 50.0,
    "recall": 28.5714,
    "f-score": 36.3636
  },
  "KL_res": {
    "KL divergence": 5.220222507382847,
    "Euclidean Dist.": 0.5224549585117069,
    "WER": 0.7142857142857143,
    "CER": 0.5,
    "Cosine Dist.": 0.45566894604818264
  },
  "occ_eval_res": {
    "precision": 50.0,
    "recall": 28.5714,
    "f-score": 36.3636
  },
  "clean_eval": {
    "f-score": 42.64705882352941,
    "precision": 33.72093023255814,
    "recall": 57.99999999999999,
    "tp": 29,
    "fp": 57,
    "fn": 21
  },
  "jaccard": [
    0.6545454545454545
  ],
  "braycurtis": [
    0.5128205128205128
  ],
  "dice": [
    0.4864864864864865
  ],
  "cosinus": [
    0.43140503943265374
  ]
}