{
  "voc_eval_res": {
    "precision": 38.0952,
    "recall": 44.4444,
    "f-score": 41.0256
  },
  "KL_res": {
    "KL divergence": 3.2946073372626983,
    "Euclidean Dist.": 0.26690752945460927,
    "WER": 0.8333333333333334,
    "CER": 0.6901408450704225,
    "Cosine Dist.": 0.39003724047831656
  },
  "occ_eval_res": {
    "precision": 39.1304,
    "recall": 37.5,
    "f-score": 38.2979
  },
  "clean_eval": {
    "f-score": 7.547169811320755,
    "precision": 7.766990291262135,
    "recall": 7.339449541284404,
    "tp": 16,
    "fp": 190,
    "fn": 202
  },
  "jaccard": [
    0.6630824372759857
  ],
  "braycurtis": [
    0.5373665480427047
  ],
  "dice": [
    0.4959785522788204
  ],
  "cosinus": [
    0.41668366980982297
  ]
}