{
  "voc_eval_res": {
    "precision": 46.4286,
    "recall": 65.0,
    "f-score": 54.1667
  },
  "KL_res": {
    "KL divergence": 1.5439197117659949,
    "Euclidean Dist.": 0.17494095816296196,
    "WER": 0.7083333333333334,
    "CER": 0.44654088050314467,
    "Cosine Dist.": 0.1567675973666105
  },
  "occ_eval_res": {
    "precision": 51.5152,
    "recall": 70.8333,
    "f-score": 59.6491
  },
  "clean_eval": {
    "f-score": 18.211920529801322,
    "precision": 20.676691729323306,
    "recall": 16.272189349112427,
    "tp": 55,
    "fp": 211,
    "fn": 283
  },
  "jaccard": [
    0.4582043343653251
  ],
  "braycurtis": [
    0.31693989071038253
  ],
  "dice": [
    0.2971887550200803
  ],
  "cosinus": [
    0.17184380742047256
  ]
}