{
  "voc_eval_res": {
    "precision": 16.6667,
    "recall": 33.3333,
    "f-score": 22.2222
  },
  "KL_res": {
    "KL divergence": 5.419605642092807,
    "Euclidean Dist.": 0.6454972243679029,
    "WER": 1.6666666666666667,
    "CER": 1.0526315789473684,
    "Cosine Dist.": 0.6220355269907728
  },
  "occ_eval_res": {
    "precision": 16.6667,
    "recall": 33.3333,
    "f-score": 22.2222
  },
  "clean_eval": {
    "f-score": 59.4059405940594,
    "precision": 78.94736842105263,
    "recall": 47.61904761904761,
    "tp": 30,
    "fp": 8,
    "fn": 33
  },
  "jaccard": [
    0.7397260273972602
  ],
  "braycurtis": [
    0.6346153846153846
  ],
  "dice": [
    0.5869565217391305
  ],
  "cosinus": [
    0.5634358749346006
  ]
}