{
  "voc_eval_res": {
    "precision": 33.3333,
    "recall": 66.6667,
    "f-score": 44.4444
  },
  "KL_res": {
    "KL divergence": 2.413923730659382,
    "Euclidean Dist.": 0.5773502691896258,
    "WER": 1.3333333333333333,
    "CER": 0.8695652173913043,
    "Cosine Dist.": 0.36754446796632423
  },
  "occ_eval_res": {
    "precision": 33.3333,
    "recall": 66.6667,
    "f-score": 44.4444
  },
  "clean_eval": {
    "f-score": 51.78571428571428,
    "precision": 76.31578947368422,
    "recall": 39.189189189189186,
    "tp": 29,
    "fp": 9,
    "fn": 45
  },
  "jaccard": [
    0.575
  ],
  "braycurtis": [
    0.4262295081967213
  ],
  "dice": [
    0.40350877192982454
  ],
  "cosinus": [
    0.3576359451624267
  ]
}