{
  "voc_eval_res": {
    "precision": 42.3077,
    "recall": 47.8261,
    "f-score": 44.898
  },
  "KL_res": {
    "KL divergence": 2.7696254411357932,
    "Euclidean Dist.": 0.23938424648718065,
    "WER": 0.7906976744186046,
    "CER": 0.5811965811965812,
    "Cosine Dist.": 0.310976142135875
  },
  "occ_eval_res": {
    "precision": 51.2821,
    "recall": 46.5116,
    "f-score": 48.7805
  },
  "clean_eval": {
    "f-score": 29.06976744186047,
    "precision": 30.67484662576687,
    "recall": 27.624309392265197,
    "tp": 100,
    "fp": 226,
    "fn": 262
  },
  "jaccard": [
    0.574585635359116
  ],
  "braycurtis": [
    0.41735537190082644
  ],
  "dice": [
    0.40310077519379844
  ],
  "cosinus": [
    0.32131232622561334
  ]
}