{
  "voc_eval_res": {
    "precision": 50.0,
    "recall": 68.4211,
    "f-score": 57.7778
  },
  "KL_res": {
    "KL divergence": 1.147657010763745,
    "Euclidean Dist.": 0.15174839993719197,
    "WER": 0.7741935483870968,
    "CER": 0.6585365853658537,
    "Cosine Dist.": 0.06931802653422225
  },
  "occ_eval_res": {
    "precision": 60.5263,
    "recall": 74.1935,
    "f-score": 66.6667
  },
  "clean_eval": {
    "f-score": 25.961538461538463,
    "precision": 28.87700534759358,
    "recall": 23.580786026200872,
    "tp": 108,
    "fp": 266,
    "fn": 350
  },
  "jaccard": [
    0.46226415094339623
  ],
  "braycurtis": [
    0.27640449438202247
  ],
  "dice": [
    0.3006134969325153
  ],
  "cosinus": [
    0.1088079039553983
  ]
}