{
  "voc_eval_res": {
    "precision": 71.1409,
    "recall": 75.7143,
    "f-score": 73.3564
  },
  "KL_res": {
    "KL divergence": 0.86396802831278,
    "Euclidean Dist.": 0.0791571563996167,
    "WER": 0.3665158371040724,
    "CER": 0.09210526315789473,
    "Cosine Dist.": 0.1285026512513857
  },
  "occ_eval_res": {
    "precision": 71.9298,
    "recall": 74.2081,
    "f-score": 73.0512
  },
  "clean_eval": {
    "f-score": 66.33663366336634,
    "precision": 67.0,
    "recall": 65.68627450980392,
    "tp": 134,
    "fp": 66,
    "fn": 70
  },
  "jaccard": [
    0.3056807935076646
  ],
  "braycurtis": [
    0.17083659108678656
  ],
  "dice": [
    0.1804151144225652
  ],
  "cosinus": [
    0.07280214966019416
  ]
}