{
  "voc_eval_res": {
    "precision": 61.6279,
    "recall": 65.7025,
    "f-score": 63.6
  },
  "KL_res": {
    "KL divergence": 0.8645899066426586,
    "Euclidean Dist.": 0.0699605120434867,
    "WER": 0.3729166666666667,
    "CER": 0.10712779417967103,
    "Cosine Dist.": 0.10733031018251016
  },
  "occ_eval_res": {
    "precision": 72.7069,
    "recall": 67.7083,
    "f-score": 70.1187
  },
  "clean_eval": {
    "f-score": 62.48492159227985,
    "precision": 61.37440758293838,
    "recall": 63.63636363636363,
    "tp": 259,
    "fp": 163,
    "fn": 148
  },
  "jaccard": [
    0.3591411841249187
  ],
  "braycurtis": [
    0.17966032330673215
  ],
  "dice": [
    0.21887390959555908
  ],
  "cosinus": [
    0.07167841179920187
  ]
}