{
  "voc_eval_res": {
    "precision": 61.1973,
    "recall": 69.0,
    "f-score": 64.8649
  },
  "KL_res": {
    "KL divergence": 0.6726553946445666,
    "Euclidean Dist.": 0.07079312335858397,
    "WER": 0.3261058109280139,
    "CER": 0.08753405994550409,
    "Cosine Dist.": 0.11282519617313269
  },
  "occ_eval_res": {
    "precision": 74.7196,
    "recall": 75.1084,
    "f-score": 74.9135
  },
  "clean_eval": {
    "f-score": 64.89311163895486,
    "precision": 64.739336492891,
    "recall": 65.04761904761904,
    "tp": 683,
    "fp": 372,
    "fn": 367
  },
  "jaccard": [
    0.33987248651299656
  ],
  "braycurtis": [
    0.15919227962046872
  ],
  "dice": [
    0.20472673559822746
  ],
  "cosinus": [
    0.06173929286949209
  ]
}