{
  "voc_eval_res": {
    "precision": 71.4286,
    "recall": 69.2308,
    "f-score": 70.3125
  },
  "KL_res": {
    "KL divergence": 1.2453549132939705,
    "Euclidean Dist.": 0.10698972158776239,
    "WER": 0.410958904109589,
    "CER": 0.1523809523809524,
    "Cosine Dist.": 0.1868257432035194
  },
  "occ_eval_res": {
    "precision": 68.4932,
    "recall": 68.4932,
    "f-score": 68.4932
  },
  "clean_eval": {
    "f-score": 63.82978723404255,
    "precision": 61.64383561643836,
    "recall": 66.17647058823529,
    "tp": 45,
    "fp": 28,
    "fn": 23
  },
  "jaccard": [
    0.3193548387096774
  ],
  "braycurtis": [
    0.16474654377880185
  ],
  "dice": [
    0.19001919385796545
  ],
  "cosinus": [
    0.06760500255590018
  ]
}