{
  "voc_eval_res": {
    "precision": 60.2941,
    "recall": 59.4203,
    "f-score": 59.854
  },
  "KL_res": {
    "KL divergence": 1.8358161519937166,
    "Euclidean Dist.": 0.1336448913372378,
    "WER": 0.47191011235955055,
    "CER": 0.14132762312633834,
    "Cosine Dist.": 0.27588181102894216
  },
  "occ_eval_res": {
    "precision": 62.3377,
    "recall": 53.9326,
    "f-score": 57.8313
  },
  "clean_eval": {
    "f-score": 55.03355704697985,
    "precision": 53.246753246753244,
    "recall": 56.94444444444444,
    "tp": 41,
    "fp": 36,
    "fn": 31
  },
  "jaccard": [
    0.3911671924290221
  ],
  "braycurtis": [
    0.25077720207253884
  ],
  "dice": [
    0.24313725490196078
  ],
  "cosinus": [
    0.1485285942074015
  ]
}