{
  "voc_eval_res": {
    "precision": 75.641,
    "recall": 75.641,
    "f-score": 75.641
  },
  "KL_res": {
    "KL divergence": 1.0077016049480285,
    "Euclidean Dist.": 0.09486832980505137,
    "WER": 0.34,
    "CER": 0.07335907335907337,
    "Cosine Dist.": 0.12448913043211463
  },
  "occ_eval_res": {
    "precision": 74.0,
    "recall": 74.0,
    "f-score": 74.0
  },
  "clean_eval": {
    "f-score": 70.78651685393258,
    "precision": 69.23076923076923,
    "recall": 72.41379310344827,
    "tp": 63,
    "fp": 28,
    "fn": 24
  },
  "jaccard": [
    0.2777777777777778
  ],
  "braycurtis": [
    0.15598885793871867
  ],
  "dice": [
    0.16129032258064516
  ],
  "cosinus": [
    0.09481469451700064
  ]
}