{
  "voc_eval_res": {
    "precision": 75.8065,
    "recall": 80.1136,
    "f-score": 77.9006
  },
  "KL_res": {
    "KL divergence": 0.7450508134036058,
    "Euclidean Dist.": 0.08729456585493674,
    "WER": 0.2893081761006289,
    "CER": 0.1187214611872146,
    "Cosine Dist.": 0.16215169905768068
  },
  "occ_eval_res": {
    "precision": 82.392,
    "recall": 77.9874,
    "f-score": 80.1292
  },
  "clean_eval": {
    "f-score": 70.83333333333334,
    "precision": 70.83333333333334,
    "recall": 70.83333333333334,
    "tp": 187,
    "fp": 77,
    "fn": 77
  },
  "jaccard": [
    0.3277777777777778
  ],
  "braycurtis": [
    0.1762208067940552
  ],
  "dice": [
    0.19601328903654486
  ],
  "cosinus": [
    0.13270978665506616
  ]
}