{
  "voc_eval_res": {
    "precision": 88.4058,
    "recall": 87.1429,
    "f-score": 87.7698
  },
  "KL_res": {
    "KL divergence": 0.4139907101184527,
    "Euclidean Dist.": 0.06051270747431912,
    "WER": 0.13253012048192772,
    "CER": 0.044642857142857144,
    "Cosine Dist.": 0.058612426452357425
  },
  "occ_eval_res": {
    "precision": 87.8049,
    "recall": 86.747,
    "f-score": 87.2727
  },
  "clean_eval": {
    "f-score": 82.71604938271605,
    "precision": 82.71604938271605,
    "recall": 82.71604938271605,
    "tp": 67,
    "fp": 14,
    "fn": 14
  },
  "jaccard": [
    0.26480836236933797
  ],
  "braycurtis": [
    0.1222707423580786
  ],
  "dice": [
    0.15261044176706828
  ],
  "cosinus": [
    0.04185419402668278
  ]
}