{
  "voc_eval_res": {
    "precision": 70.8333,
    "recall": 70.8333,
    "f-score": 70.8333
  },
  "KL_res": {
    "KL divergence": 1.2234420763784022,
    "Euclidean Dist.": 0.13857990321384966,
    "WER": 0.2962962962962963,
    "CER": 0.14838709677419354,
    "Cosine Dist.": 0.11111111111111116
  },
  "occ_eval_res": {
    "precision": 74.0741,
    "recall": 74.0741,
    "f-score": 74.0741
  },
  "clean_eval": {
    "f-score": 77.19298245614034,
    "precision": 78.57142857142857,
    "recall": 75.86206896551724,
    "tp": 22,
    "fp": 6,
    "fn": 7
  },
  "jaccard": [
    0.3161764705882353
  ],
  "braycurtis": [
    0.16519174041297935
  ],
  "dice": [
    0.18777292576419213
  ],
  "cosinus": [
    0.07729325757379535
  ]
}