{
  "voc_eval_res": {
    "precision": 68.3486,
    "recall": 72.3301,
    "f-score": 70.283
  },
  "KL_res": {
    "KL divergence": 0.6967551956210493,
    "Euclidean Dist.": 0.06058128481870273,
    "WER": 0.2997658079625293,
    "CER": 0.10878243512974052,
    "Cosine Dist.": 0.0801057434754201
  },
  "occ_eval_res": {
    "precision": 76.4846,
    "recall": 75.4098,
    "f-score": 75.9434
  },
  "clean_eval": {
    "f-score": 63.856960408684536,
    "precision": 64.1025641025641,
    "recall": 63.61323155216285,
    "tp": 250,
    "fp": 140,
    "fn": 143
  },
  "jaccard": [
    0.32669322709163345
  ],
  "braycurtis": [
    0.14910673385249656
  ],
  "dice": [
    0.19523809523809524
  ],
  "cosinus": [
    0.06459271787074305
  ]
}