{
  "voc_eval_res": {
    "precision": 77.2727,
    "recall": 77.2727,
    "f-score": 77.2727
  },
  "KL_res": {
    "KL divergence": 0.9689114798459082,
    "Euclidean Dist.": 0.13176156917368248,
    "WER": 0.25,
    "CER": 0.08823529411764706,
    "Cosine Dist.": 0.09803921568627438
  },
  "occ_eval_res": {
    "precision": 79.1667,
    "recall": 79.1667,
    "f-score": 79.1667
  },
  "clean_eval": {
    "f-score": 68.08510638297872,
    "precision": 66.66666666666666,
    "recall": 69.56521739130434,
    "tp": 16,
    "fp": 8,
    "fn": 7
  },
  "jaccard": [
    0.3857677902621723
  ],
  "braycurtis": [
    0.25
  ],
  "dice": [
    0.23897911832946636
  ],
  "cosinus": [
    0.17472312589435668
  ]
}