{
  "voc_eval_res": {
    "precision": 64.8148,
    "recall": 66.0377,
    "f-score": 65.4206
  },
  "KL_res": {
    "KL divergence": 0.9776731052509793,
    "Euclidean Dist.": 0.07375039178176133,
    "WER": 0.389937106918239,
    "CER": 0.11568123393316196,
    "Cosine Dist.": 0.08179338279354254
  },
  "occ_eval_res": {
    "precision": 71.3333,
    "recall": 67.2956,
    "f-score": 69.2557
  },
  "clean_eval": {
    "f-score": 59.66101694915255,
    "precision": 59.06040268456376,
    "recall": 60.273972602739725,
    "tp": 88,
    "fp": 61,
    "fn": 58
  },
  "jaccard": [
    0.36257309941520466
  ],
  "braycurtis": [
    0.2011313639220616
  ],
  "dice": [
    0.22142857142857142
  ],
  "cosinus": [
    0.05446496137538748
  ]
}