{
  "voc_eval_res": {
    "precision": 51.2438,
    "recall": 55.6757,
    "f-score": 53.3679
  },
  "KL_res": {
    "KL divergence": 1.1452680990047992,
    "Euclidean Dist.": 0.07041998406178498,
    "WER": 0.41739130434782606,
    "CER": 0.13150684931506848,
    "Cosine Dist.": 0.1029892522185859
  },
  "occ_eval_res": {
    "precision": 66.055,
    "recall": 62.6087,
    "f-score": 64.2857
  },
  "clean_eval": {
    "f-score": 52.17391304347827,
    "precision": 51.59235668789809,
    "recall": 52.76872964169381,
    "tp": 162,
    "fp": 152,
    "fn": 145
  },
  "jaccard": [
    0.3630721489526765
  ],
  "braycurtis": [
    0.18760064412238325
  ],
  "dice": [
    0.22180094786729856
  ],
  "cosinus": [
    0.061635558373683286
  ]
}