{
  "voc_eval_res": {
    "precision": 66.4032,
    "recall": 68.2927,
    "f-score": 67.3347
  },
  "KL_res": {
    "KL divergence": 0.9196449626815862,
    "Euclidean Dist.": 0.08478824191875405,
    "WER": 0.40963855421686746,
    "CER": 0.12329931972789115,
    "Cosine Dist.": 0.1585302601966917
  },
  "occ_eval_res": {
    "precision": 71.2215,
    "recall": 69.0763,
    "f-score": 70.1325
  },
  "clean_eval": {
    "f-score": 44.70787468247248,
    "precision": 43.13725490196079,
    "recall": 46.397188049209134,
    "tp": 264,
    "fp": 348,
    "fn": 305
  },
  "jaccard": [
    0.4132050721469174
  ],
  "braycurtis": [
    0.20457969267851764
  ],
  "dice": [
    0.2604023146872417
  ],
  "cosinus": [
    0.04026817772309699
  ]
}