{
  "voc_eval_res": {
    "precision": 64.2458,
    "recall": 67.2515,
    "f-score": 65.7143
  },
  "KL_res": {
    "KL divergence": 0.9461440301235269,
    "Euclidean Dist.": 0.07714228393683792,
    "WER": 0.3475409836065574,
    "CER": 0.13236225459151363,
    "Cosine Dist.": 0.11273222144614992
  },
  "occ_eval_res": {
    "precision": 74.1611,
    "recall": 72.459,
    "f-score": 73.3002
  },
  "clean_eval": {
    "f-score": 61.87845303867403,
    "precision": 61.53846153846154,
    "recall": 62.22222222222222,
    "tp": 168,
    "fp": 105,
    "fn": 102
  },
  "jaccard": [
    0.3990895295902883
  ],
  "braycurtis": [
    0.20596205962059622
  ],
  "dice": [
    0.24928909952606634
  ],
  "cosinus": [
    0.09095719922300027
  ]
}