{
  "voc_eval_res": {
    "precision": 48.6239,
    "recall": 56.9892,
    "f-score": 52.4752
  },
  "KL_res": {
    "KL divergence": 3.3441011061801587,
    "Euclidean Dist.": 0.3629189829916873,
    "WER": 0.7759815242494227,
    "CER": 0.5181818181818182,
    "Cosine Dist.": 0.7615749362321188
  },
  "occ_eval_res": {
    "precision": 56.338,
    "recall": 36.9515,
    "f-score": 44.6304
  },
  "clean_eval": {
    "f-score": 12.209688122096882,
    "precision": 11.616161616161616,
    "recall": 12.867132867132867,
    "tp": 92,
    "fp": 700,
    "fn": 623
  },
  "jaccard": [
    0.49229857819905215
  ],
  "braycurtis": [
    0.32236630586217985
  ],
  "dice": [
    0.32652259332023575
  ],
  "cosinus": [
    0.09834882033042769
  ]
}