{
  "voc_eval_res": {
    "precision": 49.1736,
    "recall": 50.4237,
    "f-score": 49.7908
  },
  "KL_res": {
    "KL divergence": 1.199866059356591,
    "Euclidean Dist.": 0.07209841476442568,
    "WER": 0.45076586433260396,
    "CER": 0.1348364279398762,
    "Cosine Dist.": 0.10182341606067391
  },
  "occ_eval_res": {
    "precision": 65.6471,
    "recall": 61.0503,
    "f-score": 63.2653
  },
  "clean_eval": {
    "f-score": 44.72049689440993,
    "precision": 44.00977995110024,
    "recall": 45.45454545454545,
    "tp": 180,
    "fp": 229,
    "fn": 216
  },
  "jaccard": [
    0.46263125386040765
  ],
  "braycurtis": [
    0.2305382800772035
  ],
  "dice": [
    0.3009240658899156
  ],
  "cosinus": [
    0.09855153036355502
  ]
}