{
  "voc_eval_res": {
    "precision": 64.7727,
    "recall": 69.5122,
    "f-score": 67.0588
  },
  "KL_res": {
    "KL divergence": 1.184309594694589,
    "Euclidean Dist.": 0.11059643785556356,
    "WER": 0.3969465648854962,
    "CER": 0.1537190082644628,
    "Cosine Dist.": 0.17842585346583428
  },
  "occ_eval_res": {
    "precision": 68.8889,
    "recall": 70.9924,
    "f-score": 69.9248
  },
  "clean_eval": {
    "f-score": 63.519313304721024,
    "precision": 63.793103448275865,
    "recall": 63.24786324786324,
    "tp": 74,
    "fp": 42,
    "fn": 43
  },
  "jaccard": [
    0.3883248730964467
  ],
  "braycurtis": [
    0.2312874251497006
  ],
  "dice": [
    0.2409448818897638
  ],
  "cosinus": [
    0.19178135390876982
  ]
}