{
  "voc_eval_res": {
    "precision": 74.3421,
    "recall": 76.3514,
    "f-score": 75.3333
  },
  "KL_res": {
    "KL divergence": 0.6168039552716639,
    "Euclidean Dist.": 0.04860437087540427,
    "WER": 0.24774774774774774,
    "CER": 0.06093489148580968,
    "Cosine Dist.": 0.05700941823944905
  },
  "occ_eval_res": {
    "precision": 80.543,
    "recall": 80.1802,
    "f-score": 80.3612
  },
  "clean_eval": {
    "f-score": 75.63805104408353,
    "precision": 75.81395348837209,
    "recall": 75.46296296296296,
    "tp": 163,
    "fp": 52,
    "fn": 53
  },
  "jaccard": [
    0.30363636363636365
  ],
  "braycurtis": [
    0.13722334004024145
  ],
  "dice": [
    0.1789924973204716
  ],
  "cosinus": [
    0.03403032706495823
  ]
}