{
  "voc_eval_res": {
    "precision": 77.8947,
    "recall": 80.4348,
    "f-score": 79.1444
  },
  "KL_res": {
    "KL divergence": 0.7908052855924026,
    "Euclidean Dist.": 0.08639933482554349,
    "WER": 0.2558139534883721,
    "CER": 0.07547169811320754,
    "Cosine Dist.": 0.13087679605831548
  },
  "occ_eval_res": {
    "precision": 80.4878,
    "recall": 76.7442,
    "f-score": 78.5714
  },
  "clean_eval": {
    "f-score": 74.43946188340807,
    "precision": 74.10714285714286,
    "recall": 74.77477477477478,
    "tp": 83,
    "fp": 29,
    "fn": 28
  },
  "jaccard": [
    0.25961538461538464
  ],
  "braycurtis": [
    0.17142857142857143
  ],
  "dice": [
    0.14917127071823205
  ],
  "cosinus": [
    0.12371528692104716
  ]
}