{
  "voc_eval_res": {
    "precision": 64.2857,
    "recall": 60.0,
    "f-score": 62.069
  },
  "KL_res": {
    "KL divergence": 1.7881367824182242,
    "Euclidean Dist.": 0.1342223304137904,
    "WER": 0.4909090909090909,
    "CER": 0.11702127659574468,
    "Cosine Dist.": 0.18687940138520653
  },
  "occ_eval_res": {
    "precision": 67.3469,
    "recall": 60.0,
    "f-score": 63.4615
  },
  "clean_eval": {
    "f-score": 56.310679611650485,
    "precision": 51.78571428571429,
    "recall": 61.702127659574465,
    "tp": 29,
    "fp": 27,
    "fn": 18
  },
  "jaccard": [
    0.3859275053304904
  ],
  "braycurtis": [
    0.23599320882852293
  ],
  "dice": [
    0.23910171730515192
  ],
  "cosinus": [
    0.1067692399147856
  ]
}