{
  "voc_eval_res": {
    "precision": 75.2747,
    "recall": 76.5363,
    "f-score": 75.9003
  },
  "KL_res": {
    "KL divergence": 0.7534813948459721,
    "Euclidean Dist.": 0.07899185855183012,
    "WER": 0.2891566265060241,
    "CER": 0.12969924812030076,
    "Cosine Dist.": 0.14079780060765779
  },
  "occ_eval_res": {
    "precision": 82.5243,
    "recall": 76.8072,
    "f-score": 79.5632
  },
  "clean_eval": {
    "f-score": 65.28497409326425,
    "precision": 65.17241379310344,
    "recall": 65.39792387543253,
    "tp": 189,
    "fp": 101,
    "fn": 100
  },
  "jaccard": [
    0.26401299756295693
  ],
  "braycurtis": [
    0.15656420568802068
  ],
  "dice": [
    0.1520823584464202
  ],
  "cosinus": [
    0.12363401655776007
  ]
}