{
  "voc_eval_res": {
    "precision": 77.9141,
    "recall": 82.4675,
    "f-score": 80.1262
  },
  "KL_res": {
    "KL divergence": 0.5405585987352404,
    "Euclidean Dist.": 0.0600968088503018,
    "WER": 0.2179930795847751,
    "CER": 0.09224011713030747,
    "Cosine Dist.": 0.06589713130132735
  },
  "occ_eval_res": {
    "precision": 86.1314,
    "recall": 81.6609,
    "f-score": 83.8366
  },
  "clean_eval": {
    "f-score": 75.49407114624506,
    "precision": 75.19685039370079,
    "recall": 75.79365079365078,
    "tp": 191,
    "fp": 63,
    "fn": 61
  },
  "jaccard": [
    0.26582278481012656
  ],
  "braycurtis": [
    0.13669313082499138
  ],
  "dice": [
    0.15328467153284672
  ],
  "cosinus": [
    0.06152751247240351
  ]
}