{
  "voc_eval_res": {
    "precision": 48.8479,
    "recall": 56.0847,
    "f-score": 52.2167
  },
  "KL_res": {
    "KL divergence": 1.104814430435652,
    "Euclidean Dist.": 0.07399703856130618,
    "WER": 0.4562334217506631,
    "CER": 0.1366649668536461,
    "Cosine Dist.": 0.12949506173509928
  },
  "occ_eval_res": {
    "precision": 64.6552,
    "recall": 59.6817,
    "f-score": 62.069
  },
  "clean_eval": {
    "f-score": 45.6973293768546,
    "precision": 44.252873563218394,
    "recall": 47.239263803680984,
    "tp": 154,
    "fp": 194,
    "fn": 172
  },
  "jaccard": [
    0.48226950354609927
  ],
  "braycurtis": [
    0.23052503052503054
  ],
  "dice": [
    0.3177570093457944
  ],
  "cosinus": [
    0.07480739545955783
  ]
}