{
  "voc_eval_res": {
    "precision": 75.0,
    "recall": 77.2277,
    "f-score": 76.0976
  },
  "KL_res": {
    "KL divergence": 0.9454217172432151,
    "Euclidean Dist.": 0.08733923253171487,
    "WER": 0.3208955223880597,
    "CER": 0.09618320610687023,
    "Cosine Dist.": 0.13253686175558044
  },
  "occ_eval_res": {
    "precision": 73.7226,
    "recall": 75.3731,
    "f-score": 74.5387
  },
  "clean_eval": {
    "f-score": 72.65625,
    "precision": 72.09302325581395,
    "recall": 73.22834645669292,
    "tp": 93,
    "fp": 36,
    "fn": 34
  },
  "jaccard": [
    0.3198482932996207
  ],
  "braycurtis": [
    0.1770098730606488
  ],
  "dice": [
    0.19036869826937547
  ],
  "cosinus": [
    0.0758212129788387
  ]
}