{
  "voc_eval_res": {
    "precision": 58.7302,
    "recall": 61.157,
    "f-score": 59.919
  },
  "KL_res": {
    "KL divergence": 1.2829052004037982,
    "Euclidean Dist.": 0.09585695882758054,
    "WER": 0.41232227488151657,
    "CER": 0.11473880597014925,
    "Cosine Dist.": 0.12519000941207836
  },
  "occ_eval_res": {
    "precision": 66.0377,
    "recall": 66.3507,
    "f-score": 66.1939
  },
  "clean_eval": {
    "f-score": 58.333333333333336,
    "precision": 58.94736842105262,
    "recall": 57.73195876288659,
    "tp": 112,
    "fp": 78,
    "fn": 82
  },
  "jaccard": [
    0.38454106280193234
  ],
  "braycurtis": [
    0.22088006902502158
  ],
  "dice": [
    0.23803827751196172
  ],
  "cosinus": [
    0.1188586586364705
  ]
}