{
  "voc_eval_res": {
    "precision": 40.604,
    "recall": 53.304,
    "f-score": 46.0952
  },
  "KL_res": {
    "KL divergence": 3.644674167219743,
    "Euclidean Dist.": 0.38588191361655994,
    "WER": 0.8082408874801902,
    "CER": 0.51266137040715,
    "Cosine Dist.": 0.8181915325660862
  },
  "occ_eval_res": {
    "precision": 48.6005,
    "recall": 30.2694,
    "f-score": 37.3047
  },
  "clean_eval": {
    "f-score": 17.881438289601554,
    "precision": 16.50224215246637,
    "recall": 19.51219512195122,
    "tp": 184,
    "fp": 931,
    "fn": 759
  },
  "jaccard": [
    0.4884366327474561
  ],
  "braycurtis": [
    0.32842183994016455
  ],
  "dice": [
    0.32313341493268055
  ],
  "cosinus": [
    0.09568936581560583
  ]
}