{
  "voc_eval_res": {
    "precision": 54.0984,
    "recall": 68.75,
    "f-score": 60.5505
  },
  "KL_res": {
    "KL divergence": 2.248135491458586,
    "Euclidean Dist.": 0.2212069813964848,
    "WER": 1.1728395061728396,
    "CER": 0.7215686274509804,
    "Cosine Dist.": 0.5397066999044837
  },
  "occ_eval_res": {
    "precision": 43.2692,
    "recall": 55.5556,
    "f-score": 48.6486
  },
  "clean_eval": {
    "f-score": 20.320855614973265,
    "precision": 19.0,
    "recall": 21.839080459770116,
    "tp": 38,
    "fp": 162,
    "fn": 136
  },
  "jaccard": [
    0.4488095238095238
  ],
  "braycurtis": [
    0.34074074074074073
  ],
  "dice": [
    0.2893323100537222
  ],
  "cosinus": [
    0.06520801096374373
  ]
}