{
  "voc_eval_res": {
    "precision": 37.6812,
    "recall": 39.3939,
    "f-score": 38.5185
  },
  "KL_res": {
    "KL divergence": 2.848483982825894,
    "Euclidean Dist.": 0.15618100838424903,
    "WER": 0.6020408163265306,
    "CER": 0.22473867595818817,
    "Cosine Dist.": 0.3122489941975837
  },
  "occ_eval_res": {
    "precision": 46.988,
    "recall": 39.7959,
    "f-score": 43.0939
  },
  "clean_eval": {
    "f-score": 12.781954887218044,
    "precision": 11.643835616438356,
    "recall": 14.166666666666666,
    "tp": 17,
    "fp": 129,
    "fn": 103
  },
  "jaccard": [
    0.5533769063180828
  ],
  "braycurtis": [
    0.32164383561643833
  ],
  "dice": [
    0.3825301204819277
  ],
  "cosinus": [
    0.021890515786644915
  ]
}