{
  "voc_eval_res": {
    "precision": 57.2581,
    "recall": 59.1667,
    "f-score": 58.1967
  },
  "KL_res": {
    "KL divergence": 1.2395060785250966,
    "Euclidean Dist.": 0.0805154765843619,
    "WER": 0.4426229508196721,
    "CER": 0.12127440904419322,
    "Cosine Dist.": 0.12083314059955141
  },
  "occ_eval_res": {
    "precision": 64.9718,
    "recall": 62.8415,
    "f-score": 63.8889
  },
  "clean_eval": {
    "f-score": 56.63716814159293,
    "precision": 55.49132947976878,
    "recall": 57.831325301204814,
    "tp": 96,
    "fp": 77,
    "fn": 70
  },
  "jaccard": [
    0.41138059701492535
  ],
  "braycurtis": [
    0.21425085407515862
  ],
  "dice": [
    0.2589547856723429
  ],
  "cosinus": [
    0.06789828192677938
  ]
}