{
  "voc_eval_res": {
    "precision": 41.0959,
    "recall": 46.1538,
    "f-score": 43.4783
  },
  "KL_res": {
    "KL divergence": 5.360330251833903,
    "Euclidean Dist.": 0.5362569303624564,
    "WER": 0.808695652173913,
    "CER": 0.674645390070922,
    "Cosine Dist.": 0.8309119841668207
  },
  "occ_eval_res": {
    "precision": 50.0,
    "recall": 25.2174,
    "f-score": 33.526
  },
  "clean_eval": {
    "f-score": 29.967426710097715,
    "precision": 30.065359477124183,
    "recall": 29.87012987012987,
    "tp": 46,
    "fp": 107,
    "fn": 108
  },
  "jaccard": [
    0.5620512820512821
  ],
  "braycurtis": [
    0.6041141897565071
  ],
  "dice": [
    0.3908701854493581
  ],
  "cosinus": [
    0.87089284206231
  ]
}