{
  "voc_eval_res": {
    "precision": 64.6409,
    "recall": 68.8235,
    "f-score": 66.6667
  },
  "KL_res": {
    "KL divergence": 0.8401614368159397,
    "Euclidean Dist.": 0.062281462059778504,
    "WER": 0.31986531986531985,
    "CER": 0.09379217273954116,
    "Cosine Dist.": 0.08462848455942651
  },
  "occ_eval_res": {
    "precision": 74.2958,
    "recall": 71.0438,
    "f-score": 72.6334
  },
  "clean_eval": {
    "f-score": 64.71663619744058,
    "precision": 63.898916967509024,
    "recall": 65.55555555555556,
    "tp": 177,
    "fp": 100,
    "fn": 93
  },
  "jaccard": [
    0.36036036036036034
  ],
  "braycurtis": [
    0.1775244299674267
  ],
  "dice": [
    0.21978021978021978
  ],
  "cosinus": [
    0.054705760392624425
  ]
}