{
  "voc_eval_res": {
    "precision": 68.8742,
    "recall": 75.9124,
    "f-score": 72.2222
  },
  "KL_res": {
    "KL divergence": 0.7471111802912422,
    "Euclidean Dist.": 0.06697448811056171,
    "WER": 0.3283018867924528,
    "CER": 0.1562753036437247,
    "Cosine Dist.": 0.07988624194333738
  },
  "occ_eval_res": {
    "precision": 76.6038,
    "recall": 76.6038,
    "f-score": 76.6038
  },
  "clean_eval": {
    "f-score": 62.37816764132553,
    "precision": 64.51612903225806,
    "recall": 60.37735849056604,
    "tp": 160,
    "fp": 88,
    "fn": 105
  },
  "jaccard": [
    0.33277169334456613
  ],
  "braycurtis": [
    0.18467023172905525
  ],
  "dice": [
    0.1995957554320364
  ],
  "cosinus": [
    0.07674568216818067
  ]
}