{
  "voc_eval_res": {
    "precision": 65.8986,
    "recall": 69.7561,
    "f-score": 67.7725
  },
  "KL_res": {
    "KL divergence": 1.1204705637557346,
    "Euclidean Dist.": 0.09752533255475043,
    "WER": 0.4260204081632653,
    "CER": 0.09609195402298851,
    "Cosine Dist.": 0.19971487111318253
  },
  "occ_eval_res": {
    "precision": 64.977,
    "recall": 71.9388,
    "f-score": 68.2809
  },
  "clean_eval": {
    "f-score": 64.01137980085349,
    "precision": 63.559322033898304,
    "recall": 64.46991404011462,
    "tp": 225,
    "fp": 129,
    "fn": 124
  },
  "jaccard": [
    0.397719651240778
  ],
  "braycurtis": [
    0.21378430121250797
  ],
  "dice": [
    0.24822101297614063
  ],
  "cosinus": [
    0.1350087119855513
  ]
}