{
  "voc_eval_res": {
    "precision": 56.6667,
    "recall": 56.6667,
    "f-score": 56.6667
  },
  "KL_res": {
    "KL divergence": 2.1430696274292274,
    "Euclidean Dist.": 0.18059451565583964,
    "WER": 0.6176470588235294,
    "CER": 0.2564102564102564,
    "Cosine Dist.": 0.2924508623227752
  },
  "occ_eval_res": {
    "precision": 56.6667,
    "recall": 50.0,
    "f-score": 53.125
  },
  "clean_eval": {
    "f-score": 42.10526315789473,
    "precision": 38.70967741935484,
    "recall": 46.15384615384615,
    "tp": 12,
    "fp": 19,
    "fn": 14
  },
  "jaccard": [
    0.4084507042253521
  ],
  "braycurtis": [
    0.29292929292929293
  ],
  "dice": [
    0.25663716814159293
  ],
  "cosinus": [
    0.22732194257593208
  ]
}