{
  "voc_eval_res": {
    "precision": 66.2338,
    "recall": 71.831,
    "f-score": 68.9189
  },
  "KL_res": {
    "KL divergence": 1.2214167024850575,
    "Euclidean Dist.": 0.10233527582305021,
    "WER": 0.5021097046413502,
    "CER": 0.14682822523164646,
    "Cosine Dist.": 0.223302956048683
  },
  "occ_eval_res": {
    "precision": 61.6788,
    "recall": 71.308,
    "f-score": 66.1448
  },
  "clean_eval": {
    "f-score": 66.04651162790698,
    "precision": 65.74074074074075,
    "recall": 66.35514018691589,
    "tp": 142,
    "fp": 74,
    "fn": 72
  },
  "jaccard": [
    0.3394575678040245
  ],
  "braycurtis": [
    0.22033898305084745
  ],
  "dice": [
    0.20442571127502634
  ],
  "cosinus": [
    0.16170514311150708
  ]
}