{
  "voc_eval_res": {
    "precision": 70.0565,
    "recall": 74.2515,
    "f-score": 72.093
  },
  "KL_res": {
    "KL divergence": 0.6659599516465334,
    "Euclidean Dist.": 0.05444694066340687,
    "WER": 0.2948328267477204,
    "CER": 0.10561056105610561,
    "Cosine Dist.": 0.058949125077352726
  },
  "occ_eval_res": {
    "precision": 78.882,
    "recall": 77.2036,
    "f-score": 78.0338
  },
  "clean_eval": {
    "f-score": 64.375,
    "precision": 64.77987421383648,
    "recall": 63.975155279503106,
    "tp": 206,
    "fp": 112,
    "fn": 116
  },
  "jaccard": [
    0.344683808200139
  ],
  "braycurtis": [
    0.17147806004618937
  ],
  "dice": [
    0.20822837951301426
  ],
  "cosinus": [
    0.06173044120211091
  ]
}