{
  "voc_eval_res": {
    "precision": 12.5,
    "recall": 7.6923,
    "f-score": 9.5238
  },
  "KL_res": {
    "KL divergence": 7.642945147329525,
    "Euclidean Dist.": 0.43012056242971236,
    "WER": 1.0,
    "CER": 0.7323943661971831,
    "Cosine Dist.": 0.8218258387250504
  },
  "occ_eval_res": {
    "precision": 12.5,
    "recall": 7.6923,
    "f-score": 9.5238
  },
  "clean_eval": {
    "f-score": 40.909090909090914,
    "precision": 36.885245901639344,
    "recall": 45.91836734693878,
    "tp": 45,
    "fp": 77,
    "fn": 53
  },
  "jaccard": [
    0.8611111111111112
  ],
  "braycurtis": [
    0.7567567567567568
  ],
  "dice": [
    0.7560975609756098
  ],
  "cosinus": [
    0.6884513203025883
  ]
}