{
  "voc_eval_res": {
    "precision": 40.0,
    "recall": 22.2222,
    "f-score": 28.5714
  },
  "KL_res": {
    "KL divergence": 5.1121110120257285,
    "Euclidean Dist.": 0.3427827300200522,
    "WER": 0.85,
    "CER": 0.7053571428571429,
    "Cosine Dist.": 0.5199846392626807
  },
  "occ_eval_res": {
    "precision": 40.0,
    "recall": 20.0,
    "f-score": 26.6667
  },
  "clean_eval": {
    "f-score": 52.054794520547944,
    "precision": 41.75824175824176,
    "recall": 69.0909090909091,
    "tp": 76,
    "fp": 106,
    "fn": 34
  },
  "jaccard": [
    0.7808764940239044
  ],
  "braycurtis": [
    0.657608695652174
  ],
  "dice": [
    0.6405228758169934
  ],
  "cosinus": [
    0.47657607740978647
  ]
}