{
  "voc_eval_res": {
    "precision": 100.0,
    "recall": 75.0,
    "f-score": 85.7143
  },
  "KL_res": {
    "KL divergence": 1.3336133453462586,
    "Euclidean Dist.": 0.3227486121839514,
    "WER": 0.25,
    "CER": 0.25,
    "Cosine Dist.": 0.07417990022744869
  },
  "occ_eval_res": {
    "precision": 100.0,
    "recall": 75.0,
    "f-score": 85.7143
  },
  "clean_eval": {
    "f-score": 86.36363636363636,
    "precision": 76.0,
    "recall": 100.0,
    "tp": 38,
    "fp": 12,
    "fn": 0
  },
  "jaccard": [
    0.2727272727272727
  ],
  "braycurtis": [
    0.15
  ],
  "dice": [
    0.15789473684210525
  ],
  "cosinus": [
    0.12822021129186456
  ]
}