{
  "voc_eval_res": {
    "precision": 60.0,
    "recall": 66.6667,
    "f-score": 63.1579
  },
  "KL_res": {
    "KL divergence": 1.673894188198636,
    "Euclidean Dist.": 0.2666666666666667,
    "WER": 0.8,
    "CER": 0.6923076923076923,
    "Cosine Dist.": 0.17521390115767743
  },
  "occ_eval_res": {
    "precision": 58.3333,
    "recall": 70.0,
    "f-score": 63.6364
  },
  "clean_eval": {
    "f-score": 55.454545454545446,
    "precision": 62.244897959183675,
    "recall": 50.0,
    "tp": 61,
    "fp": 37,
    "fn": 61
  },
  "jaccard": [
    0.4294117647058823
  ],
  "braycurtis": [
    0.29714285714285715
  ],
  "dice": [
    0.27340823970037453
  ],
  "cosinus": [
    0.1928863045585304
  ]
}