{
  "voc_eval_res": {
    "precision": 61.5385,
    "recall": 53.3333,
    "f-score": 57.1429
  },
  "KL_res": {
    "KL divergence": 2.4673986263132996,
    "Euclidean Dist.": 0.27389038661032084,
    "WER": 0.6875,
    "CER": 0.6238532110091743,
    "Cosine Dist.": 0.3177117607789872
  },
  "occ_eval_res": {
    "precision": 57.1429,
    "recall": 50.0,
    "f-score": 53.3333
  },
  "clean_eval": {
    "f-score": 60.97560975609756,
    "precision": 54.94505494505495,
    "recall": 68.4931506849315,
    "tp": 100,
    "fp": 82,
    "fn": 46
  },
  "jaccard": [
    0.5905172413793104
  ],
  "braycurtis": [
    0.45098039215686275
  ],
  "dice": [
    0.41896024464831805
  ],
  "cosinus": [
    0.39035568673128007
  ]
}