{
  "voc_eval_res": {
    "precision": 31.0345,
    "recall": 42.8571,
    "f-score": 36.0
  },
  "KL_res": {
    "KL divergence": 3.680643629932652,
    "Euclidean Dist.": 0.3209122837747895,
    "WER": 1.1428571428571428,
    "CER": 0.8352272727272727,
    "Cosine Dist.": 0.6702000067979181
  },
  "occ_eval_res": {
    "precision": 25.0,
    "recall": 35.7143,
    "f-score": 29.4118
  },
  "clean_eval": {
    "f-score": 15.337423312883436,
    "precision": 18.796992481203006,
    "recall": 12.953367875647666,
    "tp": 50,
    "fp": 216,
    "fn": 336
  },
  "jaccard": [
    0.6263157894736842
  ],
  "braycurtis": [
    0.5250544662309368
  ],
  "dice": [
    0.4559386973180077
  ],
  "cosinus": [
    0.4800853148532742
  ]
}