{
  "voc_eval_res": {
    "precision": 35.7143,
    "recall": 41.6667,
    "f-score": 38.4615
  },
  "KL_res": {
    "KL divergence": 3.639256734601674,
    "Euclidean Dist.": 0.30229657615435956,
    "WER": 0.8571428571428571,
    "CER": 0.4036697247706422,
    "Cosine Dist.": 0.37242836755781117
  },
  "occ_eval_res": {
    "precision": 40.0,
    "recall": 42.8571,
    "f-score": 41.3793
  },
  "clean_eval": {
    "f-score": 57.23684210526315,
    "precision": 59.589041095890416,
    "recall": 55.06329113924051,
    "tp": 87,
    "fp": 59,
    "fn": 71
  },
  "jaccard": [
    0.5289256198347108
  ],
  "braycurtis": [
    0.3406113537117904
  ],
  "dice": [
    0.3595505617977528
  ],
  "cosinus": [
    0.2315485249334247
  ]
}