{
  "voc_eval_res": {
    "precision": 28.5714,
    "recall": 26.6667,
    "f-score": 27.5862
  },
  "KL_res": {
    "KL divergence": 5.110394105613892,
    "Euclidean Dist.": 0.34545662213623546,
    "WER": 0.8666666666666667,
    "CER": 0.5121951219512195,
    "Cosine Dist.": 0.6400629834673219
  },
  "occ_eval_res": {
    "precision": 25.0,
    "recall": 26.6667,
    "f-score": 25.8065
  },
  "clean_eval": {
    "f-score": 70.50847457627118,
    "precision": 70.74829931972789,
    "recall": 70.27027027027027,
    "tp": 104,
    "fp": 43,
    "fn": 44
  },
  "jaccard": [
    0.6214953271028038
  ],
  "braycurtis": [
    0.4823529411764706
  ],
  "dice": [
    0.45084745762711864
  ],
  "cosinus": [
    0.41436093872044566
  ]
}