{
  "voc_eval_res": {
    "precision": 31.0345,
    "recall": 36.0,
    "f-score": 33.3333
  },
  "KL_res": {
    "KL divergence": 4.019060009347871,
    "Euclidean Dist.": 0.269178334742627,
    "WER": 1.2,
    "CER": 0.7732558139534884,
    "Cosine Dist.": 0.6504689631787223
  },
  "occ_eval_res": {
    "precision": 24.3243,
    "recall": 36.0,
    "f-score": 29.0323
  },
  "clean_eval": {
    "f-score": 31.5625,
    "precision": 36.330935251798564,
    "recall": 27.900552486187845,
    "tp": 101,
    "fp": 177,
    "fn": 261
  },
  "jaccard": [
    0.619277108433735
  ],
  "braycurtis": [
    0.4988009592326139
  ],
  "dice": [
    0.44851657940663175
  ],
  "cosinus": [
    0.34387921909384334
  ]
}