{
  "voc_eval_res": {
    "precision": 25.0,
    "recall": 20.0,
    "f-score": 22.2222
  },
  "KL_res": {
    "KL divergence": 6.105906796865366,
    "Euclidean Dist.": 0.41982139059366663,
    "WER": 0.8,
    "CER": 0.532258064516129,
    "Cosine Dist.": 0.6348516283298893
  },
  "occ_eval_res": {
    "precision": 25.0,
    "recall": 20.0,
    "f-score": 22.2222
  },
  "clean_eval": {
    "f-score": 73.46938775510203,
    "precision": 73.46938775510205,
    "recall": 73.46938775510205,
    "tp": 72,
    "fp": 26,
    "fn": 26
  },
  "jaccard": [
    0.7555555555555555
  ],
  "braycurtis": [
    0.6050420168067226
  ],
  "dice": [
    0.6071428571428571
  ],
  "cosinus": [
    0.5585250701435776
  ]
}