{
  "voc_eval_res": {
    "precision": 40.9091,
    "recall": 32.1429,
    "f-score": 36.0
  },
  "KL_res": {
    "KL divergence": 3.881931939663857,
    "Euclidean Dist.": 0.2431898508989543,
    "WER": 0.7647058823529411,
    "CER": 0.555,
    "Cosine Dist.": 0.39778369858977536
  },
  "occ_eval_res": {
    "precision": 39.2857,
    "recall": 32.3529,
    "f-score": 35.4839
  },
  "clean_eval": {
    "f-score": 27.922077922077925,
    "precision": 25.443786982248522,
    "recall": 30.935251798561154,
    "tp": 86,
    "fp": 252,
    "fn": 192
  },
  "jaccard": [
    0.5568862275449101
  ],
  "braycurtis": [
    0.37866666666666665
  ],
  "dice": [
    0.38589211618257263
  ],
  "cosinus": [
    0.2586240375710781
  ]
}