{
  "voc_eval_res": {
    "precision": 35.7143,
    "recall": 41.6667,
    "f-score": 38.4615
  },
  "KL_res": {
    "KL divergence": 4.168343001511317,
    "Euclidean Dist.": 0.39388787826254074,
    "WER": 1.3076923076923077,
    "CER": 0.5272727272727272,
    "Cosine Dist.": 0.6381863865066837
  },
  "occ_eval_res": {
    "precision": 23.8095,
    "recall": 38.4615,
    "f-score": 29.4118
  },
  "clean_eval": {
    "f-score": 52.352941176470594,
    "precision": 56.32911392405063,
    "recall": 48.9010989010989,
    "tp": 89,
    "fp": 69,
    "fn": 93
  },
  "jaccard": [
    0.5345622119815668
  ],
  "braycurtis": [
    0.38271604938271603
  ],
  "dice": [
    0.36477987421383645
  ],
  "cosinus": [
    0.2965529155761818
  ]
}