{
  "voc_eval_res": {
    "precision": 45.4545,
    "recall": 38.4615,
    "f-score": 41.6667
  },
  "KL_res": {
    "KL divergence": 3.9348881958489654,
    "Euclidean Dist.": 0.3247160292798446,
    "WER": 0.6923076923076923,
    "CER": 0.4107142857142857,
    "Cosine Dist.": 0.39697731084447263
  },
  "occ_eval_res": {
    "precision": 41.6667,
    "recall": 38.4615,
    "f-score": 40.0
  },
  "clean_eval": {
    "f-score": 69.17808219178082,
    "precision": 63.92405063291139,
    "recall": 75.3731343283582,
    "tp": 101,
    "fp": 57,
    "fn": 33
  },
  "jaccard": [
    0.515695067264574
  ],
  "braycurtis": [
    0.3588516746411483
  ],
  "dice": [
    0.3474320241691843
  ],
  "cosinus": [
    0.24144928762651596
  ]
}