{
  "voc_eval_res": {
    "precision": 30.0,
    "recall": 37.5,
    "f-score": 33.3333
  },
  "KL_res": {
    "KL divergence": 3.755071230387413,
    "Euclidean Dist.": 0.4026149095998542,
    "WER": 0.8888888888888888,
    "CER": 0.4864864864864865,
    "Cosine Dist.": 0.46186176480295005
  },
  "occ_eval_res": {
    "precision": 30.0,
    "recall": 33.3333,
    "f-score": 31.5789
  },
  "clean_eval": {
    "f-score": 59.72850678733032,
    "precision": 54.09836065573771,
    "recall": 66.66666666666666,
    "tp": 66,
    "fp": 56,
    "fn": 33
  },
  "jaccard": [
    0.6223404255319149
  ],
  "braycurtis": [
    0.4936708860759494
  ],
  "dice": [
    0.4517374517374517
  ],
  "cosinus": [
    0.3836275347975735
  ]
}