{
  "voc_eval_res": {
    "precision": 36.3636,
    "recall": 47.0588,
    "f-score": 41.0256
  },
  "KL_res": {
    "KL divergence": 3.1865774605720465,
    "Euclidean Dist.": 0.28397389216607055,
    "WER": 1.0,
    "CER": 0.7515923566878981,
    "Cosine Dist.": 0.3632918240282089
  },
  "occ_eval_res": {
    "precision": 31.25,
    "recall": 43.4783,
    "f-score": 36.3636
  },
  "clean_eval": {
    "f-score": 30.76923076923077,
    "precision": 35.65217391304348,
    "recall": 27.062706270627064,
    "tp": 82,
    "fp": 148,
    "fn": 221
  },
  "jaccard": [
    0.6417445482866043
  ],
  "braycurtis": [
    0.5367088607594936
  ],
  "dice": [
    0.4724770642201835
  ],
  "cosinus": [
    0.361434432005421
  ]
}