{
  "voc_eval_res": {
    "precision": 50.0,
    "recall": 30.0,
    "f-score": 37.5
  },
  "KL_res": {
    "KL divergence": 3.6789185042015378,
    "Euclidean Dist.": 0.38640077064565437,
    "WER": 0.75,
    "CER": 0.5164835164835165,
    "Cosine Dist.": 0.29969902474814636
  },
  "occ_eval_res": {
    "precision": 50.0,
    "recall": 33.3333,
    "f-score": 40.0
  },
  "clean_eval": {
    "f-score": 55.172413793103445,
    "precision": 47.76119402985074,
    "recall": 65.3061224489796,
    "tp": 64,
    "fp": 70,
    "fn": 34
  },
  "jaccard": [
    0.6041666666666666
  ],
  "braycurtis": [
    0.4506172839506173
  ],
  "dice": [
    0.43283582089552236
  ],
  "cosinus": [
    0.26753688977182866
  ]
}