{
  "voc_eval_res": {
    "precision": 25.0,
    "recall": 28.5714,
    "f-score": 26.6667
  },
  "KL_res": {
    "KL divergence": 5.345487250834548,
    "Euclidean Dist.": 0.4439215319520019,
    "WER": 0.8571428571428571,
    "CER": 0.543859649122807,
    "Cosine Dist.": 0.578362978644216
  },
  "occ_eval_res": {
    "precision": 25.0,
    "recall": 28.5714,
    "f-score": 26.6667
  },
  "clean_eval": {
    "f-score": 71.7391304347826,
    "precision": 76.74418604651163,
    "recall": 67.3469387755102,
    "tp": 66,
    "fp": 20,
    "fn": 32
  },
  "jaccard": [
    0.7
  ],
  "braycurtis": [
    0.5526315789473685
  ],
  "dice": [
    0.5384615384615384
  ],
  "cosinus": [
    0.5075178343824511
  ]
}