{
  "voc_eval_res": {
    "precision": 38.4615,
    "recall": 41.6667,
    "f-score": 40.0
  },
  "KL_res": {
    "KL divergence": 3.534079091898202,
    "Euclidean Dist.": 0.2857415735556117,
    "WER": 1.3846153846153846,
    "CER": 0.9933774834437086,
    "Cosine Dist.": 0.5766504916720105
  },
  "occ_eval_res": {
    "precision": 22.7273,
    "recall": 38.4615,
    "f-score": 28.5714
  },
  "clean_eval": {
    "f-score": 5.828220858895705,
    "precision": 7.142857142857142,
    "recall": 4.922279792746114,
    "tp": 19,
    "fp": 247,
    "fn": 367
  },
  "jaccard": [
    0.6685878962536023
  ],
  "braycurtis": [
    0.6228710462287105
  ],
  "dice": [
    0.5021645021645021
  ],
  "cosinus": [
    0.4463690260774581
  ]
}