{
  "voc_eval_res": {
    "precision": 36.3636,
    "recall": 36.3636,
    "f-score": 36.3636
  },
  "KL_res": {
    "KL divergence": 4.25299453107774,
    "Euclidean Dist.": 0.34015067152490375,
    "WER": 1.0,
    "CER": 0.8714285714285714,
    "Cosine Dist.": 0.4666666666666667
  },
  "occ_eval_res": {
    "precision": 36.3636,
    "recall": 36.3636,
    "f-score": 36.3636
  },
  "clean_eval": {
    "f-score": 61.475409836065566,
    "precision": 68.18181818181817,
    "recall": 55.970149253731336,
    "tp": 75,
    "fp": 35,
    "fn": 59
  },
  "jaccard": [
    0.7327188940092166
  ],
  "braycurtis": [
    0.5696969696969697
  ],
  "dice": [
    0.5781818181818181
  ],
  "cosinus": [
    0.42897084281274833
  ]
}