{
  "voc_eval_res": {
    "precision": 63.6364,
    "recall": 77.7778,
    "f-score": 70.0
  },
  "KL_res": {
    "KL divergence": 1.0831649197339512,
    "Euclidean Dist.": 0.28747978728803447,
    "WER": 0.45454545454545453,
    "CER": 0.35443037974683544,
    "Cosine Dist.": 0.1982162742627268
  },
  "occ_eval_res": {
    "precision": 63.6364,
    "recall": 63.6364,
    "f-score": 63.6364
  },
  "clean_eval": {
    "f-score": 65.67164179104478,
    "precision": 65.67164179104478,
    "recall": 65.67164179104478,
    "tp": 88,
    "fp": 46,
    "fn": 46
  },
  "jaccard": [
    0.4293785310734463
  ],
  "braycurtis": [
    0.30538922155688625
  ],
  "dice": [
    0.2733812949640288
  ],
  "cosinus": [
    0.22415390675319458
  ]
}