{
  "voc_eval_res": {
    "precision": 66.6667,
    "recall": 40.0,
    "f-score": 50.0
  },
  "KL_res": {
    "KL divergence": 4.126713076928857,
    "Euclidean Dist.": 0.5497474167490214,
    "WER": 0.8,
    "CER": 0.62,
    "Cosine Dist.": 0.3238765962171868
  },
  "occ_eval_res": {
    "precision": 66.6667,
    "recall": 40.0,
    "f-score": 50.0
  },
  "clean_eval": {
    "f-score": 44.9438202247191,
    "precision": 32.25806451612903,
    "recall": 74.07407407407408,
    "tp": 20,
    "fp": 42,
    "fn": 7
  },
  "jaccard": [
    0.5777777777777777
  ],
  "braycurtis": [
    0.44285714285714284
  ],
  "dice": [
    0.40625
  ],
  "cosinus": [
    0.34950749745460663
  ]
}