{
  "voc_eval_res": {
    "precision": 25.0,
    "recall": 20.0,
    "f-score": 22.2222
  },
  "KL_res": {
    "KL divergence": 6.105906796865365,
    "Euclidean Dist.": 0.41982139059366663,
    "WER": 0.8,
    "CER": 0.5102040816326531,
    "Cosine Dist.": 0.6348516283298893
  },
  "occ_eval_res": {
    "precision": 25.0,
    "recall": 20.0,
    "f-score": 22.2222
  },
  "clean_eval": {
    "f-score": 69.76744186046511,
    "precision": 69.76744186046511,
    "recall": 69.76744186046511,
    "tp": 60,
    "fp": 26,
    "fn": 26
  },
  "jaccard": [
    0.746268656716418
  ],
  "braycurtis": [
    0.6179775280898876
  ],
  "dice": [
    0.5952380952380952
  ],
  "cosinus": [
    0.6033320478332573
  ]
}