{
  "voc_eval_res": {
    "precision": 46.1538,
    "recall": 54.5455,
    "f-score": 50.0
  },
  "KL_res": {
    "KL divergence": 2.742440194344818,
    "Euclidean Dist.": 0.2917014491554435,
    "WER": 0.8181818181818182,
    "CER": 0.5591397849462365,
    "Cosine Dist.": 0.3323021391104113
  },
  "occ_eval_res": {
    "precision": 46.1538,
    "recall": 54.5455,
    "f-score": 50.0
  },
  "clean_eval": {
    "f-score": 70.8171206225681,
    "precision": 67.91044776119402,
    "recall": 73.98373983739837,
    "tp": 91,
    "fp": 43,
    "fn": 32
  },
  "jaccard": [
    0.5242290748898678
  ],
  "braycurtis": [
    0.3802083333333333
  ],
  "dice": [
    0.35522388059701493
  ],
  "cosinus": [
    0.3010486742491162
  ]
}