{
  "voc_eval_res": {
    "precision": 33.3333,
    "recall": 22.2222,
    "f-score": 26.6667
  },
  "KL_res": {
    "KL divergence": 6.497529890029613,
    "Euclidean Dist.": 0.507971351946673,
    "WER": 0.8181818181818182,
    "CER": 0.6049382716049383,
    "Cosine Dist.": 0.6755571577384749
  },
  "occ_eval_res": {
    "precision": 33.3333,
    "recall": 18.1818,
    "f-score": 23.5294
  },
  "clean_eval": {
    "f-score": 48.91304347826087,
    "precision": 36.885245901639344,
    "recall": 72.58064516129032,
    "tp": 45,
    "fp": 77,
    "fn": 17
  },
  "jaccard": [
    0.6717557251908397
  ],
  "braycurtis": [
    0.6120689655172413
  ],
  "dice": [
    0.5057471264367817
  ],
  "cosinus": [
    0.6077141594968528
  ]
}