{
  "voc_eval_res": {
    "precision": 50.0,
    "recall": 45.0,
    "f-score": 47.3684
  },
  "KL_res": {
    "KL divergence": 4.0239959301300505,
    "Euclidean Dist.": 0.30524515258166374,
    "WER": 0.7,
    "CER": 0.30405405405405406,
    "Cosine Dist.": 0.46031746031746024
  },
  "occ_eval_res": {
    "precision": 52.381,
    "recall": 36.6667,
    "f-score": 43.1373
  },
  "clean_eval": {
    "f-score": 70.21791767554481,
    "precision": 66.5137614678899,
    "recall": 74.35897435897436,
    "tp": 145,
    "fp": 73,
    "fn": 50
  },
  "jaccard": [
    0.42911877394636017
  ],
  "braycurtis": [
    0.3157894736842105
  ],
  "dice": [
    0.2731707317073171
  ],
  "cosinus": [
    0.31054187166993563
  ]
}