{
  "voc_eval_res": {
    "precision": 63.6364,
    "recall": 36.8421,
    "f-score": 46.6667
  },
  "KL_res": {
    "KL divergence": 3.7264660689425835,
    "Euclidean Dist.": 0.3236113958030005,
    "WER": 0.7142857142857143,
    "CER": 0.5909090909090909,
    "Cosine Dist.": 0.3042747572170619
  },
  "occ_eval_res": {
    "precision": 61.5385,
    "recall": 38.0952,
    "f-score": 47.0588
  },
  "clean_eval": {
    "f-score": 52.19941348973607,
    "precision": 43.203883495145625,
    "recall": 65.92592592592592,
    "tp": 89,
    "fp": 117,
    "fn": 46
  },
  "jaccard": [
    0.5919117647058824
  ],
  "braycurtis": [
    0.40977443609022557
  ],
  "dice": [
    0.42036553524804177
  ],
  "cosinus": [
    0.24384654171908327
  ]
}