{
  "voc_eval_res": {
    "precision": 36.3636,
    "recall": 50.0,
    "f-score": 42.1053
  },
  "KL_res": {
    "KL divergence": 2.5602604130701363,
    "Euclidean Dist.": 0.38181818181818183,
    "WER": 0.8,
    "CER": 0.6170212765957447,
    "Cosine Dist.": 0.3675444679663241
  },
  "occ_eval_res": {
    "precision": 36.3636,
    "recall": 40.0,
    "f-score": 38.0952
  },
  "clean_eval": {
    "f-score": 65.98984771573603,
    "precision": 74.71264367816092,
    "recall": 59.09090909090909,
    "tp": 65,
    "fp": 22,
    "fn": 45
  },
  "jaccard": [
    0.6267605633802817
  ],
  "braycurtis": [
    0.4909090909090909
  ],
  "dice": [
    0.4564102564102564
  ],
  "cosinus": [
    0.4457356441578777
  ]
}