{
  "voc_eval_res": {
    "precision": 63.6364,
    "recall": 58.3333,
    "f-score": 60.8696
  },
  "KL_res": {
    "KL divergence": 2.344341559303555,
    "Euclidean Dist.": 0.26188463662793343,
    "WER": 0.5,
    "CER": 0.28846153846153844,
    "Cosine Dist.": 0.24296670138977494
  },
  "occ_eval_res": {
    "precision": 63.6364,
    "recall": 58.3333,
    "f-score": 60.8696
  },
  "clean_eval": {
    "f-score": 63.57142857142857,
    "precision": 56.32911392405063,
    "recall": 72.95081967213115,
    "tp": 89,
    "fp": 69,
    "fn": 33
  },
  "jaccard": [
    0.3333333333333333
  ],
  "braycurtis": [
    0.23115577889447236
  ],
  "dice": [
    0.2
  ],
  "cosinus": [
    0.1570017604802183
  ]
}