{
  "voc_eval_res": {
    "precision": 0,
    "recall": 0,
    "f-score": 0
  },
  "KL_res": {
    "KL divergence": 9.903103094458567,
    "Euclidean Dist.": 0.8366600265340756,
    "WER": 1.0,
    "CER": 0.6956521739130435,
    "Cosine Dist.": 1.0
  },
  "occ_eval_res": {
    "precision": 0,
    "recall": 0,
    "f-score": 0
  },
  "clean_eval": {
    "f-score": 50.0,
    "precision": 38.0,
    "recall": 73.07692307692307,
    "tp": 19,
    "fp": 31,
    "fn": 7
  },
  "jaccard": [
    0.8571428571428571
  ],
  "braycurtis": [
    0.7666666666666667
  ],
  "dice": [
    0.75
  ],
  "cosinus": [
    0.6903447773566083
  ]
}