{
  "voc_eval_res": {
    "precision": 30.0,
    "recall": 100.0,
    "f-score": 46.1538
  },
  "KL_res": {
    "KL divergence": 0.6282192403509135,
    "Euclidean Dist.": 0.6013071161510434,
    "WER": 1.75,
    "CER": 1.3103448275862069,
    "Cosine Dist.": 0.20528058576097374
  },
  "occ_eval_res": {
    "precision": 36.3636,
    "recall": 100.0,
    "f-score": 53.3333
  },
  "clean_eval": {
    "f-score": 50.000000000000014,
    "precision": 80.0,
    "recall": 36.36363636363637,
    "tp": 40,
    "fp": 10,
    "fn": 70
  },
  "jaccard": [
    0.6990291262135923
  ],
  "braycurtis": [
    0.45263157894736844
  ],
  "dice": [
    0.5373134328358209
  ],
  "cosinus": [
    0.2699773861009618
  ]
}