{
  "voc_eval_res": {
    "precision": 46.6667,
    "recall": 46.6667,
    "f-score": 46.6667
  },
  "KL_res": {
    "KL divergence": 2.673291554467695,
    "Euclidean Dist.": 0.24103384202072908,
    "WER": 0.7058823529411765,
    "CER": 0.5433070866141733,
    "Cosine Dist.": 0.24074339763470343
  },
  "occ_eval_res": {
    "precision": 50.0,
    "recall": 52.9412,
    "f-score": 51.4286
  },
  "clean_eval": {
    "f-score": 30.238726790450926,
    "precision": 31.318681318681318,
    "recall": 29.230769230769234,
    "tp": 57,
    "fp": 125,
    "fn": 138
  },
  "jaccard": [
    0.62751677852349
  ],
  "braycurtis": [
    0.4222222222222222
  ],
  "dice": [
    0.4572127139364303
  ],
  "cosinus": [
    0.29430745518985
  ]
}