{
  "voc_eval_res": {
    "precision": 35.0,
    "recall": 28.0,
    "f-score": 31.1111
  },
  "KL_res": {
    "KL divergence": 4.207626967588686,
    "Euclidean Dist.": 0.25073599605077457,
    "WER": 0.8064516129032258,
    "CER": 0.5223880597014925,
    "Cosine Dist.": 0.41808562603735366
  },
  "occ_eval_res": {
    "precision": 37.5,
    "recall": 29.0323,
    "f-score": 32.7273
  },
  "clean_eval": {
    "f-score": 20.454545454545457,
    "precision": 19.32515337423313,
    "recall": 21.72413793103448,
    "tp": 63,
    "fp": 263,
    "fn": 227
  },
  "jaccard": [
    0.631578947368421
  ],
  "braycurtis": [
    0.4394736842105263
  ],
  "dice": [
    0.46153846153846156
  ],
  "cosinus": [
    0.3229676229090739
  ]
}