{
  "voc_eval_res": {
    "precision": 66.6667,
    "recall": 40.0,
    "f-score": 50.0
  },
  "KL_res": {
    "KL divergence": 4.126713076928858,
    "Euclidean Dist.": 0.5497474167490214,
    "WER": 0.8,
    "CER": 0.6304347826086957,
    "Cosine Dist.": 0.3238765962171868
  },
  "occ_eval_res": {
    "precision": 66.6667,
    "recall": 40.0,
    "f-score": 50.0
  },
  "clean_eval": {
    "f-score": 60.0,
    "precision": 48.38709677419355,
    "recall": 78.94736842105263,
    "tp": 30,
    "fp": 32,
    "fn": 8
  },
  "jaccard": [
    0.6111111111111112
  ],
  "braycurtis": [
    0.4931506849315068
  ],
  "dice": [
    0.44
  ],
  "cosinus": [
    0.40842503276493536
  ]
}