{
  "voc_eval_res": {
    "precision": 26.4706,
    "recall": 40.9091,
    "f-score": 32.1429
  },
  "KL_res": {
    "KL divergence": 3.7658076308381525,
    "Euclidean Dist.": 0.26926983937364735,
    "WER": 1.6818181818181819,
    "CER": 0.9341317365269461,
    "Cosine Dist.": 0.651387919607411
  },
  "occ_eval_res": {
    "precision": 20.9302,
    "recall": 40.9091,
    "f-score": 27.6923
  },
  "clean_eval": {
    "f-score": 23.75,
    "precision": 28.57142857142857,
    "recall": 20.32085561497326,
    "tp": 76,
    "fp": 190,
    "fn": 298
  },
  "jaccard": [
    0.6004842615012107
  ],
  "braycurtis": [
    0.48104265402843605
  ],
  "dice": [
    0.4290657439446367
  ],
  "cosinus": [
    0.3075755083768148
  ]
}