{
  "voc_eval_res": {
    "precision": 18.1818,
    "recall": 18.1818,
    "f-score": 18.1818
  },
  "KL_res": {
    "KL divergence": 6.309230900851123,
    "Euclidean Dist.": 0.38569460791993504,
    "WER": 1.0,
    "CER": 0.6547619047619048,
    "Cosine Dist.": 0.6923076923076923
  },
  "occ_eval_res": {
    "precision": 18.1818,
    "recall": 18.1818,
    "f-score": 18.1818
  },
  "clean_eval": {
    "f-score": 47.21030042918455,
    "precision": 49.549549549549546,
    "recall": 45.08196721311475,
    "tp": 55,
    "fp": 56,
    "fn": 67
  },
  "jaccard": [
    0.696969696969697
  ],
  "braycurtis": [
    0.5657894736842105
  ],
  "dice": [
    0.5348837209302325
  ],
  "cosinus": [
    0.5027418324711178
  ]
}