{
  "voc_eval_res": {
    "precision": 38.8889,
    "recall": 50.0,
    "f-score": 43.75
  },
  "KL_res": {
    "KL divergence": 2.37932235349742,
    "Euclidean Dist.": 0.2694783342224419,
    "WER": 1.0588235294117647,
    "CER": 0.7606837606837606,
    "Cosine Dist.": 0.21769884057406141
  },
  "occ_eval_res": {
    "precision": 39.1304,
    "recall": 52.9412,
    "f-score": 45.0
  },
  "clean_eval": {
    "f-score": 21.55963302752294,
    "precision": 25.82417582417583,
    "recall": 18.503937007874015,
    "tp": 47,
    "fp": 135,
    "fn": 207
  },
  "jaccard": [
    0.6165413533834586
  ],
  "braycurtis": [
    0.4618055555555556
  ],
  "dice": [
    0.44565217391304346
  ],
  "cosinus": [
    0.1909243249535617
  ]
}