{
  "voc_eval_res": {
    "precision": 41.6667,
    "recall": 50.0,
    "f-score": 45.4545
  },
  "KL_res": {
    "KL divergence": 3.6109885507490724,
    "Euclidean Dist.": 0.37829058265035725,
    "WER": 1.0909090909090908,
    "CER": 0.6091954022988506,
    "Cosine Dist.": 0.5377498364789759
  },
  "occ_eval_res": {
    "precision": 33.3333,
    "recall": 45.4545,
    "f-score": 38.4615
  },
  "clean_eval": {
    "f-score": 55.47945205479452,
    "precision": 55.47945205479452,
    "recall": 55.47945205479452,
    "tp": 81,
    "fp": 65,
    "fn": 65
  },
  "jaccard": [
    0.5729166666666666
  ],
  "braycurtis": [
    0.4943181818181818
  ],
  "dice": [
    0.40145985401459855
  ],
  "cosinus": [
    0.48954881060246236
  ]
}