{
  "voc_eval_res": {
    "precision": 30.0,
    "recall": 50.0,
    "f-score": 37.5
  },
  "KL_res": {
    "KL divergence": 2.477637071697954,
    "Euclidean Dist.": 0.45833333333333337,
    "WER": 1.0,
    "CER": 0.7571428571428571,
    "Cosine Dist.": 0.3177577076620466
  },
  "occ_eval_res": {
    "precision": 33.3333,
    "recall": 50.0,
    "f-score": 40.0
  },
  "clean_eval": {
    "f-score": 66.95278969957081,
    "precision": 79.59183673469387,
    "recall": 57.77777777777777,
    "tp": 78,
    "fp": 20,
    "fn": 57
  },
  "jaccard": [
    0.650887573964497
  ],
  "braycurtis": [
    0.47368421052631576
  ],
  "dice": [
    0.4824561403508772
  ],
  "cosinus": [
    0.31194752849646745
  ]
}