{
  "voc_eval_res": {
    "precision": 33.3333,
    "recall": 26.6667,
    "f-score": 29.6296
  },
  "KL_res": {
    "KL divergence": 5.054030667074668,
    "Euclidean Dist.": 0.3265986323710904,
    "WER": 0.8666666666666667,
    "CER": 0.712,
    "Cosine Dist.": 0.5411685322588766
  },
  "occ_eval_res": {
    "precision": 33.3333,
    "recall": 26.6667,
    "f-score": 29.6296
  },
  "clean_eval": {
    "f-score": 51.245551601423486,
    "precision": 42.35294117647059,
    "recall": 64.86486486486487,
    "tp": 72,
    "fp": 98,
    "fn": 39
  },
  "jaccard": [
    0.6302816901408451
  ],
  "braycurtis": [
    0.45652173913043476
  ],
  "dice": [
    0.4601542416452442
  ],
  "cosinus": [
    0.3496650406348947
  ]
}