{
  "voc_eval_res": {
    "precision": 13.3333,
    "recall": 20.0,
    "f-score": 16.0
  },
  "KL_res": {
    "KL divergence": 6.230684418488125,
    "Euclidean Dist.": 0.38487010795851634,
    "WER": 1.4,
    "CER": 0.9253731343283582,
    "Cosine Dist.": 0.7418011102528388
  },
  "occ_eval_res": {
    "precision": 12.5,
    "recall": 20.0,
    "f-score": 15.3846
  },
  "clean_eval": {
    "f-score": 55.51601423487544,
    "precision": 70.27027027027027,
    "recall": 45.88235294117647,
    "tp": 78,
    "fp": 33,
    "fn": 92
  },
  "jaccard": [
    0.799163179916318
  ],
  "braycurtis": [
    0.6863905325443787
  ],
  "dice": [
    0.6655052264808362
  ],
  "cosinus": [
    0.6196664526204625
  ]
}