{
  "voc_eval_res": {
    "precision": 70.0,
    "recall": 33.3333,
    "f-score": 45.1613
  },
  "KL_res": {
    "KL divergence": 3.9654425956642383,
    "Euclidean Dist.": 0.31925407915112525,
    "WER": 0.7391304347826086,
    "CER": 0.6470588235294118,
    "Cosine Dist.": 0.314408829808939
  },
  "occ_eval_res": {
    "precision": 72.7273,
    "recall": 34.7826,
    "f-score": 47.0588
  },
  "clean_eval": {
    "f-score": 49.24012158054711,
    "precision": 37.15596330275229,
    "recall": 72.97297297297297,
    "tp": 81,
    "fp": 137,
    "fn": 30
  },
  "jaccard": [
    0.631578947368421
  ],
  "braycurtis": [
    0.45982142857142855
  ],
  "dice": [
    0.46153846153846156
  ],
  "cosinus": [
    0.3488105131558099
  ]
}