{
  "voc_eval_res": {
    "precision": 28.5714,
    "recall": 28.5714,
    "f-score": 28.5714
  },
  "KL_res": {
    "KL divergence": 4.0050931200955935,
    "Euclidean Dist.": 0.33681103450671335,
    "WER": 0.8333333333333334,
    "CER": 0.6262626262626263,
    "Cosine Dist.": 0.4967803917172876
  },
  "occ_eval_res": {
    "precision": 28.5714,
    "recall": 22.2222,
    "f-score": 25.0
  },
  "clean_eval": {
    "f-score": 65.40880503144653,
    "precision": 60.81871345029239,
    "recall": 70.74829931972789,
    "tp": 104,
    "fp": 67,
    "fn": 43
  },
  "jaccard": [
    0.7603305785123967
  ],
  "braycurtis": [
    0.6432432432432432
  ],
  "dice": [
    0.6133333333333333
  ],
  "cosinus": [
    0.487344233400564
  ]
}