{
  "voc_eval_res": {
    "precision": 37.5,
    "recall": 33.3333,
    "f-score": 35.2941
  },
  "KL_res": {
    "KL divergence": 3.133751565644609,
    "Euclidean Dist.": 0.38369548110737794,
    "WER": 1.0,
    "CER": 0.5697674418604651,
    "Cosine Dist.": 0.3352970096656124
  },
  "occ_eval_res": {
    "precision": 33.3333,
    "recall": 41.6667,
    "f-score": 37.037
  },
  "clean_eval": {
    "f-score": 67.8082191780822,
    "precision": 73.88059701492537,
    "recall": 62.65822784810127,
    "tp": 99,
    "fp": 35,
    "fn": 59
  },
  "jaccard": [
    0.5319148936170213
  ],
  "braycurtis": [
    0.4
  ],
  "dice": [
    0.36231884057971014
  ],
  "cosinus": [
    0.23840751852317998
  ]
}