{
  "voc_eval_res": {
    "precision": 58.3333,
    "recall": 66.6667,
    "f-score": 62.2222
  },
  "KL_res": {
    "KL divergence": 1.7126695264693566,
    "Euclidean Dist.": 0.20543502694491514,
    "WER": 0.64,
    "CER": 0.525,
    "Cosine Dist.": 0.2593028831938222
  },
  "occ_eval_res": {
    "precision": 57.6923,
    "recall": 60.0,
    "f-score": 58.8235
  },
  "clean_eval": {
    "f-score": 45.887445887445885,
    "precision": 48.401826484018265,
    "recall": 43.62139917695473,
    "tp": 106,
    "fp": 113,
    "fn": 137
  },
  "jaccard": [
    0.5064935064935064
  ],
  "braycurtis": [
    0.3894080996884735
  ],
  "dice": [
    0.3391304347826087
  ],
  "cosinus": [
    0.27618542474772434
  ]
}