{
  "voc_eval_res": {
    "precision": 40.0,
    "recall": 50.0,
    "f-score": 44.4444
  },
  "KL_res": {
    "KL divergence": 2.737354908671053,
    "Euclidean Dist.": 0.32354782581913066,
    "WER": 0.7777777777777778,
    "CER": 0.6811594202898551,
    "Cosine Dist.": 0.26213521262737816
  },
  "occ_eval_res": {
    "precision": 45.4545,
    "recall": 55.5556,
    "f-score": 50.0
  },
  "clean_eval": {
    "f-score": 59.01639344262295,
    "precision": 65.45454545454545,
    "recall": 53.73134328358209,
    "tp": 72,
    "fp": 38,
    "fn": 62
  },
  "jaccard": [
    0.5680473372781065
  ],
  "braycurtis": [
    0.37267080745341613
  ],
  "dice": [
    0.39669421487603307
  ],
  "cosinus": [
    0.2555885290381239
  ]
}