{
  "voc_eval_res": {
    "precision": 21.4286,
    "recall": 27.2727,
    "f-score": 24.0
  },
  "KL_res": {
    "KL divergence": 5.281423969443531,
    "Euclidean Dist.": 0.36313096191382405,
    "WER": 1.1818181818181819,
    "CER": 0.7553191489361702,
    "Cosine Dist.": 0.641431417199682
  },
  "occ_eval_res": {
    "precision": 20.0,
    "recall": 27.2727,
    "f-score": 23.0769
  },
  "clean_eval": {
    "f-score": 43.421052631578945,
    "precision": 49.25373134328358,
    "recall": 38.82352941176471,
    "tp": 66,
    "fp": 68,
    "fn": 104
  },
  "jaccard": [
    0.6076923076923076
  ],
  "braycurtis": [
    0.46396396396396394
  ],
  "dice": [
    0.43646408839779005
  ],
  "cosinus": [
    0.34672570063971286
  ]
}