{
  "voc_eval_res": {
    "precision": 44.4444,
    "recall": 36.3636,
    "f-score": 40.0
  },
  "KL_res": {
    "KL divergence": 3.458814829302259,
    "Euclidean Dist.": 0.2640326307857308,
    "WER": 0.7586206896551724,
    "CER": 0.5402298850574713,
    "Cosine Dist.": 0.2959173827924202
  },
  "occ_eval_res": {
    "precision": 42.8571,
    "recall": 41.3793,
    "f-score": 42.1053
  },
  "clean_eval": {
    "f-score": 27.388535031847134,
    "precision": 25.443786982248522,
    "recall": 29.655172413793103,
    "tp": 86,
    "fp": 252,
    "fn": 204
  },
  "jaccard": [
    0.6039603960396039
  ],
  "braycurtis": [
    0.46153846153846156
  ],
  "dice": [
    0.4326241134751773
  ],
  "cosinus": [
    0.3328896661261076
  ]
}