{
  "voc_eval_res": {
    "precision": 50.0,
    "recall": 54.5455,
    "f-score": 52.1739
  },
  "KL_res": {
    "KL divergence": 2.5002113555931396,
    "Euclidean Dist.": 0.3232574790544351,
    "WER": 0.6666666666666666,
    "CER": 0.6375,
    "Cosine Dist.": 0.3629779427293939
  },
  "occ_eval_res": {
    "precision": 46.1538,
    "recall": 50.0,
    "f-score": 48.0
  },
  "clean_eval": {
    "f-score": 63.43283582089553,
    "precision": 63.43283582089553,
    "recall": 63.43283582089553,
    "tp": 85,
    "fp": 49,
    "fn": 49
  },
  "jaccard": [
    0.5698924731182796
  ],
  "braycurtis": [
    0.4588235294117647
  ],
  "dice": [
    0.39849624060150374
  ],
  "cosinus": [
    0.38776434354298595
  ]
}