{
  "voc_eval_res": {
    "precision": 52.0,
    "recall": 44.8276,
    "f-score": 48.1481
  },
  "KL_res": {
    "KL divergence": 3.21151826015114,
    "Euclidean Dist.": 0.2320463016535948,
    "WER": 0.8125,
    "CER": 0.49222797927461137,
    "Cosine Dist.": 0.4424444016113953
  },
  "occ_eval_res": {
    "precision": 43.3333,
    "recall": 40.625,
    "f-score": 41.9355
  },
  "clean_eval": {
    "f-score": 47.2972972972973,
    "precision": 44.5859872611465,
    "recall": 50.35971223021583,
    "tp": 140,
    "fp": 174,
    "fn": 138
  },
  "jaccard": [
    0.5377643504531722
  ],
  "braycurtis": [
    0.3871866295264624
  ],
  "dice": [
    0.3677685950413223
  ],
  "cosinus": [
    0.27537687825094026
  ]
}