{
  "voc_eval_res": {
    "precision": 52.9412,
    "recall": 56.25,
    "f-score": 54.5455
  },
  "KL_res": {
    "KL divergence": 2.101620761119914,
    "Euclidean Dist.": 0.20981442340245893,
    "WER": 0.7222222222222222,
    "CER": 0.5637583892617449,
    "Cosine Dist.": 0.19992887940600246
  },
  "occ_eval_res": {
    "precision": 57.8947,
    "recall": 61.1111,
    "f-score": 59.4595
  },
  "clean_eval": {
    "f-score": 18.352941176470587,
    "precision": 18.932038834951456,
    "recall": 17.80821917808219,
    "tp": 39,
    "fp": 167,
    "fn": 180
  },
  "jaccard": [
    0.5066666666666667
  ],
  "braycurtis": [
    0.32362459546925565
  ],
  "dice": [
    0.3392857142857143
  ],
  "cosinus": [
    0.20145779267810848
  ]
}