{
  "voc_eval_res": {
    "precision": 33.3333,
    "recall": 25.0,
    "f-score": 28.5714
  },
  "KL_res": {
    "KL divergence": 4.9690402859631115,
    "Euclidean Dist.": 0.30605498393227437,
    "WER": 0.8260869565217391,
    "CER": 0.5900621118012422,
    "Cosine Dist.": 0.5553839884986173
  },
  "occ_eval_res": {
    "precision": 31.5789,
    "recall": 26.087,
    "f-score": 28.5714
  },
  "clean_eval": {
    "f-score": 51.33928571428572,
    "precision": 43.233082706766915,
    "recall": 63.18681318681318,
    "tp": 115,
    "fp": 151,
    "fn": 67
  },
  "jaccard": [
    0.5746268656716418
  ],
  "braycurtis": [
    0.44680851063829785
  ],
  "dice": [
    0.4031413612565445
  ],
  "cosinus": [
    0.3353845510482465
  ]
}