{
  "voc_eval_res": {
    "precision": 73.3333,
    "recall": 68.75,
    "f-score": 70.9677
  },
  "KL_res": {
    "KL divergence": 1.4716295598528626,
    "Euclidean Dist.": 0.18249520067633615,
    "WER": 0.6470588235294118,
    "CER": 0.44144144144144143,
    "Cosine Dist.": 0.13835956314467068
  },
  "occ_eval_res": {
    "precision": 75.0,
    "recall": 70.5882,
    "f-score": 72.7273
  },
  "clean_eval": {
    "f-score": 65.65349544072949,
    "precision": 63.52941176470588,
    "recall": 67.9245283018868,
    "tp": 108,
    "fp": 62,
    "fn": 51
  },
  "jaccard": [
    0.40336134453781514
  ],
  "braycurtis": [
    0.23478260869565218
  ],
  "dice": [
    0.25263157894736843
  ],
  "cosinus": [
    0.1671826625387003
  ]
}