{
  "voc_eval_res": {
    "precision": 30.0,
    "recall": 50.0,
    "f-score": 37.5
  },
  "KL_res": {
    "KL divergence": 3.437217750010496,
    "Euclidean Dist.": 0.4242640687119285,
    "WER": 1.3333333333333333,
    "CER": 0.696969696969697,
    "Cosine Dist.": 0.44529980377477085
  },
  "occ_eval_res": {
    "precision": 30.0,
    "recall": 50.0,
    "f-score": 37.5
  },
  "clean_eval": {
    "f-score": 51.35135135135135,
    "precision": 76.0,
    "recall": 38.775510204081634,
    "tp": 38,
    "fp": 12,
    "fn": 60
  },
  "jaccard": [
    0.6774193548387096
  ],
  "braycurtis": [
    0.5287356321839081
  ],
  "dice": [
    0.5121951219512195
  ],
  "cosinus": [
    0.5010998011117811
  ]
}