{
  "voc_eval_res": {
    "precision": 37.5,
    "recall": 40.9091,
    "f-score": 39.1304
  },
  "KL_res": {
    "KL divergence": 2.4327085313163965,
    "Euclidean Dist.": 0.23601471955326217,
    "WER": 0.7666666666666667,
    "CER": 0.4708994708994709,
    "Cosine Dist.": 0.31526321198253926
  },
  "occ_eval_res": {
    "precision": 42.8571,
    "recall": 40.0,
    "f-score": 41.3793
  },
  "clean_eval": {
    "f-score": 12.048192771084338,
    "precision": 11.834319526627219,
    "recall": 12.269938650306749,
    "tp": 40,
    "fp": 298,
    "fn": 286
  },
  "jaccard": [
    0.6330275229357798
  ],
  "braycurtis": [
    0.42780748663101603
  ],
  "dice": [
    0.46308724832214765
  ],
  "cosinus": [
    0.23788732526798184
  ]
}