{
  "voc_eval_res": {
    "precision": 20.0,
    "recall": 18.1818,
    "f-score": 19.0476
  },
  "KL_res": {
    "KL divergence": 6.295305508821765,
    "Euclidean Dist.": 0.39333286641425336,
    "WER": 0.8181818181818182,
    "CER": 0.3563218390804598,
    "Cosine Dist.": 0.6797436923898258
  },
  "occ_eval_res": {
    "precision": 20.0,
    "recall": 18.1818,
    "f-score": 19.0476
  },
  "clean_eval": {
    "f-score": 64.25339366515837,
    "precision": 63.96396396396396,
    "recall": 64.54545454545455,
    "tp": 71,
    "fp": 40,
    "fn": 39
  },
  "jaccard": [
    0.6062176165803109
  ],
  "braycurtis": [
    0.45962732919254656
  ],
  "dice": [
    0.4349442379182156
  ],
  "cosinus": [
    0.38091530712666877
  ]
}