{
  "voc_eval_res": {
    "precision": 37.5,
    "recall": 20.0,
    "f-score": 26.087
  },
  "KL_res": {
    "KL divergence": 5.807447507942716,
    "Euclidean Dist.": 0.4139541335599368,
    "WER": 0.8666666666666667,
    "CER": 0.6829268292682927,
    "Cosine Dist.": 0.5426704396199766
  },
  "occ_eval_res": {
    "precision": 33.3333,
    "recall": 20.0,
    "f-score": 25.0
  },
  "clean_eval": {
    "f-score": 55.03875968992248,
    "precision": 44.65408805031446,
    "recall": 71.71717171717171,
    "tp": 71,
    "fp": 88,
    "fn": 28
  },
  "jaccard": [
    0.7894736842105263
  ],
  "braycurtis": [
    0.664
  ],
  "dice": [
    0.6521739130434783
  ],
  "cosinus": [
    0.577824145170226
  ]
}