{
  "voc_eval_res": {
    "precision": 31.8182,
    "recall": 46.6667,
    "f-score": 37.8378
  },
  "KL_res": {
    "KL divergence": 2.921422008551374,
    "Euclidean Dist.": 0.28786282416685277,
    "WER": 1.0434782608695652,
    "CER": 0.7272727272727273,
    "Cosine Dist.": 0.33456302256645243
  },
  "occ_eval_res": {
    "precision": 32.2581,
    "recall": 43.4783,
    "f-score": 37.037
  },
  "clean_eval": {
    "f-score": 10.81081081081081,
    "precision": 12.23021582733813,
    "recall": 9.686609686609685,
    "tp": 34,
    "fp": 244,
    "fn": 317
  },
  "jaccard": [
    0.6354515050167224
  ],
  "braycurtis": [
    0.5174129353233831
  ],
  "dice": [
    0.46568627450980393
  ],
  "cosinus": [
    0.33131996929619845
  ]
}