{
  "voc_eval_res": {
    "precision": 28.5714,
    "recall": 28.5714,
    "f-score": 28.5714
  },
  "KL_res": {
    "KL divergence": 5.314429785976543,
    "Euclidean Dist.": 0.4517539514526256,
    "WER": 0.8571428571428571,
    "CER": 0.6470588235294118,
    "Cosine Dist.": 0.5555555555555556
  },
  "occ_eval_res": {
    "precision": 28.5714,
    "recall": 28.5714,
    "f-score": 28.5714
  },
  "clean_eval": {
    "f-score": 49.72972972972974,
    "precision": 37.704918032786885,
    "recall": 73.01587301587301,
    "tp": 46,
    "fp": 76,
    "fn": 17
  },
  "jaccard": [
    0.7745098039215687
  ],
  "braycurtis": [
    0.6714285714285714
  ],
  "dice": [
    0.632
  ],
  "cosinus": [
    0.6931218903633332
  ]
}