{
  "voc_eval_res": {
    "precision": 40.0,
    "recall": 52.1739,
    "f-score": 45.283
  },
  "KL_res": {
    "KL divergence": 3.1431914269742185,
    "Euclidean Dist.": 0.2605681797987177,
    "WER": 1.28,
    "CER": 1.0394736842105263,
    "Cosine Dist.": 0.5056342821330405
  },
  "occ_eval_res": {
    "precision": 29.2683,
    "recall": 48.0,
    "f-score": 36.3636
  },
  "clean_eval": {
    "f-score": 21.192052980132452,
    "precision": 27.82608695652174,
    "recall": 17.11229946524064,
    "tp": 64,
    "fp": 166,
    "fn": 310
  },
  "jaccard": [
    0.648854961832061
  ],
  "braycurtis": [
    0.5617715617715617
  ],
  "dice": [
    0.480225988700565
  ],
  "cosinus": [
    0.40762720157025434
  ]
}