{
  "voc_eval_res": {
    "precision": 42.4242,
    "recall": 50.0,
    "f-score": 45.9016
  },
  "KL_res": {
    "KL divergence": 2.8380861952432475,
    "Euclidean Dist.": 0.22776083947860748,
    "WER": 0.9,
    "CER": 0.47767857142857145,
    "Cosine Dist.": 0.4774175955144381
  },
  "occ_eval_res": {
    "precision": 37.5,
    "recall": 50.0,
    "f-score": 42.8571
  },
  "clean_eval": {
    "f-score": 21.052631578947366,
    "precision": 23.668639053254438,
    "recall": 18.95734597156398,
    "tp": 80,
    "fp": 258,
    "fn": 342
  },
  "jaccard": [
    0.44146341463414634
  ],
  "braycurtis": [
    0.3286852589641434
  ],
  "dice": [
    0.28325508607198746
  ],
  "cosinus": [
    0.21722179515472284
  ]
}