{
  "voc_eval_res": {
    "precision": 20.0,
    "recall": 21.4286,
    "f-score": 20.6897
  },
  "KL_res": {
    "KL divergence": 5.752983657991043,
    "Euclidean Dist.": 0.3310465778930419,
    "WER": 0.9285714285714286,
    "CER": 0.5454545454545454,
    "Cosine Dist.": 0.6570028297149824
  },
  "occ_eval_res": {
    "precision": 20.0,
    "recall": 21.4286,
    "f-score": 20.6897
  },
  "clean_eval": {
    "f-score": 68.57142857142857,
    "precision": 65.75342465753424,
    "recall": 71.64179104477611,
    "tp": 96,
    "fp": 50,
    "fn": 38
  },
  "jaccard": [
    0.6636363636363637
  ],
  "braycurtis": [
    0.5138121546961326
  ],
  "dice": [
    0.4965986394557823
  ],
  "cosinus": [
    0.4377081774814444
  ]
}