{
  "voc_eval_res": {
    "precision": 55.5556,
    "recall": 100.0,
    "f-score": 71.4286
  },
  "KL_res": {
    "KL divergence": 0.3362541710314754,
    "Euclidean Dist.": 0.3583225665910467,
    "WER": 0.8,
    "CER": 0.4864864864864865,
    "Cosine Dist.": 0.15484574527148354
  },
  "occ_eval_res": {
    "precision": 55.5556,
    "recall": 100.0,
    "f-score": 71.4286
  },
  "clean_eval": {
    "f-score": 71.62162162162163,
    "precision": 85.48387096774194,
    "recall": 61.627906976744185,
    "tp": 53,
    "fp": 9,
    "fn": 33
  },
  "jaccard": [
    0.40869565217391307
  ],
  "braycurtis": [
    0.27835051546391754
  ],
  "dice": [
    0.2568306010928962
  ],
  "cosinus": [
    0.28039937527705405
  ]
}