{
  "voc_eval_res": {
    "precision": 20.0,
    "recall": 16.6667,
    "f-score": 18.1818
  },
  "KL_res": {
    "KL divergence": 6.42360852288746,
    "Euclidean Dist.": 0.38801489089409386,
    "WER": 1.0,
    "CER": 0.6504854368932039,
    "Cosine Dist.": 0.6913933000758162
  },
  "occ_eval_res": {
    "precision": 20.0,
    "recall": 16.6667,
    "f-score": 18.1818
  },
  "clean_eval": {
    "f-score": 72.35772357723577,
    "precision": 71.7741935483871,
    "recall": 72.95081967213115,
    "tp": 89,
    "fp": 35,
    "fn": 33
  },
  "jaccard": [
    0.6267281105990783
  ],
  "braycurtis": [
    0.5114942528735632
  ],
  "dice": [
    0.4563758389261745
  ],
  "cosinus": [
    0.4566295807805162
  ]
}