{
  "voc_eval_res": {
    "precision": 35.2941,
    "recall": 46.1538,
    "f-score": 40.0
  },
  "KL_res": {
    "KL divergence": 4.102041859035424,
    "Euclidean Dist.": 0.3223091993019258,
    "WER": 0.8095238095238095,
    "CER": 0.4752475247524752,
    "Cosine Dist.": 0.43717882345484127
  },
  "occ_eval_res": {
    "precision": 40.0,
    "recall": 38.0952,
    "f-score": 39.0244
  },
  "clean_eval": {
    "f-score": 68.55524079320114,
    "precision": 71.17647058823529,
    "recall": 66.12021857923497,
    "tp": 121,
    "fp": 49,
    "fn": 62
  },
  "jaccard": [
    0.5458715596330275
  ],
  "braycurtis": [
    0.3807531380753138
  ],
  "dice": [
    0.3753943217665615
  ],
  "cosinus": [
    0.2983524241555352
  ]
}