{
  "voc_eval_res": {
    "precision": 66.6667,
    "recall": 80.0,
    "f-score": 72.7273
  },
  "KL_res": {
    "KL divergence": 1.185362920838809,
    "Euclidean Dist.": 0.3231786571610886,
    "WER": 0.4,
    "CER": 0.2972972972972973,
    "Cosine Dist.": 0.1567259572884323
  },
  "occ_eval_res": {
    "precision": 66.6667,
    "recall": 80.0,
    "f-score": 72.7273
  },
  "clean_eval": {
    "f-score": 77.19298245614034,
    "precision": 86.27450980392157,
    "recall": 69.84126984126983,
    "tp": 44,
    "fp": 7,
    "fn": 19
  },
  "jaccard": [
    0.2967032967032967
  ],
  "braycurtis": [
    0.18518518518518517
  ],
  "dice": [
    0.17419354838709677
  ],
  "cosinus": [
    0.16389677182807272
  ]
}