{
  "voc_eval_res": {
    "precision": 22.2222,
    "recall": 42.8571,
    "f-score": 29.2683
  },
  "KL_res": {
    "KL divergence": 3.0842373769034466,
    "Euclidean Dist.": 0.32304041185902294,
    "WER": 1.2105263157894737,
    "CER": 0.781021897810219,
    "Cosine Dist.": 0.43861642778621046
  },
  "occ_eval_res": {
    "precision": 25.0,
    "recall": 36.8421,
    "f-score": 29.7872
  },
  "clean_eval": {
    "f-score": 17.24770642201835,
    "precision": 20.434782608695652,
    "recall": 14.920634920634921,
    "tp": 47,
    "fp": 183,
    "fn": 268
  },
  "jaccard": [
    0.6833855799373041
  ],
  "braycurtis": [
    0.557632398753894
  ],
  "dice": [
    0.5190476190476191
  ],
  "cosinus": [
    0.42258093018562537
  ]
}