{
  "voc_eval_res": {
    "precision": 42.8571,
    "recall": 37.5,
    "f-score": 40.0
  },
  "KL_res": {
    "KL divergence": 3.98741530623181,
    "Euclidean Dist.": 0.3872983346207417,
    "WER": 0.9,
    "CER": 0.532258064516129,
    "Cosine Dist.": 0.3291796067500632
  },
  "occ_eval_res": {
    "precision": 50.0,
    "recall": 40.0,
    "f-score": 44.4444
  },
  "clean_eval": {
    "f-score": 63.75000000000001,
    "precision": 68.91891891891892,
    "recall": 59.30232558139535,
    "tp": 51,
    "fp": 23,
    "fn": 35
  },
  "jaccard": [
    0.624
  ],
  "braycurtis": [
    0.4188034188034188
  ],
  "dice": [
    0.45348837209302323
  ],
  "cosinus": [
    0.3398966109771031
  ]
}