{
  "voc_eval_res": {
    "precision": 50.0,
    "recall": 61.1111,
    "f-score": 55.0
  },
  "KL_res": {
    "KL divergence": 2.139882359578043,
    "Euclidean Dist.": 0.23160805307552046,
    "WER": 0.6666666666666666,
    "CER": 0.375,
    "Cosine Dist.": 0.30213684220114667
  },
  "occ_eval_res": {
    "precision": 50.0,
    "recall": 57.1429,
    "f-score": 53.3333
  },
  "clean_eval": {
    "f-score": 61.904761904761905,
    "precision": 68.42105263157895,
    "recall": 56.52173913043478,
    "tp": 117,
    "fp": 54,
    "fn": 90
  },
  "jaccard": [
    0.49224806201550386
  ],
  "braycurtis": [
    0.3643724696356275
  ],
  "dice": [
    0.3264781491002571
  ],
  "cosinus": [
    0.2930063233635588
  ]
}