{
  "voc_eval_res": {
    "precision": 0,
    "recall": 0,
    "f-score": 0
  },
  "KL_res": {
    "KL divergence": 10.125026422222737,
    "Euclidean Dist.": 0.6123724356957945,
    "WER": 2.0,
    "CER": 0.9583333333333334,
    "Cosine Dist.": 1.0
  },
  "occ_eval_res": {
    "precision": 0,
    "recall": 0,
    "f-score": 0
  },
  "clean_eval": {
    "f-score": 54.0,
    "precision": 71.05263157894737,
    "recall": 43.54838709677419,
    "tp": 27,
    "fp": 11,
    "fn": 35
  },
  "jaccard": [
    0.9532710280373832
  ],
  "braycurtis": [
    0.9137931034482759
  ],
  "dice": [
    0.9107142857142857
  ],
  "cosinus": [
    0.9015334377382249
  ]
}