{
  "voc_eval_res": {
    "precision": 28.0,
    "recall": 58.3333,
    "f-score": 37.8378
  },
  "KL_res": {
    "KL divergence": 2.781307721400415,
    "Euclidean Dist.": 0.3258549736704478,
    "WER": 1.8333333333333333,
    "CER": 1.054945054945055,
    "Cosine Dist.": 0.5264429359557832
  },
  "occ_eval_res": {
    "precision": 24.1379,
    "recall": 58.3333,
    "f-score": 34.1463
  },
  "clean_eval": {
    "f-score": 38.0,
    "precision": 62.295081967213115,
    "recall": 27.33812949640288,
    "tp": 76,
    "fp": 46,
    "fn": 202
  },
  "jaccard": [
    0.6233333333333333
  ],
  "braycurtis": [
    0.5
  ],
  "dice": [
    0.45278450363196127
  ],
  "cosinus": [
    0.4123417619795542
  ]
}