{
  "voc_eval_res": {
    "precision": 44.4444,
    "recall": 54.5455,
    "f-score": 48.9796
  },
  "KL_res": {
    "KL divergence": 2.6340399119423474,
    "Euclidean Dist.": 0.23500758899734547,
    "WER": 1.0,
    "CER": 0.6113989637305699,
    "Cosine Dist.": 0.39000571866958134
  },
  "occ_eval_res": {
    "precision": 38.7097,
    "recall": 50.0,
    "f-score": 43.6364
  },
  "clean_eval": {
    "f-score": 22.4025974025974,
    "precision": 23.79310344827586,
    "recall": 21.165644171779142,
    "tp": 69,
    "fp": 221,
    "fn": 257
  },
  "jaccard": [
    0.501432664756447
  ],
  "braycurtis": [
    0.3855421686746988
  ],
  "dice": [
    0.33460803059273425
  ],
  "cosinus": [
    0.19108136559223077
  ]
}