{
  "voc_eval_res": {
    "precision": 30.0,
    "recall": 47.3684,
    "f-score": 36.7347
  },
  "KL_res": {
    "KL divergence": 3.3288552259153956,
    "Euclidean Dist.": 0.28707137143778194,
    "WER": 1.5263157894736843,
    "CER": 0.891156462585034,
    "Cosine Dist.": 0.6172810699936939
  },
  "occ_eval_res": {
    "precision": 23.6842,
    "recall": 47.3684,
    "f-score": 31.5789
  },
  "clean_eval": {
    "f-score": 25.33783783783784,
    "precision": 32.608695652173914,
    "recall": 20.718232044198896,
    "tp": 75,
    "fp": 155,
    "fn": 287
  },
  "jaccard": [
    0.5837696335078534
  ],
  "braycurtis": [
    0.4836272040302267
  ],
  "dice": [
    0.4121996303142329
  ],
  "cosinus": [
    0.3261790768600743
  ]
}