{
  "voc_eval_res": {
    "precision": 7.6923,
    "recall": 12.5,
    "f-score": 9.5238
  },
  "KL_res": {
    "KL divergence": 7.631645583398409,
    "Euclidean Dist.": 0.44362185546533267,
    "WER": 1.3333333333333333,
    "CER": 0.7605633802816901,
    "Cosine Dist.": 0.8456966500379081
  },
  "occ_eval_res": {
    "precision": 7.6923,
    "recall": 11.1111,
    "f-score": 9.0909
  },
  "clean_eval": {
    "f-score": 60.08583690987124,
    "precision": 70.70707070707071,
    "recall": 52.23880597014925,
    "tp": 70,
    "fp": 29,
    "fn": 64
  },
  "jaccard": [
    0.8444444444444444
  ],
  "braycurtis": [
    0.7785714285714286
  ],
  "dice": [
    0.7307692307692307
  ],
  "cosinus": [
    0.7643431786878926
  ]
}