{
  "voc_eval_res": {
    "precision": 33.3333,
    "recall": 27.2727,
    "f-score": 30.0
  },
  "KL_res": {
    "KL divergence": 4.827541216769269,
    "Euclidean Dist.": 0.384045161344632,
    "WER": 0.8461538461538461,
    "CER": 0.6172839506172839,
    "Cosine Dist.": 0.5184565876569232
  },
  "occ_eval_res": {
    "precision": 33.3333,
    "recall": 23.0769,
    "f-score": 27.2727
  },
  "clean_eval": {
    "f-score": 55.17241379310346,
    "precision": 52.459016393442624,
    "recall": 58.18181818181818,
    "tp": 64,
    "fp": 58,
    "fn": 46
  },
  "jaccard": [
    0.64
  ],
  "braycurtis": [
    0.5163398692810458
  ],
  "dice": [
    0.47058823529411764
  ],
  "cosinus": [
    0.35844470583883514
  ]
}