{
  "voc_eval_res": {
    "precision": 30.0,
    "recall": 23.0769,
    "f-score": 26.087
  },
  "KL_res": {
    "KL divergence": 4.8885573665803,
    "Euclidean Dist.": 0.35129134951617863,
    "WER": 0.9285714285714286,
    "CER": 0.6344086021505376,
    "Cosine Dist.": 0.42145808812009755
  },
  "occ_eval_res": {
    "precision": 25.0,
    "recall": 28.5714,
    "f-score": 26.6667
  },
  "clean_eval": {
    "f-score": 57.594936708860764,
    "precision": 62.328767123287676,
    "recall": 53.529411764705884,
    "tp": 91,
    "fp": 55,
    "fn": 79
  },
  "jaccard": [
    0.6069651741293532
  ],
  "braycurtis": [
    0.4563106796116505
  ],
  "dice": [
    0.4357142857142857
  ],
  "cosinus": [
    0.2779301081495609
  ]
}