{
  "voc_eval_res": {
    "precision": 27.5862,
    "recall": 40.0,
    "f-score": 32.6531
  },
  "KL_res": {
    "KL divergence": 3.69584172820236,
    "Euclidean Dist.": 0.3080273667704867,
    "WER": 1.7619047619047619,
    "CER": 0.9673202614379085,
    "Cosine Dist.": 0.6457540457839619
  },
  "occ_eval_res": {
    "precision": 18.1818,
    "recall": 38.0952,
    "f-score": 24.6154
  },
  "clean_eval": {
    "f-score": 16.564417177914113,
    "precision": 21.25984251968504,
    "recall": 13.5678391959799,
    "tp": 54,
    "fp": 200,
    "fn": 344
  },
  "jaccard": [
    0.6657303370786517
  ],
  "braycurtis": [
    0.5912408759124088
  ],
  "dice": [
    0.49894736842105264
  ],
  "cosinus": [
    0.46812821253716264
  ]
}