{
  "voc_eval_res": {
    "precision": 20.0,
    "recall": 40.0,
    "f-score": 26.6667
  },
  "KL_res": {
    "KL divergence": 4.187688262743865,
    "Euclidean Dist.": 0.3464101615137755,
    "WER": 1.6,
    "CER": 1.1454545454545455,
    "Cosine Dist.": 0.5635642195280153
  },
  "occ_eval_res": {
    "precision": 20.0,
    "recall": 40.0,
    "f-score": 26.6667
  },
  "clean_eval": {
    "f-score": 40.0,
    "precision": 72.0,
    "recall": 27.692307692307693,
    "tp": 54,
    "fp": 21,
    "fn": 141
  },
  "jaccard": [
    0.6334841628959276
  ],
  "braycurtis": [
    0.49714285714285716
  ],
  "dice": [
    0.46357615894039733
  ],
  "cosinus": [
    0.40984034991460994
  ]
}