{
  "voc_eval_res": {
    "precision": 27.2727,
    "recall": 37.5,
    "f-score": 31.5789
  },
  "KL_res": {
    "KL divergence": 4.383548833590036,
    "Euclidean Dist.": 0.38886224164246985,
    "WER": 1.125,
    "CER": 1.2765957446808511,
    "Cosine Dist.": 0.5165062215847718
  },
  "occ_eval_res": {
    "precision": 27.2727,
    "recall": 37.5,
    "f-score": 31.5789
  },
  "clean_eval": {
    "f-score": 46.93877551020408,
    "precision": 62.16216216216216,
    "recall": 37.704918032786885,
    "tp": 46,
    "fp": 28,
    "fn": 76
  },
  "jaccard": [
    0.7669902912621359
  ],
  "braycurtis": [
    0.6267605633802817
  ],
  "dice": [
    0.6220472440944882
  ],
  "cosinus": [
    0.5060276175767011
  ]
}