{
  "voc_eval_res": {
    "precision": 40.9091,
    "recall": 29.0323,
    "f-score": 33.9623
  },
  "KL_res": {
    "KL divergence": 4.6027321970035215,
    "Euclidean Dist.": 0.2633645824270743,
    "WER": 0.8484848484848485,
    "CER": 0.5159574468085106,
    "Cosine Dist.": 0.5544403745630399
  },
  "occ_eval_res": {
    "precision": 34.6154,
    "recall": 27.2727,
    "f-score": 30.5085
  },
  "clean_eval": {
    "f-score": 19.784172661870503,
    "precision": 18.211920529801322,
    "recall": 21.653543307086615,
    "tp": 55,
    "fp": 247,
    "fn": 199
  },
  "jaccard": [
    0.6286472148541115
  ],
  "braycurtis": [
    0.4685714285714286
  ],
  "dice": [
    0.4584139264990329
  ],
  "cosinus": [
    0.32626778942806167
  ]
}