{
  "voc_eval_res": {
    "precision": 30.0,
    "recall": 60.0,
    "f-score": 40.0
  },
  "KL_res": {
    "KL divergence": 2.787530551913714,
    "Euclidean Dist.": 0.4582575694955841,
    "WER": 1.8,
    "CER": 1.4210526315789473,
    "Cosine Dist.": 0.411651594585448
  },
  "occ_eval_res": {
    "precision": 30.0,
    "recall": 60.0,
    "f-score": 40.0
  },
  "clean_eval": {
    "f-score": 34.883720930232556,
    "precision": 48.38709677419355,
    "recall": 27.27272727272727,
    "tp": 30,
    "fp": 32,
    "fn": 80
  },
  "jaccard": [
    0.7204968944099379
  ],
  "braycurtis": [
    0.5811965811965812
  ],
  "dice": [
    0.5631067961165048
  ],
  "cosinus": [
    0.48051585512528017
  ]
}