{
  "voc_eval_res": {
    "precision": 50.0,
    "recall": 12.5,
    "f-score": 20.0
  },
  "KL_res": {
    "KL divergence": 7.590353935022938,
    "Euclidean Dist.": 0.8221471437193746,
    "WER": 0.8888888888888888,
    "CER": 0.6842105263157895,
    "Cosine Dist.": 0.6666666666666667
  },
  "occ_eval_res": {
    "precision": 50.0,
    "recall": 11.1111,
    "f-score": 18.1818
  },
  "clean_eval": {
    "f-score": 45.45454545454545,
    "precision": 32.25806451612903,
    "recall": 76.92307692307693,
    "tp": 20,
    "fp": 42,
    "fn": 6
  },
  "jaccard": [
    0.7272727272727273
  ],
  "braycurtis": [
    0.6111111111111112
  ],
  "dice": [
    0.5714285714285714
  ],
  "cosinus": [
    0.572672613032848
  ]
}