{
  "voc_eval_res": {
    "precision": 37.5,
    "recall": 33.3333,
    "f-score": 35.2941
  },
  "KL_res": {
    "KL divergence": 3.999329211384087,
    "Euclidean Dist.": 0.3897114317029974,
    "WER": 0.7,
    "CER": 0.5666666666666667,
    "Cosine Dist.": 0.4314647563850388
  },
  "occ_eval_res": {
    "precision": 37.5,
    "recall": 30.0,
    "f-score": 33.3333
  },
  "clean_eval": {
    "f-score": 55.83756345177665,
    "precision": 45.08196721311475,
    "recall": 73.33333333333333,
    "tp": 55,
    "fp": 67,
    "fn": 20
  },
  "jaccard": [
    0.5906735751295337
  ],
  "braycurtis": [
    0.47468354430379744
  ],
  "dice": [
    0.41911764705882354
  ],
  "cosinus": [
    0.3698570129325607
  ]
}