{
  "voc_eval_res": {
    "precision": 52.9412,
    "recall": 72.7273,
    "f-score": 61.2766
  },
  "KL_res": {
    "KL divergence": 1.0088667023511595,
    "Euclidean Dist.": 0.09619760048650246,
    "WER": 0.8111888111888111,
    "CER": 0.5303643724696356,
    "Cosine Dist.": 0.14711907391349488
  },
  "occ_eval_res": {
    "precision": 50.4717,
    "recall": 74.8252,
    "f-score": 60.2817
  },
  "clean_eval": {
    "f-score": 54.38066465256798,
    "precision": 67.16417910447761,
    "recall": 45.68527918781726,
    "tp": 90,
    "fp": 44,
    "fn": 107
  },
  "jaccard": [
    0.4306498545101843
  ],
  "braycurtis": [
    0.3229551451187335
  ],
  "dice": [
    0.27441285537700866
  ],
  "cosinus": [
    0.09655938577717937
  ]
}