{
  "voc_eval_res": {
    "precision": 75.8621,
    "recall": 75.8621,
    "f-score": 75.8621
  },
  "KL_res": {
    "KL divergence": 0.8828943137659259,
    "Euclidean Dist.": 0.08874977053649837,
    "WER": 0.29508196721311475,
    "CER": 0.0800807537012113,
    "Cosine Dist.": 0.1694423214013694
  },
  "occ_eval_res": {
    "precision": 76.5677,
    "recall": 76.0656,
    "f-score": 76.3158
  },
  "clean_eval": {
    "f-score": 70.52238805970148,
    "precision": 70.26022304832715,
    "recall": 70.78651685393258,
    "tp": 189,
    "fp": 80,
    "fn": 78
  },
  "jaccard": [
    0.31746031746031744
  ],
  "braycurtis": [
    0.17968015051740358
  ],
  "dice": [
    0.18867924528301888
  ],
  "cosinus": [
    0.13521843538500367
  ]
}