{
  "voc_eval_res": {
    "precision": 76.4706,
    "recall": 66.6667,
    "f-score": 71.2329
  },
  "KL_res": {
    "KL divergence": 1.399162292112064,
    "Euclidean Dist.": 0.12874767461519784,
    "WER": 0.7619047619047619,
    "CER": 0.4933920704845815,
    "Cosine Dist.": 0.16231512206080645
  },
  "occ_eval_res": {
    "precision": 77.1429,
    "recall": 64.2857,
    "f-score": 70.1299
  },
  "clean_eval": {
    "f-score": 49.35064935064935,
    "precision": 45.23809523809524,
    "recall": 54.285714285714285,
    "tp": 19,
    "fp": 23,
    "fn": 16
  },
  "jaccard": [
    0.36492890995260663
  ],
  "braycurtis": [
    0.22851153039832284
  ],
  "dice": [
    0.22318840579710145
  ],
  "cosinus": [
    0.15839756579051145
  ]
}