{
  "voc_eval_res": {
    "precision": 51.634,
    "recall": 69.2982,
    "f-score": 59.176
  },
  "KL_res": {
    "KL divergence": 0.9923524705724588,
    "Euclidean Dist.": 0.08463309483849984,
    "WER": 0.6338797814207651,
    "CER": 0.2995169082125604,
    "Cosine Dist.": 0.1272450734141911
  },
  "occ_eval_res": {
    "precision": 54.5064,
    "recall": 69.3989,
    "f-score": 61.0577
  },
  "clean_eval": {
    "f-score": 41.730279898218825,
    "precision": 46.590909090909086,
    "recall": 37.78801843317972,
    "tp": 82,
    "fp": 94,
    "fn": 135
  },
  "jaccard": [
    0.4576419213973799
  ],
  "braycurtis": [
    0.26269408308854386
  ],
  "dice": [
    0.29671574178935445
  ],
  "cosinus": [
    0.0574901809803241
  ]
}