{
  "voc_eval_res": {
    "precision": 77.3585,
    "recall": 71.9298,
    "f-score": 74.5455
  },
  "KL_res": {
    "KL divergence": 0.8679623101073735,
    "Euclidean Dist.": 0.08002148748007537,
    "WER": 0.3013698630136986,
    "CER": 0.09418282548476455,
    "Cosine Dist.": 0.07192140996230689
  },
  "occ_eval_res": {
    "precision": 81.1594,
    "recall": 76.7123,
    "f-score": 78.8732
  },
  "clean_eval": {
    "f-score": 66.66666666666666,
    "precision": 64.93506493506493,
    "recall": 68.4931506849315,
    "tp": 50,
    "fp": 27,
    "fn": 23
  },
  "jaccard": [
    0.279467680608365
  ],
  "braycurtis": [
    0.12836970474967907
  ],
  "dice": [
    0.16243093922651933
  ],
  "cosinus": [
    0.04208956544289433
  ]
}