{
  "voc_eval_res": {
    "precision": 69.6429,
    "recall": 76.4706,
    "f-score": 72.8972
  },
  "KL_res": {
    "KL divergence": 0.8699185492775929,
    "Euclidean Dist.": 0.08653872146953243,
    "WER": 0.28125,
    "CER": 0.05555555555555555,
    "Cosine Dist.": 0.08246203709137834
  },
  "occ_eval_res": {
    "precision": 75.0,
    "recall": 79.6875,
    "f-score": 77.2727
  },
  "clean_eval": {
    "f-score": 79.38931297709924,
    "precision": 77.61194029850746,
    "recall": 81.25,
    "tp": 52,
    "fp": 15,
    "fn": 12
  },
  "jaccard": [
    0.32
  ],
  "braycurtis": [
    0.1601513240857503
  ],
  "dice": [
    0.19047619047619047
  ],
  "cosinus": [
    0.06288288196900194
  ]
}