{
  "voc_eval_res": {
    "precision": 66.6667,
    "recall": 68.4932,
    "f-score": 67.5676
  },
  "KL_res": {
    "KL divergence": 0.8874114295082263,
    "Euclidean Dist.": 0.08671238686955954,
    "WER": 0.4921875,
    "CER": 0.2619760479041916,
    "Cosine Dist.": 0.04864609585527191
  },
  "occ_eval_res": {
    "precision": 71.9697,
    "recall": 74.2188,
    "f-score": 73.0769
  },
  "clean_eval": {
    "f-score": 60.215053763440864,
    "precision": 60.0,
    "recall": 60.431654676258994,
    "tp": 84,
    "fp": 56,
    "fn": 55
  },
  "jaccard": [
    0.3567774936061381
  ],
  "braycurtis": [
    0.2043343653250774
  ],
  "dice": [
    0.2171206225680934
  ],
  "cosinus": [
    0.10631900882095358
  ]
}