{
  "voc_eval_res": {
    "precision": 68.0851,
    "recall": 71.1111,
    "f-score": 69.5652
  },
  "KL_res": {
    "KL divergence": 0.8636172837102754,
    "Euclidean Dist.": 0.07677278809348345,
    "WER": 0.32894736842105265,
    "CER": 0.12189054726368159,
    "Cosine Dist.": 0.07457468854902094
  },
  "occ_eval_res": {
    "precision": 73.8562,
    "recall": 74.3421,
    "f-score": 74.0984
  },
  "clean_eval": {
    "f-score": 65.97222222222221,
    "precision": 65.97222222222221,
    "recall": 65.97222222222221,
    "tp": 95,
    "fp": 49,
    "fn": 49
  },
  "jaccard": [
    0.38388625592417064
  ],
  "braycurtis": [
    0.19761194029850745
  ],
  "dice": [
    0.2375366568914956
  ],
  "cosinus": [
    0.07016801193471511
  ]
}