{
  "voc_eval_res": {
    "precision": 72.973,
    "recall": 72.0,
    "f-score": 72.4832
  },
  "KL_res": {
    "KL divergence": 1.134606114032279,
    "Euclidean Dist.": 0.10761311252675965,
    "WER": 0.3431372549019608,
    "CER": 0.08576998050682261,
    "Cosine Dist.": 0.1673696168446367
  },
  "occ_eval_res": {
    "precision": 73.9583,
    "recall": 69.6078,
    "f-score": 71.7172
  },
  "clean_eval": {
    "f-score": 72.0,
    "precision": 71.5909090909091,
    "recall": 72.41379310344827,
    "tp": 63,
    "fp": 25,
    "fn": 24
  },
  "jaccard": [
    0.32801161103047893
  ],
  "braycurtis": [
    0.19813953488372094
  ],
  "dice": [
    0.19618055555555555
  ],
  "cosinus": [
    0.12358203434651815
  ]
}