{
  "voc_eval_res": {
    "precision": 52.381,
    "recall": 53.6585,
    "f-score": 53.012
  },
  "KL_res": {
    "KL divergence": 1.7524819635903794,
    "Euclidean Dist.": 0.11237508569901455,
    "WER": 0.5227272727272727,
    "CER": 0.29012345679012347,
    "Cosine Dist.": 0.19274912123638044
  },
  "occ_eval_res": {
    "precision": 61.9835,
    "recall": 56.8182,
    "f-score": 59.2885
  },
  "clean_eval": {
    "f-score": 51.50214592274679,
    "precision": 50.42016806722689,
    "recall": 52.63157894736842,
    "tp": 60,
    "fp": 59,
    "fn": 54
  },
  "jaccard": [
    0.44333748443337484
  ],
  "braycurtis": [
    0.2728613569321534
  ],
  "dice": [
    0.2848
  ],
  "cosinus": [
    0.14942658071378545
  ]
}