{
  "voc_eval_res": {
    "precision": 46.8927,
    "recall": 70.339,
    "f-score": 56.2712
  },
  "KL_res": {
    "KL divergence": 1.0534476156340462,
    "Euclidean Dist.": 0.08649288465121739,
    "WER": 0.883495145631068,
    "CER": 0.6346534653465347,
    "Cosine Dist.": 0.10769518349113738
  },
  "occ_eval_res": {
    "precision": 47.546,
    "recall": 75.2427,
    "f-score": 58.2707
  },
  "clean_eval": {
    "f-score": 53.38983050847458,
    "precision": 67.74193548387096,
    "recall": 44.05594405594406,
    "tp": 126,
    "fp": 60,
    "fn": 160
  },
  "jaccard": [
    0.4223140495867769
  ],
  "braycurtis": [
    0.3452639190166305
  ],
  "dice": [
    0.2676794133053955
  ],
  "cosinus": [
    0.10658156651092798
  ]
}