{
  "voc_eval_res": {
    "precision": 76.259,
    "recall": 76.259,
    "f-score": 76.259
  },
  "KL_res": {
    "KL divergence": 0.7143649632710668,
    "Euclidean Dist.": 0.0646939645691087,
    "WER": 0.27312775330396477,
    "CER": 0.08930150309460655,
    "Cosine Dist.": 0.08291045153450538
  },
  "occ_eval_res": {
    "precision": 80.4444,
    "recall": 79.7357,
    "f-score": 80.0885
  },
  "clean_eval": {
    "f-score": 76.1904761904762,
    "precision": 75.82938388625593,
    "recall": 76.55502392344498,
    "tp": 160,
    "fp": 51,
    "fn": 49
  },
  "jaccard": [
    0.3488593155893536
  ],
  "braycurtis": [
    0.1647940074906367
  ],
  "dice": [
    0.21128382268278642
  ],
  "cosinus": [
    0.06842595373763727
  ]
}