{
  "voc_eval_res": {
    "precision": 81.8898,
    "recall": 82.5397,
    "f-score": 82.2134
  },
  "KL_res": {
    "KL divergence": 0.4380911994835625,
    "Euclidean Dist.": 0.04855083629654189,
    "WER": 0.17272727272727273,
    "CER": 0.04600484261501211,
    "Cosine Dist.": 0.03870094128031165
  },
  "occ_eval_res": {
    "precision": 84.375,
    "recall": 85.9091,
    "f-score": 85.1351
  },
  "clean_eval": {
    "f-score": 82.00455580865604,
    "precision": 82.56880733944955,
    "recall": 81.44796380090497,
    "tp": 180,
    "fp": 38,
    "fn": 41
  },
  "jaccard": [
    0.28431372549019607
  ],
  "braycurtis": [
    0.11982484076433121
  ],
  "dice": [
    0.1657142857142857
  ],
  "cosinus": [
    0.029016259344967765
  ]
}