{
  "voc_eval_res": {
    "precision": 75.2066,
    "recall": 77.7778,
    "f-score": 76.4706
  },
  "KL_res": {
    "KL divergence": 0.9726271625746112,
    "Euclidean Dist.": 0.11397011282617563,
    "WER": 0.3212669683257919,
    "CER": 0.12218963831867058,
    "Cosine Dist.": 0.18311244312180397
  },
  "occ_eval_res": {
    "precision": 80.1932,
    "recall": 75.1131,
    "f-score": 77.5701
  },
  "clean_eval": {
    "f-score": 68.58789625360231,
    "precision": 67.61363636363636,
    "recall": 69.5906432748538,
    "tp": 119,
    "fp": 57,
    "fn": 52
  },
  "jaccard": [
    0.3394495412844037
  ],
  "braycurtis": [
    0.21007259528130673
  ],
  "dice": [
    0.20441988950276244
  ],
  "cosinus": [
    0.2334516761998654
  ]
}