{
  "voc_eval_res": {
    "precision": 69.0763,
    "recall": 73.5043,
    "f-score": 71.2215
  },
  "KL_res": {
    "KL divergence": 0.6635783764358236,
    "Euclidean Dist.": 0.06433336005769633,
    "WER": 0.28256513026052105,
    "CER": 0.07242447714949651,
    "Cosine Dist.": 0.0952197142287281
  },
  "occ_eval_res": {
    "precision": 78.8618,
    "recall": 77.7555,
    "f-score": 78.3047
  },
  "clean_eval": {
    "f-score": 67.55555555555554,
    "precision": 67.70601336302894,
    "recall": 67.40576496674058,
    "tp": 304,
    "fp": 145,
    "fn": 147
  },
  "jaccard": [
    0.3179347826086957
  ],
  "braycurtis": [
    0.15906151856641418
  ],
  "dice": [
    0.1890145395799677
  ],
  "cosinus": [
    0.08177871314360141
  ]
}