{
  "voc_eval_res": {
    "precision": 38.75,
    "recall": 52.1008,
    "f-score": 44.4444
  },
  "KL_res": {
    "KL divergence": 1.6706016417826475,
    "Euclidean Dist.": 0.09109968007489568,
    "WER": 0.8208092485549133,
    "CER": 0.46021505376344085,
    "Cosine Dist.": 0.18169345453871955
  },
  "occ_eval_res": {
    "precision": 45.2489,
    "recall": 57.8035,
    "f-score": 50.7614
  },
  "clean_eval": {
    "f-score": 36.02150537634409,
    "precision": 39.1812865497076,
    "recall": 33.33333333333333,
    "tp": 67,
    "fp": 104,
    "fn": 134
  },
  "jaccard": [
    0.5057283142389526
  ],
  "braycurtis": [
    0.33465608465608465
  ],
  "dice": [
    0.3384446878422782
  ],
  "cosinus": [
    0.12298455990954227
  ]
}