{
  "voc_eval_res": {
    "precision": 67.2222,
    "recall": 69.1429,
    "f-score": 68.169
  },
  "KL_res": {
    "KL divergence": 0.9524861398080968,
    "Euclidean Dist.": 0.08989765109859196,
    "WER": 0.36217948717948717,
    "CER": 0.08596491228070176,
    "Cosine Dist.": 0.13681502452997818
  },
  "occ_eval_res": {
    "precision": 70.4969,
    "recall": 72.7564,
    "f-score": 71.6088
  },
  "clean_eval": {
    "f-score": 63.66459627329193,
    "precision": 62.5,
    "recall": 64.87341772151899,
    "tp": 205,
    "fp": 123,
    "fn": 111
  },
  "jaccard": [
    0.39814814814814814
  ],
  "braycurtis": [
    0.18321785989222478
  ],
  "dice": [
    0.24855491329479767
  ],
  "cosinus": [
    0.06868738403520869
  ]
}