{
  "voc_eval_res": {
    "precision": 71.5116,
    "recall": 73.2143,
    "f-score": 72.3529
  },
  "KL_res": {
    "KL divergence": 0.6566656425329367,
    "Euclidean Dist.": 0.06080027392137466,
    "WER": 0.32142857142857145,
    "CER": 0.10208062418725618,
    "Cosine Dist.": 0.06046613824216607
  },
  "occ_eval_res": {
    "precision": 76.5472,
    "recall": 76.2987,
    "f-score": 76.4228
  },
  "clean_eval": {
    "f-score": 69.10994764397905,
    "precision": 67.8082191780822,
    "recall": 70.46263345195729,
    "tp": 198,
    "fp": 94,
    "fn": 83
  },
  "jaccard": [
    0.361198738170347
  ],
  "braycurtis": [
    0.17450919289498287
  ],
  "dice": [
    0.22040423484119345
  ],
  "cosinus": [
    0.04978514030307124
  ]
}