{
  "voc_eval_res": {
    "precision": 65.1515,
    "recall": 75.4386,
    "f-score": 69.9187
  },
  "KL_res": {
    "KL divergence": 0.9064207028263266,
    "Euclidean Dist.": 0.08966572484780767,
    "WER": 0.36,
    "CER": 0.10810810810810811,
    "Cosine Dist.": 0.16035358713176473
  },
  "occ_eval_res": {
    "precision": 71.3514,
    "recall": 70.4,
    "f-score": 70.8725
  },
  "clean_eval": {
    "f-score": 54.38066465256798,
    "precision": 54.7112462006079,
    "recall": 54.054054054054056,
    "tp": 180,
    "fp": 149,
    "fn": 153
  },
  "jaccard": [
    0.37872340425531914
  ],
  "braycurtis": [
    0.2154241645244216
  ],
  "dice": [
    0.2335958005249344
  ],
  "cosinus": [
    0.1488474152097473
  ]
}