{
  "voc_eval_res": {
    "precision": 71.6763,
    "recall": 71.6763,
    "f-score": 71.6763
  },
  "KL_res": {
    "KL divergence": 0.9335804691985004,
    "Euclidean Dist.": 0.09135787986264028,
    "WER": 0.33225806451612905,
    "CER": 0.1012491781722551,
    "Cosine Dist.": 0.15625245605899996
  },
  "occ_eval_res": {
    "precision": 74.9175,
    "recall": 73.2258,
    "f-score": 74.062
  },
  "clean_eval": {
    "f-score": 62.56983240223464,
    "precision": 61.53846153846154,
    "recall": 63.63636363636363,
    "tp": 168,
    "fp": 105,
    "fn": 96
  },
  "jaccard": [
    0.36556776556776555
  ],
  "braycurtis": [
    0.19790704832256079
  ],
  "dice": [
    0.2236665172568355
  ],
  "cosinus": [
    0.1365952031678319
  ]
}