{
  "voc_eval_res": {
    "precision": 45.9016,
    "recall": 73.6842,
    "f-score": 56.5657
  },
  "KL_res": {
    "KL divergence": 1.2881177443819483,
    "Euclidean Dist.": 0.15033748881838385,
    "WER": 1.0714285714285714,
    "CER": 0.6831275720164609,
    "Cosine Dist.": 0.251960668460505
  },
  "occ_eval_res": {
    "precision": 42.6667,
    "recall": 76.1905,
    "f-score": 54.7009
  },
  "clean_eval": {
    "f-score": 55.46218487394958,
    "precision": 73.33333333333333,
    "recall": 44.5945945945946,
    "tp": 33,
    "fp": 12,
    "fn": 41
  },
  "jaccard": [
    0.44291338582677164
  ],
  "braycurtis": [
    0.3600605143721634
  ],
  "dice": [
    0.28445006321112515
  ],
  "cosinus": [
    0.16077161106276816
  ]
}