{
  "voc_eval_res": {
    "precision": 71.4286,
    "recall": 74.2857,
    "f-score": 72.8291
  },
  "KL_res": {
    "KL divergence": 0.7240204414337805,
    "Euclidean Dist.": 0.06934862738466196,
    "WER": 0.3496932515337423,
    "CER": 0.11069114470842333,
    "Cosine Dist.": 0.09285864653723075
  },
  "occ_eval_res": {
    "precision": 73.8739,
    "recall": 75.4601,
    "f-score": 74.6586
  },
  "clean_eval": {
    "f-score": 65.23605150214593,
    "precision": 64.58923512747874,
    "recall": 65.89595375722543,
    "tp": 228,
    "fp": 125,
    "fn": 118
  },
  "jaccard": [
    0.343385880740233
  ],
  "braycurtis": [
    0.1572177227251072
  ],
  "dice": [
    0.20728175424079437
  ],
  "cosinus": [
    0.047292568725133544
  ]
}