{
  "voc_eval_res": {
    "precision": 57.8125,
    "recall": 62.7119,
    "f-score": 60.1626
  },
  "KL_res": {
    "KL divergence": 1.2798667726387811,
    "Euclidean Dist.": 0.08400422593766094,
    "WER": 0.441340782122905,
    "CER": 0.09560975609756098,
    "Cosine Dist.": 0.11889242418304258
  },
  "occ_eval_res": {
    "precision": 62.1053,
    "recall": 65.9218,
    "f-score": 63.9566
  },
  "clean_eval": {
    "f-score": 61.27167630057804,
    "precision": 60.22727272727273,
    "recall": 62.35294117647059,
    "tp": 106,
    "fp": 70,
    "fn": 64
  },
  "jaccard": [
    0.4043607532210109
  ],
  "braycurtis": [
    0.2060747663551402
  ],
  "dice": [
    0.253416149068323
  ],
  "cosinus": [
    0.07113902660454052
  ]
}