{
  "voc_eval_res": {
    "precision": 63.9535,
    "recall": 64.7059,
    "f-score": 64.3275
  },
  "KL_res": {
    "KL divergence": 1.108536783150995,
    "Euclidean Dist.": 0.08842534037815661,
    "WER": 0.3515625,
    "CER": 0.11848341232227488,
    "Cosine Dist.": 0.08817488693343711
  },
  "occ_eval_res": {
    "precision": 71.0744,
    "recall": 67.1875,
    "f-score": 69.0763
  },
  "clean_eval": {
    "f-score": 63.1578947368421,
    "precision": 62.4,
    "recall": 63.934426229508205,
    "tp": 78,
    "fp": 47,
    "fn": 44
  },
  "jaccard": [
    0.3886792452830189
  ],
  "braycurtis": [
    0.21800595238095238
  ],
  "dice": [
    0.24121779859484777
  ],
  "cosinus": [
    0.07747404046104112
  ]
}