{
  "voc_eval_res": {
    "precision": 59.2593,
    "recall": 65.3061,
    "f-score": 62.1359
  },
  "KL_res": {
    "KL divergence": 1.1393168720528504,
    "Euclidean Dist.": 0.07947291311278744,
    "WER": 0.3821656050955414,
    "CER": 0.11237373737373738,
    "Cosine Dist.": 0.08066392328105976
  },
  "occ_eval_res": {
    "precision": 67.7215,
    "recall": 68.1529,
    "f-score": 67.9365
  },
  "clean_eval": {
    "f-score": 61.74496644295302,
    "precision": 61.33333333333333,
    "recall": 62.16216216216216,
    "tp": 92,
    "fp": 58,
    "fn": 56
  },
  "jaccard": [
    0.4173728813559322
  ],
  "braycurtis": [
    0.24353577871316898
  ],
  "dice": [
    0.2637215528781794
  ],
  "cosinus": [
    0.09015120109432928
  ]
}