{
  "voc_eval_res": {
    "precision": 65.3543,
    "recall": 69.1667,
    "f-score": 67.2065
  },
  "KL_res": {
    "KL divergence": 0.8099369368658883,
    "Euclidean Dist.": 0.061928548496733175,
    "WER": 0.3384615384615385,
    "CER": 0.07564575645756458,
    "Cosine Dist.": 0.07451432851728712
  },
  "occ_eval_res": {
    "precision": 73.3668,
    "recall": 74.8718,
    "f-score": 74.1117
  },
  "clean_eval": {
    "f-score": 71.20418848167537,
    "precision": 70.10309278350515,
    "recall": 72.3404255319149,
    "tp": 136,
    "fp": 58,
    "fn": 52
  },
  "jaccard": [
    0.34971098265895956
  ],
  "braycurtis": [
    0.16716802750322304
  ],
  "dice": [
    0.2119089316987741
  ],
  "cosinus": [
    0.07502749622257654
  ]
}