{
  "voc_eval_res": {
    "precision": 69.0265,
    "recall": 74.2857,
    "f-score": 71.5596
  },
  "KL_res": {
    "KL divergence": 0.6809929976845214,
    "Euclidean Dist.": 0.06229454961999761,
    "WER": 0.3005464480874317,
    "CER": 0.06700507614213198,
    "Cosine Dist.": 0.047554862371008144
  },
  "occ_eval_res": {
    "precision": 75.3769,
    "recall": 81.9672,
    "f-score": 78.534
  },
  "clean_eval": {
    "f-score": 79.88165680473372,
    "precision": 79.88165680473372,
    "recall": 79.88165680473372,
    "tp": 135,
    "fp": 34,
    "fn": 34
  },
  "jaccard": [
    0.28817204301075267
  ],
  "braycurtis": [
    0.14086538461538461
  ],
  "dice": [
    0.16834170854271358
  ],
  "cosinus": [
    0.055717840248533435
  ]
}