{
  "voc_eval_res": {
    "precision": 61.9433,
    "recall": 68.0,
    "f-score": 64.8305
  },
  "KL_res": {
    "KL divergence": 0.9563703150424501,
    "Euclidean Dist.": 0.08315775039192219,
    "WER": 0.44936708860759494,
    "CER": 0.18951279933938894,
    "Cosine Dist.": 0.15599956621082867
  },
  "occ_eval_res": {
    "precision": 70.4595,
    "recall": 67.9325,
    "f-score": 69.1729
  },
  "clean_eval": {
    "f-score": 56.379100850546784,
    "precision": 55.90361445783133,
    "recall": 56.86274509803921,
    "tp": 232,
    "fp": 183,
    "fn": 176
  },
  "jaccard": [
    0.3877940241576605
  ],
  "braycurtis": [
    0.20495185694635487
  ],
  "dice": [
    0.24053627760252366
  ],
  "cosinus": [
    0.12907336841255823
  ]
}