{
  "voc_eval_res": {
    "precision": 44.6043,
    "recall": 63.9175,
    "f-score": 52.5424
  },
  "KL_res": {
    "KL divergence": 1.0211624614977746,
    "Euclidean Dist.": 0.0950727418144228,
    "WER": 0.7586206896551724,
    "CER": 0.3909191583610188,
    "Cosine Dist.": 0.1272274587514386
  },
  "occ_eval_res": {
    "precision": 50.6173,
    "recall": 70.6897,
    "f-score": 58.9928
  },
  "clean_eval": {
    "f-score": 41.53846153846153,
    "precision": 48.214285714285715,
    "recall": 36.486486486486484,
    "tp": 81,
    "fp": 87,
    "fn": 141
  },
  "jaccard": [
    0.4152457372116349
  ],
  "braycurtis": [
    0.267840593141798
  ],
  "dice": [
    0.2620253164556962
  ],
  "cosinus": [
    0.07082611364615365
  ]
}