{
  "voc_eval_res": {
    "precision": 59.1133,
    "recall": 74.0741,
    "f-score": 65.7534
  },
  "KL_res": {
    "KL divergence": 0.6736511696525354,
    "Euclidean Dist.": 0.05550528220376896,
    "WER": 0.5304659498207885,
    "CER": 0.27506596306068604,
    "Cosine Dist.": 0.07516456740944533
  },
  "occ_eval_res": {
    "precision": 62.8895,
    "recall": 79.5699,
    "f-score": 70.2532
  },
  "clean_eval": {
    "f-score": 66.44951140065147,
    "precision": 74.72527472527473,
    "recall": 59.82404692082112,
    "tp": 204,
    "fp": 69,
    "fn": 137
  },
  "jaccard": [
    0.3593611357586513
  ],
  "braycurtis": [
    0.21722627737226277
  ],
  "dice": [
    0.21903731746890212
  ],
  "cosinus": [
    0.0480921274116185
  ]
}