{
  "voc_eval_res": {
    "precision": 66.1538,
    "recall": 68.254,
    "f-score": 67.1875
  },
  "KL_res": {
    "KL divergence": 1.2262891286643212,
    "Euclidean Dist.": 0.09433972192957413,
    "WER": 0.33766233766233766,
    "CER": 0.08108108108108109,
    "Cosine Dist.": 0.13175685787554092
  },
  "occ_eval_res": {
    "precision": 70.6667,
    "recall": 68.8312,
    "f-score": 69.7368
  },
  "clean_eval": {
    "f-score": 66.21621621621622,
    "precision": 64.47368421052632,
    "recall": 68.05555555555556,
    "tp": 49,
    "fp": 27,
    "fn": 23
  },
  "jaccard": [
    0.3723404255319149
  ],
  "braycurtis": [
    0.20851528384279475
  ],
  "dice": [
    0.22875816993464052
  ],
  "cosinus": [
    0.08804672768539346
  ]
}