{
  "voc_eval_res": {
    "precision": 69.7531,
    "recall": 75.8389,
    "f-score": 72.6688
  },
  "KL_res": {
    "KL divergence": 0.6375880708237318,
    "Euclidean Dist.": 0.06077123023457387,
    "WER": 0.2972972972972973,
    "CER": 0.08533916849015317,
    "Cosine Dist.": 0.07379046732919681
  },
  "occ_eval_res": {
    "precision": 76.1029,
    "recall": 79.9228,
    "f-score": 77.9661
  },
  "clean_eval": {
    "f-score": 71.66666666666669,
    "precision": 71.96652719665272,
    "recall": 71.36929460580913,
    "tp": 172,
    "fp": 67,
    "fn": 69
  },
  "jaccard": [
    0.3307291666666667
  ],
  "braycurtis": [
    0.1548856548856549
  ],
  "dice": [
    0.1981279251170047
  ],
  "cosinus": [
    0.05239762531640735
  ]
}