{
  "voc_eval_res": {
    "precision": 56.3636,
    "recall": 68.1319,
    "f-score": 61.6915
  },
  "KL_res": {
    "KL divergence": 1.1338591997834573,
    "Euclidean Dist.": 0.10469205139230751,
    "WER": 0.6242038216560509,
    "CER": 0.24630541871921183,
    "Cosine Dist.": 0.14967800579952484
  },
  "occ_eval_res": {
    "precision": 56.2814,
    "recall": 71.3376,
    "f-score": 62.9213
  },
  "clean_eval": {
    "f-score": 57.861635220125784,
    "precision": 64.7887323943662,
    "recall": 52.27272727272727,
    "tp": 92,
    "fp": 50,
    "fn": 84
  },
  "jaccard": [
    0.44157303370786516
  ],
  "braycurtis": [
    0.256986301369863
  ],
  "dice": [
    0.28334534967555874
  ],
  "cosinus": [
    0.08926409995664863
  ]
}