{
  "voc_eval_res": {
    "precision": 68.1818,
    "recall": 77.9221,
    "f-score": 72.7273
  },
  "KL_res": {
    "KL divergence": 0.7106832579835997,
    "Euclidean Dist.": 0.07268210105917332,
    "WER": 0.35353535353535354,
    "CER": 0.16314779270633398,
    "Cosine Dist.": 0.07187367546917056
  },
  "occ_eval_res": {
    "precision": 71.0526,
    "recall": 81.8182,
    "f-score": 76.0563
  },
  "clean_eval": {
    "f-score": 74.17840375586854,
    "precision": 79.7979797979798,
    "recall": 69.2982456140351,
    "tp": 79,
    "fp": 20,
    "fn": 35
  },
  "jaccard": [
    0.30214723926380366
  ],
  "braycurtis": [
    0.16710875331564987
  ],
  "dice": [
    0.17795844625112917
  ],
  "cosinus": [
    0.043374446252076315
  ]
}