{
  "voc_eval_res": {
    "precision": 49.8195,
    "recall": 56.5574,
    "f-score": 52.975
  },
  "KL_res": {
    "KL divergence": 1.0532180506932838,
    "Euclidean Dist.": 0.07292946340193199,
    "WER": 0.47126436781609193,
    "CER": 0.13361024575977848,
    "Cosine Dist.": 0.09645616663001133
  },
  "occ_eval_res": {
    "precision": 61.1212,
    "recall": 64.751,
    "f-score": 62.8837
  },
  "clean_eval": {
    "f-score": 55.60000000000001,
    "precision": 55.37848605577689,
    "recall": 55.82329317269076,
    "tp": 278,
    "fp": 224,
    "fn": 220
  },
  "jaccard": [
    0.42513529765484065
  ],
  "braycurtis": [
    0.1875
  ],
  "dice": [
    0.2699503627338679
  ],
  "cosinus": [
    0.05654297602111391
  ]
}