{
  "voc_eval_res": {
    "precision": 71.6738,
    "recall": 78.7736,
    "f-score": 75.0562
  },
  "KL_res": {
    "KL divergence": 0.7332206904203442,
    "Euclidean Dist.": 0.07835811009719862,
    "WER": 0.296218487394958,
    "CER": 0.0763888888888889,
    "Cosine Dist.": 0.13442969134427285
  },
  "occ_eval_res": {
    "precision": 77.3019,
    "recall": 75.8403,
    "f-score": 76.5642
  },
  "clean_eval": {
    "f-score": 61.374407582938396,
    "precision": 61.22931442080378,
    "recall": 61.520190023752974,
    "tp": 259,
    "fp": 164,
    "fn": 162
  },
  "jaccard": [
    0.31765557163531116
  ],
  "braycurtis": [
    0.17077909461822421
  ],
  "dice": [
    0.18881720430107526
  ],
  "cosinus": [
    0.09694871160227103
  ]
}