{
  "voc_eval_res": {
    "precision": 73.5484,
    "recall": 75.4967,
    "f-score": 74.5098
  },
  "KL_res": {
    "KL divergence": 0.7804105161330745,
    "Euclidean Dist.": 0.067612198263889,
    "WER": 0.30303030303030304,
    "CER": 0.06920684292379471,
    "Cosine Dist.": 0.1090258007220366
  },
  "occ_eval_res": {
    "precision": 76.4192,
    "recall": 75.7576,
    "f-score": 76.087
  },
  "clean_eval": {
    "f-score": 70.1923076923077,
    "precision": 69.52380952380952,
    "recall": 70.87378640776699,
    "tp": 146,
    "fp": 64,
    "fn": 60
  },
  "jaccard": [
    0.29341864716636196
  ],
  "braycurtis": [
    0.15558019216555802
  ],
  "dice": [
    0.17193358328869845
  ],
  "cosinus": [
    0.07057632802577984
  ]
}