{
  "voc_eval_res": {
    "precision": 56.5217,
    "recall": 61.3208,
    "f-score": 58.8235
  },
  "KL_res": {
    "KL divergence": 1.3606566011440138,
    "Euclidean Dist.": 0.092444484259081,
    "WER": 0.5170454545454546,
    "CER": 0.17937701396348013,
    "Cosine Dist.": 0.15108347957435841
  },
  "occ_eval_res": {
    "precision": 62.8571,
    "recall": 62.5,
    "f-score": 62.6781
  },
  "clean_eval": {
    "f-score": 57.413249211356465,
    "precision": 56.17283950617284,
    "recall": 58.70967741935483,
    "tp": 91,
    "fp": 71,
    "fn": 64
  },
  "jaccard": [
    0.41749502982107356
  ],
  "braycurtis": [
    0.22643442622950818
  ],
  "dice": [
    0.2638190954773869
  ],
  "cosinus": [
    0.10021938129999486
  ]
}