{
  "voc_eval_res": {
    "precision": 79.0698,
    "recall": 79.0698,
    "f-score": 79.0698
  },
  "KL_res": {
    "KL divergence": 0.775050267649063,
    "Euclidean Dist.": 0.08235835533226424,
    "WER": 0.2619047619047619,
    "CER": 0.0672782874617737,
    "Cosine Dist.": 0.1033934194126388
  },
  "occ_eval_res": {
    "precision": 80.3279,
    "recall": 77.7778,
    "f-score": 79.0323
  },
  "clean_eval": {
    "f-score": 72.96137339055792,
    "precision": 72.03389830508475,
    "recall": 73.91304347826086,
    "tp": 85,
    "fp": 33,
    "fn": 30
  },
  "jaccard": [
    0.2925877763328999
  ],
  "braycurtis": [
    0.1768901569186876
  ],
  "dice": [
    0.17136329017517135
  ],
  "cosinus": [
    0.09829040293783142
  ]
}