{
  "voc_eval_res": {
    "precision": 71.875,
    "recall": 76.6667,
    "f-score": 74.1935
  },
  "KL_res": {
    "KL divergence": 0.6698345950463778,
    "Euclidean Dist.": 0.06082682138829661,
    "WER": 0.2971698113207547,
    "CER": 0.09384822631342614,
    "Cosine Dist.": 0.07151506302865873
  },
  "occ_eval_res": {
    "precision": 77.1562,
    "recall": 78.066,
    "f-score": 77.6084
  },
  "clean_eval": {
    "f-score": 69.37738246505718,
    "precision": 69.28934010152284,
    "recall": 69.46564885496184,
    "tp": 273,
    "fp": 121,
    "fn": 120
  },
  "jaccard": [
    0.29762878168438267
  ],
  "braycurtis": [
    0.16488680051260146
  ],
  "dice": [
    0.17483189241114314
  ],
  "cosinus": [
    0.07752434980616674
  ]
}