{
  "voc_eval_res": {
    "precision": 56.0976,
    "recall": 58.9744,
    "f-score": 57.5
  },
  "KL_res": {
    "KL divergence": 1.3170665682335767,
    "Euclidean Dist.": 0.09194278311818979,
    "WER": 0.5133689839572193,
    "CER": 0.1814556331006979,
    "Cosine Dist.": 0.16852533179622675
  },
  "occ_eval_res": {
    "precision": 63.2979,
    "recall": 63.6364,
    "f-score": 63.4667
  },
  "clean_eval": {
    "f-score": 51.61290322580645,
    "precision": 49.717514124293785,
    "recall": 53.65853658536586,
    "tp": 88,
    "fp": 89,
    "fn": 76
  },
  "jaccard": [
    0.43033509700176364
  ],
  "braycurtis": [
    0.23271028037383176
  ],
  "dice": [
    0.27415730337078653
  ],
  "cosinus": [
    0.09895758057752924
  ]
}