{
  "voc_eval_res": {
    "precision": 70.3448,
    "recall": 70.3448,
    "f-score": 70.3448
  },
  "KL_res": {
    "KL divergence": 0.8450455803595877,
    "Euclidean Dist.": 0.05981553827677269,
    "WER": 0.3288888888888889,
    "CER": 0.11497975708502024,
    "Cosine Dist.": 0.07773783758753705
  },
  "occ_eval_res": {
    "precision": 74.7748,
    "recall": 73.7778,
    "f-score": 74.2729
  },
  "clean_eval": {
    "f-score": 67.13947990543736,
    "precision": 66.66666666666666,
    "recall": 67.61904761904762,
    "tp": 142,
    "fp": 71,
    "fn": 68
  },
  "jaccard": [
    0.35247349823321555
  ],
  "braycurtis": [
    0.165244375484872
  ],
  "dice": [
    0.21394101876675603
  ],
  "cosinus": [
    0.05084625460350878
  ]
}