{
  "voc_eval_res": {
    "precision": 67.9167,
    "recall": 72.4444,
    "f-score": 70.1075
  },
  "KL_res": {
    "KL divergence": 0.7642516594745177,
    "Euclidean Dist.": 0.07093689398752887,
    "WER": 0.9649122807017544,
    "CER": 0.7397202204323866,
    "Cosine Dist.": 0.10438588834130436
  },
  "occ_eval_res": {
    "precision": 75.1121,
    "recall": 73.4649,
    "f-score": 74.2794
  },
  "clean_eval": {
    "f-score": 33.210332103321036,
    "precision": 33.007334963325185,
    "recall": 33.415841584158414,
    "tp": 135,
    "fp": 274,
    "fn": 269
  },
  "jaccard": [
    0.3310901749663526
  ],
  "braycurtis": [
    0.1772561715904492
  ],
  "dice": [
    0.19838709677419356
  ],
  "cosinus": [
    0.09476069629242179
  ]
}