{
  "voc_eval_res": {
    "precision": 56.8627,
    "recall": 65.1685,
    "f-score": 60.733
  },
  "KL_res": {
    "KL divergence": 1.224544638976844,
    "Euclidean Dist.": 0.09757980999383484,
    "WER": 0.5,
    "CER": 0.15501519756838905,
    "Cosine Dist.": 0.16278924380555704
  },
  "occ_eval_res": {
    "precision": 60.9589,
    "recall": 68.4615,
    "f-score": 64.4928
  },
  "clean_eval": {
    "f-score": 62.7906976744186,
    "precision": 66.39344262295081,
    "recall": 59.55882352941176,
    "tp": 81,
    "fp": 41,
    "fn": 55
  },
  "jaccard": [
    0.3774752475247525
  ],
  "braycurtis": [
    0.22413793103448276
  ],
  "dice": [
    0.2326468344774981
  ],
  "cosinus": [
    0.09515806858094156
  ]
}