{
  "voc_eval_res": {
    "precision": 70.8861,
    "recall": 74.6667,
    "f-score": 72.7273
  },
  "KL_res": {
    "KL divergence": 1.0064142550734063,
    "Euclidean Dist.": 0.0890481662037151,
    "WER": 0.3333333333333333,
    "CER": 0.07648183556405354,
    "Cosine Dist.": 0.12474752524880905
  },
  "occ_eval_res": {
    "precision": 71.7172,
    "recall": 73.9583,
    "f-score": 72.8205
  },
  "clean_eval": {
    "f-score": 67.03296703296702,
    "precision": 65.59139784946237,
    "recall": 68.53932584269663,
    "tp": 61,
    "fp": 32,
    "fn": 28
  },
  "jaccard": [
    0.3491204330175913
  ],
  "braycurtis": [
    0.20377019748653502
  ],
  "dice": [
    0.21147540983606558
  ],
  "cosinus": [
    0.11099250179053377
  ]
}