{
  "voc_eval_res": {
    "precision": 63.6872,
    "recall": 81.4286,
    "f-score": 71.4734
  },
  "KL_res": {
    "KL divergence": 0.5478253476220541,
    "Euclidean Dist.": 0.05883880476185306,
    "WER": 0.5234042553191489,
    "CER": 0.32746196957566054,
    "Cosine Dist.": 0.07157849953760664
  },
  "occ_eval_res": {
    "precision": 62.8931,
    "recall": 85.1064,
    "f-score": 72.3327
  },
  "clean_eval": {
    "f-score": 69.14498141263941,
    "precision": 80.8695652173913,
    "recall": 60.3896103896104,
    "tp": 186,
    "fp": 44,
    "fn": 122
  },
  "jaccard": [
    0.3521400778210117
  ],
  "braycurtis": [
    0.2309278350515464
  ],
  "dice": [
    0.21369539551357733
  ],
  "cosinus": [
    0.051345357869347796
  ]
}