{
  "voc_eval_res": {
    "precision": 46.8085,
    "recall": 52.381,
    "f-score": 49.4382
  },
  "KL_res": {
    "KL divergence": 2.1763786735632658,
    "Euclidean Dist.": 0.11683723577009776,
    "WER": 0.5963302752293578,
    "CER": 0.18078175895765472,
    "Cosine Dist.": 0.3171699368121922
  },
  "occ_eval_res": {
    "precision": 48.1481,
    "recall": 47.7064,
    "f-score": 47.9263
  },
  "clean_eval": {
    "f-score": 37.56345177664975,
    "precision": 36.27450980392157,
    "recall": 38.94736842105263,
    "tp": 37,
    "fp": 65,
    "fn": 58
  },
  "jaccard": [
    0.5175936435868331
  ],
  "braycurtis": [
    0.32162373145979706
  ],
  "dice": [
    0.34915773353751917
  ],
  "cosinus": [
    0.16011157083118122
  ]
}