{
  "voc_eval_res": {
    "precision": 60.0,
    "recall": 62.1622,
    "f-score": 61.0619
  },
  "KL_res": {
    "KL divergence": 1.3096078924201102,
    "Euclidean Dist.": 0.08663444162929915,
    "WER": 0.5,
    "CER": 0.13422007255139057,
    "Cosine Dist.": 0.17230768888898007
  },
  "occ_eval_res": {
    "precision": 60.8974,
    "recall": 64.1892,
    "f-score": 62.5
  },
  "clean_eval": {
    "f-score": 59.07473309608541,
    "precision": 58.45070422535211,
    "recall": 59.71223021582733,
    "tp": 83,
    "fp": 59,
    "fn": 56
  },
  "jaccard": [
    0.4012738853503185
  ],
  "braycurtis": [
    0.20845566647093364
  ],
  "dice": [
    0.250996015936255
  ],
  "cosinus": [
    0.08472501519731301
  ]
}