{
  "voc_eval_res": {
    "precision": 52.4904,
    "recall": 60.3524,
    "f-score": 56.1475
  },
  "KL_res": {
    "KL divergence": 1.0843775879232773,
    "Euclidean Dist.": 0.07779451419866933,
    "WER": 0.48616600790513836,
    "CER": 0.12929799426934097,
    "Cosine Dist.": 0.14335728378379986
  },
  "occ_eval_res": {
    "precision": 59.8182,
    "recall": 65.0198,
    "f-score": 62.3106
  },
  "clean_eval": {
    "f-score": 55.116514690982775,
    "precision": 55.51020408163265,
    "recall": 54.72837022132797,
    "tp": 272,
    "fp": 218,
    "fn": 225
  },
  "jaccard": [
    0.38376623376623376
  ],
  "braycurtis": [
    0.18772378516624041
  ],
  "dice": [
    0.23744475693049416
  ],
  "cosinus": [
    0.06275423102212307
  ]
}