{
  "voc_eval_res": {
    "precision": 69.2308,
    "recall": 70.3125,
    "f-score": 69.7674
  },
  "KL_res": {
    "KL divergence": 0.9337818841714262,
    "Euclidean Dist.": 0.08211814402038706,
    "WER": 0.40217391304347827,
    "CER": 0.23166023166023167,
    "Cosine Dist.": 0.09434131047916361
  },
  "occ_eval_res": {
    "precision": 75.5556,
    "recall": 73.913,
    "f-score": 74.7253
  },
  "clean_eval": {
    "f-score": 68.20809248554913,
    "precision": 67.04545454545455,
    "recall": 69.41176470588235,
    "tp": 59,
    "fp": 29,
    "fn": 26
  },
  "jaccard": [
    0.3608087091757387
  ],
  "braycurtis": [
    0.187206020696143
  ],
  "dice": [
    0.22011385199240988
  ],
  "cosinus": [
    0.0882133969890525
  ]
}