{
  "voc_eval_res": {
    "precision": 79.6296,
    "recall": 80.625,
    "f-score": 80.1242
  },
  "KL_res": {
    "KL divergence": 0.5414176159446666,
    "Euclidean Dist.": 0.051107063768039085,
    "WER": 0.22178988326848248,
    "CER": 0.045018450184501846,
    "Cosine Dist.": 0.06080102824095657
  },
  "occ_eval_res": {
    "precision": 80.4598,
    "recall": 81.7121,
    "f-score": 81.0811
  },
  "clean_eval": {
    "f-score": 79.42973523421588,
    "precision": 79.91803278688525,
    "recall": 78.94736842105263,
    "tp": 195,
    "fp": 49,
    "fn": 52
  },
  "jaccard": [
    0.2712665406427221
  ],
  "braycurtis": [
    0.13541666666666666
  ],
  "dice": [
    0.15691634773100055
  ],
  "cosinus": [
    0.041805663434123064
  ]
}