{
  "voc_eval_res": {
    "precision": 71.6667,
    "recall": 74.1379,
    "f-score": 72.8814
  },
  "KL_res": {
    "KL divergence": 1.0910500172129134,
    "Euclidean Dist.": 0.10431789066311921,
    "WER": 0.3472222222222222,
    "CER": 0.08585858585858586,
    "Cosine Dist.": 0.1501563927282722
  },
  "occ_eval_res": {
    "precision": 71.6216,
    "recall": 73.6111,
    "f-score": 72.6027
  },
  "clean_eval": {
    "f-score": 67.15328467153284,
    "precision": 66.66666666666666,
    "recall": 67.64705882352942,
    "tp": 46,
    "fp": 23,
    "fn": 22
  },
  "jaccard": [
    0.2822429906542056
  ],
  "braycurtis": [
    0.17375886524822695
  ],
  "dice": [
    0.16430903155603918
  ],
  "cosinus": [
    0.0915058011608143
  ]
}