{
  "voc_eval_res": {
    "precision": 50.7576,
    "recall": 60.3604,
    "f-score": 55.144
  },
  "KL_res": {
    "KL divergence": 1.5490365042018368,
    "Euclidean Dist.": 0.12401934000678941,
    "WER": 0.6243093922651933,
    "CER": 0.21444444444444444,
    "Cosine Dist.": 0.2814915887729128
  },
  "occ_eval_res": {
    "precision": 52.2613,
    "recall": 57.4586,
    "f-score": 54.7368
  },
  "clean_eval": {
    "f-score": 51.461988304093566,
    "precision": 55.00000000000001,
    "recall": 48.35164835164835,
    "tp": 88,
    "fp": 72,
    "fn": 94
  },
  "jaccard": [
    0.41568627450980394
  ],
  "braycurtis": [
    0.26021180030257185
  ],
  "dice": [
    0.2623762376237624
  ],
  "cosinus": [
    0.12954285139670085
  ]
}