{
  "voc_eval_res": {
    "precision": 73.9583,
    "recall": 78.022,
    "f-score": 75.9358
  },
  "KL_res": {
    "KL divergence": 0.6993055458173711,
    "Euclidean Dist.": 0.07826371831543681,
    "WER": 0.28205128205128205,
    "CER": 0.09647979139504563,
    "Cosine Dist.": 0.07073508121822702
  },
  "occ_eval_res": {
    "precision": 78.7097,
    "recall": 78.2051,
    "f-score": 78.4566
  },
  "clean_eval": {
    "f-score": 76.32508833922262,
    "precision": 75.52447552447552,
    "recall": 77.14285714285715,
    "tp": 108,
    "fp": 35,
    "fn": 32
  },
  "jaccard": [
    0.34443168771526983
  ],
  "braycurtis": [
    0.18414634146341463
  ],
  "dice": [
    0.20804438280166435
  ],
  "cosinus": [
    0.0853438736486396
  ]
}