{
  "voc_eval_res": {
    "precision": 73.2824,
    "recall": 76.1905,
    "f-score": 74.7082
  },
  "KL_res": {
    "KL divergence": 0.8375776141604949,
    "Euclidean Dist.": 0.0896861197567246,
    "WER": 0.3112244897959184,
    "CER": 0.07280080889787664,
    "Cosine Dist.": 0.13365710714372303
  },
  "occ_eval_res": {
    "precision": 71.9807,
    "recall": 76.0204,
    "f-score": 73.9454
  },
  "clean_eval": {
    "f-score": 75.77319587628867,
    "precision": 75.38461538461539,
    "recall": 76.16580310880829,
    "tp": 147,
    "fp": 48,
    "fn": 46
  },
  "jaccard": [
    0.3099476439790576
  ],
  "braycurtis": [
    0.17867719644619942
  ],
  "dice": [
    0.18339529120198264
  ],
  "cosinus": [
    0.10532845196761742
  ]
}