{
  "voc_eval_res": {
    "precision": 72.2222,
    "recall": 72.2222,
    "f-score": 72.2222
  },
  "KL_res": {
    "KL divergence": 0.9025809029440107,
    "Euclidean Dist.": 0.0926333127642224,
    "WER": 0.304635761589404,
    "CER": 0.07417218543046358,
    "Cosine Dist.": 0.07701611904155847
  },
  "occ_eval_res": {
    "precision": 73.8255,
    "recall": 72.8477,
    "f-score": 73.3333
  },
  "clean_eval": {
    "f-score": 68.125,
    "precision": 67.28395061728395,
    "recall": 68.9873417721519,
    "tp": 109,
    "fp": 53,
    "fn": 49
  },
  "jaccard": [
    0.3236929922135706
  ],
  "braycurtis": [
    0.18613750698714365
  ],
  "dice": [
    0.1930988719309887
  ],
  "cosinus": [
    0.06546904544655385
  ]
}