{
  "voc_eval_res": {
    "precision": 47.541,
    "recall": 48.7395,
    "f-score": 48.1328
  },
  "KL_res": {
    "KL divergence": 1.578621243981718,
    "Euclidean Dist.": 0.08744746321952063,
    "WER": 0.6705882352941176,
    "CER": 0.3596112311015119,
    "Cosine Dist.": 0.08388861261239877
  },
  "occ_eval_res": {
    "precision": 55.2941,
    "recall": 55.2941,
    "f-score": 55.2941
  },
  "clean_eval": {
    "f-score": 43.84384384384384,
    "precision": 43.452380952380956,
    "recall": 44.24242424242424,
    "tp": 73,
    "fp": 95,
    "fn": 92
  },
  "jaccard": [
    0.43566362715298884
  ],
  "braycurtis": [
    0.23379383634431455
  ],
  "dice": [
    0.27849740932642486
  ],
  "cosinus": [
    0.06417213209667916
  ]
}