{
  "voc_eval_res": {
    "precision": 60.0,
    "recall": 59.3023,
    "f-score": 59.6491
  },
  "KL_res": {
    "KL divergence": 1.6053389792005694,
    "Euclidean Dist.": 0.11204131724757668,
    "WER": 0.4608695652173913,
    "CER": 0.12258064516129032,
    "Cosine Dist.": 0.23757347231837833
  },
  "occ_eval_res": {
    "precision": 60.7143,
    "recall": 59.1304,
    "f-score": 59.9119
  },
  "clean_eval": {
    "f-score": 54.7085201793722,
    "precision": 53.98230088495575,
    "recall": 55.45454545454545,
    "tp": 61,
    "fp": 52,
    "fn": 49
  },
  "jaccard": [
    0.42696629213483145
  ],
  "braycurtis": [
    0.24407039020657995
  ],
  "dice": [
    0.2714285714285714
  ],
  "cosinus": [
    0.1007669231654088
  ]
}