{
  "voc_eval_res": {
    "precision": 68.4211,
    "recall": 71.4286,
    "f-score": 69.8925
  },
  "KL_res": {
    "KL divergence": 1.1223089218929836,
    "Euclidean Dist.": 0.11350965291963204,
    "WER": 0.4140127388535032,
    "CER": 0.10233160621761658,
    "Cosine Dist.": 0.19044986725323898
  },
  "occ_eval_res": {
    "precision": 67.5,
    "recall": 68.7898,
    "f-score": 68.1388
  },
  "clean_eval": {
    "f-score": 67.3611111111111,
    "precision": 66.43835616438356,
    "recall": 68.30985915492957,
    "tp": 97,
    "fp": 49,
    "fn": 45
  },
  "jaccard": [
    0.3270588235294118
  ],
  "braycurtis": [
    0.20710415412402167
  ],
  "dice": [
    0.19549929676511954
  ],
  "cosinus": [
    0.14160356192316392
  ]
}