{
  "voc_eval_res": {
    "precision": 74.7573,
    "recall": 75.4902,
    "f-score": 75.122
  },
  "KL_res": {
    "KL divergence": 0.8277648379455564,
    "Euclidean Dist.": 0.0945217062331413,
    "WER": 0.5144508670520231,
    "CER": 0.3704545454545455,
    "Cosine Dist.": 0.09553345251351897
  },
  "occ_eval_res": {
    "precision": 77.8443,
    "recall": 75.1445,
    "f-score": 76.4706
  },
  "clean_eval": {
    "f-score": 57.87965616045846,
    "precision": 56.74157303370787,
    "recall": 59.06432748538012,
    "tp": 101,
    "fp": 77,
    "fn": 70
  },
  "jaccard": [
    0.3757455268389662
  ],
  "braycurtis": [
    0.19375
  ],
  "dice": [
    0.23133414932680538
  ],
  "cosinus": [
    0.053769304685056474
  ]
}