{
  "voc_eval_res": {
    "precision": 71.4286,
    "recall": 73.2323,
    "f-score": 72.3192
  },
  "KL_res": {
    "KL divergence": 0.769690429392493,
    "Euclidean Dist.": 0.0804833826423174,
    "WER": 0.3059360730593607,
    "CER": 0.07962962962962963,
    "Cosine Dist.": 0.11468167787002292
  },
  "occ_eval_res": {
    "precision": 76.6147,
    "recall": 78.5388,
    "f-score": 77.5648
  },
  "clean_eval": {
    "f-score": 70.63492063492063,
    "precision": 70.44854881266491,
    "recall": 70.82228116710876,
    "tp": 267,
    "fp": 112,
    "fn": 110
  },
  "jaccard": [
    0.31134751773049646
  ],
  "braycurtis": [
    0.15962036238136323
  ],
  "dice": [
    0.18437631247375053
  ],
  "cosinus": [
    0.11648900245942329
  ]
}