{
  "voc_eval_res": {
    "precision": 31.1111,
    "recall": 56.0,
    "f-score": 40.0
  },
  "KL_res": {
    "KL divergence": 2.3361625701372084,
    "Euclidean Dist.": 0.19792337545484695,
    "WER": 1.3333333333333333,
    "CER": 1.05,
    "Cosine Dist.": 0.33561722722195
  },
  "occ_eval_res": {
    "precision": 32.0,
    "recall": 59.2593,
    "f-score": 41.5584
  },
  "clean_eval": {
    "f-score": 22.41014799154334,
    "precision": 29.2817679558011,
    "recall": 18.15068493150685,
    "tp": 53,
    "fp": 128,
    "fn": 239
  },
  "jaccard": [
    0.5652173913043478
  ],
  "braycurtis": [
    0.4470338983050847
  ],
  "dice": [
    0.3939393939393939
  ],
  "cosinus": [
    0.2548626169547402
  ]
}