{
  "voc_eval_res": {
    "precision": 8.0,
    "recall": 20.0,
    "f-score": 11.4286
  },
  "KL_res": {
    "KL divergence": 6.585742251090987,
    "Euclidean Dist.": 0.3746646666041307,
    "WER": 2.272727272727273,
    "CER": 2.28,
    "Cosine Dist.": 0.8114381916835873
  },
  "occ_eval_res": {
    "precision": 7.6923,
    "recall": 18.1818,
    "f-score": 10.8108
  },
  "clean_eval": {
    "f-score": 44.00000000000001,
    "precision": 68.75,
    "recall": 32.35294117647059,
    "tp": 44,
    "fp": 20,
    "fn": 92
  },
  "jaccard": [
    0.7864768683274022
  ],
  "braycurtis": [
    0.7142857142857143
  ],
  "dice": [
    0.6480938416422287
  ],
  "cosinus": [
    0.6559895419231092
  ]
}