{
  "voc_eval_res": {
    "precision": 16.6667,
    "recall": 71.4286,
    "f-score": 27.027
  },
  "KL_res": {
    "KL divergence": 2.397491852920599,
    "Euclidean Dist.": 0.43127400097773316,
    "WER": 4.142857142857143,
    "CER": 2.4814814814814814,
    "Cosine Dist.": 0.5051283406946063
  },
  "occ_eval_res": {
    "precision": 15.1515,
    "recall": 71.4286,
    "f-score": 25.0
  },
  "clean_eval": {
    "f-score": 36.54822335025381,
    "precision": 67.9245283018868,
    "recall": 25.0,
    "tp": 36,
    "fp": 17,
    "fn": 108
  },
  "jaccard": [
    0.6596491228070176
  ],
  "braycurtis": [
    0.588477366255144
  ],
  "dice": [
    0.49214659685863876
  ],
  "cosinus": [
    0.4046223345518367
  ]
}