{
  "voc_eval_res": {
    "precision": 40.625,
    "recall": 57.7778,
    "f-score": 47.7064
  },
  "KL_res": {
    "KL divergence": 1.3959298564290157,
    "Euclidean Dist.": 0.13173651044005222,
    "WER": 0.9696969696969697,
    "CER": 0.5296912114014252,
    "Cosine Dist.": 0.14817646635967396
  },
  "occ_eval_res": {
    "precision": 47.4227,
    "recall": 69.697,
    "f-score": 56.4417
  },
  "clean_eval": {
    "f-score": 31.951466127401414,
    "precision": 34.42265795206972,
    "recall": 29.81132075471698,
    "tp": 158,
    "fp": 301,
    "fn": 372
  },
  "jaccard": [
    0.44587155963302755
  ],
  "braycurtis": [
    0.25656565656565655
  ],
  "dice": [
    0.28689492325855964
  ],
  "cosinus": [
    0.08736089076217923
  ]
}