{
  "voc_eval_res": {
    "precision": 52.0833,
    "recall": 60.9756,
    "f-score": 56.1798
  },
  "KL_res": {
    "KL divergence": 1.8836437627176321,
    "Euclidean Dist.": 0.1502825795448741,
    "WER": 0.7708333333333334,
    "CER": 0.526813880126183,
    "Cosine Dist.": 0.2702183820612184
  },
  "occ_eval_res": {
    "precision": 51.9231,
    "recall": 56.25,
    "f-score": 54.0
  },
  "clean_eval": {
    "f-score": 25.215889464594127,
    "precision": 24.496644295302016,
    "recall": 25.97864768683274,
    "tp": 73,
    "fp": 225,
    "fn": 208
  },
  "jaccard": [
    0.4311377245508982
  ],
  "braycurtis": [
    0.3210059171597633
  ],
  "dice": [
    0.2748091603053435
  ],
  "cosinus": [
    0.19865708009147032
  ]
}