{
  "voc_eval_res": {
    "precision": 16.0,
    "recall": 57.1429,
    "f-score": 25.0
  },
  "KL_res": {
    "KL divergence": 3.24203468782923,
    "Euclidean Dist.": 0.4285978827814208,
    "WER": 3.7142857142857144,
    "CER": 5.125,
    "Cosine Dist.": 0.569269507746052
  },
  "occ_eval_res": {
    "precision": 13.3333,
    "recall": 57.1429,
    "f-score": 21.6216
  },
  "clean_eval": {
    "f-score": 31.223628691983123,
    "precision": 72.54901960784314,
    "recall": 19.892473118279568,
    "tp": 37,
    "fp": 14,
    "fn": 149
  },
  "jaccard": [
    0.8174603174603174
  ],
  "braycurtis": [
    0.7922077922077922
  ],
  "dice": [
    0.6912751677852349
  ],
  "cosinus": [
    0.6512590756120487
  ]
}