{
  "voc_eval_res": {
    "precision": 50.0,
    "recall": 50.0,
    "f-score": 50.0
  },
  "KL_res": {
    "KL divergence": 2.281403537136316,
    "Euclidean Dist.": 0.16511751873569946,
    "WER": 0.723404255319149,
    "CER": 0.5490196078431373,
    "Cosine Dist.": 0.237260745728618
  },
  "occ_eval_res": {
    "precision": 52.2727,
    "recall": 48.9362,
    "f-score": 50.5495
  },
  "clean_eval": {
    "f-score": 10.267857142857144,
    "precision": 9.623430962343097,
    "recall": 11.004784688995215,
    "tp": 23,
    "fp": 216,
    "fn": 186
  },
  "jaccard": [
    0.5173210161662818
  ],
  "braycurtis": [
    0.3644859813084112
  ],
  "dice": [
    0.34890965732087226
  ],
  "cosinus": [
    0.18478244601558003
  ]
}