{
  "voc_eval_res": {
    "precision": 14.8148,
    "recall": 28.5714,
    "f-score": 19.5122
  },
  "KL_res": {
    "KL divergence": 4.918225725997265,
    "Euclidean Dist.": 0.4016012181077489,
    "WER": 1.2380952380952381,
    "CER": 0.8571428571428571,
    "Cosine Dist.": 0.7287555095977549
  },
  "occ_eval_res": {
    "precision": 13.7931,
    "recall": 19.0476,
    "f-score": 16.0
  },
  "clean_eval": {
    "f-score": 40.61302681992336,
    "precision": 52.475247524752476,
    "recall": 33.125,
    "tp": 53,
    "fp": 48,
    "fn": 107
  },
  "jaccard": [
    0.7091503267973857
  ],
  "braycurtis": [
    0.6275862068965518
  ],
  "dice": [
    0.549367088607595
  ],
  "cosinus": [
    0.6037813277440861
  ]
}