{
  "voc_eval_res": {
    "precision": 47.3684,
    "recall": 52.9412,
    "f-score": 50.0
  },
  "KL_res": {
    "KL divergence": 2.6186530998681974,
    "Euclidean Dist.": 0.17724429648437942,
    "WER": 0.7073170731707317,
    "CER": 0.5272727272727272,
    "Cosine Dist.": 0.31759983226423283
  },
  "occ_eval_res": {
    "precision": 47.619,
    "recall": 48.7805,
    "f-score": 48.1928
  },
  "clean_eval": {
    "f-score": 27.538726333907054,
    "precision": 28.880866425992778,
    "recall": 26.31578947368421,
    "tp": 80,
    "fp": 197,
    "fn": 224
  },
  "jaccard": [
    0.5530864197530864
  ],
  "braycurtis": [
    0.35390946502057613
  ],
  "dice": [
    0.3822525597269625
  ],
  "cosinus": [
    0.18693372096124805
  ]
}