{
  "voc_eval_res": {
    "precision": 73.6842,
    "recall": 56.0,
    "f-score": 63.6364
  },
  "KL_res": {
    "KL divergence": 1.7394247715835598,
    "Euclidean Dist.": 0.19093138780830532,
    "WER": 0.6129032258064516,
    "CER": 0.5,
    "Cosine Dist.": 0.19999999999999973
  },
  "occ_eval_res": {
    "precision": 72.7273,
    "recall": 51.6129,
    "f-score": 60.3774
  },
  "clean_eval": {
    "f-score": 53.80434782608696,
    "precision": 48.529411764705884,
    "recall": 60.36585365853659,
    "tp": 99,
    "fp": 105,
    "fn": 65
  },
  "jaccard": [
    0.5300353356890459
  ],
  "braycurtis": [
    0.40066225165562913
  ],
  "dice": [
    0.3605769230769231
  ],
  "cosinus": [
    0.25185248889635503
  ]
}