{
  "voc_eval_res": {
    "precision": 33.3333,
    "recall": 40.625,
    "f-score": 36.6197
  },
  "KL_res": {
    "KL divergence": 3.6870669552452395,
    "Euclidean Dist.": 0.2547032339286986,
    "WER": 0.8636363636363636,
    "CER": 0.6868131868131868,
    "Cosine Dist.": 0.49175102022698247
  },
  "occ_eval_res": {
    "precision": 38.3333,
    "recall": 34.8485,
    "f-score": 36.5079
  },
  "clean_eval": {
    "f-score": 11.43523920653442,
    "precision": 13.649025069637883,
    "recall": 9.839357429718875,
    "tp": 49,
    "fp": 310,
    "fn": 449
  },
  "jaccard": [
    0.5277161862527716
  ],
  "braycurtis": [
    0.39776951672862454
  ],
  "dice": [
    0.35843373493975905
  ],
  "cosinus": [
    0.3552308430842991
  ]
}