{
  "voc_eval_res": {
    "precision": 29.7297,
    "recall": 32.3529,
    "f-score": 30.9859
  },
  "KL_res": {
    "KL divergence": 3.9296264277207937,
    "Euclidean Dist.": 0.1966404328853305,
    "WER": 0.8292682926829268,
    "CER": 0.5560344827586207,
    "Cosine Dist.": 0.4137153467752309
  },
  "occ_eval_res": {
    "precision": 34.1463,
    "recall": 34.1463,
    "f-score": 34.1463
  },
  "clean_eval": {
    "f-score": 49.81132075471698,
    "precision": 49.25373134328358,
    "recall": 50.38167938931297,
    "tp": 132,
    "fp": 136,
    "fn": 130
  },
  "jaccard": [
    0.5617715617715617
  ],
  "braycurtis": [
    0.3907815631262525
  ],
  "dice": [
    0.3905996758508914
  ],
  "cosinus": [
    0.22854277523766997
  ]
}