{
  "voc_eval_res": {
    "precision": 20.9302,
    "recall": 47.3684,
    "f-score": 29.0323
  },
  "KL_res": {
    "KL divergence": 2.8246592797156946,
    "Euclidean Dist.": 0.2790848355264272,
    "WER": 1.2857142857142858,
    "CER": 1.1243523316062176,
    "Cosine Dist.": 0.3547400673085527
  },
  "occ_eval_res": {
    "precision": 29.0909,
    "recall": 45.7143,
    "f-score": 35.5556
  },
  "clean_eval": {
    "f-score": 18.429003021148034,
    "precision": 25.847457627118644,
    "recall": 14.319248826291082,
    "tp": 61,
    "fp": 175,
    "fn": 365
  },
  "jaccard": [
    0.6931567328918322
  ],
  "braycurtis": [
    0.5240641711229946
  ],
  "dice": [
    0.5304054054054054
  ],
  "cosinus": [
    0.401410270138989
  ]
}