{
  "voc_eval_res": {
    "precision": 36.8421,
    "recall": 56.0,
    "f-score": 44.4444
  },
  "KL_res": {
    "KL divergence": 2.0946852019338844,
    "Euclidean Dist.": 0.19892418672932594,
    "WER": 0.9655172413793104,
    "CER": 0.6857142857142857,
    "Cosine Dist.": 0.28861102077416834
  },
  "occ_eval_res": {
    "precision": 39.5349,
    "recall": 58.6207,
    "f-score": 47.2222
  },
  "clean_eval": {
    "f-score": 64.42953020134227,
    "precision": 70.24390243902438,
    "recall": 59.50413223140496,
    "tp": 144,
    "fp": 61,
    "fn": 98
  },
  "jaccard": [
    0.4919786096256685
  ],
  "braycurtis": [
    0.3542600896860987
  ],
  "dice": [
    0.3262411347517731
  ],
  "cosinus": [
    0.19908633659771136
  ]
}