{
  "voc_eval_res": {
    "precision": 37.5,
    "recall": 36.0,
    "f-score": 36.7347
  },
  "KL_res": {
    "KL divergence": 3.352892730588001,
    "Euclidean Dist.": 0.23575206541675753,
    "WER": 0.7857142857142857,
    "CER": 0.5842105263157895,
    "Cosine Dist.": 0.4023856953328032
  },
  "occ_eval_res": {
    "precision": 38.4615,
    "recall": 35.7143,
    "f-score": 37.037
  },
  "clean_eval": {
    "f-score": 50.64599483204134,
    "precision": 42.98245614035088,
    "recall": 61.63522012578616,
    "tp": 98,
    "fp": 130,
    "fn": 61
  },
  "jaccard": [
    0.5565217391304348
  ],
  "braycurtis": [
    0.38904899135446686
  ],
  "dice": [
    0.3855421686746988
  ],
  "cosinus": [
    0.22220555714423018
  ]
}