{
  "voc_eval_res": {
    "precision": 50.0,
    "recall": 57.1429,
    "f-score": 53.3333
  },
  "KL_res": {
    "KL divergence": 2.65946526047433,
    "Euclidean Dist.": 0.35535265610950717,
    "WER": 0.8571428571428571,
    "CER": 0.3382352941176471,
    "Cosine Dist.": 0.3036893761772088
  },
  "occ_eval_res": {
    "precision": 50.0,
    "recall": 57.1429,
    "f-score": 53.3333
  },
  "clean_eval": {
    "f-score": 58.57142857142858,
    "precision": 47.12643678160919,
    "recall": 77.35849056603774,
    "tp": 41,
    "fp": 46,
    "fn": 12
  },
  "jaccard": [
    0.35507246376811596
  ],
  "braycurtis": [
    0.21428571428571427
  ],
  "dice": [
    0.21585903083700442
  ],
  "cosinus": [
    0.1497342504233964
  ]
}