{
  "voc_eval_res": {
    "precision": 39.3939,
    "recall": 68.4211,
    "f-score": 50.0
  },
  "KL_res": {
    "KL divergence": 1.6711566158716624,
    "Euclidean Dist.": 0.2390602029502801,
    "WER": 1.1818181818181819,
    "CER": 0.8188405797101449,
    "Cosine Dist.": 0.3314967825626133
  },
  "occ_eval_res": {
    "precision": 38.8889,
    "recall": 63.6364,
    "f-score": 48.2759
  },
  "clean_eval": {
    "f-score": 31.858407079646017,
    "precision": 36.54822335025381,
    "recall": 28.235294117647058,
    "tp": 72,
    "fp": 125,
    "fn": 183
  },
  "jaccard": [
    0.5561959654178674
  ],
  "braycurtis": [
    0.4406779661016949
  ],
  "dice": [
    0.3852295409181637
  ],
  "cosinus": [
    0.33218640220397855
  ]
}