{
  "voc_eval_res": {
    "precision": 44.0678,
    "recall": 63.4146,
    "f-score": 52.0
  },
  "KL_res": {
    "KL divergence": 1.5298651329973991,
    "Euclidean Dist.": 0.17931308338233704,
    "WER": 0.8793103448275862,
    "CER": 0.7023411371237458,
    "Cosine Dist.": 0.2479076831249032
  },
  "occ_eval_res": {
    "precision": 44.5783,
    "recall": 63.7931,
    "f-score": 52.4823
  },
  "clean_eval": {
    "f-score": 32.82828282828283,
    "precision": 34.48275862068966,
    "recall": 31.32530120481928,
    "tp": 130,
    "fp": 247,
    "fn": 285
  },
  "jaccard": [
    0.5275310834813499
  ],
  "braycurtis": [
    0.3841059602649007
  ],
  "dice": [
    0.35826296743063935
  ],
  "cosinus": [
    0.2119642014309111
  ]
}