{
  "voc_eval_res": {
    "precision": 20.0,
    "recall": 33.3333,
    "f-score": 25.0
  },
  "KL_res": {
    "KL divergence": 4.508524702051125,
    "Euclidean Dist.": 0.3233752147123479,
    "WER": 1.2173913043478262,
    "CER": 0.9285714285714286,
    "Cosine Dist.": 0.6886004223353908
  },
  "occ_eval_res": {
    "precision": 17.6471,
    "recall": 26.087,
    "f-score": 21.0526
  },
  "clean_eval": {
    "f-score": 37.54266211604095,
    "precision": 47.82608695652174,
    "recall": 30.89887640449438,
    "tp": 55,
    "fp": 60,
    "fn": 123
  },
  "jaccard": [
    0.6774193548387096
  ],
  "braycurtis": [
    0.6130952380952381
  ],
  "dice": [
    0.5121951219512195
  ],
  "cosinus": [
    0.578044881701001
  ]
}