{
  "voc_eval_res": {
    "precision": 36.6667,
    "recall": 55.0,
    "f-score": 44.0
  },
  "KL_res": {
    "KL divergence": 2.2455751849060896,
    "Euclidean Dist.": 0.2354317064354786,
    "WER": 1.1153846153846154,
    "CER": 0.9568345323741008,
    "Cosine Dist.": 0.34881764340665566
  },
  "occ_eval_res": {
    "precision": 37.1429,
    "recall": 50.0,
    "f-score": 42.623
  },
  "clean_eval": {
    "f-score": 27.619047619047617,
    "precision": 40.0,
    "recall": 21.09090909090909,
    "tp": 58,
    "fp": 87,
    "fn": 217
  },
  "jaccard": [
    0.6207951070336392
  ],
  "braycurtis": [
    0.4664804469273743
  ],
  "dice": [
    0.4501108647450111
  ],
  "cosinus": [
    0.32398660519688005
  ]
}