{
  "voc_eval_res": {
    "precision": 37.5,
    "recall": 57.1429,
    "f-score": 45.283
  },
  "KL_res": {
    "KL divergence": 1.8577498907798953,
    "Euclidean Dist.": 0.2393836659932118,
    "WER": 0.8285714285714286,
    "CER": 0.582010582010582,
    "Cosine Dist.": 0.32448776332461793
  },
  "occ_eval_res": {
    "precision": 42.1053,
    "recall": 45.7143,
    "f-score": 43.8356
  },
  "clean_eval": {
    "f-score": 57.29166666666667,
    "precision": 53.14009661835749,
    "recall": 62.14689265536724,
    "tp": 110,
    "fp": 97,
    "fn": 67
  },
  "jaccard": [
    0.54858934169279
  ],
  "braycurtis": [
    0.40648379052369077
  ],
  "dice": [
    0.3779697624190065
  ],
  "cosinus": [
    0.23893786019241314
  ]
}