{
  "voc_eval_res": {
    "precision": 11.5385,
    "recall": 37.5,
    "f-score": 17.6471
  },
  "KL_res": {
    "KL divergence": 3.3301028122307486,
    "Euclidean Dist.": 0.31697825713316397,
    "WER": 1.6176470588235294,
    "CER": 1.5846994535519126,
    "Cosine Dist.": 0.42294771806593534
  },
  "occ_eval_res": {
    "precision": 18.4615,
    "recall": 35.2941,
    "f-score": 24.2424
  },
  "clean_eval": {
    "f-score": 11.111111111111112,
    "precision": 15.234375,
    "recall": 8.74439461883408,
    "tp": 39,
    "fp": 217,
    "fn": 407
  },
  "jaccard": [
    0.768361581920904
  ],
  "braycurtis": [
    0.617741935483871
  ],
  "dice": [
    0.6238532110091743
  ],
  "cosinus": [
    0.4324405419072771
  ]
}