{
  "voc_eval_res": {
    "precision": 46.1538,
    "recall": 58.0645,
    "f-score": 51.4286
  },
  "KL_res": {
    "KL divergence": 2.027464827537884,
    "Euclidean Dist.": 0.1648489706226003,
    "WER": 0.6944444444444444,
    "CER": 0.3923444976076555,
    "Cosine Dist.": 0.24152725897603655
  },
  "occ_eval_res": {
    "precision": 48.8372,
    "recall": 58.3333,
    "f-score": 53.1646
  },
  "clean_eval": {
    "f-score": 53.77176015473888,
    "precision": 54.7244094488189,
    "recall": 52.851711026615966,
    "tp": 139,
    "fp": 115,
    "fn": 124
  },
  "jaccard": [
    0.44881889763779526
  ],
  "braycurtis": [
    0.28936170212765955
  ],
  "dice": [
    0.2893401015228426
  ],
  "cosinus": [
    0.1564161636158512
  ]
}