{
  "voc_eval_res": {
    "precision": 53.6585,
    "recall": 64.7059,
    "f-score": 58.6667
  },
  "KL_res": {
    "KL divergence": 1.5090690214291138,
    "Euclidean Dist.": 0.15579541623625148,
    "WER": 0.7,
    "CER": 0.4674329501915709,
    "Cosine Dist.": 0.22540333075851682
  },
  "occ_eval_res": {
    "precision": 54.3478,
    "recall": 62.5,
    "f-score": 58.1395
  },
  "clean_eval": {
    "f-score": 41.40350877192982,
    "precision": 40.41095890410959,
    "recall": 42.44604316546763,
    "tp": 118,
    "fp": 174,
    "fn": 160
  },
  "jaccard": [
    0.400990099009901
  ],
  "braycurtis": [
    0.281195079086116
  ],
  "dice": [
    0.25077399380804954
  ],
  "cosinus": [
    0.13653714359160318
  ]
}