{
  "voc_eval_res": {
    "precision": 33.3333,
    "recall": 57.1429,
    "f-score": 42.1053
  },
  "KL_res": {
    "KL divergence": 1.9554006089134974,
    "Euclidean Dist.": 0.28944950373778044,
    "WER": 1.0,
    "CER": 0.4863013698630137,
    "Cosine Dist.": 0.3214285714285713
  },
  "occ_eval_res": {
    "precision": 37.931,
    "recall": 57.8947,
    "f-score": 45.8333
  },
  "clean_eval": {
    "f-score": 59.40054495912806,
    "precision": 55.61224489795919,
    "recall": 63.74269005847953,
    "tp": 109,
    "fp": 87,
    "fn": 62
  },
  "jaccard": [
    0.5346153846153846
  ],
  "braycurtis": [
    0.3343558282208589
  ],
  "dice": [
    0.3648293963254593
  ],
  "cosinus": [
    0.17778322515934764
  ]
}