{
  "voc_eval_res": {
    "precision": 40.3846,
    "recall": 70.0,
    "f-score": 51.2195
  },
  "KL_res": {
    "KL divergence": 1.461938047836999,
    "Euclidean Dist.": 0.19293061504650377,
    "WER": 0.975,
    "CER": 0.688715953307393,
    "Cosine Dist.": 0.2755667941245331
  },
  "occ_eval_res": {
    "precision": 41.6667,
    "recall": 62.5,
    "f-score": 50.0
  },
  "clean_eval": {
    "f-score": 42.21824686940966,
    "precision": 47.389558232931726,
    "recall": 38.064516129032256,
    "tp": 118,
    "fp": 131,
    "fn": 192
  },
  "jaccard": [
    0.4557235421166307
  ],
  "braycurtis": [
    0.3050314465408805
  ],
  "dice": [
    0.2951048951048951
  ],
  "cosinus": [
    0.13867336872944136
  ]
}