{
  "voc_eval_res": {
    "precision": 26.9231,
    "recall": 36.8421,
    "f-score": 31.1111
  },
  "KL_res": {
    "KL divergence": 4.030623982933109,
    "Euclidean Dist.": 0.2525100360564471,
    "WER": 1.263157894736842,
    "CER": 0.7480314960629921,
    "Cosine Dist.": 0.49047533463493187
  },
  "occ_eval_res": {
    "precision": 24.1379,
    "recall": 36.8421,
    "f-score": 29.1667
  },
  "clean_eval": {
    "f-score": 55.33596837944663,
    "precision": 50.35971223021583,
    "recall": 61.40350877192983,
    "tp": 70,
    "fp": 69,
    "fn": 44
  },
  "jaccard": [
    0.60625
  ],
  "braycurtis": [
    0.423841059602649
  ],
  "dice": [
    0.4349775784753363
  ],
  "cosinus": [
    0.2681138412660269
  ]
}