{
  "voc_eval_res": {
    "precision": 33.3333,
    "recall": 57.1429,
    "f-score": 42.1053
  },
  "KL_res": {
    "KL divergence": 2.8362396264115817,
    "Euclidean Dist.": 0.38095238095238093,
    "WER": 1.4285714285714286,
    "CER": 0.9375,
    "Cosine Dist.": 0.39697731084447274
  },
  "occ_eval_res": {
    "precision": 33.3333,
    "recall": 57.1429,
    "f-score": 42.1053
  },
  "clean_eval": {
    "f-score": 27.272727272727277,
    "precision": 28.000000000000004,
    "recall": 26.582278481012654,
    "tp": 21,
    "fp": 54,
    "fn": 58
  },
  "jaccard": [
    0.5209580838323353
  ],
  "braycurtis": [
    0.35172413793103446
  ],
  "dice": [
    0.3522267206477733
  ],
  "cosinus": [
    0.2564316039100498
  ]
}