{
  "voc_eval_res": {
    "precision": 48.6486,
    "recall": 66.6667,
    "f-score": 56.25
  },
  "KL_res": {
    "KL divergence": 1.8021848528429547,
    "Euclidean Dist.": 0.20257499578036967,
    "WER": 0.9393939393939394,
    "CER": 0.6507936507936508,
    "Cosine Dist.": 0.2973519474770562
  },
  "occ_eval_res": {
    "precision": 46.6667,
    "recall": 63.6364,
    "f-score": 53.8462
  },
  "clean_eval": {
    "f-score": 33.82045929018789,
    "precision": 39.130434782608695,
    "recall": 29.77941176470588,
    "tp": 81,
    "fp": 126,
    "fn": 191
  },
  "jaccard": [
    0.4479166666666667
  ],
  "braycurtis": [
    0.33407572383073497
  ],
  "dice": [
    0.28859060402684567
  ],
  "cosinus": [
    0.19795763023763702
  ]
}