{
  "voc_eval_res": {
    "precision": 43.2432,
    "recall": 59.2593,
    "f-score": 50.0
  },
  "KL_res": {
    "KL divergence": 2.6576099584787976,
    "Euclidean Dist.": 0.22676391318455685,
    "WER": 0.8918918918918919,
    "CER": 0.7396449704142012,
    "Cosine Dist.": 0.428371361142577
  },
  "occ_eval_res": {
    "precision": 40.0,
    "recall": 48.6486,
    "f-score": 43.9024
  },
  "clean_eval": {
    "f-score": 38.31417624521073,
    "precision": 46.2962962962963,
    "recall": 32.6797385620915,
    "tp": 100,
    "fp": 116,
    "fn": 206
  },
  "jaccard": [
    0.5459459459459459
  ],
  "braycurtis": [
    0.4486607142857143
  ],
  "dice": [
    0.3754646840148699
  ],
  "cosinus": [
    0.36888416718981054
  ]
}