{
  "voc_eval_res": {
    "precision": 58.0645,
    "recall": 51.4286,
    "f-score": 54.5455
  },
  "KL_res": {
    "KL divergence": 2.3014172264751878,
    "Euclidean Dist.": 0.1743793659390529,
    "WER": 0.625,
    "CER": 0.42696629213483145,
    "Cosine Dist.": 0.28973412587940106
  },
  "occ_eval_res": {
    "precision": 57.1429,
    "recall": 50.0,
    "f-score": 53.3333
  },
  "clean_eval": {
    "f-score": 38.83495145631068,
    "precision": 34.24657534246575,
    "recall": 44.843049327354265,
    "tp": 100,
    "fp": 192,
    "fn": 123
  },
  "jaccard": [
    0.4274611398963731
  ],
  "braycurtis": [
    0.2829076620825147
  ],
  "dice": [
    0.27182866556836904
  ],
  "cosinus": [
    0.13520674811440836
  ]
}