{
  "voc_eval_res": {
    "precision": 44.1176,
    "recall": 44.1176,
    "f-score": 44.1176
  },
  "KL_res": {
    "KL divergence": 3.3198494881469514,
    "Euclidean Dist.": 0.21326434133745992,
    "WER": 0.8837209302325582,
    "CER": 0.6018518518518519,
    "Cosine Dist.": 0.39381568285297386
  },
  "occ_eval_res": {
    "precision": 45.0,
    "recall": 41.8605,
    "f-score": 43.3735
  },
  "clean_eval": {
    "f-score": 24.299065420560748,
    "precision": 25.49019607843137,
    "recall": 23.214285714285715,
    "tp": 65,
    "fp": 190,
    "fn": 215
  },
  "jaccard": [
    0.5734597156398105
  ],
  "braycurtis": [
    0.4093816631130064
  ],
  "dice": [
    0.4019933554817276
  ],
  "cosinus": [
    0.3055311676909571
  ]
}