{
  "voc_eval_res": {
    "precision": 53.4483,
    "recall": 65.9574,
    "f-score": 59.0476
  },
  "KL_res": {
    "KL divergence": 1.344130307805602,
    "Euclidean Dist.": 0.13317519488749452,
    "WER": 0.7142857142857143,
    "CER": 0.5194029850746269,
    "Cosine Dist.": 0.16758347534856044
  },
  "occ_eval_res": {
    "precision": 54.4304,
    "recall": 68.254,
    "f-score": 60.5634
  },
  "clean_eval": {
    "f-score": 44.91620111731844,
    "precision": 46.85314685314685,
    "recall": 43.13304721030043,
    "tp": 201,
    "fp": 228,
    "fn": 265
  },
  "jaccard": [
    0.43238095238095237
  ],
  "braycurtis": [
    0.2724867724867725
  ],
  "dice": [
    0.275820170109356
  ],
  "cosinus": [
    0.12532364118144645
  ]
}