{
  "voc_eval_res": {
    "precision": 28.8889,
    "recall": 40.625,
    "f-score": 33.7662
  },
  "KL_res": {
    "KL divergence": 2.895406968984997,
    "Euclidean Dist.": 0.21195462324832226,
    "WER": 1.1132075471698113,
    "CER": 0.867741935483871,
    "Cosine Dist.": 0.37866197783728406
  },
  "occ_eval_res": {
    "precision": 31.5068,
    "recall": 43.3962,
    "f-score": 36.5079
  },
  "clean_eval": {
    "f-score": 9.927360774818402,
    "precision": 13.311688311688311,
    "recall": 7.915057915057915,
    "tp": 41,
    "fp": 267,
    "fn": 477
  },
  "jaccard": [
    0.5533769063180828
  ],
  "braycurtis": [
    0.4199029126213592
  ],
  "dice": [
    0.3825301204819277
  ],
  "cosinus": [
    0.23357013585234598
  ]
}