{
  "voc_eval_res": {
    "precision": 44.4444,
    "recall": 62.2222,
    "f-score": 51.8519
  },
  "KL_res": {
    "KL divergence": 1.381808820002504,
    "Euclidean Dist.": 0.13682475928698282,
    "WER": 0.8382352941176471,
    "CER": 0.4675925925925926,
    "Cosine Dist.": 0.17753682281013983
  },
  "occ_eval_res": {
    "precision": 47.9167,
    "recall": 67.6471,
    "f-score": 56.0976
  },
  "clean_eval": {
    "f-score": 22.037037037037038,
    "precision": 23.517786561264824,
    "recall": 20.73170731707317,
    "tp": 119,
    "fp": 387,
    "fn": 455
  },
  "jaccard": [
    0.40433925049309666
  ],
  "braycurtis": [
    0.2566111655239961
  ],
  "dice": [
    0.25339925834363414
  ],
  "cosinus": [
    0.08452710759681137
  ]
}