{
  "voc_eval_res": {
    "precision": 42.5,
    "recall": 62.963,
    "f-score": 50.7463
  },
  "KL_res": {
    "KL divergence": 1.673174530865963,
    "Euclidean Dist.": 0.1736219593518415,
    "WER": 0.8857142857142857,
    "CER": 0.5959595959595959,
    "Cosine Dist.": 0.22347846270642246
  },
  "occ_eval_res": {
    "precision": 46.8085,
    "recall": 62.8571,
    "f-score": 53.6585
  },
  "clean_eval": {
    "f-score": 51.8987341772152,
    "precision": 53.246753246753244,
    "recall": 50.617283950617285,
    "tp": 123,
    "fp": 108,
    "fn": 120
  },
  "jaccard": [
    0.5189873417721519
  ],
  "braycurtis": [
    0.3541666666666667
  ],
  "dice": [
    0.3504273504273504
  ],
  "cosinus": [
    0.20539620043704376
  ]
}