{
  "voc_eval_res": {
    "precision": 6.8966,
    "recall": 33.3333,
    "f-score": 11.4286
  },
  "KL_res": {
    "KL divergence": 5.453573886023258,
    "Euclidean Dist.": 0.4665972893278953,
    "WER": 4.833333333333333,
    "CER": 3.7567567567567566,
    "Cosine Dist.": 0.7675047225123615
  },
  "occ_eval_res": {
    "precision": 6.4516,
    "recall": 33.3333,
    "f-score": 10.8108
  },
  "clean_eval": {
    "f-score": 36.633663366336634,
    "precision": 74.0,
    "recall": 24.342105263157894,
    "tp": 37,
    "fp": 13,
    "fn": 115
  },
  "jaccard": [
    0.8061224489795918
  ],
  "braycurtis": [
    0.7348837209302326
  ],
  "dice": [
    0.6752136752136753
  ],
  "cosinus": [
    0.5651654784645361
  ]
}