{
  "voc_eval_res": {
    "precision": 33.3333,
    "recall": 57.1429,
    "f-score": 42.1053
  },
  "KL_res": {
    "KL divergence": 2.8362396264115812,
    "Euclidean Dist.": 0.38095238095238093,
    "WER": 1.4285714285714286,
    "CER": 1.1132075471698113,
    "Cosine Dist.": 0.39697731084447274
  },
  "occ_eval_res": {
    "precision": 33.3333,
    "recall": 57.1429,
    "f-score": 42.1053
  },
  "clean_eval": {
    "f-score": 36.36363636363636,
    "precision": 40.0,
    "recall": 33.33333333333333,
    "tp": 30,
    "fp": 45,
    "fn": 60
  },
  "jaccard": [
    0.5617283950617284
  ],
  "braycurtis": [
    0.38686131386861317
  ],
  "dice": [
    0.3905579399141631
  ],
  "cosinus": [
    0.2785455845589445
  ]
}