{
  "voc_eval_res": {
    "precision": 47.2222,
    "recall": 58.6207,
    "f-score": 52.3077
  },
  "KL_res": {
    "KL divergence": 2.0946752822297867,
    "Euclidean Dist.": 0.19459217280290933,
    "WER": 0.7419354838709677,
    "CER": 0.44339622641509435,
    "Cosine Dist.": 0.33863967085675495
  },
  "occ_eval_res": {
    "precision": 45.9459,
    "recall": 54.8387,
    "f-score": 50.0
  },
  "clean_eval": {
    "f-score": 38.41059602649007,
    "precision": 37.826086956521735,
    "recall": 39.01345291479821,
    "tp": 87,
    "fp": 143,
    "fn": 136
  },
  "jaccard": [
    0.41604010025062654
  ],
  "braycurtis": [
    0.2860310421286031
  ],
  "dice": [
    0.2626582278481013
  ],
  "cosinus": [
    0.17835268775517377
  ]
}