{
  "voc_eval_res": {
    "precision": 48.1481,
    "recall": 59.0909,
    "f-score": 53.0612
  },
  "KL_res": {
    "KL divergence": 2.1445615156845097,
    "Euclidean Dist.": 0.22253092858517182,
    "WER": 1.0,
    "CER": 0.7816091954022989,
    "Cosine Dist.": 0.327601822383369
  },
  "occ_eval_res": {
    "precision": 40.5405,
    "recall": 57.6923,
    "f-score": 47.619
  },
  "clean_eval": {
    "f-score": 20.346320346320347,
    "precision": 24.352331606217618,
    "recall": 17.472118959107807,
    "tp": 47,
    "fp": 146,
    "fn": 222
  },
  "jaccard": [
    0.45121951219512196
  ],
  "braycurtis": [
    0.3640661938534279
  ],
  "dice": [
    0.29133858267716534
  ],
  "cosinus": [
    0.2541599729345384
  ]
}