{
  "voc_eval_res": {
    "precision": 27.7778,
    "recall": 38.4615,
    "f-score": 32.2581
  },
  "KL_res": {
    "KL divergence": 3.3008713384992463,
    "Euclidean Dist.": 0.27233557730613656,
    "WER": 1.0,
    "CER": 0.6836734693877551,
    "Cosine Dist.": 0.3210652601667958
  },
  "occ_eval_res": {
    "precision": 35.0,
    "recall": 46.6667,
    "f-score": 40.0
  },
  "clean_eval": {
    "f-score": 49.361702127659576,
    "precision": 46.400000000000006,
    "recall": 52.72727272727272,
    "tp": 58,
    "fp": 67,
    "fn": 52
  },
  "jaccard": [
    0.5862068965517241
  ],
  "braycurtis": [
    0.3904382470119522
  ],
  "dice": [
    0.4146341463414634
  ],
  "cosinus": [
    0.24810339742805831
  ]
}