{
  "voc_eval_res": {
    "precision": 51.4286,
    "recall": 46.1538,
    "f-score": 48.6486
  },
  "KL_res": {
    "KL divergence": 2.7942791854488753,
    "Euclidean Dist.": 0.17868250513613063,
    "WER": 0.6904761904761905,
    "CER": 0.39849624060150374,
    "Cosine Dist.": 0.36974650833674594
  },
  "occ_eval_res": {
    "precision": 51.4286,
    "recall": 42.8571,
    "f-score": 46.7532
  },
  "clean_eval": {
    "f-score": 42.97872340425532,
    "precision": 35.94306049822064,
    "recall": 53.43915343915344,
    "tp": 101,
    "fp": 180,
    "fn": 88
  },
  "jaccard": [
    0.437219730941704
  ],
  "braycurtis": [
    0.3181818181818182
  ],
  "dice": [
    0.2797704447632712
  ],
  "cosinus": [
    0.20437564528803065
  ]
}