{
  "voc_eval_res": {
    "precision": 42.3077,
    "recall": 50.0,
    "f-score": 45.8333
  },
  "KL_res": {
    "KL divergence": 2.7900018893048313,
    "Euclidean Dist.": 0.23300949450992056,
    "WER": 0.8620689655172413,
    "CER": 0.61875,
    "Cosine Dist.": 0.38581722535652596
  },
  "occ_eval_res": {
    "precision": 41.9355,
    "recall": 44.8276,
    "f-score": 43.3333
  },
  "clean_eval": {
    "f-score": 29.629629629629633,
    "precision": 32.0,
    "recall": 27.586206896551722,
    "tp": 72,
    "fp": 153,
    "fn": 189
  },
  "jaccard": [
    0.5555555555555556
  ],
  "braycurtis": [
    0.41359773371104813
  ],
  "dice": [
    0.38461538461538464
  ],
  "cosinus": [
    0.30647561556612635
  ]
}