{
  "voc_eval_res": {
    "precision": 27.7778,
    "recall": 50.0,
    "f-score": 35.7143
  },
  "KL_res": {
    "KL divergence": 2.5669449435186618,
    "Euclidean Dist.": 0.22086793481195766,
    "WER": 1.36,
    "CER": 1.0328947368421053,
    "Cosine Dist.": 0.3083256366855035
  },
  "occ_eval_res": {
    "precision": 31.8182,
    "recall": 56.0,
    "f-score": 40.5797
  },
  "clean_eval": {
    "f-score": 24.369747899159663,
    "precision": 34.523809523809526,
    "recall": 18.83116883116883,
    "tp": 58,
    "fp": 110,
    "fn": 250
  },
  "jaccard": [
    0.683291770573566
  ],
  "braycurtis": [
    0.5024271844660194
  ],
  "dice": [
    0.5189393939393939
  ],
  "cosinus": [
    0.29444784612103236
  ]
}