{
  "voc_eval_res": {
    "precision": 38.0952,
    "recall": 44.4444,
    "f-score": 41.0256
  },
  "KL_res": {
    "KL divergence": 2.9175041263892636,
    "Euclidean Dist.": 0.23675031492836207,
    "WER": 0.8636363636363636,
    "CER": 0.618421052631579,
    "Cosine Dist.": 0.29027913677016415
  },
  "occ_eval_res": {
    "precision": 43.4783,
    "recall": 45.4545,
    "f-score": 44.4444
  },
  "clean_eval": {
    "f-score": 67.31391585760518,
    "precision": 67.53246753246754,
    "recall": 67.0967741935484,
    "tp": 104,
    "fp": 50,
    "fn": 51
  },
  "jaccard": [
    0.5842293906810035
  ],
  "braycurtis": [
    0.41843971631205673
  ],
  "dice": [
    0.41265822784810124
  ],
  "cosinus": [
    0.2482208867286797
  ]
}