{
  "voc_eval_res": {
    "precision": 19.2308,
    "recall": 71.4286,
    "f-score": 30.303
  },
  "KL_res": {
    "KL divergence": 2.3234393261344355,
    "Euclidean Dist.": 0.4252832438025792,
    "WER": 3.142857142857143,
    "CER": 2.0681818181818183,
    "Cosine Dist.": 0.48152415263478743
  },
  "occ_eval_res": {
    "precision": 19.2308,
    "recall": 71.4286,
    "f-score": 30.303
  },
  "clean_eval": {
    "f-score": 43.99999999999999,
    "precision": 69.84126984126983,
    "recall": 32.11678832116788,
    "tp": 44,
    "fp": 19,
    "fn": 93
  },
  "jaccard": [
    0.7554585152838428
  ],
  "braycurtis": [
    0.6491228070175439
  ],
  "dice": [
    0.6070175438596491
  ],
  "cosinus": [
    0.5430632332683122
  ]
}