{
  "voc_eval_res": {
    "precision": 32.1429,
    "recall": 52.9412,
    "f-score": 40.0
  },
  "KL_res": {
    "KL divergence": 2.695404637232611,
    "Euclidean Dist.": 0.27654640243053796,
    "WER": 1.0,
    "CER": 0.8828828828828829,
    "Cosine Dist.": 0.4372581448869032
  },
  "occ_eval_res": {
    "precision": 32.2581,
    "recall": 43.4783,
    "f-score": 37.037
  },
  "clean_eval": {
    "f-score": 62.46418338108882,
    "precision": 72.18543046357617,
    "recall": 55.05050505050505,
    "tp": 109,
    "fp": 42,
    "fn": 89
  },
  "jaccard": [
    0.5860927152317881
  ],
  "braycurtis": [
    0.4755700325732899
  ],
  "dice": [
    0.41451990632318503
  ],
  "cosinus": [
    0.40236601880649414
  ]
}