{
  "voc_eval_res": {
    "precision": 34.6939,
    "recall": 53.125,
    "f-score": 41.9753
  },
  "KL_res": {
    "KL divergence": 2.026830132652687,
    "Euclidean Dist.": 0.2356589926353036,
    "WER": 0.9,
    "CER": 0.6842105263157895,
    "Cosine Dist.": 0.3881294249975531
  },
  "occ_eval_res": {
    "precision": 39.7436,
    "recall": 44.2857,
    "f-score": 41.8919
  },
  "clean_eval": {
    "f-score": 17.22158438576349,
    "precision": 22.058823529411764,
    "recall": 14.124293785310735,
    "tp": 75,
    "fp": 265,
    "fn": 456
  },
  "jaccard": [
    0.5661914460285132
  ],
  "braycurtis": [
    0.45106861642294716
  ],
  "dice": [
    0.39488636363636365
  ],
  "cosinus": [
    0.3775165554011144
  ]
}