{
  "voc_eval_res": {
    "precision": 20.5128,
    "recall": 72.7273,
    "f-score": 32.0
  },
  "KL_res": {
    "KL divergence": 1.7712181427215334,
    "Euclidean Dist.": 0.37120125997822667,
    "WER": 2.5,
    "CER": 1.6274509803921569,
    "Cosine Dist.": 0.3827357441881425
  },
  "occ_eval_res": {
    "precision": 22.2222,
    "recall": 71.4286,
    "f-score": 33.8983
  },
  "clean_eval": {
    "f-score": 22.580645161290324,
    "precision": 30.81761006289308,
    "recall": 17.81818181818182,
    "tp": 49,
    "fp": 110,
    "fn": 226
  },
  "jaccard": [
    0.6528925619834711
  ],
  "braycurtis": [
    0.5276243093922652
  ],
  "dice": [
    0.48466257668711654
  ],
  "cosinus": [
    0.35406387680071394
  ]
}