{
  "voc_eval_res": {
    "precision": 68.4211,
    "recall": 54.1667,
    "f-score": 60.4651
  },
  "KL_res": {
    "KL divergence": 2.0890125484948254,
    "Euclidean Dist.": 0.18668764214578082,
    "WER": 0.5172413793103449,
    "CER": 0.3,
    "Cosine Dist.": 0.1863193063698506
  },
  "occ_eval_res": {
    "precision": 70.8333,
    "recall": 58.6207,
    "f-score": 64.1509
  },
  "clean_eval": {
    "f-score": 38.095238095238095,
    "precision": 35.0,
    "recall": 41.7910447761194,
    "tp": 84,
    "fp": 156,
    "fn": 117
  },
  "jaccard": [
    0.3711340206185567
  ],
  "braycurtis": [
    0.2275
  ],
  "dice": [
    0.22784810126582278
  ],
  "cosinus": [
    0.1269018835780632
  ]
}