{
  "voc_eval_res": {
    "precision": 32.5581,
    "recall": 43.75,
    "f-score": 37.3333
  },
  "KL_res": {
    "KL divergence": 2.8238352223339143,
    "Euclidean Dist.": 0.1877470178573834,
    "WER": 0.9215686274509803,
    "CER": 0.6303030303030303,
    "Cosine Dist.": 0.29013802871105177
  },
  "occ_eval_res": {
    "precision": 41.6667,
    "recall": 49.0196,
    "f-score": 45.045
  },
  "clean_eval": {
    "f-score": 38.297872340425535,
    "precision": 45.141065830721004,
    "recall": 33.25635103926097,
    "tp": 144,
    "fp": 175,
    "fn": 289
  },
  "jaccard": [
    0.5379609544468547
  ],
  "braycurtis": [
    0.3425925925925926
  ],
  "dice": [
    0.36795252225519287
  ],
  "cosinus": [
    0.1747386856028612
  ]
}