{
  "voc_eval_res": {
    "precision": 37.2549,
    "recall": 76.0,
    "f-score": 50.0
  },
  "KL_res": {
    "KL divergence": 1.2356075533823878,
    "Euclidean Dist.": 0.20230776944381226,
    "WER": 1.0810810810810811,
    "CER": 0.7250996015936255,
    "Cosine Dist.": 0.23435163390962854
  },
  "occ_eval_res": {
    "precision": 42.3729,
    "recall": 67.5676,
    "f-score": 52.0833
  },
  "clean_eval": {
    "f-score": 42.829827915869984,
    "precision": 43.41085271317829,
    "recall": 42.26415094339623,
    "tp": 112,
    "fp": 146,
    "fn": 153
  },
  "jaccard": [
    0.4543269230769231
  ],
  "braycurtis": [
    0.2827140549273021
  ],
  "dice": [
    0.2939346811819596
  ],
  "cosinus": [
    0.1265108400738577
  ]
}