{
  "voc_eval_res": {
    "precision": 20.0,
    "recall": 50.0,
    "f-score": 28.5714
  },
  "KL_res": {
    "KL divergence": 3.7625201836607656,
    "Euclidean Dist.": 0.5431390245600108,
    "WER": 2.0,
    "CER": 0.4772727272727273,
    "Cosine Dist.": 0.5285954792089684
  },
  "occ_eval_res": {
    "precision": 20.0,
    "recall": 50.0,
    "f-score": 28.5714
  },
  "clean_eval": {
    "f-score": 61.70212765957446,
    "precision": 57.99999999999999,
    "recall": 65.9090909090909,
    "tp": 29,
    "fp": 21,
    "fn": 15
  },
  "jaccard": [
    0.3644067796610169
  ],
  "braycurtis": [
    0.2403846153846154
  ],
  "dice": [
    0.22279792746113988
  ],
  "cosinus": [
    0.22131703528416002
  ]
}