{
  "voc_eval_res": {
    "precision": 29.0323,
    "recall": 42.8571,
    "f-score": 34.6154
  },
  "KL_res": {
    "KL divergence": 3.725037233173172,
    "Euclidean Dist.": 0.25550148082575225,
    "WER": 0.875,
    "CER": 0.835820895522388,
    "Cosine Dist.": 0.46505396421976564
  },
  "occ_eval_res": {
    "precision": 35.2941,
    "recall": 37.5,
    "f-score": 36.3636
  },
  "clean_eval": {
    "f-score": 24.378109452736314,
    "precision": 25.925925925925924,
    "recall": 23.004694835680752,
    "tp": 49,
    "fp": 140,
    "fn": 164
  },
  "jaccard": [
    0.6299694189602446
  ],
  "braycurtis": [
    0.49008498583569404
  ],
  "dice": [
    0.45982142857142855
  ],
  "cosinus": [
    0.44387926129283506
  ]
}