{
  "voc_eval_res": {
    "precision": 46.1538,
    "recall": 80.0,
    "f-score": 58.5366
  },
  "KL_res": {
    "KL divergence": 1.0838228732998305,
    "Euclidean Dist.": 0.25134789881900577,
    "WER": 1.0526315789473684,
    "CER": 0.7368421052631579,
    "Cosine Dist.": 0.2530898562689422
  },
  "occ_eval_res": {
    "precision": 45.1613,
    "recall": 73.6842,
    "f-score": 56.0
  },
  "clean_eval": {
    "f-score": 31.654676258992808,
    "precision": 35.483870967741936,
    "recall": 28.57142857142857,
    "tp": 66,
    "fp": 120,
    "fn": 165
  },
  "jaccard": [
    0.4485294117647059
  ],
  "braycurtis": [
    0.3236151603498542
  ],
  "dice": [
    0.2890995260663507
  ],
  "cosinus": [
    0.15958164608111158
  ]
}