{
  "voc_eval_res": {
    "precision": 51.7857,
    "recall": 76.3158,
    "f-score": 61.7021
  },
  "KL_res": {
    "KL divergence": 1.1696741607728935,
    "Euclidean Dist.": 0.17898940759112295,
    "WER": 0.8444444444444444,
    "CER": 0.6045016077170418,
    "Cosine Dist.": 0.3061652982110269
  },
  "occ_eval_res": {
    "precision": 50.8772,
    "recall": 64.4444,
    "f-score": 56.8627
  },
  "clean_eval": {
    "f-score": 29.401709401709397,
    "precision": 31.046931407942242,
    "recall": 27.92207792207792,
    "tp": 86,
    "fp": 191,
    "fn": 222
  },
  "jaccard": [
    0.37341772151898733
  ],
  "braycurtis": [
    0.27728613569321536
  ],
  "dice": [
    0.22957198443579765
  ],
  "cosinus": [
    0.1543501303877174
  ]
}