{
  "voc_eval_res": {
    "precision": 27.7778,
    "recall": 51.7241,
    "f-score": 36.1446
  },
  "KL_res": {
    "KL divergence": 2.8879716840223235,
    "Euclidean Dist.": 0.2599091965641336,
    "WER": 1.2678571428571428,
    "CER": 1.070945945945946,
    "Cosine Dist.": 0.509402523896318
  },
  "occ_eval_res": {
    "precision": 27.7108,
    "recall": 41.0714,
    "f-score": 33.0935
  },
  "clean_eval": {
    "f-score": 9.626955475330927,
    "precision": 12.121212121212121,
    "recall": 7.984031936127744,
    "tp": 40,
    "fp": 290,
    "fn": 461
  },
  "jaccard": [
    0.6
  ],
  "braycurtis": [
    0.5136741973840666
  ],
  "dice": [
    0.42857142857142855
  ],
  "cosinus": [
    0.3924051924713592
  ]
}