{
  "voc_eval_res": {
    "precision": 49.0196,
    "recall": 52.0833,
    "f-score": 50.5051
  },
  "KL_res": {
    "KL divergence": 1.7067050870063825,
    "Euclidean Dist.": 0.1593066379865541,
    "WER": 0.6021505376344086,
    "CER": 0.47244094488188976,
    "Cosine Dist.": 0.2155763657241212
  },
  "occ_eval_res": {
    "precision": 59.7561,
    "recall": 52.6882,
    "f-score": 56.0
  },
  "clean_eval": {
    "f-score": 31.0,
    "precision": 30.57199211045365,
    "recall": 31.44016227180527,
    "tp": 155,
    "fp": 352,
    "fn": 338
  },
  "jaccard": [
    0.4789473684210526
  ],
  "braycurtis": [
    0.3104145601617796
  ],
  "dice": [
    0.314878892733564
  ],
  "cosinus": [
    0.13160920475388782
  ]
}