{
  "voc_eval_res": {
    "precision": 66.6667,
    "recall": 75.0,
    "f-score": 70.5882
  },
  "KL_res": {
    "KL divergence": 1.3996176135586078,
    "Euclidean Dist.": 0.26571008985706934,
    "WER": 1.125,
    "CER": 0.765625,
    "Cosine Dist.": 0.171921328789175
  },
  "occ_eval_res": {
    "precision": 66.6667,
    "recall": 75.0,
    "f-score": 70.5882
  },
  "clean_eval": {
    "f-score": 34.28571428571429,
    "precision": 34.48275862068966,
    "recall": 34.090909090909086,
    "tp": 30,
    "fp": 57,
    "fn": 58
  },
  "jaccard": [
    0.2878787878787879
  ],
  "braycurtis": [
    0.17647058823529413
  ],
  "dice": [
    0.168141592920354
  ],
  "cosinus": [
    0.12203942068545937
  ]
}