{
  "voc_eval_res": {
    "precision": 41.6667,
    "recall": 47.619,
    "f-score": 44.4444
  },
  "KL_res": {
    "KL divergence": 2.685669025790849,
    "Euclidean Dist.": 0.21417776825701432,
    "WER": 0.9565217391304348,
    "CER": 0.6071428571428571,
    "Cosine Dist.": 0.2970841189738963
  },
  "occ_eval_res": {
    "precision": 41.3793,
    "recall": 52.1739,
    "f-score": 46.1538
  },
  "clean_eval": {
    "f-score": 29.949238578680205,
    "precision": 35.54216867469879,
    "recall": 25.877192982456144,
    "tp": 59,
    "fp": 107,
    "fn": 169
  },
  "jaccard": [
    0.6063829787234043
  ],
  "braycurtis": [
    0.3867924528301887
  ],
  "dice": [
    0.4351145038167939
  ],
  "cosinus": [
    0.21618505665197063
  ]
}