{
  "voc_eval_res": {
    "precision": 48.2759,
    "recall": 60.8696,
    "f-score": 53.8462
  },
  "KL_res": {
    "KL divergence": 1.9231294183381809,
    "Euclidean Dist.": 0.1871914127303921,
    "WER": 0.8,
    "CER": 0.6024844720496895,
    "Cosine Dist.": 0.24967752651587105
  },
  "occ_eval_res": {
    "precision": 50.0,
    "recall": 64.0,
    "f-score": 56.1404
  },
  "clean_eval": {
    "f-score": 44.5475638051044,
    "precision": 47.76119402985074,
    "recall": 41.73913043478261,
    "tp": 96,
    "fp": 105,
    "fn": 134
  },
  "jaccard": [
    0.4624277456647399
  ],
  "braycurtis": [
    0.35185185185185186
  ],
  "dice": [
    0.3007518796992481
  ],
  "cosinus": [
    0.310271339576226
  ]
}