{
  "voc_eval_res": {
    "precision": 47.4576,
    "recall": 65.1163,
    "f-score": 54.902
  },
  "KL_res": {
    "KL divergence": 1.3701278090430633,
    "Euclidean Dist.": 0.14235407108686474,
    "WER": 0.782051282051282,
    "CER": 0.4625,
    "Cosine Dist.": 0.17265048408793637
  },
  "occ_eval_res": {
    "precision": 54.8387,
    "recall": 65.3846,
    "f-score": 59.6491
  },
  "clean_eval": {
    "f-score": 39.51682484900776,
    "precision": 40.530973451327434,
    "recall": 38.552188552188554,
    "tp": 229,
    "fp": 336,
    "fn": 365
  },
  "jaccard": [
    0.4249512670565302
  ],
  "braycurtis": [
    0.2877906976744186
  ],
  "dice": [
    0.2698019801980198
  ],
  "cosinus": [
    0.1355702507204547
  ]
}