{
  "voc_eval_res": {
    "precision": 46.1538,
    "recall": 70.5882,
    "f-score": 55.814
  },
  "KL_res": {
    "KL divergence": 1.2384379654204727,
    "Euclidean Dist.": 0.20819238388180183,
    "WER": 0.9130434782608695,
    "CER": 0.6928104575163399,
    "Cosine Dist.": 0.1813761990167696
  },
  "occ_eval_res": {
    "precision": 47.2222,
    "recall": 73.913,
    "f-score": 57.6271
  },
  "clean_eval": {
    "f-score": 31.968810916179336,
    "precision": 36.771300448430495,
    "recall": 28.27586206896552,
    "tp": 82,
    "fp": 141,
    "fn": 208
  },
  "jaccard": [
    0.41843971631205673
  ],
  "braycurtis": [
    0.32390745501285345
  ],
  "dice": [
    0.2645739910313901
  ],
  "cosinus": [
    0.1758159125288229
  ]
}