{
  "voc_eval_res": {
    "precision": 25.641,
    "recall": 38.4615,
    "f-score": 30.7692
  },
  "KL_res": {
    "KL divergence": 3.848992475656276,
    "Euclidean Dist.": 0.26613812770133966,
    "WER": 0.8135593220338984,
    "CER": 0.6403508771929824,
    "Cosine Dist.": 0.47552107077508887
  },
  "occ_eval_res": {
    "precision": 31.6667,
    "recall": 32.2034,
    "f-score": 31.9328
  },
  "clean_eval": {
    "f-score": 15.980024968789014,
    "precision": 18.497109826589593,
    "recall": 14.065934065934066,
    "tp": 64,
    "fp": 282,
    "fn": 391
  },
  "jaccard": [
    0.6090047393364929
  ],
  "braycurtis": [
    0.4154838709677419
  ],
  "dice": [
    0.43781942078364566
  ],
  "cosinus": [
    0.2937202699672872
  ]
}