{
  "voc_eval_res": {
    "precision": 60.0,
    "recall": 53.5714,
    "f-score": 56.6038
  },
  "KL_res": {
    "KL divergence": 2.126181944553412,
    "Euclidean Dist.": 0.17668469596940842,
    "WER": 0.5806451612903226,
    "CER": 0.2764976958525346,
    "Cosine Dist.": 0.22074966784051264
  },
  "occ_eval_res": {
    "precision": 58.0645,
    "recall": 58.0645,
    "f-score": 58.0645
  },
  "clean_eval": {
    "f-score": 40.0,
    "precision": 41.284403669724774,
    "recall": 38.793103448275865,
    "tp": 90,
    "fp": 128,
    "fn": 142
  },
  "jaccard": [
    0.4028169014084507
  ],
  "braycurtis": [
    0.23516483516483516
  ],
  "dice": [
    0.25220458553791886
  ],
  "cosinus": [
    0.12022104480791573
  ]
}