{
  "voc_eval_res": {
    "precision": 29.0323,
    "recall": 52.9412,
    "f-score": 37.5
  },
  "KL_res": {
    "KL divergence": 2.1964559922804727,
    "Euclidean Dist.": 0.2593129286823159,
    "WER": 1.3181818181818181,
    "CER": 0.9130434782608695,
    "Cosine Dist.": 0.32323663071302544
  },
  "occ_eval_res": {
    "precision": 31.5789,
    "recall": 54.5455,
    "f-score": 40.0
  },
  "clean_eval": {
    "f-score": 36.82864450127877,
    "precision": 46.15384615384615,
    "recall": 30.638297872340424,
    "tp": 72,
    "fp": 84,
    "fn": 163
  },
  "jaccard": [
    0.6644951140065146
  ],
  "braycurtis": [
    0.4745762711864407
  ],
  "dice": [
    0.4975609756097561
  ],
  "cosinus": [
    0.30173200444352155
  ]
}