{
  "voc_eval_res": {
    "precision": 39.0625,
    "recall": 59.5238,
    "f-score": 47.1698
  },
  "KL_res": {
    "KL divergence": 1.4951485698202127,
    "Euclidean Dist.": 0.19721437310525192,
    "WER": 0.92,
    "CER": 0.5292792792792793,
    "Cosine Dist.": 0.2853860409789897
  },
  "occ_eval_res": {
    "precision": 42.4528,
    "recall": 60.0,
    "f-score": 49.7238
  },
  "clean_eval": {
    "f-score": 15.929203539823009,
    "precision": 16.304347826086957,
    "recall": 15.570934256055363,
    "tp": 90,
    "fp": 462,
    "fn": 488
  },
  "jaccard": [
    0.4144620811287478
  ],
  "braycurtis": [
    0.27089337175792505
  ],
  "dice": [
    0.26140155728587317
  ],
  "cosinus": [
    0.09718574725812301
  ]
}