{
  "voc_eval_res": {
    "precision": 35.8209,
    "recall": 53.3333,
    "f-score": 42.8571
  },
  "KL_res": {
    "KL divergence": 2.188468090515069,
    "Euclidean Dist.": 0.15085073865695173,
    "WER": 1.0363636363636364,
    "CER": 0.7262247838616714,
    "Cosine Dist.": 0.2702196927986118
  },
  "occ_eval_res": {
    "precision": 38.961,
    "recall": 54.5455,
    "f-score": 45.4545
  },
  "clean_eval": {
    "f-score": 20.623501199040764,
    "precision": 23.69146005509642,
    "recall": 18.259023354564754,
    "tp": 86,
    "fp": 277,
    "fn": 385
  },
  "jaccard": [
    0.5016722408026756
  ],
  "braycurtis": [
    0.3517647058823529
  ],
  "dice": [
    0.33482142857142855
  ],
  "cosinus": [
    0.13928536360917543
  ]
}