{
  "voc_eval_res": {
    "precision": 25.5814,
    "recall": 57.8947,
    "f-score": 35.4839
  },
  "KL_res": {
    "KL divergence": 2.6768580375192923,
    "Euclidean Dist.": 0.24752804770435272,
    "WER": 1.7894736842105263,
    "CER": 1.465648854961832,
    "Cosine Dist.": 0.4814550271298653
  },
  "occ_eval_res": {
    "precision": 24.4444,
    "recall": 57.8947,
    "f-score": 34.375
  },
  "clean_eval": {
    "f-score": 35.388739946380696,
    "precision": 50.76923076923077,
    "recall": 27.160493827160494,
    "tp": 66,
    "fp": 64,
    "fn": 177
  },
  "jaccard": [
    0.6503340757238307
  ],
  "braycurtis": [
    0.5502283105022832
  ],
  "dice": [
    0.48184818481848185
  ],
  "cosinus": [
    0.3530686408870275
  ]
}