{
  "voc_eval_res": {
    "precision": 16.6667,
    "recall": 42.8571,
    "f-score": 24.0
  },
  "KL_res": {
    "KL divergence": 6.63571269900536,
    "Euclidean Dist.": 0.4610444484765806,
    "WER": 1.3333333333333333,
    "CER": 1.328358208955224,
    "Cosine Dist.": 0.7942622000505442
  },
  "occ_eval_res": {
    "precision": 13.6364,
    "recall": 20.0,
    "f-score": 16.2162
  },
  "clean_eval": {
    "f-score": 39.48497854077254,
    "precision": 69.6969696969697,
    "recall": 27.54491017964072,
    "tp": 46,
    "fp": 20,
    "fn": 121
  },
  "jaccard": [
    0.7704081632653061
  ],
  "braycurtis": [
    0.6944444444444444
  ],
  "dice": [
    0.6265560165975104
  ],
  "cosinus": [
    0.6411665987709868
  ]
}