{
  "voc_eval_res": {
    "precision": 36.3636,
    "recall": 53.3333,
    "f-score": 43.2432
  },
  "KL_res": {
    "KL divergence": 2.5756134759411515,
    "Euclidean Dist.": 0.28345072330638915,
    "WER": 1.0952380952380953,
    "CER": 0.704,
    "Cosine Dist.": 0.3660332220075835
  },
  "occ_eval_res": {
    "precision": 35.4839,
    "recall": 52.381,
    "f-score": 42.3077
  },
  "clean_eval": {
    "f-score": 38.7434554973822,
    "precision": 44.57831325301205,
    "recall": 34.25925925925926,
    "tp": 74,
    "fp": 92,
    "fn": 142
  },
  "jaccard": [
    0.5714285714285714
  ],
  "braycurtis": [
    0.43333333333333335
  ],
  "dice": [
    0.4
  ],
  "cosinus": [
    0.2946848765372325
  ]
}