{
  "voc_eval_res": {
    "precision": 37.931,
    "recall": 68.75,
    "f-score": 48.8889
  },
  "KL_res": {
    "KL divergence": 1.5392019588690065,
    "Euclidean Dist.": 0.24289254011237274,
    "WER": 1.1,
    "CER": 0.9,
    "Cosine Dist.": 0.26485295588529467
  },
  "occ_eval_res": {
    "precision": 39.3939,
    "recall": 65.0,
    "f-score": 49.0566
  },
  "clean_eval": {
    "f-score": 21.717171717171716,
    "precision": 35.53719008264463,
    "recall": 15.636363636363637,
    "tp": 43,
    "fp": 78,
    "fn": 232
  },
  "jaccard": [
    0.5547945205479452
  ],
  "braycurtis": [
    0.39755351681957185
  ],
  "dice": [
    0.38388625592417064
  ],
  "cosinus": [
    0.2456462773432253
  ]
}