{
  "voc_eval_res": {
    "precision": 21.875,
    "recall": 70.0,
    "f-score": 33.3333
  },
  "KL_res": {
    "KL divergence": 1.824433529965074,
    "Euclidean Dist.": 0.3625244178525609,
    "WER": 2.1538461538461537,
    "CER": 1.9102564102564104,
    "Cosine Dist.": 0.37311687202449717
  },
  "occ_eval_res": {
    "precision": 25.0,
    "recall": 69.2308,
    "f-score": 36.7347
  },
  "clean_eval": {
    "f-score": 17.682926829268293,
    "precision": 31.521739130434785,
    "recall": 12.288135593220339,
    "tp": 29,
    "fp": 63,
    "fn": 207
  },
  "jaccard": [
    0.6855123674911661
  ],
  "braycurtis": [
    0.543918918918919
  ],
  "dice": [
    0.521505376344086
  ],
  "cosinus": [
    0.33856749431748956
  ]
}