{
  "voc_eval_res": {
    "precision": 38.8889,
    "recall": 65.625,
    "f-score": 48.8372
  },
  "KL_res": {
    "KL divergence": 1.4738297461059329,
    "Euclidean Dist.": 0.18480913392587262,
    "WER": 1.0,
    "CER": 0.6622073578595318,
    "Cosine Dist.": 0.28944287068153896
  },
  "occ_eval_res": {
    "precision": 40.9091,
    "recall": 62.7907,
    "f-score": 49.5413
  },
  "clean_eval": {
    "f-score": 21.9672131147541,
    "precision": 22.635135135135133,
    "recall": 21.337579617834397,
    "tp": 67,
    "fp": 229,
    "fn": 247
  },
  "jaccard": [
    0.43803418803418803
  ],
  "braycurtis": [
    0.29207232267037553
  ],
  "dice": [
    0.280437756497948
  ],
  "cosinus": [
    0.1374916449893867
  ]
}