{
  "voc_eval_res": {
    "precision": 33.3333,
    "recall": 50.0,
    "f-score": 40.0
  },
  "KL_res": {
    "KL divergence": 3.392385166746394,
    "Euclidean Dist.": 0.41943524640393054,
    "WER": 1.3333333333333333,
    "CER": 0.8378378378378378,
    "Cosine Dist.": 0.42264973081037427
  },
  "occ_eval_res": {
    "precision": 33.3333,
    "recall": 50.0,
    "f-score": 40.0
  },
  "clean_eval": {
    "f-score": 42.33576642335766,
    "precision": 46.774193548387096,
    "recall": 38.666666666666664,
    "tp": 29,
    "fp": 33,
    "fn": 46
  },
  "jaccard": [
    0.6363636363636364
  ],
  "braycurtis": [
    0.46153846153846156
  ],
  "dice": [
    0.4666666666666667
  ],
  "cosinus": [
    0.42526303351432004
  ]
}