{
  "voc_eval_res": {
    "precision": 87.5,
    "recall": 70.0,
    "f-score": 77.7778
  },
  "KL_res": {
    "KL divergence": 0.8608083943857476,
    "Euclidean Dist.": 0.15166895602667746,
    "WER": 0.375,
    "CER": 0.44680851063829785,
    "Cosine Dist.": 0.03587420604994551
  },
  "occ_eval_res": {
    "precision": 91.6667,
    "recall": 68.75,
    "f-score": 78.5714
  },
  "clean_eval": {
    "f-score": 63.46153846153846,
    "precision": 60.0,
    "recall": 67.3469387755102,
    "tp": 66,
    "fp": 44,
    "fn": 32
  },
  "jaccard": [
    0.45652173913043476
  ],
  "braycurtis": [
    0.27472527472527475
  ],
  "dice": [
    0.29577464788732394
  ],
  "cosinus": [
    0.15656302015486045
  ]
}