{
  "voc_eval_res": {
    "precision": 66.6667,
    "recall": 58.3333,
    "f-score": 62.2222
  },
  "KL_res": {
    "KL divergence": 1.9945330732199782,
    "Euclidean Dist.": 0.22828564413352914,
    "WER": 0.59375,
    "CER": 0.45652173913043476,
    "Cosine Dist.": 0.302631956245593
  },
  "occ_eval_res": {
    "precision": 66.6667,
    "recall": 43.75,
    "f-score": 52.8302
  },
  "clean_eval": {
    "f-score": 13.983050847457628,
    "precision": 12.406015037593985,
    "recall": 16.019417475728158,
    "tp": 33,
    "fp": 233,
    "fn": 173
  },
  "jaccard": [
    0.5633802816901409
  ],
  "braycurtis": [
    0.462406015037594
  ],
  "dice": [
    0.39215686274509803
  ],
  "cosinus": [
    0.3591456040297507
  ]
}