{
  "voc_eval_res": {
    "precision": 38.4615,
    "recall": 25.0,
    "f-score": 30.303
  },
  "KL_res": {
    "KL divergence": 5.191178406360932,
    "Euclidean Dist.": 0.3110319372213008,
    "WER": 0.7619047619047619,
    "CER": 0.5590551181102362,
    "Cosine Dist.": 0.554564596812626
  },
  "occ_eval_res": {
    "precision": 38.4615,
    "recall": 23.8095,
    "f-score": 29.4118
  },
  "clean_eval": {
    "f-score": 54.268292682926834,
    "precision": 45.876288659793815,
    "recall": 66.4179104477612,
    "tp": 89,
    "fp": 105,
    "fn": 45
  },
  "jaccard": [
    0.6626506024096386
  ],
  "braycurtis": [
    0.5285714285714286
  ],
  "dice": [
    0.4954954954954955
  ],
  "cosinus": [
    0.4273925971379494
  ]
}