{
  "voc_eval_res": {
    "precision": 35.2941,
    "recall": 54.5455,
    "f-score": 42.8571
  },
  "KL_res": {
    "KL divergence": 1.631752517938958,
    "Euclidean Dist.": 0.2346259834512474,
    "WER": 0.6470588235294118,
    "CER": 0.5294117647058824,
    "Cosine Dist.": 0.09936651929747065
  },
  "occ_eval_res": {
    "precision": 52.1739,
    "recall": 70.5882,
    "f-score": 60.0
  },
  "clean_eval": {
    "f-score": 53.95894428152492,
    "precision": 63.013698630136986,
    "recall": 47.179487179487175,
    "tp": 92,
    "fp": 54,
    "fn": 103
  },
  "jaccard": [
    0.5760869565217391
  ],
  "braycurtis": [
    0.36
  ],
  "dice": [
    0.40458015267175573
  ],
  "cosinus": [
    0.21903219052377
  ]
}