{
  "voc_eval_res": {
    "precision": 46.1538,
    "recall": 54.5455,
    "f-score": 50.0
  },
  "KL_res": {
    "KL divergence": 2.742440194344818,
    "Euclidean Dist.": 0.29170144915544355,
    "WER": 0.8181818181818182,
    "CER": 0.6031746031746031,
    "Cosine Dist.": 0.3323021391104113
  },
  "occ_eval_res": {
    "precision": 46.1538,
    "recall": 54.5455,
    "f-score": 50.0
  },
  "clean_eval": {
    "f-score": 57.8125,
    "precision": 67.27272727272727,
    "recall": 50.68493150684932,
    "tp": 74,
    "fp": 36,
    "fn": 72
  },
  "jaccard": [
    0.6491228070175439
  ],
  "braycurtis": [
    0.48226950354609927
  ],
  "dice": [
    0.4805194805194805
  ],
  "cosinus": [
    0.3653479411059678
  ]
}