{
  "voc_eval_res": {
    "precision": 42.8571,
    "recall": 35.2941,
    "f-score": 38.7097
  },
  "KL_res": {
    "KL divergence": 4.1771232270395915,
    "Euclidean Dist.": 0.2992337152236202,
    "WER": 0.8,
    "CER": 0.5470085470085471,
    "Cosine Dist.": 0.47084973778708195
  },
  "occ_eval_res": {
    "precision": 42.8571,
    "recall": 30.0,
    "f-score": 35.2941
  },
  "clean_eval": {
    "f-score": 60.97560975609757,
    "precision": 58.82352941176471,
    "recall": 63.29113924050633,
    "tp": 100,
    "fp": 70,
    "fn": 58
  },
  "jaccard": [
    0.5918367346938775
  ],
  "braycurtis": [
    0.4419642857142857
  ],
  "dice": [
    0.42028985507246375
  ],
  "cosinus": [
    0.30825468387126453
  ]
}