{
  "voc_eval_res": {
    "precision": 10.7143,
    "recall": 21.4286,
    "f-score": 14.2857
  },
  "KL_res": {
    "KL divergence": 4.848175528794457,
    "Euclidean Dist.": 0.3113385073697513,
    "WER": 1.6875,
    "CER": 1.2717391304347827,
    "Cosine Dist.": 0.5726062423891354
  },
  "occ_eval_res": {
    "precision": 13.7931,
    "recall": 25.0,
    "f-score": 17.7778
  },
  "clean_eval": {
    "f-score": 11.134020618556702,
    "precision": 17.088607594936708,
    "recall": 8.256880733944955,
    "tp": 27,
    "fp": 131,
    "fn": 300
  },
  "jaccard": [
    0.8012820512820513
  ],
  "braycurtis": [
    0.6212121212121212
  ],
  "dice": [
    0.6684491978609626
  ],
  "cosinus": [
    0.3981158751159992
  ]
}