{
  "voc_eval_res": {
    "precision": 20.0,
    "recall": 20.0,
    "f-score": 20.0
  },
  "KL_res": {
    "KL divergence": 5.890366722331771,
    "Euclidean Dist.": 0.3405674076736501,
    "WER": 1.0666666666666667,
    "CER": 0.6893203883495146,
    "Cosine Dist.": 0.7113248654051871
  },
  "occ_eval_res": {
    "precision": 17.6471,
    "recall": 20.0,
    "f-score": 18.75
  },
  "clean_eval": {
    "f-score": 59.411764705882355,
    "precision": 59.411764705882355,
    "recall": 59.411764705882355,
    "tp": 101,
    "fp": 69,
    "fn": 69
  },
  "jaccard": [
    0.7651515151515151
  ],
  "braycurtis": [
    0.6602870813397129
  ],
  "dice": [
    0.6196319018404908
  ],
  "cosinus": [
    0.5842162338003194
  ]
}