{
  "voc_eval_res": {
    "precision": 50.0,
    "recall": 37.5,
    "f-score": 42.8571
  },
  "KL_res": {
    "KL divergence": 3.0090381363261978,
    "Euclidean Dist.": 0.26484750992739053,
    "WER": 0.5714285714285714,
    "CER": 0.425531914893617,
    "Cosine Dist.": 0.2521600206352076
  },
  "occ_eval_res": {
    "precision": 56.25,
    "recall": 42.8571,
    "f-score": 48.6486
  },
  "clean_eval": {
    "f-score": 63.92405063291139,
    "precision": 59.411764705882355,
    "recall": 69.17808219178082,
    "tp": 101,
    "fp": 69,
    "fn": 45
  },
  "jaccard": [
    0.6919191919191919
  ],
  "braycurtis": [
    0.4673913043478261
  ],
  "dice": [
    0.528957528957529
  ],
  "cosinus": [
    0.33874192145824245
  ]
}