{
  "voc_eval_res": {
    "precision": 33.3333,
    "recall": 50.0,
    "f-score": 40.0
  },
  "KL_res": {
    "KL divergence": 2.66837037630869,
    "Euclidean Dist.": 0.43716256828680006,
    "WER": 1.0,
    "CER": 0.7341772151898734,
    "Cosine Dist.": 0.43305329048615926
  },
  "occ_eval_res": {
    "precision": 33.3333,
    "recall": 40.0,
    "f-score": 36.3636
  },
  "clean_eval": {
    "f-score": 70.81712062256808,
    "precision": 74.59016393442623,
    "recall": 67.4074074074074,
    "tp": 91,
    "fp": 31,
    "fn": 44
  },
  "jaccard": [
    0.6132596685082873
  ],
  "braycurtis": [
    0.47904191616766467
  ],
  "dice": [
    0.44223107569721115
  ],
  "cosinus": [
    0.3193330011021116
  ]
}