{
  "voc_eval_res": {
    "precision": 32.1429,
    "recall": 23.0769,
    "f-score": 26.8657
  },
  "KL_res": {
    "KL divergence": 4.888350655944495,
    "Euclidean Dist.": 0.24801433650317703,
    "WER": 0.84,
    "CER": 0.5220338983050847,
    "Cosine Dist.": 0.6059447968804497
  },
  "occ_eval_res": {
    "precision": 33.3333,
    "recall": 20.0,
    "f-score": 25.0
  },
  "clean_eval": {
    "f-score": 41.83168316831683,
    "precision": 37.89237668161435,
    "recall": 46.68508287292818,
    "tp": 169,
    "fp": 277,
    "fn": 193
  },
  "jaccard": [
    0.6022471910112359
  ],
  "braycurtis": [
    0.41929499072356213
  ],
  "dice": [
    0.43086816720257237
  ],
  "cosinus": [
    0.3042836063223904
  ]
}