{
  "voc_eval_res": {
    "precision": 46.6667,
    "recall": 36.8421,
    "f-score": 41.1765
  },
  "KL_res": {
    "KL divergence": 1.6617847752627943,
    "Euclidean Dist.": 0.15246267244184633,
    "WER": 0.43243243243243246,
    "CER": 0.5074626865671642,
    "Cosine Dist.": 0.039720890570075995
  },
  "occ_eval_res": {
    "precision": 73.3333,
    "recall": 59.4595,
    "f-score": 65.6716
  },
  "clean_eval": {
    "f-score": 42.43614931237721,
    "precision": 40.6015037593985,
    "recall": 44.44444444444444,
    "tp": 108,
    "fp": 158,
    "fn": 135
  },
  "jaccard": [
    0.6230769230769231
  ],
  "braycurtis": [
    0.37407407407407406
  ],
  "dice": [
    0.45251396648044695
  ],
  "cosinus": [
    0.14317315574539669
  ]
}