{
  "voc_eval_res": {
    "precision": 40.0,
    "recall": 30.7692,
    "f-score": 34.7826
  },
  "KL_res": {
    "KL divergence": 3.361125835399104,
    "Euclidean Dist.": 0.2773084257965334,
    "WER": 0.625,
    "CER": 0.5070422535211268,
    "Cosine Dist.": 0.1993592309745641
  },
  "occ_eval_res": {
    "precision": 53.8462,
    "recall": 43.75,
    "f-score": 48.2759
  },
  "clean_eval": {
    "f-score": 66.93877551020407,
    "precision": 61.19402985074627,
    "recall": 73.87387387387388,
    "tp": 82,
    "fp": 52,
    "fn": 29
  },
  "jaccard": [
    0.6549295774647887
  ],
  "braycurtis": [
    0.47107438016528924
  ],
  "dice": [
    0.4869109947643979
  ],
  "cosinus": [
    0.3312470495408013
  ]
}