{
  "voc_eval_res": {
    "precision": 43.75,
    "recall": 63.6364,
    "f-score": 51.8519
  },
  "KL_res": {
    "KL divergence": 2.186784219633385,
    "Euclidean Dist.": 0.28198079985630814,
    "WER": 0.9090909090909091,
    "CER": 0.5882352941176471,
    "Cosine Dist.": 0.3119375379438135
  },
  "occ_eval_res": {
    "precision": 43.75,
    "recall": 63.6364,
    "f-score": 51.8519
  },
  "clean_eval": {
    "f-score": 58.6750788643533,
    "precision": 58.86075949367089,
    "recall": 58.490566037735846,
    "tp": 93,
    "fp": 65,
    "fn": 66
  },
  "jaccard": [
    0.535
  ],
  "braycurtis": [
    0.38011695906432746
  ],
  "dice": [
    0.3651877133105802
  ],
  "cosinus": [
    0.3332673978905637
  ]
}