{
  "voc_eval_res": {
    "precision": 37.5,
    "recall": 42.8571,
    "f-score": 40.0
  },
  "KL_res": {
    "KL divergence": 4.114851886042506,
    "Euclidean Dist.": 0.31596264999802054,
    "WER": 0.8125,
    "CER": 0.7,
    "Cosine Dist.": 0.5293212756683582
  },
  "occ_eval_res": {
    "precision": 35.2941,
    "recall": 37.5,
    "f-score": 36.3636
  },
  "clean_eval": {
    "f-score": 60.182370820668694,
    "precision": 58.235294117647065,
    "recall": 62.264150943396224,
    "tp": 99,
    "fp": 71,
    "fn": 60
  },
  "jaccard": [
    0.6824644549763034
  ],
  "braycurtis": [
    0.5722222222222222
  ],
  "dice": [
    0.5179856115107914
  ],
  "cosinus": [
    0.5395214975233815
  ]
}