{
  "voc_eval_res": {
    "precision": 20.6897,
    "recall": 19.3548,
    "f-score": 20.0
  },
  "KL_res": {
    "KL divergence": 5.343957694446499,
    "Euclidean Dist.": 0.25025687018992016,
    "WER": 0.8947368421052632,
    "CER": 0.6286919831223629,
    "Cosine Dist.": 0.6897733062682074
  },
  "occ_eval_res": {
    "precision": 20.0,
    "recall": 15.7895,
    "f-score": 17.6471
  },
  "clean_eval": {
    "f-score": 20.28571428571429,
    "precision": 19.613259668508288,
    "recall": 21.005917159763314,
    "tp": 71,
    "fp": 291,
    "fn": 267
  },
  "jaccard": [
    0.6352657004830918
  ],
  "braycurtis": [
    0.45689655172413796
  ],
  "dice": [
    0.4654867256637168
  ],
  "cosinus": [
    0.311941595070641
  ]
}