{
  "voc_eval_res": {
    "precision": 0,
    "recall": 0,
    "f-score": 0
  },
  "KL_res": {
    "KL divergence": 10.126232183440985,
    "Euclidean Dist.": 0.8660254037844386,
    "WER": 1.0,
    "CER": 0.8461538461538461,
    "Cosine Dist.": 1.0
  },
  "occ_eval_res": {
    "precision": 0,
    "recall": 0,
    "f-score": 0
  },
  "clean_eval": {
    "f-score": 42.3076923076923,
    "precision": 28.947368421052634,
    "recall": 78.57142857142857,
    "tp": 11,
    "fp": 27,
    "fn": 3
  },
  "jaccard": [
    1.0
  ],
  "braycurtis": [
    1.0
  ],
  "dice": [
    1.0
  ],
  "cosinus": [
    1.0
  ]
}