{
  "voc_eval_res": {
    "precision": 27.7778,
    "recall": 25.0,
    "f-score": 26.3158
  },
  "KL_res": {
    "KL divergence": 4.8776314967138115,
    "Euclidean Dist.": 0.2839533898357696,
    "WER": 0.8181818181818182,
    "CER": 0.56,
    "Cosine Dist.": 0.5708808760887091
  },
  "occ_eval_res": {
    "precision": 27.7778,
    "recall": 22.7273,
    "f-score": 25.0
  },
  "clean_eval": {
    "f-score": 69.0721649484536,
    "precision": 69.0721649484536,
    "recall": 69.0721649484536,
    "tp": 134,
    "fp": 60,
    "fn": 60
  },
  "jaccard": [
    0.6468531468531469
  ],
  "braycurtis": [
    0.5
  ],
  "dice": [
    0.4780361757105943
  ],
  "cosinus": [
    0.38072063301006986
  ]
}