{
  "voc_eval_res": {
    "precision": 50.0,
    "recall": 41.6667,
    "f-score": 45.4545
  },
  "KL_res": {
    "KL divergence": 2.4974744727842273,
    "Euclidean Dist.": 0.20192318184924007,
    "WER": 0.5263157894736842,
    "CER": 0.3551912568306011,
    "Cosine Dist.": 0.13372390134743994
  },
  "occ_eval_res": {
    "precision": 64.5161,
    "recall": 52.6316,
    "f-score": 57.971
  },
  "clean_eval": {
    "f-score": 16.206896551724135,
    "precision": 16.206896551724135,
    "recall": 16.206896551724135,
    "tp": 47,
    "fp": 243,
    "fn": 243
  },
  "jaccard": [
    0.5384615384615384
  ],
  "braycurtis": [
    0.34472934472934474
  ],
  "dice": [
    0.3684210526315789
  ],
  "cosinus": [
    0.18199093660510646
  ]
}