{
  "voc_eval_res": {
    "precision": 58.3333,
    "recall": 38.8889,
    "f-score": 46.6667
  },
  "KL_res": {
    "KL divergence": 2.9103180801925754,
    "Euclidean Dist.": 0.2592175727067901,
    "WER": 0.64,
    "CER": 0.4056603773584906,
    "Cosine Dist.": 0.20369447618140346
  },
  "occ_eval_res": {
    "precision": 68.75,
    "recall": 44.0,
    "f-score": 53.6585
  },
  "clean_eval": {
    "f-score": 55.11363636363637,
    "precision": 50.0,
    "recall": 61.39240506329114,
    "tp": 97,
    "fp": 97,
    "fn": 61
  },
  "jaccard": [
    0.5854922279792746
  ],
  "braycurtis": [
    0.38578680203045684
  ],
  "dice": [
    0.4139194139194139
  ],
  "cosinus": [
    0.2845728181607661
  ]
}