{
  "voc_eval_res": {
    "precision": 53.8462,
    "recall": 31.8182,
    "f-score": 40.0
  },
  "KL_res": {
    "KL divergence": 2.678952540690845,
    "Euclidean Dist.": 0.25087430627565505,
    "WER": 0.6470588235294118,
    "CER": 0.5642857142857143,
    "Cosine Dist.": 0.15035570687692978
  },
  "occ_eval_res": {
    "precision": 68.4211,
    "recall": 38.2353,
    "f-score": 49.0566
  },
  "clean_eval": {
    "f-score": 51.94174757281552,
    "precision": 42.125984251968504,
    "recall": 67.72151898734177,
    "tp": 107,
    "fp": 147,
    "fn": 51
  },
  "jaccard": [
    0.6852589641434262
  ],
  "braycurtis": [
    0.5213675213675214
  ],
  "dice": [
    0.5212121212121212
  ],
  "cosinus": [
    0.31881181833885464
  ]
}