{
  "voc_eval_res": {
    "precision": 0,
    "recall": 0,
    "f-score": 0
  },
  "KL_res": {
    "KL divergence": 10.81956495945604,
    "Euclidean Dist.": 1.224744871391589,
    "WER": 1.0,
    "CER": 0.9090909090909091,
    "Cosine Dist.": 1.0
  },
  "occ_eval_res": {
    "precision": 0,
    "recall": 0,
    "f-score": 0
  },
  "clean_eval": {
    "f-score": 50.0,
    "precision": 38.46153846153847,
    "recall": 71.42857142857143,
    "tp": 10,
    "fp": 16,
    "fn": 4
  },
  "jaccard": [
    1.0
  ],
  "braycurtis": [
    1.0
  ],
  "dice": [
    1.0
  ],
  "cosinus": [
    1.0
  ]
}