{
  "voc_eval_res": {
    "precision": 47.0588,
    "recall": 61.5385,
    "f-score": 53.3333
  },
  "KL_res": {
    "KL divergence": 2.1392422014544703,
    "Euclidean Dist.": 0.24270877296969365,
    "WER": 0.6875,
    "CER": 0.6477272727272727,
    "Cosine Dist.": 0.2328047259083329
  },
  "occ_eval_res": {
    "precision": 52.6316,
    "recall": 62.5,
    "f-score": 57.1429
  },
  "clean_eval": {
    "f-score": 43.988269794721404,
    "precision": 47.46835443037975,
    "recall": 40.98360655737705,
    "tp": 75,
    "fp": 83,
    "fn": 108
  },
  "jaccard": [
    0.6160714285714286
  ],
  "braycurtis": [
    0.43842364532019706
  ],
  "dice": [
    0.44516129032258067
  ],
  "cosinus": [
    0.3298728200652896
  ]
}