{
  "voc_eval_res": {
    "precision": 26.3158,
    "recall": 31.25,
    "f-score": 28.5714
  },
  "KL_res": {
    "KL divergence": 4.2597278059193915,
    "Euclidean Dist.": 0.29258194480078664,
    "WER": 0.9411764705882353,
    "CER": 0.5573770491803278,
    "Cosine Dist.": 0.5285954792089683
  },
  "occ_eval_res": {
    "precision": 26.3158,
    "recall": 29.4118,
    "f-score": 27.7778
  },
  "clean_eval": {
    "f-score": 64.28571428571429,
    "precision": 64.28571428571429,
    "recall": 64.28571428571429,
    "tp": 117,
    "fp": 65,
    "fn": 65
  },
  "jaccard": [
    0.6178571428571429
  ],
  "braycurtis": [
    0.5101214574898786
  ],
  "dice": [
    0.4470284237726098
  ],
  "cosinus": [
    0.4024981328037477
  ]
}