{
  "voc_eval_res": {
    "precision": 100.0,
    "recall": 90.0,
    "f-score": 94.7368
  },
  "KL_res": {
    "KL divergence": 0.44650752541724004,
    "Euclidean Dist.": 0.2405626121623441,
    "WER": 0.25,
    "CER": 0.2878787878787879,
    "Cosine Dist.": 0.12349901982144484
  },
  "occ_eval_res": {
    "precision": 100.0,
    "recall": 75.0,
    "f-score": 85.7143
  },
  "clean_eval": {
    "f-score": 56.730769230769226,
    "precision": 48.36065573770492,
    "recall": 68.6046511627907,
    "tp": 59,
    "fp": 63,
    "fn": 27
  },
  "jaccard": [
    0.17894736842105263
  ],
  "braycurtis": [
    0.18181818181818182
  ],
  "dice": [
    0.09826589595375723
  ],
  "cosinus": [
    0.08665663251798872
  ]
}