{
  "voc_eval_res": {
    "precision": 47.0588,
    "recall": 50.0,
    "f-score": 48.4848
  },
  "KL_res": {
    "KL divergence": 3.219419745082083,
    "Euclidean Dist.": 0.2746261115294517,
    "WER": 0.6666666666666666,
    "CER": 0.5666666666666667,
    "Cosine Dist.": 0.30529024156790874
  },
  "occ_eval_res": {
    "precision": 57.1429,
    "recall": 40.0,
    "f-score": 47.0588
  },
  "clean_eval": {
    "f-score": 57.446808510638306,
    "precision": 55.670103092783506,
    "recall": 59.34065934065934,
    "tp": 108,
    "fp": 86,
    "fn": 74
  },
  "jaccard": [
    0.6375545851528385
  ],
  "braycurtis": [
    0.532520325203252
  ],
  "dice": [
    0.46794871794871795
  ],
  "cosinus": [
    0.48700740745747106
  ]
}