{
  "voc_eval_res": {
    "precision": 100.0,
    "recall": 66.6667,
    "f-score": 80.0
  },
  "KL_res": {
    "KL divergence": 1.9408171055553476,
    "Euclidean Dist.": 0.47140452079103173,
    "WER": 0.3333333333333333,
    "CER": 0.15384615384615385,
    "Cosine Dist.": 0.10557280900008414
  },
  "occ_eval_res": {
    "precision": 100.0,
    "recall": 66.6667,
    "f-score": 80.0
  },
  "clean_eval": {
    "f-score": 68.75,
    "precision": 57.89473684210527,
    "recall": 84.61538461538461,
    "tp": 22,
    "fp": 16,
    "fn": 4
  },
  "jaccard": [
    0.3076923076923077
  ],
  "braycurtis": [
    0.18181818181818182
  ],
  "dice": [
    0.18181818181818182
  ],
  "cosinus": [
    0.17410335806597788
  ]
}