{
  "voc_eval_res": {
    "precision": 33.3333,
    "recall": 16.6667,
    "f-score": 22.2222
  },
  "KL_res": {
    "KL divergence": 6.878905528862106,
    "Euclidean Dist.": 0.6454972243679029,
    "WER": 0.8333333333333334,
    "CER": 0.6060606060606061,
    "Cosine Dist.": 0.6220355269907728
  },
  "occ_eval_res": {
    "precision": 33.3333,
    "recall": 16.6667,
    "f-score": 22.2222
  },
  "clean_eval": {
    "f-score": 63.63636363636363,
    "precision": 56.00000000000001,
    "recall": 73.68421052631578,
    "tp": 28,
    "fp": 22,
    "fn": 10
  },
  "jaccard": [
    0.7976190476190477
  ],
  "braycurtis": [
    0.660377358490566
  ],
  "dice": [
    0.6633663366336634
  ],
  "cosinus": [
    0.619158227738932
  ]
}