{
  "voc_eval_res": {
    "precision": 0,
    "recall": 0,
    "f-score": 0
  },
  "KL_res": {
    "KL divergence": 11.512247667944902,
    "Euclidean Dist.": 1.1547005383792517,
    "WER": 3.0,
    "CER": 3.8,
    "Cosine Dist.": 1.0
  },
  "occ_eval_res": {
    "precision": 0,
    "recall": 0,
    "f-score": 0
  },
  "clean_eval": {
    "f-score": 53.658536585365844,
    "precision": 78.57142857142857,
    "recall": 40.74074074074074,
    "tp": 11,
    "fp": 3,
    "fn": 16
  },
  "jaccard": [
    1.0
  ],
  "braycurtis": [
    1.0
  ],
  "dice": [
    1.0
  ],
  "cosinus": [
    1.0
  ]
}