{
  "voc_eval_res": {
    "precision": 52.381,
    "recall": 57.8947,
    "f-score": 55.0
  },
  "KL_res": {
    "KL divergence": 2.3580449341169505,
    "Euclidean Dist.": 0.23286954302558394,
    "WER": 0.7894736842105263,
    "CER": 0.43478260869565216,
    "Cosine Dist.": 0.3394217409241834
  },
  "occ_eval_res": {
    "precision": 45.8333,
    "recall": 57.8947,
    "f-score": 51.1628
  },
  "clean_eval": {
    "f-score": 54.245283018867916,
    "precision": 59.27835051546392,
    "recall": 50.0,
    "tp": 115,
    "fp": 79,
    "fn": 115
  },
  "jaccard": [
    0.5204460966542751
  ],
  "braycurtis": [
    0.40304182509505704
  ],
  "dice": [
    0.35175879396984927
  ],
  "cosinus": [
    0.3400214489543689
  ]
}