{
  "voc_eval_res": {
    "precision": 40.0,
    "recall": 36.3636,
    "f-score": 38.0952
  },
  "KL_res": {
    "KL divergence": 4.033290618082923,
    "Euclidean Dist.": 0.3840337482430576,
    "WER": 0.8461538461538461,
    "CER": 0.5833333333333334,
    "Cosine Dist.": 0.37724763122047245
  },
  "occ_eval_res": {
    "precision": 33.3333,
    "recall": 38.4615,
    "f-score": 35.7143
  },
  "clean_eval": {
    "f-score": 30.46875,
    "precision": 31.967213114754102,
    "recall": 29.1044776119403,
    "tp": 39,
    "fp": 83,
    "fn": 95
  },
  "jaccard": [
    0.8011363636363636
  ],
  "braycurtis": [
    0.6621621621621622
  ],
  "dice": [
    0.6682464454976303
  ],
  "cosinus": [
    0.5747990346735377
  ]
}