{
  "voc_eval_res": {
    "precision": 28.5714,
    "recall": 44.4444,
    "f-score": 34.7826
  },
  "KL_res": {
    "KL divergence": 3.5682782554135075,
    "Euclidean Dist.": 0.35937706349634835,
    "WER": 1.0,
    "CER": 0.6363636363636364,
    "Cosine Dist.": 0.3789409965918814
  },
  "occ_eval_res": {
    "precision": 33.3333,
    "recall": 38.4615,
    "f-score": 35.7143
  },
  "clean_eval": {
    "f-score": 34.32835820895522,
    "precision": 41.81818181818181,
    "recall": 29.11392405063291,
    "tp": 46,
    "fp": 64,
    "fn": 112
  },
  "jaccard": [
    0.7058823529411765
  ],
  "braycurtis": [
    0.4876543209876543
  ],
  "dice": [
    0.5454545454545454
  ],
  "cosinus": [
    0.314657206972228
  ]
}