{
  "voc_eval_res": {
    "precision": 47.0588,
    "recall": 42.1053,
    "f-score": 44.4444
  },
  "KL_res": {
    "KL divergence": 3.387398667028639,
    "Euclidean Dist.": 0.26897364311057415,
    "WER": 0.782608695652174,
    "CER": 0.5535714285714286,
    "Cosine Dist.": 0.3765185209754812
  },
  "occ_eval_res": {
    "precision": 47.3684,
    "recall": 39.1304,
    "f-score": 42.8571
  },
  "clean_eval": {
    "f-score": 51.59574468085108,
    "precision": 53.2967032967033,
    "recall": 50.0,
    "tp": 97,
    "fp": 85,
    "fn": 97
  },
  "jaccard": [
    0.5787234042553191
  ],
  "braycurtis": [
    0.42735042735042733
  ],
  "dice": [
    0.40718562874251496
  ],
  "cosinus": [
    0.32808315119692066
  ]
}