{
  "voc_eval_res": {
    "precision": 31.8182,
    "recall": 46.6667,
    "f-score": 37.8378
  },
  "KL_res": {
    "KL divergence": 3.1108553608080105,
    "Euclidean Dist.": 0.2799701135171573,
    "WER": 0.9375,
    "CER": 1.0410958904109588,
    "Cosine Dist.": 0.43851007492512295
  },
  "occ_eval_res": {
    "precision": 31.8182,
    "recall": 43.75,
    "f-score": 36.8421
  },
  "clean_eval": {
    "f-score": 28.57142857142857,
    "precision": 35.61643835616438,
    "recall": 23.853211009174313,
    "tp": 52,
    "fp": 94,
    "fn": 166
  },
  "jaccard": [
    0.7106227106227107
  ],
  "braycurtis": [
    0.5735294117647058
  ],
  "dice": [
    0.5511363636363636
  ],
  "cosinus": [
    0.5076870240096155
  ]
}