{
  "voc_eval_res": {
    "precision": 42.3077,
    "recall": 52.381,
    "f-score": 46.8085
  },
  "KL_res": {
    "KL divergence": 2.2868840430387594,
    "Euclidean Dist.": 0.2954286826103311,
    "WER": 0.8076923076923077,
    "CER": 0.9313725490196079,
    "Cosine Dist.": 0.43271684118484666
  },
  "occ_eval_res": {
    "precision": 42.3077,
    "recall": 42.3077,
    "f-score": 42.3077
  },
  "clean_eval": {
    "f-score": 42.41071428571429,
    "precision": 52.197802197802204,
    "recall": 35.714285714285715,
    "tp": 95,
    "fp": 87,
    "fn": 171
  },
  "jaccard": [
    0.6666666666666666
  ],
  "braycurtis": [
    0.5664335664335665
  ],
  "dice": [
    0.5
  ],
  "cosinus": [
    0.5604928048285974
  ]
}