{
  "voc_eval_res": {
    "precision": 28.5714,
    "recall": 25.0,
    "f-score": 26.6667
  },
  "KL_res": {
    "KL divergence": 5.217848615129724,
    "Euclidean Dist.": 0.31389992555798113,
    "WER": 0.875,
    "CER": 0.6576576576576577,
    "Cosine Dist.": 0.5783629786442162
  },
  "occ_eval_res": {
    "precision": 28.5714,
    "recall": 25.0,
    "f-score": 26.6667
  },
  "clean_eval": {
    "f-score": 64.20454545454547,
    "precision": 58.24742268041238,
    "recall": 71.51898734177216,
    "tp": 113,
    "fp": 81,
    "fn": 45
  },
  "jaccard": [
    0.7192307692307692
  ],
  "braycurtis": [
    0.5784313725490197
  ],
  "dice": [
    0.5615615615615616
  ],
  "cosinus": [
    0.45274045492206705
  ]
}