{
  "voc_eval_res": {
    "precision": 47.3684,
    "recall": 64.2857,
    "f-score": 54.5455
  },
  "KL_res": {
    "KL divergence": 0.8290618695881532,
    "Euclidean Dist.": 0.14705882352941174,
    "WER": 0.36666666666666664,
    "CER": 0.49107142857142855,
    "Cosine Dist.": 0.027025797408740226
  },
  "occ_eval_res": {
    "precision": 70.5882,
    "recall": 80.0,
    "f-score": 75.0
  },
  "clean_eval": {
    "f-score": 32.283464566929126,
    "precision": 33.88429752066116,
    "recall": 30.82706766917293,
    "tp": 82,
    "fp": 160,
    "fn": 184
  },
  "jaccard": [
    0.5787037037037037
  ],
  "braycurtis": [
    0.325
  ],
  "dice": [
    0.40716612377850164
  ],
  "cosinus": [
    0.10468287054210723
  ]
}