{
  "voc_eval_res": {
    "precision": 37.931,
    "recall": 35.4839,
    "f-score": 36.6667
  },
  "KL_res": {
    "KL divergence": 2.660759201842661,
    "Euclidean Dist.": 0.18122096078797126,
    "WER": 0.8636363636363636,
    "CER": 0.7142857142857143,
    "Cosine Dist.": 0.16328234629868765
  },
  "occ_eval_res": {
    "precision": 50.0,
    "recall": 40.9091,
    "f-score": 45.0
  },
  "clean_eval": {
    "f-score": 10.571428571428571,
    "precision": 10.220994475138122,
    "recall": 10.946745562130179,
    "tp": 37,
    "fp": 325,
    "fn": 301
  },
  "jaccard": [
    0.6486486486486487
  ],
  "braycurtis": [
    0.434878587196468
  ],
  "dice": [
    0.48
  ],
  "cosinus": [
    0.2152599989120747
  ]
}