{
  "voc_eval_res": {
    "precision": 36.3636,
    "recall": 26.6667,
    "f-score": 30.7692
  },
  "KL_res": {
    "KL divergence": 5.274804530988952,
    "Euclidean Dist.": 0.3650681828186468,
    "WER": 0.875,
    "CER": 0.6635514018691588,
    "Cosine Dist.": 0.6278063158406116
  },
  "occ_eval_res": {
    "precision": 30.7692,
    "recall": 25.0,
    "f-score": 27.5862
  },
  "clean_eval": {
    "f-score": 55.294117647058826,
    "precision": 45.63106796116505,
    "recall": 70.1492537313433,
    "tp": 94,
    "fp": 112,
    "fn": 40
  },
  "jaccard": [
    0.7533632286995515
  ],
  "braycurtis": [
    0.6514285714285715
  ],
  "dice": [
    0.60431654676259
  ],
  "cosinus": [
    0.5924210304369901
  ]
}