{
  "voc_eval_res": {
    "precision": 40.0,
    "recall": 66.6667,
    "f-score": 50.0
  },
  "KL_res": {
    "KL divergence": 2.3169357839456173,
    "Euclidean Dist.": 0.5497474167490214,
    "WER": 1.3333333333333333,
    "CER": 0.9230769230769231,
    "Cosine Dist.": 0.3238765962171868
  },
  "occ_eval_res": {
    "precision": 40.0,
    "recall": 66.6667,
    "f-score": 50.0
  },
  "clean_eval": {
    "f-score": 54.545454545454554,
    "precision": 55.26315789473685,
    "recall": 53.84615384615385,
    "tp": 21,
    "fp": 17,
    "fn": 18
  },
  "jaccard": [
    0.7346938775510204
  ],
  "braycurtis": [
    0.59375
  ],
  "dice": [
    0.5806451612903226
  ],
  "cosinus": [
    0.5425042890021861
  ]
}