{
  "voc_eval_res": {
    "precision": 0,
    "recall": 0,
    "f-score": 0
  },
  "KL_res": {
    "KL divergence": 11.512247667944902,
    "Euclidean Dist.": 1.1547005383792517,
    "WER": 3.0,
    "CER": 1.6666666666666667,
    "Cosine Dist.": 1.0
  },
  "occ_eval_res": {
    "precision": 0,
    "recall": 0,
    "f-score": 0
  },
  "clean_eval": {
    "f-score": 53.658536585365844,
    "precision": 78.57142857142857,
    "recall": 40.74074074074074,
    "tp": 11,
    "fp": 3,
    "fn": 16
  },
  "jaccard": [
    0.9761904761904762
  ],
  "braycurtis": [
    0.9583333333333334
  ],
  "dice": [
    0.9534883720930233
  ],
  "cosinus": [
    0.9606250384520921
  ]
}