{
  "voc_eval_res": {
    "precision": 30.4348,
    "recall": 36.8421,
    "f-score": 33.3333
  },
  "KL_res": {
    "KL divergence": 3.299553878917415,
    "Euclidean Dist.": 0.25211829835146116,
    "WER": 0.9545454545454546,
    "CER": 0.6183206106870229,
    "Cosine Dist.": 0.3951852632409939
  },
  "occ_eval_res": {
    "precision": 32.0,
    "recall": 36.3636,
    "f-score": 34.0426
  },
  "clean_eval": {
    "f-score": 52.293577981651374,
    "precision": 52.293577981651374,
    "recall": 52.293577981651374,
    "tp": 114,
    "fp": 104,
    "fn": 104
  },
  "jaccard": [
    0.7076923076923077
  ],
  "braycurtis": [
    0.5422535211267606
  ],
  "dice": [
    0.5476190476190477
  ],
  "cosinus": [
    0.4096805726309056
  ]
}