{
  "voc_eval_res": {
    "precision": 26.3158,
    "recall": 35.7143,
    "f-score": 30.303
  },
  "KL_res": {
    "KL divergence": 4.419282986646926,
    "Euclidean Dist.": 0.33331459001513125,
    "WER": 1.0588235294117647,
    "CER": 0.7738095238095238,
    "Cosine Dist.": 0.5979848738963152
  },
  "occ_eval_res": {
    "precision": 25.0,
    "recall": 29.4118,
    "f-score": 27.027
  },
  "clean_eval": {
    "f-score": 50.58823529411766,
    "precision": 58.9041095890411,
    "recall": 44.329896907216494,
    "tp": 86,
    "fp": 60,
    "fn": 108
  },
  "jaccard": [
    0.7056603773584905
  ],
  "braycurtis": [
    0.6
  ],
  "dice": [
    0.5451895043731778
  ],
  "cosinus": [
    0.5864532369797373
  ]
}