{
  "voc_eval_res": {
    "precision": 15.3846,
    "recall": 33.3333,
    "f-score": 21.0526
  },
  "KL_res": {
    "KL divergence": 2.5602790975937015,
    "Euclidean Dist.": 0.3928371006591931,
    "WER": 1.2,
    "CER": 0.6666666666666666,
    "Cosine Dist.": 0.19501552810007583
  },
  "occ_eval_res": {
    "precision": 33.3333,
    "recall": 60.0,
    "f-score": 42.8571
  },
  "clean_eval": {
    "f-score": 62.857142857142854,
    "precision": 72.1311475409836,
    "recall": 55.69620253164557,
    "tp": 88,
    "fp": 34,
    "fn": 70
  },
  "jaccard": [
    0.7898089171974523
  ],
  "braycurtis": [
    0.4143646408839779
  ],
  "dice": [
    0.6526315789473685
  ],
  "cosinus": [
    0.16338912369777114
  ]
}