{
  "voc_eval_res": {
    "precision": 87.5,
    "recall": 63.6364,
    "f-score": 73.6842
  },
  "KL_res": {
    "KL divergence": 1.9139549125029012,
    "Euclidean Dist.": 0.2548597896818841,
    "WER": 0.36363636363636365,
    "CER": 0.35,
    "Cosine Dist.": 0.14798713276974174
  },
  "occ_eval_res": {
    "precision": 87.5,
    "recall": 63.6364,
    "f-score": 73.6842
  },
  "clean_eval": {
    "f-score": 60.57692307692308,
    "precision": 51.63934426229508,
    "recall": 73.25581395348837,
    "tp": 63,
    "fp": 59,
    "fn": 23
  },
  "jaccard": [
    0.3148148148148148
  ],
  "braycurtis": [
    0.24
  ],
  "dice": [
    0.18681318681318682
  ],
  "cosinus": [
    0.17658596813712324
  ]
}