{
  "voc_eval_res": {
    "precision": 47.3684,
    "recall": 36.0,
    "f-score": 40.9091
  },
  "KL_res": {
    "KL divergence": 2.7375393692397214,
    "Euclidean Dist.": 0.21213203435596426,
    "WER": 0.6,
    "CER": 0.4662576687116564,
    "Cosine Dist.": 0.12491559349809067
  },
  "occ_eval_res": {
    "precision": 60.7143,
    "recall": 48.5714,
    "f-score": 53.9683
  },
  "clean_eval": {
    "f-score": 45.769230769230774,
    "precision": 42.805755395683455,
    "recall": 49.17355371900827,
    "tp": 119,
    "fp": 159,
    "fn": 123
  },
  "jaccard": [
    0.5902140672782875
  ],
  "braycurtis": [
    0.40683229813664595
  ],
  "dice": [
    0.41865509761388287
  ],
  "cosinus": [
    0.2598527271072054
  ]
}