{
  "voc_eval_res": {
    "precision": 42.1053,
    "recall": 80.0,
    "f-score": 55.1724
  },
  "KL_res": {
    "KL divergence": 0.446289067386682,
    "Euclidean Dist.": 0.19038214224831834,
    "WER": 0.39285714285714285,
    "CER": 0.6521739130434783,
    "Cosine Dist.": 0.018676259008418628
  },
  "occ_eval_res": {
    "precision": 70.2703,
    "recall": 92.8571,
    "f-score": 80.0
  },
  "clean_eval": {
    "f-score": 42.25352112676056,
    "precision": 50.970873786407765,
    "recall": 36.08247422680412,
    "tp": 105,
    "fp": 101,
    "fn": 186
  },
  "jaccard": [
    0.5612244897959183
  ],
  "braycurtis": [
    0.2863070539419087
  ],
  "dice": [
    0.3900709219858156
  ],
  "cosinus": [
    0.08212749296257615
  ]
}