{
  "voc_eval_res": {
    "precision": 50.0,
    "recall": 20.0,
    "f-score": 28.5714
  },
  "KL_res": {
    "KL divergence": 6.519914037639101,
    "Euclidean Dist.": 0.7681145747868608,
    "WER": 0.8,
    "CER": 0.5909090909090909,
    "Cosine Dist.": 0.5285954792089683
  },
  "occ_eval_res": {
    "precision": 50.0,
    "recall": 20.0,
    "f-score": 28.5714
  },
  "clean_eval": {
    "f-score": 50.0,
    "precision": 38.0,
    "recall": 73.07692307692307,
    "tp": 19,
    "fp": 31,
    "fn": 7
  },
  "jaccard": [
    0.7884615384615384
  ],
  "braycurtis": [
    0.65625
  ],
  "dice": [
    0.6507936507936508
  ],
  "cosinus": [
    0.6251829714673454
  ]
}