{
  "voc_eval_res": {
    "precision": 14.2857,
    "recall": 19.0476,
    "f-score": 16.3265
  },
  "KL_res": {
    "KL divergence": 5.2393533233697465,
    "Euclidean Dist.": 0.2901344594065782,
    "WER": 1.0714285714285714,
    "CER": 0.9104477611940298,
    "Cosine Dist.": 0.6260212039966171
  },
  "occ_eval_res": {
    "precision": 16.6667,
    "recall": 17.8571,
    "f-score": 17.2414
  },
  "clean_eval": {
    "f-score": 13.577981651376147,
    "precision": 17.96116504854369,
    "recall": 10.914454277286136,
    "tp": 37,
    "fp": 169,
    "fn": 302
  },
  "jaccard": [
    0.7522658610271903
  ],
  "braycurtis": [
    0.5611285266457681
  ],
  "dice": [
    0.6029055690072639
  ],
  "cosinus": [
    0.3972284023641949
  ]
}