{
  "voc_eval_res": {
    "precision": 33.3333,
    "recall": 36.3636,
    "f-score": 34.7826
  },
  "KL_res": {
    "KL divergence": 3.319938697587602,
    "Euclidean Dist.": 0.2880295037820035,
    "WER": 0.6923076923076923,
    "CER": 0.5432098765432098,
    "Cosine Dist.": 0.23799923799885703
  },
  "occ_eval_res": {
    "precision": 42.8571,
    "recall": 46.1538,
    "f-score": 44.4444
  },
  "clean_eval": {
    "f-score": 51.42857142857144,
    "precision": 59.01639344262295,
    "recall": 45.56962025316456,
    "tp": 72,
    "fp": 50,
    "fn": 86
  },
  "jaccard": [
    0.6647058823529411
  ],
  "braycurtis": [
    0.40229885057471265
  ],
  "dice": [
    0.4977973568281938
  ],
  "cosinus": [
    0.20397763661915924
  ]
}