{
  "voc_eval_res": {
    "precision": 35.7143,
    "recall": 50.0,
    "f-score": 41.6667
  },
  "KL_res": {
    "KL divergence": 2.2403161629126815,
    "Euclidean Dist.": 0.2668532614984024,
    "WER": 0.7692307692307693,
    "CER": 0.5254237288135594,
    "Cosine Dist.": 0.17840613445904485
  },
  "occ_eval_res": {
    "precision": 47.0588,
    "recall": 61.5385,
    "f-score": 53.3333
  },
  "clean_eval": {
    "f-score": 62.453531598513,
    "precision": 68.85245901639344,
    "recall": 57.14285714285714,
    "tp": 84,
    "fp": 38,
    "fn": 63
  },
  "jaccard": [
    0.6028368794326241
  ],
  "braycurtis": [
    0.4274193548387097
  ],
  "dice": [
    0.43147208121827413
  ],
  "cosinus": [
    0.31885425492887953
  ]
}