{
  "voc_eval_res": {
    "precision": 42.8571,
    "recall": 33.3333,
    "f-score": 37.5
  },
  "KL_res": {
    "KL divergence": 4.481529450154246,
    "Euclidean Dist.": 0.3213858878185053,
    "WER": 0.72,
    "CER": 0.4838709677419355,
    "Cosine Dist.": 0.48935707881183477
  },
  "occ_eval_res": {
    "precision": 46.6667,
    "recall": 28.0,
    "f-score": 35.0
  },
  "clean_eval": {
    "f-score": 63.52941176470589,
    "precision": 59.34065934065934,
    "recall": 68.35443037974683,
    "tp": 108,
    "fp": 74,
    "fn": 50
  },
  "jaccard": [
    0.631336405529954
  ],
  "braycurtis": [
    0.47085201793721976
  ],
  "dice": [
    0.4612794612794613
  ],
  "cosinus": [
    0.34326449072843124
  ]
}