{
  "voc_eval_res": {
    "precision": 27.2727,
    "recall": 50.0,
    "f-score": 35.2941
  },
  "KL_res": {
    "KL divergence": 2.009978834576449,
    "Euclidean Dist.": 0.2455731726295421,
    "WER": 0.9,
    "CER": 1.1282051282051282,
    "Cosine Dist.": 0.1374762754865836
  },
  "occ_eval_res": {
    "precision": 44.8276,
    "recall": 65.0,
    "f-score": 53.0612
  },
  "clean_eval": {
    "f-score": 12.735849056603774,
    "precision": 18.493150684931507,
    "recall": 9.712230215827338,
    "tp": 27,
    "fp": 119,
    "fn": 251
  },
  "jaccard": [
    0.708502024291498
  ],
  "braycurtis": [
    0.497907949790795
  ],
  "dice": [
    0.54858934169279
  ],
  "cosinus": [
    0.26384656061373524
  ]
}