{
  "voc_eval_res": {
    "precision": 41.6667,
    "recall": 100.0,
    "f-score": 58.8235
  },
  "KL_res": {
    "KL divergence": 0.7010751258362679,
    "Euclidean Dist.": 0.5297284633639759,
    "WER": 1.4285714285714286,
    "CER": 1.5185185185185186,
    "Cosine Dist.": 0.37762408573585804
  },
  "occ_eval_res": {
    "precision": 35.7143,
    "recall": 71.4286,
    "f-score": 47.619
  },
  "clean_eval": {
    "f-score": 50.0,
    "precision": 66.21621621621621,
    "recall": 40.16393442622951,
    "tp": 49,
    "fp": 25,
    "fn": 73
  },
  "jaccard": [
    0.6532258064516129
  ],
  "braycurtis": [
    0.5631067961165048
  ],
  "dice": [
    0.48502994011976047
  ],
  "cosinus": [
    0.5225539886980743
  ]
}