{
  "voc_eval_res": {
    "precision": 48.0,
    "recall": 63.1579,
    "f-score": 54.5455
  },
  "KL_res": {
    "KL divergence": 1.4704081970627865,
    "Euclidean Dist.": 0.1593949768626383,
    "WER": 0.6129032258064516,
    "CER": 0.6220472440944882,
    "Cosine Dist.": 0.0715083217184973
  },
  "occ_eval_res": {
    "precision": 61.1111,
    "recall": 70.9677,
    "f-score": 65.6716
  },
  "clean_eval": {
    "f-score": 37.67605633802816,
    "precision": 42.125984251968504,
    "recall": 34.07643312101911,
    "tp": 107,
    "fp": 147,
    "fn": 207
  },
  "jaccard": [
    0.5647840531561462
  ],
  "braycurtis": [
    0.4012539184952978
  ],
  "dice": [
    0.39351851851851855
  ],
  "cosinus": [
    0.27397425032052314
  ]
}