{
  "voc_eval_res": {
    "precision": 25.0,
    "recall": 20.0,
    "f-score": 22.2222
  },
  "KL_res": {
    "KL divergence": 4.2509224902649025,
    "Euclidean Dist.": 0.3437488404433133,
    "WER": 0.8571428571428571,
    "CER": 0.651685393258427,
    "Cosine Dist.": 0.23988304993390808
  },
  "occ_eval_res": {
    "precision": 40.0,
    "recall": 28.5714,
    "f-score": 33.3333
  },
  "clean_eval": {
    "f-score": 52.23880597014925,
    "precision": 47.94520547945205,
    "recall": 57.377049180327866,
    "tp": 70,
    "fp": 76,
    "fn": 52
  },
  "jaccard": [
    0.622093023255814
  ],
  "braycurtis": [
    0.42857142857142855
  ],
  "dice": [
    0.45147679324894513
  ],
  "cosinus": [
    0.2355410666466119
  ]
}