{
  "voc_eval_res": {
    "precision": 36.8421,
    "recall": 31.8182,
    "f-score": 34.1463
  },
  "KL_res": {
    "KL divergence": 4.3220701475420995,
    "Euclidean Dist.": 0.2622975409720801,
    "WER": 0.72,
    "CER": 0.5,
    "Cosine Dist.": 0.460836133982808
  },
  "occ_eval_res": {
    "precision": 40.0,
    "recall": 32.0,
    "f-score": 35.5556
  },
  "clean_eval": {
    "f-score": 45.56451612903226,
    "precision": 42.4812030075188,
    "recall": 49.130434782608695,
    "tp": 113,
    "fp": 153,
    "fn": 117
  },
  "jaccard": [
    0.6411960132890365
  ],
  "braycurtis": [
    0.47278911564625853
  ],
  "dice": [
    0.4718826405867971
  ],
  "cosinus": [
    0.35647682229095634
  ]
}