{
  "voc_eval_res": {
    "precision": 53.8462,
    "recall": 58.3333,
    "f-score": 56.0
  },
  "KL_res": {
    "KL divergence": 3.1077625424196396,
    "Euclidean Dist.": 0.3393212178583722,
    "WER": 0.625,
    "CER": 0.6153846153846154,
    "Cosine Dist.": 0.38508130618755787
  },
  "occ_eval_res": {
    "precision": 53.3333,
    "recall": 50.0,
    "f-score": 51.6129
  },
  "clean_eval": {
    "f-score": 56.0344827586207,
    "precision": 66.3265306122449,
    "recall": 48.507462686567166,
    "tp": 65,
    "fp": 33,
    "fn": 69
  },
  "jaccard": [
    0.6368715083798883
  ],
  "braycurtis": [
    0.49673202614379086
  ],
  "dice": [
    0.4672131147540984
  ],
  "cosinus": [
    0.4820524574245848
  ]
}