{
  "voc_eval_res": {
    "precision": 0,
    "recall": 0,
    "f-score": 0
  },
  "KL_res": {
    "KL divergence": 10.413688336256737,
    "Euclidean Dist.": 0.816496580927726,
    "WER": 1.0,
    "CER": 1.2222222222222223,
    "Cosine Dist.": 1.0
  },
  "occ_eval_res": {
    "precision": 0,
    "recall": 0,
    "f-score": 0
  },
  "clean_eval": {
    "f-score": 69.23076923076923,
    "precision": 69.23076923076923,
    "recall": 69.23076923076923,
    "tp": 18,
    "fp": 8,
    "fn": 8
  },
  "jaccard": [
    1.0
  ],
  "braycurtis": [
    1.0
  ],
  "dice": [
    1.0
  ],
  "cosinus": [
    1.0
  ]
}