{
  "voc_eval_res": {
    "precision": 23.0769,
    "recall": 27.2727,
    "f-score": 25.0
  },
  "KL_res": {
    "KL divergence": 5.24552918748128,
    "Euclidean Dist.": 0.3556134862962551,
    "WER": 0.9090909090909091,
    "CER": 0.6428571428571429,
    "Cosine Dist.": 0.5991081371313633
  },
  "occ_eval_res": {
    "precision": 23.0769,
    "recall": 27.2727,
    "f-score": 25.0
  },
  "clean_eval": {
    "f-score": 59.13978494623656,
    "precision": 56.12244897959183,
    "recall": 62.5,
    "tp": 55,
    "fp": 43,
    "fn": 33
  },
  "jaccard": [
    0.79375
  ],
  "braycurtis": [
    0.6697247706422018
  ],
  "dice": [
    0.6580310880829016
  ],
  "cosinus": [
    0.5513492086746281
  ]
}