{
  "voc_eval_res": {
    "precision": 53.8462,
    "recall": 70.0,
    "f-score": 60.8696
  },
  "KL_res": {
    "KL divergence": 2.1668836279245447,
    "Euclidean Dist.": 0.2988806789318292,
    "WER": 0.8181818181818182,
    "CER": 0.5957446808510638,
    "Cosine Dist.": 0.28848752646211473
  },
  "occ_eval_res": {
    "precision": 46.6667,
    "recall": 63.6364,
    "f-score": 53.8462
  },
  "clean_eval": {
    "f-score": 54.807692307692314,
    "precision": 66.27906976744185,
    "recall": 46.72131147540984,
    "tp": 57,
    "fp": 29,
    "fn": 65
  },
  "jaccard": [
    0.5894039735099338
  ],
  "braycurtis": [
    0.45081967213114754
  ],
  "dice": [
    0.41784037558685444
  ],
  "cosinus": [
    0.3680734742798024
  ]
}