{
  "voc_eval_res": {
    "precision": 17.6471,
    "recall": 50.0,
    "f-score": 26.087
  },
  "KL_res": {
    "KL divergence": 3.1696419823339608,
    "Euclidean Dist.": 0.477115503656798,
    "WER": 2.2857142857142856,
    "CER": 1.2835820895522387,
    "Cosine Dist.": 0.4936303164581667
  },
  "occ_eval_res": {
    "precision": 16.6667,
    "recall": 42.8571,
    "f-score": 24.0
  },
  "clean_eval": {
    "f-score": 30.71428571428571,
    "precision": 50.0,
    "recall": 22.164948453608247,
    "tp": 43,
    "fp": 43,
    "fn": 151
  },
  "jaccard": [
    0.7254901960784313
  ],
  "braycurtis": [
    0.5434782608695652
  ],
  "dice": [
    0.5692307692307692
  ],
  "cosinus": [
    0.3160165818474199
  ]
}