{
  "voc_eval_res": {
    "precision": 0,
    "recall": 0,
    "f-score": 0
  },
  "KL_res": {
    "KL divergence": 10.819131281026559,
    "Euclidean Dist.": 0.9128709291752769,
    "WER": 1.5,
    "CER": 1.0,
    "Cosine Dist.": 1.0
  },
  "occ_eval_res": {
    "precision": 0,
    "recall": 0,
    "f-score": 0
  },
  "clean_eval": {
    "f-score": 73.07692307692307,
    "precision": 73.07692307692307,
    "recall": 73.07692307692307,
    "tp": 19,
    "fp": 7,
    "fn": 7
  },
  "jaccard": [
    0.9777777777777777
  ],
  "braycurtis": [
    0.9565217391304348
  ],
  "dice": [
    0.9565217391304348
  ],
  "cosinus": [
    0.9565217391304348
  ]
}