{
  "voc_eval_res": {
    "precision": 50.0,
    "recall": 40.0,
    "f-score": 44.4444
  },
  "KL_res": {
    "KL divergence": 2.678291411636679,
    "Euclidean Dist.": 0.3049881169476771,
    "WER": 0.6153846153846154,
    "CER": 0.47058823529411764,
    "Cosine Dist.": 0.18107697514667442
  },
  "occ_eval_res": {
    "precision": 60.0,
    "recall": 46.1538,
    "f-score": 52.1739
  },
  "clean_eval": {
    "f-score": 39.34426229508196,
    "precision": 35.82089552238806,
    "recall": 43.63636363636363,
    "tp": 48,
    "fp": 86,
    "fn": 62
  },
  "jaccard": [
    0.5970149253731343
  ],
  "braycurtis": [
    0.35294117647058826
  ],
  "dice": [
    0.425531914893617
  ],
  "cosinus": [
    0.1607460745447572
  ]
}