{
  "voc_eval_res": {
    "precision": 41.6667,
    "recall": 55.5556,
    "f-score": 47.619
  },
  "KL_res": {
    "KL divergence": 2.4083271038373844,
    "Euclidean Dist.": 0.2999013644556604,
    "WER": 0.8,
    "CER": 0.9130434782608695,
    "Cosine Dist.": 0.25399615340774906
  },
  "occ_eval_res": {
    "precision": 46.1538,
    "recall": 60.0,
    "f-score": 52.1739
  },
  "clean_eval": {
    "f-score": 50.0,
    "precision": 66.21621621621621,
    "recall": 40.16393442622951,
    "tp": 49,
    "fp": 25,
    "fn": 73
  },
  "jaccard": [
    0.6428571428571429
  ],
  "braycurtis": [
    0.5163934426229508
  ],
  "dice": [
    0.47368421052631576
  ],
  "cosinus": [
    0.4392229532394347
  ]
}