{
  "voc_eval_res": {
    "precision": 77.7778,
    "recall": 70.0,
    "f-score": 73.6842
  },
  "KL_res": {
    "KL divergence": 0.8478171928385407,
    "Euclidean Dist.": 0.16803117310069812,
    "WER": 0.4117647058823529,
    "CER": 0.4714285714285714,
    "Cosine Dist.": 0.04941362421328299
  },
  "occ_eval_res": {
    "precision": 84.6154,
    "recall": 64.7059,
    "f-score": 73.3333
  },
  "clean_eval": {
    "f-score": 46.09374999999999,
    "precision": 40.41095890410959,
    "recall": 53.63636363636364,
    "tp": 59,
    "fp": 87,
    "fn": 51
  },
  "jaccard": [
    0.6111111111111112
  ],
  "braycurtis": [
    0.4406779661016949
  ],
  "dice": [
    0.44
  ],
  "cosinus": [
    0.24575868256931965
  ]
}