{
  "voc_eval_res": {
    "precision": 66.6667,
    "recall": 66.6667,
    "f-score": 66.6667
  },
  "KL_res": {
    "KL divergence": 1.6266548009982886,
    "Euclidean Dist.": 0.21757131728816848,
    "WER": 0.5384615384615384,
    "CER": 0.4838709677419355,
    "Cosine Dist.": 0.15384615384615374
  },
  "occ_eval_res": {
    "precision": 69.2308,
    "recall": 69.2308,
    "f-score": 69.2308
  },
  "clean_eval": {
    "f-score": 70.8955223880597,
    "precision": 70.8955223880597,
    "recall": 70.8955223880597,
    "tp": 95,
    "fp": 39,
    "fn": 39
  },
  "jaccard": [
    0.59375
  ],
  "braycurtis": [
    0.3925925925925926
  ],
  "dice": [
    0.4222222222222222
  ],
  "cosinus": [
    0.29746578175260985
  ]
}