{
  "voc_eval_res": {
    "precision": 0,
    "recall": 0,
    "f-score": 0
  },
  "KL_res": {
    "KL divergence": 10.819131281026559,
    "Euclidean Dist.": 0.9128709291752769,
    "WER": 1.5,
    "CER": 1.6363636363636365,
    "Cosine Dist.": 1.0
  },
  "occ_eval_res": {
    "precision": 0,
    "recall": 0,
    "f-score": 0
  },
  "clean_eval": {
    "f-score": 71.69811320754717,
    "precision": 73.07692307692307,
    "recall": 70.37037037037037,
    "tp": 19,
    "fp": 7,
    "fn": 8
  },
  "jaccard": [
    1.0
  ],
  "braycurtis": [
    1.0
  ],
  "dice": [
    1.0
  ],
  "cosinus": [
    1.0
  ]
}