{
  "voc_eval_res": {
    "precision": 14.2857,
    "recall": 22.2222,
    "f-score": 17.3913
  },
  "KL_res": {
    "KL divergence": 4.678707797195971,
    "Euclidean Dist.": 0.3535533905932738,
    "WER": 1.0833333333333333,
    "CER": 1.4153846153846155,
    "Cosine Dist.": 0.3545027756320971
  },
  "occ_eval_res": {
    "precision": 25.0,
    "recall": 33.3333,
    "f-score": 28.5714
  },
  "clean_eval": {
    "f-score": 26.428571428571423,
    "precision": 37.755102040816325,
    "recall": 20.32967032967033,
    "tp": 37,
    "fp": 61,
    "fn": 145
  },
  "jaccard": [
    0.8223140495867769
  ],
  "braycurtis": [
    0.6341463414634146
  ],
  "dice": [
    0.6982456140350877
  ],
  "cosinus": [
    0.42607867001618016
  ]
}