{
  "voc_eval_res": {
    "precision": 41.6667,
    "recall": 50.0,
    "f-score": 45.4545
  },
  "KL_res": {
    "KL divergence": 2.3429515000188967,
    "Euclidean Dist.": 0.2159043102760979,
    "WER": 0.6666666666666666,
    "CER": 0.6190476190476191,
    "Cosine Dist.": 0.18383921862623687
  },
  "occ_eval_res": {
    "precision": 51.7241,
    "recall": 45.4545,
    "f-score": 48.3871
  },
  "clean_eval": {
    "f-score": 11.870503597122303,
    "precision": 12.406015037593985,
    "recall": 11.379310344827587,
    "tp": 33,
    "fp": 233,
    "fn": 257
  },
  "jaccard": [
    0.639344262295082
  ],
  "braycurtis": [
    0.470404984423676
  ],
  "dice": [
    0.46987951807228917
  ],
  "cosinus": [
    0.30944864490932344
  ]
}