{
  "voc_eval_res": {
    "precision": 100.0,
    "recall": 50.0,
    "f-score": 66.6667
  },
  "KL_res": {
    "KL divergence": 3.4321817135360786,
    "Euclidean Dist.": 0.8660254037844386,
    "WER": 0.5,
    "CER": 0.4166666666666667,
    "Cosine Dist.": 0.18350341907227385
  },
  "occ_eval_res": {
    "precision": 50.0,
    "recall": 50.0,
    "f-score": 50.0
  },
  "clean_eval": {
    "f-score": 53.658536585365844,
    "precision": 42.30769230769231,
    "recall": 73.33333333333333,
    "tp": 11,
    "fp": 15,
    "fn": 4
  },
  "jaccard": [
    0.5416666666666666
  ],
  "braycurtis": [
    0.5
  ],
  "dice": [
    0.37142857142857144
  ],
  "cosinus": [
    0.318401823409003
  ]
}