{
  "voc_eval_res": {
    "precision": 40.0,
    "recall": 57.1429,
    "f-score": 47.0588
  },
  "KL_res": {
    "KL divergence": 2.0831526737667914,
    "Euclidean Dist.": 0.5196152422706632,
    "WER": 0.9,
    "CER": 0.6266666666666667,
    "Cosine Dist.": 0.41565129020922253
  },
  "occ_eval_res": {
    "precision": 40.0,
    "recall": 40.0,
    "f-score": 40.0
  },
  "clean_eval": {
    "f-score": 67.81115879828326,
    "precision": 64.75409836065575,
    "recall": 71.17117117117117,
    "tp": 79,
    "fp": 43,
    "fn": 32
  },
  "jaccard": [
    0.5379310344827586
  ],
  "braycurtis": [
    0.45454545454545453
  ],
  "dice": [
    0.36792452830188677
  ],
  "cosinus": [
    0.3652701295682228
  ]
}