{
  "voc_eval_res": {
    "precision": 0,
    "recall": 0,
    "f-score": 0
  },
  "KL_res": {
    "KL divergence": 10.126232183440985,
    "Euclidean Dist.": 0.8660254037844386,
    "WER": 1.0,
    "CER": 0.9375,
    "Cosine Dist.": 1.0
  },
  "occ_eval_res": {
    "precision": 0,
    "recall": 0,
    "f-score": 0
  },
  "clean_eval": {
    "f-score": 38.46153846153846,
    "precision": 26.31578947368421,
    "recall": 71.42857142857143,
    "tp": 10,
    "fp": 28,
    "fn": 4
  },
  "jaccard": [
    1.0
  ],
  "braycurtis": [
    1.0
  ],
  "dice": [
    1.0
  ],
  "cosinus": [
    1.0
  ]
}