{
  "voc_eval_res": {
    "precision": 58.3333,
    "recall": 50.0,
    "f-score": 53.8462
  },
  "KL_res": {
    "KL divergence": 2.4796418219787055,
    "Euclidean Dist.": 0.28287340120822796,
    "WER": 0.75,
    "CER": 0.6428571428571429,
    "Cosine Dist.": 0.2835022791681615
  },
  "occ_eval_res": {
    "precision": 53.3333,
    "recall": 50.0,
    "f-score": 51.6129
  },
  "clean_eval": {
    "f-score": 63.43283582089553,
    "precision": 63.43283582089553,
    "recall": 63.43283582089553,
    "tp": 85,
    "fp": 49,
    "fn": 49
  },
  "jaccard": [
    0.6914285714285714
  ],
  "braycurtis": [
    0.5673758865248227
  ],
  "dice": [
    0.5283842794759825
  ],
  "cosinus": [
    0.5245183308413938
  ]
}