{
  "voc_eval_res": {
    "precision": 37.931,
    "recall": 42.3077,
    "f-score": 40.0
  },
  "KL_res": {
    "KL divergence": 2.4297397534639624,
    "Euclidean Dist.": 0.20146149680243505,
    "WER": 0.675,
    "CER": 0.3694581280788177,
    "Cosine Dist.": 0.20802747480183592
  },
  "occ_eval_res": {
    "precision": 48.5714,
    "recall": 42.5,
    "f-score": 45.3333
  },
  "clean_eval": {
    "f-score": 29.821717990275527,
    "precision": 29.29936305732484,
    "recall": 30.363036303630363,
    "tp": 92,
    "fp": 222,
    "fn": 211
  },
  "jaccard": [
    0.5357142857142857
  ],
  "braycurtis": [
    0.36255924170616116
  ],
  "dice": [
    0.36585365853658536
  ],
  "cosinus": [
    0.21826729506860776
  ]
}