{
  "voc_eval_res": {
    "precision": 10.3448,
    "recall": 25.0,
    "f-score": 14.6341
  },
  "KL_res": {
    "KL divergence": 5.608363783409099,
    "Euclidean Dist.": 0.32775276505317236,
    "WER": 2.5833333333333335,
    "CER": 1.6027397260273972,
    "Cosine Dist.": 0.6954452049492476
  },
  "occ_eval_res": {
    "precision": 9.375,
    "recall": 25.0,
    "f-score": 13.6364
  },
  "clean_eval": {
    "f-score": 13.779527559055119,
    "precision": 28.688524590163933,
    "recall": 9.067357512953368,
    "tp": 35,
    "fp": 87,
    "fn": 351
  },
  "jaccard": [
    0.7593220338983051
  ],
  "braycurtis": [
    0.640495867768595
  ],
  "dice": [
    0.6120218579234973
  ],
  "cosinus": [
    0.41857583592491254
  ]
}