{
  "voc_eval_res": {
    "precision": 0,
    "recall": 0,
    "f-score": 0
  },
  "KL_res": {
    "KL divergence": 10.819131281026559,
    "Euclidean Dist.": 0.9128709291752769,
    "WER": 1.5,
    "CER": 0.8461538461538461,
    "Cosine Dist.": 1.0
  },
  "occ_eval_res": {
    "precision": 0,
    "recall": 0,
    "f-score": 0
  },
  "clean_eval": {
    "f-score": 69.23076923076923,
    "precision": 69.23076923076923,
    "recall": 69.23076923076923,
    "tp": 18,
    "fp": 8,
    "fn": 8
  },
  "jaccard": [
    0.975609756097561
  ],
  "braycurtis": [
    0.9523809523809523
  ],
  "dice": [
    0.9523809523809523
  ],
  "cosinus": [
    0.952163512676506
  ]
}