{
  "voc_eval_res": {
    "precision": 61.1111,
    "recall": 57.8947,
    "f-score": 59.4595
  },
  "KL_res": {
    "KL divergence": 2.2905091480577315,
    "Euclidean Dist.": 0.22923769578504508,
    "WER": 0.6842105263157895,
    "CER": 0.3228346456692913,
    "Cosine Dist.": 0.28437355266786546
  },
  "occ_eval_res": {
    "precision": 52.381,
    "recall": 57.8947,
    "f-score": 55.0
  },
  "clean_eval": {
    "f-score": 45.75471698113207,
    "precision": 47.0873786407767,
    "recall": 44.4954128440367,
    "tp": 97,
    "fp": 109,
    "fn": 121
  },
  "jaccard": [
    0.4588744588744589
  ],
  "braycurtis": [
    0.2972972972972973
  ],
  "dice": [
    0.29775280898876405
  ],
  "cosinus": [
    0.16457742631848393
  ]
}