{
  "voc_eval_res": {
    "precision": 41.6667,
    "recall": 38.4615,
    "f-score": 40.0
  },
  "KL_res": {
    "KL divergence": 3.1419677577792706,
    "Euclidean Dist.": 0.2199887763691481,
    "WER": 0.75,
    "CER": 0.6685082872928176,
    "Cosine Dist.": 0.24719259083718903
  },
  "occ_eval_res": {
    "precision": 50.0,
    "recall": 41.6667,
    "f-score": 45.4545
  },
  "clean_eval": {
    "f-score": 17.900172117039585,
    "precision": 17.16171617161716,
    "recall": 18.705035971223023,
    "tp": 52,
    "fp": 251,
    "fn": 226
  },
  "jaccard": [
    0.6484848484848484
  ],
  "braycurtis": [
    0.4942857142857143
  ],
  "dice": [
    0.4798206278026906
  ],
  "cosinus": [
    0.3436683315091814
  ]
}