{
  "voc_eval_res": {
    "precision": 50.0,
    "recall": 50.0,
    "f-score": 50.0
  },
  "KL_res": {
    "KL divergence": 3.60649658630429,
    "Euclidean Dist.": 0.7071067811865476,
    "WER": 0.5,
    "CER": 0.4166666666666667,
    "Cosine Dist.": 0.33333333333333337
  },
  "occ_eval_res": {
    "precision": 50.0,
    "recall": 50.0,
    "f-score": 50.0
  },
  "clean_eval": {
    "f-score": 58.53658536585367,
    "precision": 46.15384615384615,
    "recall": 80.0,
    "tp": 12,
    "fp": 14,
    "fn": 3
  },
  "jaccard": [
    0.5769230769230769
  ],
  "braycurtis": [
    0.5
  ],
  "dice": [
    0.40540540540540543
  ],
  "cosinus": [
    0.3542535969992423
  ]
}