{
  "voc_eval_res": {
    "precision": 70.0,
    "recall": 63.6364,
    "f-score": 66.6667
  },
  "KL_res": {
    "KL divergence": 2.46512540753658,
    "Euclidean Dist.": 0.28879683062255956,
    "WER": 0.6428571428571429,
    "CER": 0.6031746031746031,
    "Cosine Dist.": 0.23861301237311905
  },
  "occ_eval_res": {
    "precision": 72.7273,
    "recall": 57.1429,
    "f-score": 64.0
  },
  "clean_eval": {
    "f-score": 72.1153846153846,
    "precision": 76.53061224489795,
    "recall": 68.18181818181817,
    "tp": 75,
    "fp": 23,
    "fn": 35
  },
  "jaccard": [
    0.4857142857142857
  ],
  "braycurtis": [
    0.3816793893129771
  ],
  "dice": [
    0.32075471698113206
  ],
  "cosinus": [
    0.3564181878585726
  ]
}