{
  "voc_eval_res": {
    "precision": 25.0,
    "recall": 21.4286,
    "f-score": 23.0769
  },
  "KL_res": {
    "KL divergence": 5.540228566780281,
    "Euclidean Dist.": 0.364694022577566,
    "WER": 0.9411764705882353,
    "CER": 0.7619047619047619,
    "Cosine Dist.": 0.6290088833918654
  },
  "occ_eval_res": {
    "precision": 25.0,
    "recall": 17.6471,
    "f-score": 20.6897
  },
  "clean_eval": {
    "f-score": 49.21875,
    "precision": 51.63934426229508,
    "recall": 47.01492537313433,
    "tp": 63,
    "fp": 59,
    "fn": 71
  },
  "jaccard": [
    0.7830188679245284
  ],
  "braycurtis": [
    0.6586826347305389
  ],
  "dice": [
    0.6434108527131783
  ],
  "cosinus": [
    0.5465898808306665
  ]
}