{
  "voc_eval_res": {
    "precision": 0,
    "recall": 0,
    "f-score": 0
  },
  "KL_res": {
    "KL divergence": 10.413898502716375,
    "Euclidean Dist.": 0.9128709291752768,
    "WER": 1.0,
    "CER": 0.8888888888888888,
    "Cosine Dist.": 1.0
  },
  "occ_eval_res": {
    "precision": 0,
    "recall": 0,
    "f-score": 0
  },
  "clean_eval": {
    "f-score": 73.07692307692307,
    "precision": 73.07692307692307,
    "recall": 73.07692307692307,
    "tp": 19,
    "fp": 7,
    "fn": 7
  },
  "jaccard": [
    1.0
  ],
  "braycurtis": [
    1.0
  ],
  "dice": [
    1.0
  ],
  "cosinus": [
    1.0
  ]
}