{
  "voc_eval_res": {
    "precision": 29.4118,
    "recall": 38.4615,
    "f-score": 33.3333
  },
  "KL_res": {
    "KL divergence": 3.074007853286514,
    "Euclidean Dist.": 0.3106910452842739,
    "WER": 0.7,
    "CER": 0.638095238095238,
    "Cosine Dist.": 0.3135935270163557
  },
  "occ_eval_res": {
    "precision": 36.3636,
    "recall": 40.0,
    "f-score": 38.0952
  },
  "clean_eval": {
    "f-score": 62.76595744680851,
    "precision": 64.83516483516483,
    "recall": 60.824742268041234,
    "tp": 118,
    "fp": 64,
    "fn": 76
  },
  "jaccard": [
    0.6747967479674797
  ],
  "braycurtis": [
    0.5230125523012552
  ],
  "dice": [
    0.50920245398773
  ],
  "cosinus": [
    0.41881124313597884
  ]
}