{
  "voc_eval_res": {
    "precision": 20.0,
    "recall": 20.0,
    "f-score": 20.0
  },
  "KL_res": {
    "KL divergence": 5.306030666253265,
    "Euclidean Dist.": 0.3995865631970166,
    "WER": 0.9090909090909091,
    "CER": 0.7758620689655172,
    "Cosine Dist.": 0.591751709536137
  },
  "occ_eval_res": {
    "precision": 20.0,
    "recall": 18.1818,
    "f-score": 19.0476
  },
  "clean_eval": {
    "f-score": 55.454545454545446,
    "precision": 62.244897959183675,
    "recall": 50.0,
    "tp": 61,
    "fp": 37,
    "fn": 61
  },
  "jaccard": [
    0.7724550898203593
  ],
  "braycurtis": [
    0.6377952755905512
  ],
  "dice": [
    0.6292682926829268
  ],
  "cosinus": [
    0.4835454231191826
  ]
}