{
  "voc_eval_res": {
    "precision": 53.8462,
    "recall": 35.0,
    "f-score": 42.4242
  },
  "KL_res": {
    "KL divergence": 4.382491164496645,
    "Euclidean Dist.": 0.32472351734681915,
    "WER": 0.7272727272727273,
    "CER": 0.5478260869565217,
    "Cosine Dist.": 0.462147125799523
  },
  "occ_eval_res": {
    "precision": 46.6667,
    "recall": 31.8182,
    "f-score": 37.8378
  },
  "clean_eval": {
    "f-score": 54.430379746835435,
    "precision": 47.25274725274725,
    "recall": 64.17910447761194,
    "tp": 86,
    "fp": 96,
    "fn": 48
  },
  "jaccard": [
    0.6133333333333333
  ],
  "braycurtis": [
    0.4898989898989899
  ],
  "dice": [
    0.4423076923076923
  ],
  "cosinus": [
    0.3718172834448705
  ]
}