{
  "voc_eval_res": {
    "precision": 42.1053,
    "recall": 66.6667,
    "f-score": 51.6129
  },
  "KL_res": {
    "KL divergence": 2.4173357930731254,
    "Euclidean Dist.": 0.31439140398961446,
    "WER": 0.7777777777777778,
    "CER": 0.43333333333333335,
    "Cosine Dist.": 0.36414414490105385
  },
  "occ_eval_res": {
    "precision": 45.4545,
    "recall": 55.5556,
    "f-score": 50.0
  },
  "clean_eval": {
    "f-score": 28.57142857142857,
    "precision": 35.61643835616438,
    "recall": 23.853211009174313,
    "tp": 52,
    "fp": 94,
    "fn": 166
  },
  "jaccard": [
    0.5560538116591929
  ],
  "braycurtis": [
    0.4072398190045249
  ],
  "dice": [
    0.38509316770186336
  ],
  "cosinus": [
    0.34897681853587037
  ]
}