{
  "voc_eval_res": {
    "precision": 61.1111,
    "recall": 57.8947,
    "f-score": 59.4595
  },
  "KL_res": {
    "KL divergence": 2.2649696391786573,
    "Euclidean Dist.": 0.20965136573384038,
    "WER": 0.5789473684210527,
    "CER": 0.26119402985074625,
    "Cosine Dist.": 0.2541301460171085
  },
  "occ_eval_res": {
    "precision": 61.1111,
    "recall": 57.8947,
    "f-score": 59.4595
  },
  "clean_eval": {
    "f-score": 28.375286041189934,
    "precision": 26.956521739130434,
    "recall": 29.951690821256037,
    "tp": 62,
    "fp": 168,
    "fn": 145
  },
  "jaccard": [
    0.38362068965517243
  ],
  "braycurtis": [
    0.24436090225563908
  ],
  "dice": [
    0.23733333333333334
  ],
  "cosinus": [
    0.1395500843529025
  ]
}