{
  "voc_eval_res": {
    "precision": 18.1818,
    "recall": 33.3333,
    "f-score": 23.5294
  },
  "KL_res": {
    "KL divergence": 5.042025513805881,
    "Euclidean Dist.": 0.45656118707028376,
    "WER": 1.5,
    "CER": 0.7708333333333334,
    "Cosine Dist.": 0.6077677297236319
  },
  "occ_eval_res": {
    "precision": 18.1818,
    "recall": 33.3333,
    "f-score": 23.5294
  },
  "clean_eval": {
    "f-score": 56.12244897959183,
    "precision": 74.32432432432432,
    "recall": 45.08196721311475,
    "tp": 55,
    "fp": 19,
    "fn": 67
  },
  "jaccard": [
    0.5971223021582733
  ],
  "braycurtis": [
    0.4608695652173913
  ],
  "dice": [
    0.4256410256410256
  ],
  "cosinus": [
    0.3979415887993387
  ]
}