{
  "voc_eval_res": {
    "precision": 25.0,
    "recall": 16.6667,
    "f-score": 20.0
  },
  "KL_res": {
    "KL divergence": 7.297815204291052,
    "Euclidean Dist.": 0.6113300988794175,
    "WER": 0.8571428571428571,
    "CER": 0.6744186046511628,
    "Cosine Dist.": 0.7171572875253809
  },
  "occ_eval_res": {
    "precision": 25.0,
    "recall": 14.2857,
    "f-score": 18.1818
  },
  "clean_eval": {
    "f-score": 49.122807017543856,
    "precision": 37.333333333333336,
    "recall": 71.7948717948718,
    "tp": 28,
    "fp": 47,
    "fn": 11
  },
  "jaccard": [
    0.797979797979798
  ],
  "braycurtis": [
    0.704225352112676
  ],
  "dice": [
    0.6638655462184874
  ],
  "cosinus": [
    0.7247868155070192
  ]
}