{
  "voc_eval_res": {
    "precision": 25.0,
    "recall": 7.1429,
    "f-score": 11.1111
  },
  "KL_res": {
    "KL divergence": 6.682847559377388,
    "Euclidean Dist.": 0.5220153254455275,
    "WER": 0.9333333333333333,
    "CER": 0.7739130434782608,
    "Cosine Dist.": 0.6096399708205866
  },
  "occ_eval_res": {
    "precision": 25.0,
    "recall": 6.6667,
    "f-score": 10.5263
  },
  "clean_eval": {
    "f-score": 33.33333333333333,
    "precision": 21.875,
    "recall": 70.0,
    "tp": 35,
    "fp": 125,
    "fn": 15
  },
  "jaccard": [
    0.7528089887640449
  ],
  "braycurtis": [
    0.6805555555555556
  ],
  "dice": [
    0.6036036036036037
  ],
  "cosinus": [
    0.4166217753800068
  ]
}