{
  "voc_eval_res": {
    "precision": 23.0769,
    "recall": 25.0,
    "f-score": 24.0
  },
  "KL_res": {
    "KL divergence": 5.326812734554113,
    "Euclidean Dist.": 0.3761810243096063,
    "WER": 0.8666666666666667,
    "CER": 0.7246376811594203,
    "Cosine Dist.": 0.6286093236458963
  },
  "occ_eval_res": {
    "precision": 23.0769,
    "recall": 20.0,
    "f-score": 21.4286
  },
  "clean_eval": {
    "f-score": 67.6190476190476,
    "precision": 71.71717171717171,
    "recall": 63.96396396396396,
    "tp": 71,
    "fp": 28,
    "fn": 40
  },
  "jaccard": [
    0.8341708542713567
  ],
  "braycurtis": [
    0.7388059701492538
  ],
  "dice": [
    0.7155172413793104
  ],
  "cosinus": [
    0.7077687777841919
  ]
}