{
  "voc_eval_res": {
    "precision": 16.6667,
    "recall": 50.0,
    "f-score": 25.0
  },
  "KL_res": {
    "KL divergence": 2.8348143717572443,
    "Euclidean Dist.": 0.8660254037844386,
    "WER": 1.6666666666666667,
    "CER": 0.88,
    "Cosine Dist.": 0.49604736932103044
  },
  "occ_eval_res": {
    "precision": 16.6667,
    "recall": 33.3333,
    "f-score": 22.2222
  },
  "clean_eval": {
    "f-score": 60.0,
    "precision": 78.94736842105263,
    "recall": 48.38709677419355,
    "tp": 30,
    "fp": 8,
    "fn": 32
  },
  "jaccard": [
    0.7631578947368421
  ],
  "braycurtis": [
    0.6666666666666666
  ],
  "dice": [
    0.6170212765957447
  ],
  "cosinus": [
    0.5324675324675323
  ]
}