{
  "voc_eval_res": {
    "precision": 33.3333,
    "recall": 25.0,
    "f-score": 28.5714
  },
  "KL_res": {
    "KL divergence": 6.768180617374915,
    "Euclidean Dist.": 0.7055336829505575,
    "WER": 0.8,
    "CER": 0.7105263157894737,
    "Cosine Dist.": 0.6464466094067263
  },
  "occ_eval_res": {
    "precision": 33.3333,
    "recall": 20.0,
    "f-score": 25.0
  },
  "clean_eval": {
    "f-score": 56.00000000000001,
    "precision": 45.16129032258064,
    "recall": 73.68421052631578,
    "tp": 28,
    "fp": 34,
    "fn": 10
  },
  "jaccard": [
    0.8831168831168831
  ],
  "braycurtis": [
    0.8269230769230769
  ],
  "dice": [
    0.7906976744186046
  ],
  "cosinus": [
    0.8017273611613561
  ]
}