{
  "voc_eval_res": {
    "precision": 50.0,
    "recall": 65.2174,
    "f-score": 56.6038
  },
  "KL_res": {
    "KL divergence": 1.8735243856360668,
    "Euclidean Dist.": 0.19901787892533257,
    "WER": 0.8076923076923077,
    "CER": 0.5695364238410596,
    "Cosine Dist.": 0.28442579411921487
  },
  "occ_eval_res": {
    "precision": 50.0,
    "recall": 65.3846,
    "f-score": 56.6667
  },
  "clean_eval": {
    "f-score": 39.77485928705441,
    "precision": 46.08695652173913,
    "recall": 34.98349834983499,
    "tp": 106,
    "fp": 124,
    "fn": 197
  },
  "jaccard": [
    0.5171428571428571
  ],
  "braycurtis": [
    0.393048128342246
  ],
  "dice": [
    0.348747591522158
  ],
  "cosinus": [
    0.27060077672177174
  ]
}