{
  "voc_eval_res": {
    "precision": 18.1818,
    "recall": 16.6667,
    "f-score": 17.3913
  },
  "KL_res": {
    "KL divergence": 6.632454434607995,
    "Euclidean Dist.": 0.38998163618457865,
    "WER": 0.8461538461538461,
    "CER": 0.5057471264367817,
    "Cosine Dist.": 0.7309308824014751
  },
  "occ_eval_res": {
    "precision": 18.1818,
    "recall": 15.3846,
    "f-score": 16.6667
  },
  "clean_eval": {
    "f-score": 60.44776119402984,
    "precision": 51.26582278481012,
    "recall": 73.63636363636363,
    "tp": 81,
    "fp": 77,
    "fn": 29
  },
  "jaccard": [
    0.7016574585635359
  ],
  "braycurtis": [
    0.5570469798657718
  ],
  "dice": [
    0.5404255319148936
  ],
  "cosinus": [
    0.42589607268682483
  ]
}