{
  "voc_eval_res": {
    "precision": 43.4783,
    "recall": 52.6316,
    "f-score": 47.619
  },
  "KL_res": {
    "KL divergence": 2.5792169292668725,
    "Euclidean Dist.": 0.23102648886745378,
    "WER": 0.9090909090909091,
    "CER": 0.5,
    "Cosine Dist.": 0.30511770716603526
  },
  "occ_eval_res": {
    "precision": 44.4444,
    "recall": 54.5455,
    "f-score": 48.9796
  },
  "clean_eval": {
    "f-score": 37.735849056603776,
    "precision": 41.23711340206185,
    "recall": 34.78260869565217,
    "tp": 80,
    "fp": 114,
    "fn": 150
  },
  "jaccard": [
    0.5277777777777778
  ],
  "braycurtis": [
    0.3741721854304636
  ],
  "dice": [
    0.3584905660377358
  ],
  "cosinus": [
    0.26552171145920156
  ]
}