{
  "voc_eval_res": {
    "precision": 50.0,
    "recall": 53.3333,
    "f-score": 51.6129
  },
  "KL_res": {
    "KL divergence": 2.5013877120585972,
    "Euclidean Dist.": 0.17699722424322692,
    "WER": 0.78125,
    "CER": 0.4527363184079602,
    "Cosine Dist.": 0.30272294875330485
  },
  "occ_eval_res": {
    "precision": 51.5152,
    "recall": 53.125,
    "f-score": 52.3077
  },
  "clean_eval": {
    "f-score": 40.98837209302326,
    "precision": 41.71597633136095,
    "recall": 40.285714285714285,
    "tp": 141,
    "fp": 197,
    "fn": 209
  },
  "jaccard": [
    0.4143646408839779
  ],
  "braycurtis": [
    0.2814645308924485
  ],
  "dice": [
    0.2613240418118467
  ],
  "cosinus": [
    0.1601574514035432
  ]
}