{
  "voc_eval_res": {
    "precision": 35.7143,
    "recall": 38.4615,
    "f-score": 37.037
  },
  "KL_res": {
    "KL divergence": 4.23931458713857,
    "Euclidean Dist.": 0.3470667549765784,
    "WER": 0.7894736842105263,
    "CER": 0.6626506024096386,
    "Cosine Dist.": 0.5334305251841566
  },
  "occ_eval_res": {
    "precision": 31.25,
    "recall": 26.3158,
    "f-score": 28.5714
  },
  "clean_eval": {
    "f-score": 57.89473684210525,
    "precision": 60.273972602739725,
    "recall": 55.69620253164557,
    "tp": 88,
    "fp": 58,
    "fn": 70
  },
  "jaccard": [
    0.6985645933014354
  ],
  "braycurtis": [
    0.5681818181818182
  ],
  "dice": [
    0.5367647058823529
  ],
  "cosinus": [
    0.48159483575726747
  ]
}