{
  "voc_eval_res": {
    "precision": 40.0,
    "recall": 50.0,
    "f-score": 44.4444
  },
  "KL_res": {
    "KL divergence": 3.357721930601924,
    "Euclidean Dist.": 0.3571722883572352,
    "WER": 1.2105263157894737,
    "CER": 1.0,
    "Cosine Dist.": 0.5337475958798432
  },
  "occ_eval_res": {
    "precision": 27.5862,
    "recall": 42.1053,
    "f-score": 33.3333
  },
  "clean_eval": {
    "f-score": 37.735849056603776,
    "precision": 41.23711340206185,
    "recall": 34.78260869565217,
    "tp": 80,
    "fp": 114,
    "fn": 150
  },
  "jaccard": [
    0.7349397590361446
  ],
  "braycurtis": [
    0.6339285714285714
  ],
  "dice": [
    0.580952380952381
  ],
  "cosinus": [
    0.5886552401682997
  ]
}