{
  "voc_eval_res": {
    "precision": 40.9091,
    "recall": 64.2857,
    "f-score": 50.0
  },
  "KL_res": {
    "KL divergence": 1.4867452176087153,
    "Euclidean Dist.": 0.24002156688708653,
    "WER": 0.8421052631578947,
    "CER": 0.7731958762886598,
    "Cosine Dist.": 0.15063725697252517
  },
  "occ_eval_res": {
    "precision": 50.0,
    "recall": 68.4211,
    "f-score": 57.7778
  },
  "clean_eval": {
    "f-score": 23.394495412844034,
    "precision": 30.0,
    "recall": 19.172932330827066,
    "tp": 51,
    "fp": 119,
    "fn": 215
  },
  "jaccard": [
    0.61003861003861
  ],
  "braycurtis": [
    0.42386831275720166
  ],
  "dice": [
    0.4388888888888889
  ],
  "cosinus": [
    0.2616094872319039
  ]
}