{
  "voc_eval_res": {
    "precision": 50.0,
    "recall": 56.25,
    "f-score": 52.9412
  },
  "KL_res": {
    "KL divergence": 1.8447280010593623,
    "Euclidean Dist.": 0.19268653085660586,
    "WER": 0.7,
    "CER": 0.5454545454545454,
    "Cosine Dist.": 0.13780287437419103
  },
  "occ_eval_res": {
    "precision": 59.0909,
    "recall": 65.0,
    "f-score": 61.9048
  },
  "clean_eval": {
    "f-score": 22.68041237113402,
    "precision": 24.175824175824175,
    "recall": 21.35922330097087,
    "tp": 44,
    "fp": 138,
    "fn": 162
  },
  "jaccard": [
    0.5840336134453782
  ],
  "braycurtis": [
    0.39814814814814814
  ],
  "dice": [
    0.4124629080118694
  ],
  "cosinus": [
    0.2596917014244364
  ]
}