{
  "voc_eval_res": {
    "precision": 36.3636,
    "recall": 22.2222,
    "f-score": 27.5862
  },
  "KL_res": {
    "KL divergence": 6.214969592892111,
    "Euclidean Dist.": 0.38640077064565437,
    "WER": 0.875,
    "CER": 0.6785714285714286,
    "Cosine Dist.": 0.663282485149263
  },
  "occ_eval_res": {
    "precision": 33.3333,
    "recall": 16.6667,
    "f-score": 22.2222
  },
  "clean_eval": {
    "f-score": 40.789473684210535,
    "precision": 34.065934065934066,
    "recall": 50.81967213114754,
    "tp": 62,
    "fp": 120,
    "fn": 60
  },
  "jaccard": [
    0.723404255319149
  ],
  "braycurtis": [
    0.612565445026178
  ],
  "dice": [
    0.5666666666666667
  ],
  "cosinus": [
    0.5658470172941032
  ]
}