{
  "voc_eval_res": {
    "precision": 8.3333,
    "recall": 11.1111,
    "f-score": 9.5238
  },
  "KL_res": {
    "KL divergence": 7.483117053536788,
    "Euclidean Dist.": 0.42035405417837657,
    "WER": 1.2222222222222223,
    "CER": 1.8214285714285714,
    "Cosine Dist.": 0.8245883961385942
  },
  "occ_eval_res": {
    "precision": 8.3333,
    "recall": 11.1111,
    "f-score": 9.5238
  },
  "clean_eval": {
    "f-score": 54.08163265306122,
    "precision": 71.62162162162163,
    "recall": 43.44262295081967,
    "tp": 53,
    "fp": 21,
    "fn": 69
  },
  "jaccard": [
    0.8713450292397661
  ],
  "braycurtis": [
    0.7904761904761904
  ],
  "dice": [
    0.772020725388601
  ],
  "cosinus": [
    0.7319825628139003
  ]
}