{
  "voc_eval_res": {
    "precision": 15.3846,
    "recall": 22.2222,
    "f-score": 18.1818
  },
  "KL_res": {
    "KL divergence": 6.549652477152081,
    "Euclidean Dist.": 0.41630422562621594,
    "WER": 1.1818181818181819,
    "CER": 0.8636363636363636,
    "Cosine Dist.": 0.7495102835659402
  },
  "occ_eval_res": {
    "precision": 15.3846,
    "recall": 18.1818,
    "f-score": 16.6667
  },
  "clean_eval": {
    "f-score": 55.90062111801243,
    "precision": 71.42857142857143,
    "recall": 45.91836734693878,
    "tp": 45,
    "fp": 18,
    "fn": 53
  },
  "jaccard": [
    0.8098159509202454
  ],
  "braycurtis": [
    0.7064220183486238
  ],
  "dice": [
    0.6804123711340206
  ],
  "cosinus": [
    0.7229455263221377
  ]
}