{
  "voc_eval_res": {
    "precision": 10.0,
    "recall": 12.5,
    "f-score": 11.1111
  },
  "KL_res": {
    "KL divergence": 7.600832030668339,
    "Euclidean Dist.": 0.46228097917143823,
    "WER": 1.1111111111111112,
    "CER": 1.0869565217391304,
    "Cosine Dist.": 0.8259223440443022
  },
  "occ_eval_res": {
    "precision": 10.0,
    "recall": 11.1111,
    "f-score": 10.5263
  },
  "clean_eval": {
    "f-score": 31.521739130434785,
    "precision": 46.774193548387096,
    "recall": 23.770491803278688,
    "tp": 29,
    "fp": 33,
    "fn": 93
  },
  "jaccard": [
    0.8691099476439791
  ],
  "braycurtis": [
    0.7916666666666666
  ],
  "dice": [
    0.7685185185185185
  ],
  "cosinus": [
    0.8050330253296184
  ]
}