{
  "voc_eval_res": {
    "precision": 33.3333,
    "recall": 26.6667,
    "f-score": 29.6296
  },
  "KL_res": {
    "KL divergence": 3.8805968225525005,
    "Euclidean Dist.": 0.3512517299285198,
    "WER": 0.84,
    "CER": 0.6938775510204082,
    "Cosine Dist.": 0.475857581639041
  },
  "occ_eval_res": {
    "precision": 33.3333,
    "recall": 16.0,
    "f-score": 21.6216
  },
  "clean_eval": {
    "f-score": 30.327868852459016,
    "precision": 25.34246575342466,
    "recall": 37.755102040816325,
    "tp": 37,
    "fp": 109,
    "fn": 61
  },
  "jaccard": [
    0.6971153846153846
  ],
  "braycurtis": [
    0.6256684491978609
  ],
  "dice": [
    0.5350553505535055
  ],
  "cosinus": [
    0.6007332728439304
  ]
}