{
  "voc_eval_res": {
    "precision": 21.6216,
    "recall": 40.0,
    "f-score": 28.0702
  },
  "KL_res": {
    "KL divergence": 4.321970260437651,
    "Euclidean Dist.": 0.2555630422041112,
    "WER": 1.434782608695652,
    "CER": 1.3801652892561984,
    "Cosine Dist.": 0.5973063668715853
  },
  "occ_eval_res": {
    "precision": 20.5128,
    "recall": 34.7826,
    "f-score": 25.8065
  },
  "clean_eval": {
    "f-score": 13.253012048192772,
    "precision": 19.130434782608695,
    "recall": 10.138248847926267,
    "tp": 44,
    "fp": 186,
    "fn": 390
  },
  "jaccard": [
    0.7075892857142857
  ],
  "braycurtis": [
    0.6010498687664042
  ],
  "dice": [
    0.5474956822107081
  ],
  "cosinus": [
    0.46134941347618785
  ]
}