{
  "voc_eval_res": {
    "precision": 50.0,
    "recall": 66.6667,
    "f-score": 57.1429
  },
  "KL_res": {
    "KL divergence": 2.2074931703989886,
    "Euclidean Dist.": 0.5137011669140813,
    "WER": 0.6666666666666666,
    "CER": 0.13043478260869565,
    "Cosine Dist.": 0.26970325665977857
  },
  "occ_eval_res": {
    "precision": 50.0,
    "recall": 66.6667,
    "f-score": 57.1429
  },
  "clean_eval": {
    "f-score": 80.51948051948051,
    "precision": 81.57894736842105,
    "recall": 79.48717948717949,
    "tp": 31,
    "fp": 7,
    "fn": 8
  },
  "jaccard": [
    0.3
  ],
  "braycurtis": [
    0.18181818181818182
  ],
  "dice": [
    0.17647058823529413
  ],
  "cosinus": [
    0.16946046550007887
  ]
}