{
  "voc_eval_res": {
    "precision": 5.8824,
    "recall": 11.1111,
    "f-score": 7.6923
  },
  "KL_res": {
    "KL divergence": 7.7176253715317955,
    "Euclidean Dist.": 0.4107971826333715,
    "WER": 1.6,
    "CER": 1.6274509803921569,
    "Cosine Dist.": 0.8692559099078774
  },
  "occ_eval_res": {
    "precision": 5.8824,
    "recall": 10.0,
    "f-score": 7.4074
  },
  "clean_eval": {
    "f-score": 36.0655737704918,
    "precision": 59.45945945945946,
    "recall": 25.882352941176475,
    "tp": 44,
    "fp": 30,
    "fn": 126
  },
  "jaccard": [
    0.8365758754863813
  ],
  "braycurtis": [
    0.7337278106508875
  ],
  "dice": [
    0.7190635451505016
  ],
  "cosinus": [
    0.6876783853534182
  ]
}