{
  "voc_eval_res": {
    "precision": 43.75,
    "recall": 41.1765,
    "f-score": 42.4242
  },
  "KL_res": {
    "KL divergence": 3.5984677297784744,
    "Euclidean Dist.": 0.2644760031238632,
    "WER": 0.7647058823529411,
    "CER": 0.559322033898305,
    "Cosine Dist.": 0.40412042846887597
  },
  "occ_eval_res": {
    "precision": 43.75,
    "recall": 41.1765,
    "f-score": 42.4242
  },
  "clean_eval": {
    "f-score": 70.74468085106383,
    "precision": 68.55670103092784,
    "recall": 73.07692307692307,
    "tp": 133,
    "fp": 61,
    "fn": 49
  },
  "jaccard": [
    0.4977578475336323
  ],
  "braycurtis": [
    0.30666666666666664
  ],
  "dice": [
    0.33134328358208953
  ],
  "cosinus": [
    0.17362161857530278
  ]
}