{
  "voc_eval_res": {
    "precision": 43.75,
    "recall": 58.3333,
    "f-score": 50.0
  },
  "KL_res": {
    "KL divergence": 2.490477917908957,
    "Euclidean Dist.": 0.27559909490256146,
    "WER": 0.9166666666666666,
    "CER": 0.7252747252747253,
    "Cosine Dist.": 0.3302891774710843
  },
  "occ_eval_res": {
    "precision": 43.75,
    "recall": 58.3333,
    "f-score": 50.0
  },
  "clean_eval": {
    "f-score": 41.77215189873418,
    "precision": 45.20547945205479,
    "recall": 38.82352941176471,
    "tp": 66,
    "fp": 80,
    "fn": 104
  },
  "jaccard": [
    0.5314009661835749
  ],
  "braycurtis": [
    0.3484848484848485
  ],
  "dice": [
    0.3618421052631579
  ],
  "cosinus": [
    0.22305117635483818
  ]
}