{
  "voc_eval_res": {
    "precision": 44.4444,
    "recall": 66.6667,
    "f-score": 53.3333
  },
  "KL_res": {
    "KL divergence": 2.1251407697426368,
    "Euclidean Dist.": 0.376796110173626,
    "WER": 1.0,
    "CER": 0.5892857142857143,
    "Cosine Dist.": 0.29835358455437677
  },
  "occ_eval_res": {
    "precision": 44.4444,
    "recall": 66.6667,
    "f-score": 53.3333
  },
  "clean_eval": {
    "f-score": 59.302325581395344,
    "precision": 68.91891891891892,
    "recall": 52.04081632653062,
    "tp": 51,
    "fp": 23,
    "fn": 47
  },
  "jaccard": [
    0.5032679738562091
  ],
  "braycurtis": [
    0.3524590163934426
  ],
  "dice": [
    0.33624454148471616
  ],
  "cosinus": [
    0.32645821467011693
  ]
}