{
  "voc_eval_res": {
    "precision": 72.2222,
    "recall": 59.0909,
    "f-score": 65.0
  },
  "KL_res": {
    "KL divergence": 1.5957500487940783,
    "Euclidean Dist.": 0.1951842458136704,
    "WER": 0.5483870967741935,
    "CER": 0.3605150214592275,
    "Cosine Dist.": 0.18307827112316866
  },
  "occ_eval_res": {
    "precision": 75.0,
    "recall": 58.0645,
    "f-score": 65.4545
  },
  "clean_eval": {
    "f-score": 19.745222929936308,
    "precision": 17.71428571428571,
    "recall": 22.302158273381295,
    "tp": 62,
    "fp": 288,
    "fn": 216
  },
  "jaccard": [
    0.4166666666666667
  ],
  "braycurtis": [
    0.25707547169811323
  ],
  "dice": [
    0.2631578947368421
  ],
  "cosinus": [
    0.13182823934231813
  ]
}