{
  "voc_eval_res": {
    "precision": 14.2857,
    "recall": 8.3333,
    "f-score": 10.5263
  },
  "KL_res": {
    "KL divergence": 7.738783745464427,
    "Euclidean Dist.": 0.46258385010657554,
    "WER": 1.0,
    "CER": 0.8333333333333334,
    "Cosine Dist.": 0.8232233047033631
  },
  "occ_eval_res": {
    "precision": 14.2857,
    "recall": 7.6923,
    "f-score": 10.0
  },
  "clean_eval": {
    "f-score": 51.92307692307692,
    "precision": 44.26229508196721,
    "recall": 62.7906976744186,
    "tp": 54,
    "fp": 68,
    "fn": 32
  },
  "jaccard": [
    0.8580246913580247
  ],
  "braycurtis": [
    0.7669902912621359
  ],
  "dice": [
    0.7513513513513513
  ],
  "cosinus": [
    0.7142767155522838
  ]
}