{
  "voc_eval_res": {
    "precision": 35.2941,
    "recall": 40.0,
    "f-score": 37.5
  },
  "KL_res": {
    "KL divergence": 4.493914804618562,
    "Euclidean Dist.": 0.3211099733991096,
    "WER": 0.9047619047619048,
    "CER": 0.7768595041322314,
    "Cosine Dist.": 0.5175493593229923
  },
  "occ_eval_res": {
    "precision": 38.8889,
    "recall": 33.3333,
    "f-score": 35.8974
  },
  "clean_eval": {
    "f-score": 51.704545454545446,
    "precision": 57.59493670886076,
    "recall": 46.90721649484536,
    "tp": 91,
    "fp": 67,
    "fn": 103
  },
  "jaccard": [
    0.628158844765343
  ],
  "braycurtis": [
    0.47388059701492535
  ],
  "dice": [
    0.45789473684210524
  ],
  "cosinus": [
    0.4111956018340692
  ]
}