{
  "voc_eval_res": {
    "precision": 54.5455,
    "recall": 40.0,
    "f-score": 46.1538
  },
  "KL_res": {
    "KL divergence": 3.5802602595283624,
    "Euclidean Dist.": 0.326452527472428,
    "WER": 0.7368421052631579,
    "CER": 0.6170212765957447,
    "Cosine Dist.": 0.42710810076845374
  },
  "occ_eval_res": {
    "precision": 50.0,
    "recall": 31.5789,
    "f-score": 38.7097
  },
  "clean_eval": {
    "f-score": 54.54545454545454,
    "precision": 41.73913043478261,
    "recall": 78.68852459016394,
    "tp": 96,
    "fp": 134,
    "fn": 26
  },
  "jaccard": [
    0.6073059360730594
  ],
  "braycurtis": [
    0.5441860465116279
  ],
  "dice": [
    0.4360655737704918
  ],
  "cosinus": [
    0.3504616842009489
  ]
}