{
  "voc_eval_res": {
    "precision": 43.75,
    "recall": 48.2759,
    "f-score": 45.9016
  },
  "KL_res": {
    "KL divergence": 2.67611606337392,
    "Euclidean Dist.": 0.19815055473191442,
    "WER": 0.7142857142857143,
    "CER": 0.3886792452830189,
    "Cosine Dist.": 0.3374586511310872
  },
  "occ_eval_res": {
    "precision": 43.5897,
    "recall": 48.5714,
    "f-score": 45.9459
  },
  "clean_eval": {
    "f-score": 8.405438813349814,
    "precision": 8.292682926829269,
    "recall": 8.521303258145362,
    "tp": 34,
    "fp": 376,
    "fn": 365
  },
  "jaccard": [
    0.5
  ],
  "braycurtis": [
    0.3121495327102804
  ],
  "dice": [
    0.3333333333333333
  ],
  "cosinus": [
    0.17810853279445293
  ]
}