{
  "voc_eval_res": {
    "precision": 26.9231,
    "recall": 30.4348,
    "f-score": 28.5714
  },
  "KL_res": {
    "KL divergence": 5.025209943009279,
    "Euclidean Dist.": 0.2853735940527887,
    "WER": 1.1111111111111112,
    "CER": 0.9078947368421053,
    "Cosine Dist.": 0.6805107744676513
  },
  "occ_eval_res": {
    "precision": 22.5806,
    "recall": 25.9259,
    "f-score": 24.1379
  },
  "clean_eval": {
    "f-score": 14.258911819887429,
    "precision": 15.702479338842975,
    "recall": 13.058419243986256,
    "tp": 38,
    "fp": 204,
    "fn": 253
  },
  "jaccard": [
    0.6320224719101124
  ],
  "braycurtis": [
    0.5260273972602739
  ],
  "dice": [
    0.4620123203285421
  ],
  "cosinus": [
    0.38244960513333603
  ]
}