{
  "voc_eval_res": {
    "precision": 58.3333,
    "recall": 35.0,
    "f-score": 43.75
  },
  "KL_res": {
    "KL divergence": 3.4692696991074343,
    "Euclidean Dist.": 0.305129095502128,
    "WER": 0.6363636363636364,
    "CER": 0.5,
    "Cosine Dist.": 0.2997811474075025
  },
  "occ_eval_res": {
    "precision": 53.3333,
    "recall": 36.3636,
    "f-score": 43.2432
  },
  "clean_eval": {
    "f-score": 41.747572815533985,
    "precision": 35.53719008264463,
    "recall": 50.588235294117645,
    "tp": 86,
    "fp": 156,
    "fn": 84
  },
  "jaccard": [
    0.6215277777777778
  ],
  "braycurtis": [
    0.42424242424242425
  ],
  "dice": [
    0.4508816120906801
  ],
  "cosinus": [
    0.2438960547826342
  ]
}