{
  "voc_eval_res": {
    "precision": 35.7143,
    "recall": 35.7143,
    "f-score": 35.7143
  },
  "KL_res": {
    "KL divergence": 3.8734795793583765,
    "Euclidean Dist.": 0.21428571428571427,
    "WER": 0.8214285714285714,
    "CER": 0.5459459459459459,
    "Cosine Dist.": 0.4736842105263157
  },
  "occ_eval_res": {
    "precision": 35.7143,
    "recall": 35.7143,
    "f-score": 35.7143
  },
  "clean_eval": {
    "f-score": 17.65834932821497,
    "precision": 16.48745519713262,
    "recall": 19.00826446280992,
    "tp": 46,
    "fp": 233,
    "fn": 196
  },
  "jaccard": [
    0.6256544502617801
  ],
  "braycurtis": [
    0.4632768361581921
  ],
  "dice": [
    0.4552380952380952
  ],
  "cosinus": [
    0.3537547600456753
  ]
}