{
  "voc_eval_res": {
    "precision": 100.0,
    "recall": 33.3333,
    "f-score": 50.0
  },
  "KL_res": {
    "KL divergence": 5.063325551875169,
    "Euclidean Dist.": 1.0540925533894598,
    "WER": 0.6666666666666666,
    "CER": 0.631578947368421,
    "Cosine Dist.": 0.29289321881345254
  },
  "occ_eval_res": {
    "precision": 100.0,
    "recall": 33.3333,
    "f-score": 50.0
  },
  "clean_eval": {
    "f-score": 46.15384615384615,
    "precision": 31.57894736842105,
    "recall": 85.71428571428571,
    "tp": 12,
    "fp": 26,
    "fn": 2
  },
  "jaccard": [
    0.6764705882352942
  ],
  "braycurtis": [
    0.5217391304347826
  ],
  "dice": [
    0.5111111111111111
  ],
  "cosinus": [
    0.40518208348406826
  ]
}