{
  "voc_eval_res": {
    "precision": 28.9474,
    "recall": 32.3529,
    "f-score": 30.5556
  },
  "KL_res": {
    "KL divergence": 3.9257534819350717,
    "Euclidean Dist.": 0.1923979385518535,
    "WER": 0.9736842105263158,
    "CER": 0.5910931174089069,
    "Cosine Dist.": 0.4515415590380625
  },
  "occ_eval_res": {
    "precision": 32.5,
    "recall": 34.2105,
    "f-score": 33.3333
  },
  "clean_eval": {
    "f-score": 28.391959798994975,
    "precision": 29.274611398963728,
    "recall": 27.5609756097561,
    "tp": 113,
    "fp": 273,
    "fn": 297
  },
  "jaccard": [
    0.6012145748987854
  ],
  "braycurtis": [
    0.40808823529411764
  ],
  "dice": [
    0.42981186685962375
  ],
  "cosinus": [
    0.2634416237080952
  ]
}