{
  "voc_eval_res": {
    "precision": 30.0,
    "recall": 42.8571,
    "f-score": 35.2941
  },
  "KL_res": {
    "KL divergence": 3.945832908608516,
    "Euclidean Dist.": 0.4033026918140887,
    "WER": 1.1428571428571428,
    "CER": 0.7301587301587301,
    "Cosine Dist.": 0.4737651884157824
  },
  "occ_eval_res": {
    "precision": 30.0,
    "recall": 42.8571,
    "f-score": 35.2941
  },
  "clean_eval": {
    "f-score": 44.89795918367348,
    "precision": 51.162790697674424,
    "recall": 40.0,
    "tp": 44,
    "fp": 42,
    "fn": 66
  },
  "jaccard": [
    0.5614035087719298
  ],
  "braycurtis": [
    0.39849624060150374
  ],
  "dice": [
    0.3902439024390244
  ],
  "cosinus": [
    0.3680312202237478
  ]
}