{
  "voc_eval_res": {
    "precision": 56.25,
    "recall": 34.6154,
    "f-score": 42.8571
  },
  "KL_res": {
    "KL divergence": 3.826062288154433,
    "Euclidean Dist.": 0.28581265524232147,
    "WER": 0.7878787878787878,
    "CER": 0.5875,
    "Cosine Dist.": 0.4518490321379748
  },
  "occ_eval_res": {
    "precision": 52.381,
    "recall": 33.3333,
    "f-score": 40.7407
  },
  "clean_eval": {
    "f-score": 14.527027027027026,
    "precision": 12.285714285714286,
    "recall": 17.768595041322314,
    "tp": 43,
    "fp": 307,
    "fn": 199
  },
  "jaccard": [
    0.547550432276657
  ],
  "braycurtis": [
    0.3851851851851852
  ],
  "dice": [
    0.376984126984127
  ],
  "cosinus": [
    0.21656186564871005
  ]
}