{
  "voc_eval_res": {
    "precision": 44.0,
    "recall": 34.375,
    "f-score": 38.5965
  },
  "KL_res": {
    "KL divergence": 3.748968165406573,
    "Euclidean Dist.": 0.22083609647581787,
    "WER": 0.8055555555555556,
    "CER": 0.6172839506172839,
    "Cosine Dist.": 0.4455840467840704
  },
  "occ_eval_res": {
    "precision": 42.8571,
    "recall": 33.3333,
    "f-score": 37.5
  },
  "clean_eval": {
    "f-score": 7.05521472392638,
    "precision": 6.571428571428571,
    "recall": 7.6158940397351,
    "tp": 23,
    "fp": 327,
    "fn": 279
  },
  "jaccard": [
    0.5435779816513762
  ],
  "braycurtis": [
    0.38114754098360654
  ],
  "dice": [
    0.3732283464566929
  ],
  "cosinus": [
    0.23878084521226506
  ]
}