{
  "voc_eval_res": {
    "precision": 50.0,
    "recall": 42.3077,
    "f-score": 45.8333
  },
  "KL_res": {
    "KL divergence": 2.741053901985974,
    "Euclidean Dist.": 0.22756927282281025,
    "WER": 0.6764705882352942,
    "CER": 0.4268774703557312,
    "Cosine Dist.": 0.3128753017994528
  },
  "occ_eval_res": {
    "precision": 50.0,
    "recall": 44.1176,
    "f-score": 46.875
  },
  "clean_eval": {
    "f-score": 16.573033707865168,
    "precision": 15.284974093264248,
    "recall": 18.098159509202453,
    "tp": 59,
    "fp": 327,
    "fn": 267
  },
  "jaccard": [
    0.48717948717948717
  ],
  "braycurtis": [
    0.3542116630669546
  ],
  "dice": [
    0.3220338983050847
  ],
  "cosinus": [
    0.19942130811806935
  ]
}