{
  "voc_eval_res": {
    "precision": 33.3333,
    "recall": 31.8182,
    "f-score": 32.5581
  },
  "KL_res": {
    "KL divergence": 3.9079068700780177,
    "Euclidean Dist.": 0.267478830104709,
    "WER": 0.9629629629629629,
    "CER": 0.7228260869565217,
    "Cosine Dist.": 0.491315315920843
  },
  "occ_eval_res": {
    "precision": 33.3333,
    "recall": 29.6296,
    "f-score": 31.3725
  },
  "clean_eval": {
    "f-score": 18.75,
    "precision": 18.345323741007196,
    "recall": 19.172932330827066,
    "tp": 51,
    "fp": 227,
    "fn": 215
  },
  "jaccard": [
    0.6498599439775911
  ],
  "braycurtis": [
    0.45125348189415043
  ],
  "dice": [
    0.48132780082987553
  ],
  "cosinus": [
    0.2792240914435491
  ]
}