{
  "voc_eval_res": {
    "precision": 77.7778,
    "recall": 53.8462,
    "f-score": 63.6364
  },
  "KL_res": {
    "KL divergence": 2.6784392574849165,
    "Euclidean Dist.": 0.3299831645537222,
    "WER": 0.6,
    "CER": 0.41975308641975306,
    "Cosine Dist.": 0.2873731757815938
  },
  "occ_eval_res": {
    "precision": 70.0,
    "recall": 46.6667,
    "f-score": 56.0
  },
  "clean_eval": {
    "f-score": 69.52380952380952,
    "precision": 65.76576576576578,
    "recall": 73.73737373737373,
    "tp": 73,
    "fp": 38,
    "fn": 26
  },
  "jaccard": [
    0.47530864197530864
  ],
  "braycurtis": [
    0.3212121212121212
  ],
  "dice": [
    0.3117408906882591
  ],
  "cosinus": [
    0.23596753755751831
  ]
}