{
  "voc_eval_res": {
    "precision": 37.5,
    "recall": 44.1176,
    "f-score": 40.5405
  },
  "KL_res": {
    "KL divergence": 4.091729351411423,
    "Euclidean Dist.": 0.2549873046248553,
    "WER": 0.8695652173913043,
    "CER": 0.47633136094674555,
    "Cosine Dist.": 0.646059274798956
  },
  "occ_eval_res": {
    "precision": 30.0,
    "recall": 32.6087,
    "f-score": 31.25
  },
  "clean_eval": {
    "f-score": 16.200578592092572,
    "precision": 15.849056603773585,
    "recall": 16.56804733727811,
    "tp": 84,
    "fp": 446,
    "fn": 423
  },
  "jaccard": [
    0.5345911949685535
  ],
  "braycurtis": [
    0.41739130434782606
  ],
  "dice": [
    0.3648068669527897
  ],
  "cosinus": [
    0.3118265546853156
  ]
}