{
  "voc_eval_res": {
    "precision": 76.4706,
    "recall": 68.4211,
    "f-score": 72.2222
  },
  "KL_res": {
    "KL divergence": 0.8915215908942349,
    "Euclidean Dist.": 0.15470424268750707,
    "WER": 0.3870967741935484,
    "CER": 0.29081632653061223,
    "Cosine Dist.": 0.09144048649733216
  },
  "occ_eval_res": {
    "precision": 74.1935,
    "recall": 74.1935,
    "f-score": 74.1935
  },
  "clean_eval": {
    "f-score": 11.993517017828202,
    "precision": 11.78343949044586,
    "recall": 12.211221122112212,
    "tp": 37,
    "fp": 277,
    "fn": 266
  },
  "jaccard": [
    0.41923076923076924
  ],
  "braycurtis": [
    0.2513089005235602
  ],
  "dice": [
    0.26520681265206814
  ],
  "cosinus": [
    0.12159848377924898
  ]
}