{
  "voc_eval_res": {
    "precision": 44.4444,
    "recall": 28.5714,
    "f-score": 34.7826
  },
  "KL_res": {
    "KL divergence": 4.570296718461936,
    "Euclidean Dist.": 0.36978557971954745,
    "WER": 0.7894736842105263,
    "CER": 0.4056603773584906,
    "Cosine Dist.": 0.4537690064008649
  },
  "occ_eval_res": {
    "precision": 45.4545,
    "recall": 26.3158,
    "f-score": 33.3333
  },
  "clean_eval": {
    "f-score": 56.32911392405063,
    "precision": 45.876288659793815,
    "recall": 72.95081967213115,
    "tp": 89,
    "fp": 105,
    "fn": 33
  },
  "jaccard": [
    0.6023391812865497
  ],
  "braycurtis": [
    0.44559585492227977
  ],
  "dice": [
    0.4309623430962343
  ],
  "cosinus": [
    0.31419344928438453
  ]
}