{
  "voc_eval_res": {
    "precision": 45.0,
    "recall": 50.0,
    "f-score": 47.3684
  },
  "KL_res": {
    "KL divergence": 2.2279791669523217,
    "Euclidean Dist.": 0.21577614194888053,
    "WER": 0.7272727272727273,
    "CER": 0.5151515151515151,
    "Cosine Dist.": 0.2220888240945319
  },
  "occ_eval_res": {
    "precision": 50.0,
    "recall": 54.5455,
    "f-score": 52.1739
  },
  "clean_eval": {
    "f-score": 15.0093808630394,
    "precision": 14.388489208633093,
    "recall": 15.686274509803921,
    "tp": 40,
    "fp": 238,
    "fn": 215
  },
  "jaccard": [
    0.6109324758842444
  ],
  "braycurtis": [
    0.4107142857142857
  ],
  "dice": [
    0.4398148148148148
  ],
  "cosinus": [
    0.23809067689743335
  ]
}