{
  "voc_eval_res": {
    "precision": 54.5455,
    "recall": 42.8571,
    "f-score": 48.0
  },
  "KL_res": {
    "KL divergence": 4.0109355354146645,
    "Euclidean Dist.": 0.3251072613845447,
    "WER": 0.625,
    "CER": 0.5573770491803278,
    "Cosine Dist.": 0.4292182070146071
  },
  "occ_eval_res": {
    "precision": 54.5455,
    "recall": 37.5,
    "f-score": 44.4444
  },
  "clean_eval": {
    "f-score": 56.22775800711744,
    "precision": 46.470588235294116,
    "recall": 71.17117117117117,
    "tp": 79,
    "fp": 91,
    "fn": 32
  },
  "jaccard": [
    0.6731707317073171
  ],
  "braycurtis": [
    0.5614973262032086
  ],
  "dice": [
    0.5073529411764706
  ],
  "cosinus": [
    0.45770849600817887
  ]
}