{
  "voc_eval_res": {
    "precision": 64.2857,
    "recall": 50.0,
    "f-score": 56.25
  },
  "KL_res": {
    "KL divergence": 3.003781523873846,
    "Euclidean Dist.": 0.2744691065792147,
    "WER": 0.7407407407407407,
    "CER": 0.5879120879120879,
    "Cosine Dist.": 0.3130962697044968
  },
  "occ_eval_res": {
    "precision": 62.5,
    "recall": 37.037,
    "f-score": 46.5116
  },
  "clean_eval": {
    "f-score": 30.165289256198346,
    "precision": 24.17218543046358,
    "recall": 40.10989010989011,
    "tp": 73,
    "fp": 229,
    "fn": 109
  },
  "jaccard": [
    0.4935064935064935
  ],
  "braycurtis": [
    0.43686006825938567
  ],
  "dice": [
    0.3275862068965517
  ],
  "cosinus": [
    0.24440921904658364
  ]
}