{
  "voc_eval_res": {
    "precision": 50.0,
    "recall": 50.0,
    "f-score": 50.0
  },
  "KL_res": {
    "KL divergence": 2.776978300445217,
    "Euclidean Dist.": 0.2535684383131845,
    "WER": 0.68,
    "CER": 0.4258064516129032,
    "Cosine Dist.": 0.3367634675719272
  },
  "occ_eval_res": {
    "precision": 52.6316,
    "recall": 40.0,
    "f-score": 45.4545
  },
  "clean_eval": {
    "f-score": 18.35294117647059,
    "precision": 17.889908256880734,
    "recall": 18.84057971014493,
    "tp": 39,
    "fp": 179,
    "fn": 168
  },
  "jaccard": [
    0.5212765957446809
  ],
  "braycurtis": [
    0.3811074918566775
  ],
  "dice": [
    0.35251798561151076
  ],
  "cosinus": [
    0.256895626338
  ]
}