{
  "voc_eval_res": {
    "precision": 56.5217,
    "recall": 65.0,
    "f-score": 60.4651
  },
  "KL_res": {
    "KL divergence": 1.5426924710434533,
    "Euclidean Dist.": 0.18655014719909774,
    "WER": 0.7037037037037037,
    "CER": 0.42028985507246375,
    "Cosine Dist.": 0.1876376055400768
  },
  "occ_eval_res": {
    "precision": 60.7143,
    "recall": 62.963,
    "f-score": 61.8182
  },
  "clean_eval": {
    "f-score": 4.9079754601227,
    "precision": 4.9079754601226995,
    "recall": 4.9079754601226995,
    "tp": 16,
    "fp": 310,
    "fn": 310
  },
  "jaccard": [
    0.4006734006734007
  ],
  "braycurtis": [
    0.2403846153846154
  ],
  "dice": [
    0.2505263157894737
  ],
  "cosinus": [
    0.11707518366776082
  ]
}