{
  "voc_eval_res": {
    "precision": 50.0,
    "recall": 48.1481,
    "f-score": 49.0566
  },
  "KL_res": {
    "KL divergence": 2.2493992430430465,
    "Euclidean Dist.": 0.2347032168996425,
    "WER": 0.9117647058823529,
    "CER": 0.5109489051094891,
    "Cosine Dist.": 0.3766229421590229
  },
  "occ_eval_res": {
    "precision": 48.2759,
    "recall": 41.1765,
    "f-score": 44.4444
  },
  "clean_eval": {
    "f-score": 18.404907975460123,
    "precision": 16.574585635359114,
    "recall": 20.689655172413794,
    "tp": 60,
    "fp": 302,
    "fn": 230
  },
  "jaccard": [
    0.4884910485933504
  ],
  "braycurtis": [
    0.3188976377952756
  ],
  "dice": [
    0.32318104906937395
  ],
  "cosinus": [
    0.14964389336152395
  ]
}