{
  "voc_eval_res": {
    "precision": 63.6364,
    "recall": 46.6667,
    "f-score": 53.8462
  },
  "KL_res": {
    "KL divergence": 2.608776296458628,
    "Euclidean Dist.": 0.25071984024596905,
    "WER": 0.5882352941176471,
    "CER": 0.3473684210526316,
    "Cosine Dist.": 0.20528058576097397
  },
  "occ_eval_res": {
    "precision": 66.6667,
    "recall": 47.0588,
    "f-score": 55.1724
  },
  "clean_eval": {
    "f-score": 69.17808219178082,
    "precision": 63.92405063291139,
    "recall": 75.3731343283582,
    "tp": 101,
    "fp": 57,
    "fn": 33
  },
  "jaccard": [
    0.5347593582887701
  ],
  "braycurtis": [
    0.3277777777777778
  ],
  "dice": [
    0.36496350364963503
  ],
  "cosinus": [
    0.1938589921325946
  ]
}