{
  "voc_eval_res": {
    "precision": 30.7692,
    "recall": 40.0,
    "f-score": 34.7826
  },
  "KL_res": {
    "KL divergence": 4.008596734954449,
    "Euclidean Dist.": 0.33836340806648607,
    "WER": 1.1,
    "CER": 0.821917808219178,
    "Cosine Dist.": 0.4427217874246474
  },
  "occ_eval_res": {
    "precision": 28.5714,
    "recall": 40.0,
    "f-score": 33.3333
  },
  "clean_eval": {
    "f-score": 50.0,
    "precision": 70.93023255813954,
    "recall": 38.607594936708864,
    "tp": 61,
    "fp": 25,
    "fn": 97
  },
  "jaccard": [
    0.5754716981132075
  ],
  "braycurtis": [
    0.47058823529411764
  ],
  "dice": [
    0.40397350993377484
  ],
  "cosinus": [
    0.3218577102553455
  ]
}