{
  "voc_eval_res": {
    "precision": 61.5385,
    "recall": 44.4444,
    "f-score": 51.6129
  },
  "KL_res": {
    "KL divergence": 2.761521709624301,
    "Euclidean Dist.": 0.24462982238476158,
    "WER": 0.6,
    "CER": 0.3933333333333333,
    "Cosine Dist.": 0.22071349980080335
  },
  "occ_eval_res": {
    "precision": 62.5,
    "recall": 50.0,
    "f-score": 55.5556
  },
  "clean_eval": {
    "f-score": 63.10679611650484,
    "precision": 59.63302752293578,
    "recall": 67.0103092783505,
    "tp": 130,
    "fp": 88,
    "fn": 64
  },
  "jaccard": [
    0.5020080321285141
  ],
  "braycurtis": [
    0.31135531135531136
  ],
  "dice": [
    0.3351206434316354
  ],
  "cosinus": [
    0.18574551917912807
  ]
}