{
  "voc_eval_res": {
    "precision": 62.5,
    "recall": 83.3333,
    "f-score": 71.4286
  },
  "KL_res": {
    "KL divergence": 0.859516948745708,
    "Euclidean Dist.": 0.2712382141370645,
    "WER": 0.42857142857142855,
    "CER": 0.3684210526315789,
    "Cosine Dist.": 0.10973618548054842
  },
  "occ_eval_res": {
    "precision": 66.6667,
    "recall": 85.7143,
    "f-score": 75.0
  },
  "clean_eval": {
    "f-score": 61.81818181818181,
    "precision": 61.81818181818181,
    "recall": 61.81818181818181,
    "tp": 68,
    "fp": 42,
    "fn": 42
  },
  "jaccard": [
    0.38666666666666666
  ],
  "braycurtis": [
    0.25
  ],
  "dice": [
    0.2396694214876033
  ],
  "cosinus": [
    0.2042487983409459
  ]
}