{
  "voc_eval_res": {
    "precision": 42.3077,
    "recall": 57.8947,
    "f-score": 48.8889
  },
  "KL_res": {
    "KL divergence": 1.5598701172684155,
    "Euclidean Dist.": 0.18122446472597034,
    "WER": 1.037037037037037,
    "CER": 0.7214611872146118,
    "Cosine Dist.": 0.15018793540201836
  },
  "occ_eval_res": {
    "precision": 52.9412,
    "recall": 66.6667,
    "f-score": 59.0164
  },
  "clean_eval": {
    "f-score": 16.566265060240966,
    "precision": 17.51592356687898,
    "recall": 15.714285714285714,
    "tp": 55,
    "fp": 259,
    "fn": 295
  },
  "jaccard": [
    0.46319018404907975
  ],
  "braycurtis": [
    0.2671081677704194
  ],
  "dice": [
    0.3013972055888224
  ],
  "cosinus": [
    0.12310362421580556
  ]
}