{
  "voc_eval_res": {
    "precision": 30.7692,
    "recall": 26.6667,
    "f-score": 28.5714
  },
  "KL_res": {
    "KL divergence": 6.258316410606665,
    "Euclidean Dist.": 0.39524411186779207,
    "WER": 0.9545454545454546,
    "CER": 0.626984126984127,
    "Cosine Dist.": 0.7359606552062201
  },
  "occ_eval_res": {
    "precision": 30.7692,
    "recall": 18.1818,
    "f-score": 22.8571
  },
  "clean_eval": {
    "f-score": 68.57142857142857,
    "precision": 71.64179104477611,
    "recall": 65.75342465753424,
    "tp": 96,
    "fp": 38,
    "fn": 50
  },
  "jaccard": [
    0.649402390438247
  ],
  "braycurtis": [
    0.5805084745762712
  ],
  "dice": [
    0.4808259587020649
  ],
  "cosinus": [
    0.5876881012401007
  ]
}