{
  "voc_eval_res": {
    "precision": 50.0,
    "recall": 14.2857,
    "f-score": 22.2222
  },
  "KL_res": {
    "KL divergence": 7.133880994709037,
    "Euclidean Dist.": 0.7921811790292441,
    "WER": 0.8571428571428571,
    "CER": 0.7407407407407407,
    "Cosine Dist.": 0.5917517095361371
  },
  "occ_eval_res": {
    "precision": 50.0,
    "recall": 14.2857,
    "f-score": 22.2222
  },
  "clean_eval": {
    "f-score": 47.72727272727273,
    "precision": 33.87096774193548,
    "recall": 80.76923076923077,
    "tp": 21,
    "fp": 41,
    "fn": 5
  },
  "jaccard": [
    0.8307692307692308
  ],
  "braycurtis": [
    0.7105263157894737
  ],
  "dice": [
    0.7105263157894737
  ],
  "cosinus": [
    0.6363512173009926
  ]
}