{
  "voc_eval_res": {
    "precision": 42.8571,
    "recall": 23.0769,
    "f-score": 30.0
  },
  "KL_res": {
    "KL divergence": 4.367243390846477,
    "Euclidean Dist.": 0.37155065148821254,
    "WER": 0.8,
    "CER": 0.6086956521739131,
    "Cosine Dist.": 0.4023856953328032
  },
  "occ_eval_res": {
    "precision": 42.8571,
    "recall": 20.0,
    "f-score": 27.2727
  },
  "clean_eval": {
    "f-score": 34.54545454545454,
    "precision": 26.027397260273972,
    "recall": 51.35135135135135,
    "tp": 38,
    "fp": 108,
    "fn": 36
  },
  "jaccard": [
    0.7116564417177914
  ],
  "braycurtis": [
    0.5614035087719298
  ],
  "dice": [
    0.5523809523809524
  ],
  "cosinus": [
    0.4871458995731198
  ]
}