{
  "voc_eval_res": {
    "precision": 26.3158,
    "recall": 33.3333,
    "f-score": 29.4118
  },
  "KL_res": {
    "KL divergence": 4.867688099743101,
    "Euclidean Dist.": 0.2731442752916484,
    "WER": 1.0810810810810811,
    "CER": 0.6715328467153284,
    "Cosine Dist.": 0.7423329313936876
  },
  "occ_eval_res": {
    "precision": 21.2766,
    "recall": 27.027,
    "f-score": 23.8095
  },
  "clean_eval": {
    "f-score": 30.23516237402016,
    "precision": 32.846715328467155,
    "recall": 28.008298755186722,
    "tp": 135,
    "fp": 276,
    "fn": 347
  },
  "jaccard": [
    0.6047904191616766
  ],
  "braycurtis": [
    0.503257328990228
  ],
  "dice": [
    0.4334763948497854
  ],
  "cosinus": [
    0.4256346251861991
  ]
}