{
  "voc_eval_res": {
    "precision": 60.0,
    "recall": 46.1538,
    "f-score": 52.1739
  },
  "KL_res": {
    "KL divergence": 3.2211116674684677,
    "Euclidean Dist.": 0.2963286197578188,
    "WER": 0.6153846153846154,
    "CER": 0.4909090909090909,
    "Cosine Dist.": 0.3117527983883148
  },
  "occ_eval_res": {
    "precision": 60.0,
    "recall": 46.1538,
    "f-score": 52.1739
  },
  "clean_eval": {
    "f-score": 65.71428571428571,
    "precision": 58.22784810126582,
    "recall": 75.40983606557377,
    "tp": 92,
    "fp": 66,
    "fn": 30
  },
  "jaccard": [
    0.489247311827957
  ],
  "braycurtis": [
    0.3615819209039548
  ],
  "dice": [
    0.3238434163701068
  ],
  "cosinus": [
    0.2532352324720786
  ]
}