{
  "voc_eval_res": {
    "precision": 16.6667,
    "recall": 10.0,
    "f-score": 12.5
  },
  "KL_res": {
    "KL divergence": 6.050447606285891,
    "Euclidean Dist.": 0.44354784846457207,
    "WER": 0.8666666666666667,
    "CER": 0.6296296296296297,
    "Cosine Dist.": 0.44529980377477096
  },
  "occ_eval_res": {
    "precision": 28.5714,
    "recall": 13.3333,
    "f-score": 18.1818
  },
  "clean_eval": {
    "f-score": 53.57142857142857,
    "precision": 44.11764705882353,
    "recall": 68.18181818181817,
    "tp": 75,
    "fp": 95,
    "fn": 35
  },
  "jaccard": [
    0.7857142857142857
  ],
  "braycurtis": [
    0.5850340136054422
  ],
  "dice": [
    0.6470588235294118
  ],
  "cosinus": [
    0.32521744885261294
  ]
}