{
  "voc_eval_res": {
    "precision": 60.0,
    "recall": 63.1579,
    "f-score": 61.5385
  },
  "KL_res": {
    "KL divergence": 1.6872639517216304,
    "Euclidean Dist.": 0.20784609690826528,
    "WER": 0.56,
    "CER": 0.37745098039215685,
    "Cosine Dist.": 0.21886653411505685
  },
  "occ_eval_res": {
    "precision": 60.0,
    "recall": 60.0,
    "f-score": 60.0
  },
  "clean_eval": {
    "f-score": 31.756756756756747,
    "precision": 31.125827814569533,
    "recall": 32.41379310344827,
    "tp": 94,
    "fp": 208,
    "fn": 196
  },
  "jaccard": [
    0.3972602739726027
  ],
  "braycurtis": [
    0.2776349614395887
  ],
  "dice": [
    0.24786324786324787
  ],
  "cosinus": [
    0.14983035356319796
  ]
}