{
  "voc_eval_res": {
    "precision": 77.7778,
    "recall": 66.6667,
    "f-score": 71.7949
  },
  "KL_res": {
    "KL divergence": 0.9632264738026936,
    "Euclidean Dist.": 0.14653235789218141,
    "WER": 0.45454545454545453,
    "CER": 0.3051643192488263,
    "Cosine Dist.": 0.08840167388434617
  },
  "occ_eval_res": {
    "precision": 81.4815,
    "recall": 66.6667,
    "f-score": 73.3333
  },
  "clean_eval": {
    "f-score": 22.690437601296594,
    "precision": 20.64896755162242,
    "recall": 25.179856115107913,
    "tp": 70,
    "fp": 269,
    "fn": 208
  },
  "jaccard": [
    0.25609756097560976
  ],
  "braycurtis": [
    0.19794344473007713
  ],
  "dice": [
    0.14685314685314685
  ],
  "cosinus": [
    0.0951365969739475
  ]
}