{
  "voc_eval_res": {
    "precision": 50.0,
    "recall": 61.5385,
    "f-score": 55.1724
  },
  "KL_res": {
    "KL divergence": 1.761891209255859,
    "Euclidean Dist.": 0.2566955890398703,
    "WER": 0.6875,
    "CER": 0.6875,
    "Cosine Dist.": 0.22041553505441358
  },
  "occ_eval_res": {
    "precision": 52.9412,
    "recall": 56.25,
    "f-score": 54.5455
  },
  "clean_eval": {
    "f-score": 55.8904109589041,
    "precision": 56.043956043956044,
    "recall": 55.73770491803278,
    "tp": 102,
    "fp": 80,
    "fn": 81
  },
  "jaccard": [
    0.6287878787878788
  ],
  "braycurtis": [
    0.45021645021645024
  ],
  "dice": [
    0.4585635359116022
  ],
  "cosinus": [
    0.2874254024471363
  ]
}