{
  "voc_eval_res": {
    "precision": 34.4828,
    "recall": 47.619,
    "f-score": 40.0
  },
  "KL_res": {
    "KL divergence": 2.5013150465742955,
    "Euclidean Dist.": 0.2572564662415251,
    "WER": 1.1923076923076923,
    "CER": 0.7309417040358744,
    "Cosine Dist.": 0.4207256428584123
  },
  "occ_eval_res": {
    "precision": 34.375,
    "recall": 42.3077,
    "f-score": 37.931
  },
  "clean_eval": {
    "f-score": 20.77922077922078,
    "precision": 21.192052980132452,
    "recall": 20.382165605095544,
    "tp": 64,
    "fp": 238,
    "fn": 250
  },
  "jaccard": [
    0.46218487394957986
  ],
  "braycurtis": [
    0.26963906581740976
  ],
  "dice": [
    0.3005464480874317
  ],
  "cosinus": [
    0.1318892654475219
  ]
}