{
  "voc_eval_res": {
    "precision": 55.0,
    "recall": 50.0,
    "f-score": 52.381
  },
  "KL_res": {
    "KL divergence": 2.224644733431881,
    "Euclidean Dist.": 0.20095040454987248,
    "WER": 0.6153846153846154,
    "CER": 0.3925233644859813,
    "Cosine Dist.": 0.21989064430364524
  },
  "occ_eval_res": {
    "precision": 56.0,
    "recall": 53.8462,
    "f-score": 54.902
  },
  "clean_eval": {
    "f-score": 3.9735099337748347,
    "precision": 3.821656050955414,
    "recall": 4.137931034482759,
    "tp": 12,
    "fp": 302,
    "fn": 278
  },
  "jaccard": [
    0.40816326530612246
  ],
  "braycurtis": [
    0.2911392405063291
  ],
  "dice": [
    0.2564102564102564
  ],
  "cosinus": [
    0.15570037062957298
  ]
}