{
  "voc_eval_res": {
    "precision": 40.0,
    "recall": 33.3333,
    "f-score": 36.3636
  },
  "KL_res": {
    "KL divergence": 3.505333992053168,
    "Euclidean Dist.": 0.292091527294888,
    "WER": 0.6428571428571429,
    "CER": 0.5909090909090909,
    "Cosine Dist.": 0.25875068333889883
  },
  "occ_eval_res": {
    "precision": 50.0,
    "recall": 42.8571,
    "f-score": 46.1538
  },
  "clean_eval": {
    "f-score": 78.18181818181819,
    "precision": 78.18181818181819,
    "recall": 78.18181818181819,
    "tp": 86,
    "fp": 24,
    "fn": 24
  },
  "jaccard": [
    0.7319587628865979
  ],
  "braycurtis": [
    0.5563380281690141
  ],
  "dice": [
    0.5772357723577236
  ],
  "cosinus": [
    0.44539820721642254
  ]
}