{
  "voc_eval_res": {
    "precision": 43.75,
    "recall": 41.1765,
    "f-score": 42.4242
  },
  "KL_res": {
    "KL divergence": 3.1055722066327887,
    "Euclidean Dist.": 0.27355060221609656,
    "WER": 0.8571428571428571,
    "CER": 0.5620915032679739,
    "Cosine Dist.": 0.340171120926142
  },
  "occ_eval_res": {
    "precision": 42.8571,
    "recall": 42.8571,
    "f-score": 42.8571
  },
  "clean_eval": {
    "f-score": 19.642857142857146,
    "precision": 20.18348623853211,
    "recall": 19.130434782608695,
    "tp": 44,
    "fp": 174,
    "fn": 186
  },
  "jaccard": [
    0.5546875
  ],
  "braycurtis": [
    0.43205574912891986
  ],
  "dice": [
    0.3837837837837838
  ],
  "cosinus": [
    0.28181515354039255
  ]
}