{
  "voc_eval_res": {
    "precision": 21.875,
    "recall": 38.8889,
    "f-score": 28.0
  },
  "KL_res": {
    "KL divergence": 3.913754505618322,
    "Euclidean Dist.": 0.267912036878025,
    "WER": 1.45,
    "CER": 1.167832167832168,
    "Cosine Dist.": 0.5398210066915777
  },
  "occ_eval_res": {
    "precision": 21.2121,
    "recall": 35.0,
    "f-score": 26.4151
  },
  "clean_eval": {
    "f-score": 14.43661971830986,
    "precision": 19.902912621359224,
    "recall": 11.32596685082873,
    "tp": 41,
    "fp": 165,
    "fn": 321
  },
  "jaccard": [
    0.6556122448979592
  ],
  "braycurtis": [
    0.5368956743002544
  ],
  "dice": [
    0.4876660341555977
  ],
  "cosinus": [
    0.38401081213000576
  ]
}