{
  "voc_eval_res": {
    "precision": 40.0,
    "recall": 44.4444,
    "f-score": 42.1053
  },
  "KL_res": {
    "KL divergence": 3.139912338774365,
    "Euclidean Dist.": 0.2527959991267964,
    "WER": 0.8947368421052632,
    "CER": 0.6470588235294118,
    "Cosine Dist.": 0.39866220569704514
  },
  "occ_eval_res": {
    "precision": 40.0,
    "recall": 42.1053,
    "f-score": 41.0256
  },
  "clean_eval": {
    "f-score": 11.940298507462686,
    "precision": 12.244897959183673,
    "recall": 11.650485436893204,
    "tp": 24,
    "fp": 172,
    "fn": 182
  },
  "jaccard": [
    0.5932203389830508
  ],
  "braycurtis": [
    0.4367816091954023
  ],
  "dice": [
    0.42168674698795183
  ],
  "cosinus": [
    0.30414426296928543
  ]
}