{
  "voc_eval_res": {
    "precision": 71.4286,
    "recall": 31.25,
    "f-score": 43.4783
  },
  "KL_res": {
    "KL divergence": 3.681680905488532,
    "Euclidean Dist.": 0.36483126490454715,
    "WER": 0.7222222222222222,
    "CER": 0.5523809523809524,
    "Cosine Dist.": 0.2614510541240036
  },
  "occ_eval_res": {
    "precision": 75.0,
    "recall": 33.3333,
    "f-score": 46.1538
  },
  "clean_eval": {
    "f-score": 51.5625,
    "precision": 41.77215189873418,
    "recall": 67.3469387755102,
    "tp": 66,
    "fp": 92,
    "fn": 32
  },
  "jaccard": [
    0.4779874213836478
  ],
  "braycurtis": [
    0.3583815028901734
  ],
  "dice": [
    0.3140495867768595
  ],
  "cosinus": [
    0.17119608214191318
  ]
}