{
  "voc_eval_res": {
    "precision": 53.3333,
    "recall": 34.7826,
    "f-score": 42.1053
  },
  "KL_res": {
    "KL divergence": 3.763887127259469,
    "Euclidean Dist.": 0.25615075949764593,
    "WER": 0.7777777777777778,
    "CER": 0.5988372093023255,
    "Cosine Dist.": 0.33681237425929855
  },
  "occ_eval_res": {
    "precision": 56.25,
    "recall": 33.3333,
    "f-score": 41.8605
  },
  "clean_eval": {
    "f-score": 31.067961165048548,
    "precision": 25.196850393700785,
    "recall": 40.50632911392405,
    "tp": 64,
    "fp": 190,
    "fn": 94
  },
  "jaccard": [
    0.6196721311475409
  ],
  "braycurtis": [
    0.4899328859060403
  ],
  "dice": [
    0.4489311163895487
  ],
  "cosinus": [
    0.34737443397856493
  ]
}