{
  "voc_eval_res": {
    "precision": 37.5,
    "recall": 31.5789,
    "f-score": 34.2857
  },
  "KL_res": {
    "KL divergence": 4.135038677928114,
    "Euclidean Dist.": 0.2834538747171413,
    "WER": 0.6956521739130435,
    "CER": 0.4720496894409938,
    "Cosine Dist.": 0.4522089643352234
  },
  "occ_eval_res": {
    "precision": 38.8889,
    "recall": 30.4348,
    "f-score": 34.1463
  },
  "clean_eval": {
    "f-score": 12.705882352941178,
    "precision": 12.385321100917432,
    "recall": 13.043478260869565,
    "tp": 27,
    "fp": 191,
    "fn": 180
  },
  "jaccard": [
    0.5342960288808665
  ],
  "braycurtis": [
    0.40764331210191085
  ],
  "dice": [
    0.3645320197044335
  ],
  "cosinus": [
    0.27815956897319727
  ]
}