{
  "voc_eval_res": {
    "precision": 54.5455,
    "recall": 52.1739,
    "f-score": 53.3333
  },
  "KL_res": {
    "KL divergence": 2.3162124100538617,
    "Euclidean Dist.": 0.21143574779543828,
    "WER": 0.7,
    "CER": 0.5589519650655022,
    "Cosine Dist.": 0.23624684399896356
  },
  "occ_eval_res": {
    "precision": 55.5556,
    "recall": 50.0,
    "f-score": 52.6316
  },
  "clean_eval": {
    "f-score": 49.681528662420384,
    "precision": 46.15384615384615,
    "recall": 53.79310344827586,
    "tp": 156,
    "fp": 182,
    "fn": 134
  },
  "jaccard": [
    0.5041322314049587
  ],
  "braycurtis": [
    0.36574074074074076
  ],
  "dice": [
    0.3370165745856354
  ],
  "cosinus": [
    0.2061710942350008
  ]
}