{
  "voc_eval_res": {
    "precision": 20.0,
    "recall": 16.6667,
    "f-score": 18.1818
  },
  "KL_res": {
    "KL divergence": 6.4236085228874575,
    "Euclidean Dist.": 0.3880148908940939,
    "WER": 0.9166666666666666,
    "CER": 0.6607142857142857,
    "Cosine Dist.": 0.6913933000758162
  },
  "occ_eval_res": {
    "precision": 20.0,
    "recall": 16.6667,
    "f-score": 18.1818
  },
  "clean_eval": {
    "f-score": 49.21875000000001,
    "precision": 37.05882352941177,
    "recall": 73.25581395348837,
    "tp": 63,
    "fp": 107,
    "fn": 23
  },
  "jaccard": [
    0.7888888888888889
  ],
  "braycurtis": [
    0.6796875
  ],
  "dice": [
    0.6513761467889908
  ],
  "cosinus": [
    0.7191281742441219
  ]
}