{
  "voc_eval_res": {
    "precision": 38.8889,
    "recall": 28.0,
    "f-score": 32.5581
  },
  "KL_res": {
    "KL divergence": 5.132366569587194,
    "Euclidean Dist.": 0.3090921216947851,
    "WER": 0.8484848484848485,
    "CER": 0.6320754716981132,
    "Cosine Dist.": 0.5901253567413645
  },
  "occ_eval_res": {
    "precision": 33.3333,
    "recall": 21.2121,
    "f-score": 25.9259
  },
  "clean_eval": {
    "f-score": 10.50656660412758,
    "precision": 9.271523178807946,
    "recall": 12.121212121212121,
    "tp": 28,
    "fp": 274,
    "fn": 203
  },
  "jaccard": [
    0.6904109589041096
  ],
  "braycurtis": [
    0.5978552278820375
  ],
  "dice": [
    0.5271966527196653
  ],
  "cosinus": [
    0.4924078138615706
  ]
}