{
  "voc_eval_res": {
    "precision": 42.8571,
    "recall": 40.9091,
    "f-score": 41.8605
  },
  "KL_res": {
    "KL divergence": 3.0942806055767664,
    "Euclidean Dist.": 0.24484480715718013,
    "WER": 0.8214285714285714,
    "CER": 0.5925925925925926,
    "Cosine Dist.": 0.3699029181894242
  },
  "occ_eval_res": {
    "precision": 42.8571,
    "recall": 42.8571,
    "f-score": 42.8571
  },
  "clean_eval": {
    "f-score": 14.374999999999998,
    "precision": 13.609467455621301,
    "recall": 15.2317880794702,
    "tp": 46,
    "fp": 292,
    "fn": 256
  },
  "jaccard": [
    0.5297619047619048
  ],
  "braycurtis": [
    0.35294117647058826
  ],
  "dice": [
    0.3603238866396761
  ],
  "cosinus": [
    0.21707730635498657
  ]
}