{
  "voc_eval_res": {
    "precision": 50.0,
    "recall": 12.5,
    "f-score": 20.0
  },
  "KL_res": {
    "KL divergence": 7.316649942971622,
    "Euclidean Dist.": 0.8003905296791061,
    "WER": 0.875,
    "CER": 0.7941176470588235,
    "Cosine Dist.": 0.6150998205402495
  },
  "occ_eval_res": {
    "precision": 50.0,
    "recall": 12.5,
    "f-score": 20.0
  },
  "clean_eval": {
    "f-score": 47.72727272727273,
    "precision": 33.87096774193548,
    "recall": 80.76923076923077,
    "tp": 21,
    "fp": 41,
    "fn": 5
  },
  "jaccard": [
    0.8493150684931506
  ],
  "braycurtis": [
    0.7441860465116279
  ],
  "dice": [
    0.7380952380952381
  ],
  "cosinus": [
    0.6720433633000309
  ]
}