{
  "voc_eval_res": {
    "precision": 12.5,
    "recall": 11.1111,
    "f-score": 11.7647
  },
  "KL_res": {
    "KL divergence": 6.985399904604023,
    "Euclidean Dist.": 0.32818991740097153,
    "WER": 0.8947368421052632,
    "CER": 0.549618320610687,
    "Cosine Dist.": 0.8034107251268038
  },
  "occ_eval_res": {
    "precision": 12.5,
    "recall": 10.5263,
    "f-score": 11.4286
  },
  "clean_eval": {
    "f-score": 47.99999999999999,
    "precision": 39.66942148760331,
    "recall": 60.75949367088608,
    "tp": 96,
    "fp": 146,
    "fn": 62
  },
  "jaccard": [
    0.685823754789272
  ],
  "braycurtis": [
    0.5291666666666667
  ],
  "dice": [
    0.521865889212828
  ],
  "cosinus": [
    0.3791693045172031
  ]
}