{
  "voc_eval_res": {
    "precision": 50.0,
    "recall": 33.3333,
    "f-score": 40.0
  },
  "KL_res": {
    "KL divergence": 5.122094222398647,
    "Euclidean Dist.": 0.7264831572567789,
    "WER": 0.6666666666666666,
    "CER": 0.2631578947368421,
    "Cosine Dist.": 0.42264973081037427
  },
  "occ_eval_res": {
    "precision": 50.0,
    "recall": 33.3333,
    "f-score": 40.0
  },
  "clean_eval": {
    "f-score": 68.75,
    "precision": 57.89473684210527,
    "recall": 84.61538461538461,
    "tp": 22,
    "fp": 16,
    "fn": 4
  },
  "jaccard": [
    0.3333333333333333
  ],
  "braycurtis": [
    0.1935483870967742
  ],
  "dice": [
    0.2
  ],
  "cosinus": [
    0.17574061032190458
  ]
}