{
  "voc_eval_res": {
    "precision": 42.8571,
    "recall": 60.0,
    "f-score": 50.0
  },
  "KL_res": {
    "KL divergence": 2.61457900715723,
    "Euclidean Dist.": 0.4257046978786097,
    "WER": 0.8,
    "CER": 0.2653061224489796,
    "Cosine Dist.": 0.3291796067500631
  },
  "occ_eval_res": {
    "precision": 42.8571,
    "recall": 60.0,
    "f-score": 50.0
  },
  "clean_eval": {
    "f-score": 73.52941176470587,
    "precision": 80.64516129032258,
    "recall": 67.56756756756756,
    "tp": 50,
    "fp": 12,
    "fn": 24
  },
  "jaccard": [
    0.33653846153846156
  ],
  "braycurtis": [
    0.2647058823529412
  ],
  "dice": [
    0.2023121387283237
  ],
  "cosinus": [
    0.20100769502467952
  ]
}