{
  "voc_eval_res": {
    "precision": 30.303,
    "recall": 34.4828,
    "f-score": 32.2581
  },
  "KL_res": {
    "KL divergence": 3.569801280859903,
    "Euclidean Dist.": 0.2027804700704606,
    "WER": 0.8181818181818182,
    "CER": 0.5739910313901345,
    "Cosine Dist.": 0.4081359697506276
  },
  "occ_eval_res": {
    "precision": 34.2857,
    "recall": 36.3636,
    "f-score": 35.2941
  },
  "clean_eval": {
    "f-score": 17.681159420289855,
    "precision": 17.99410029498525,
    "recall": 17.37891737891738,
    "tp": 61,
    "fp": 278,
    "fn": 290
  },
  "jaccard": [
    0.623059866962306
  ],
  "braycurtis": [
    0.41865509761388287
  ],
  "dice": [
    0.4524959742351047
  ],
  "cosinus": [
    0.2613269786603063
  ]
}