{
  "voc_eval_res": {
    "precision": 53.8462,
    "recall": 58.3333,
    "f-score": 56.0
  },
  "KL_res": {
    "KL divergence": 1.7869029388468354,
    "Euclidean Dist.": 0.2151388440570931,
    "WER": 0.6666666666666666,
    "CER": 0.423728813559322,
    "Cosine Dist.": 0.13246715311861623
  },
  "occ_eval_res": {
    "precision": 62.5,
    "recall": 66.6667,
    "f-score": 64.5161
  },
  "clean_eval": {
    "f-score": 71.17647058823529,
    "precision": 76.58227848101265,
    "recall": 66.48351648351648,
    "tp": 121,
    "fp": 37,
    "fn": 61
  },
  "jaccard": [
    0.45622119815668205
  ],
  "braycurtis": [
    0.2265625
  ],
  "dice": [
    0.2955223880597015
  ],
  "cosinus": [
    0.10792026608586092
  ]
}