{
  "voc_eval_res": {
    "precision": 25.7143,
    "recall": 37.5,
    "f-score": 30.5085
  },
  "KL_res": {
    "KL divergence": 4.157187954361639,
    "Euclidean Dist.": 0.27288128239192677,
    "WER": 1.2258064516129032,
    "CER": 0.8787878787878788,
    "Cosine Dist.": 0.6480052653019766
  },
  "occ_eval_res": {
    "precision": 23.8095,
    "recall": 32.2581,
    "f-score": 27.3973
  },
  "clean_eval": {
    "f-score": 20.69857697283312,
    "precision": 25.396825396825395,
    "recall": 17.46724890829694,
    "tp": 80,
    "fp": 235,
    "fn": 378
  },
  "jaccard": [
    0.6033254156769596
  ],
  "braycurtis": [
    0.4896265560165975
  ],
  "dice": [
    0.43197278911564624
  ],
  "cosinus": [
    0.42278115566997443
  ]
}