{
  "voc_eval_res": {
    "precision": 61.9048,
    "recall": 65.0,
    "f-score": 63.4146
  },
  "KL_res": {
    "KL divergence": 1.639388835178379,
    "Euclidean Dist.": 0.19493220027004265,
    "WER": 0.7272727272727273,
    "CER": 0.4883720930232558,
    "Cosine Dist.": 0.19960080944484404
  },
  "occ_eval_res": {
    "precision": 60.8696,
    "recall": 63.6364,
    "f-score": 62.2222
  },
  "clean_eval": {
    "f-score": 16.51376146788991,
    "precision": 16.51376146788991,
    "recall": 16.51376146788991,
    "tp": 36,
    "fp": 182,
    "fn": 182
  },
  "jaccard": [
    0.5092250922509225
  ],
  "braycurtis": [
    0.3619402985074627
  ],
  "dice": [
    0.3415841584158416
  ],
  "cosinus": [
    0.2518455077805215
  ]
}