{
  "voc_eval_res": {
    "precision": 44.4444,
    "recall": 53.3333,
    "f-score": 48.4848
  },
  "KL_res": {
    "KL divergence": 3.147401962170594,
    "Euclidean Dist.": 0.323564332940175,
    "WER": 0.75,
    "CER": 0.484472049689441,
    "Cosine Dist.": 0.42264973081037427
  },
  "occ_eval_res": {
    "precision": 50.0,
    "recall": 35.7143,
    "f-score": 41.6667
  },
  "clean_eval": {
    "f-score": 63.10679611650484,
    "precision": 59.63302752293578,
    "recall": 67.0103092783505,
    "tp": 130,
    "fp": 88,
    "fn": 64
  },
  "jaccard": [
    0.5454545454545454
  ],
  "braycurtis": [
    0.4358974358974359
  ],
  "dice": [
    0.375
  ],
  "cosinus": [
    0.3837764502482707
  ]
}