{
  "voc_eval_res": {
    "precision": 37.5,
    "recall": 30.0,
    "f-score": 33.3333
  },
  "KL_res": {
    "KL divergence": 5.00292926748051,
    "Euclidean Dist.": 0.41289760118671553,
    "WER": 0.7647058823529411,
    "CER": 0.5698924731182796,
    "Cosine Dist.": 0.43417484788426186
  },
  "occ_eval_res": {
    "precision": 50.0,
    "recall": 29.4118,
    "f-score": 37.037
  },
  "clean_eval": {
    "f-score": 66.36363636363637,
    "precision": 59.83606557377049,
    "recall": 74.48979591836735,
    "tp": 73,
    "fp": 49,
    "fn": 25
  },
  "jaccard": [
    0.6761363636363636
  ],
  "braycurtis": [
    0.5172413793103449
  ],
  "dice": [
    0.5107296137339056
  ],
  "cosinus": [
    0.4484864067607939
  ]
}