{
  "voc_eval_res": {
    "precision": 62.5,
    "recall": 66.6667,
    "f-score": 64.5161
  },
  "KL_res": {
    "KL divergence": 1.7934362327907374,
    "Euclidean Dist.": 0.22201066438773584,
    "WER": 0.6666666666666666,
    "CER": 0.4716981132075472,
    "Cosine Dist.": 0.2221825406947977
  },
  "occ_eval_res": {
    "precision": 58.8235,
    "recall": 66.6667,
    "f-score": 62.5
  },
  "clean_eval": {
    "f-score": 54.23728813559321,
    "precision": 56.14035087719298,
    "recall": 52.459016393442624,
    "tp": 96,
    "fp": 75,
    "fn": 87
  },
  "jaccard": [
    0.4955357142857143
  ],
  "braycurtis": [
    0.32286995515695066
  ],
  "dice": [
    0.3293768545994065
  ],
  "cosinus": [
    0.21974890581384
  ]
}