{
  "voc_eval_res": {
    "precision": 61.9048,
    "recall": 61.9048,
    "f-score": 61.9048
  },
  "KL_res": {
    "KL divergence": 1.6560821035821713,
    "Euclidean Dist.": 0.22491484127054573,
    "WER": 0.5517241379310345,
    "CER": 0.31313131313131315,
    "Cosine Dist.": 0.2648371189683689
  },
  "occ_eval_res": {
    "precision": 62.5,
    "recall": 51.7241,
    "f-score": 56.6038
  },
  "clean_eval": {
    "f-score": 23.569023569023567,
    "precision": 22.22222222222222,
    "recall": 25.089605734767023,
    "tp": 70,
    "fp": 245,
    "fn": 209
  },
  "jaccard": [
    0.38741721854304634
  ],
  "braycurtis": [
    0.27202072538860106
  ],
  "dice": [
    0.2402464065708419
  ],
  "cosinus": [
    0.1675515932538364
  ]
}