{
  "voc_eval_res": {
    "precision": 55.5556,
    "recall": 43.4783,
    "f-score": 48.7805
  },
  "KL_res": {
    "KL divergence": 2.6464232795566884,
    "Euclidean Dist.": 0.24730093073608828,
    "WER": 0.6666666666666666,
    "CER": 0.4915254237288136,
    "Cosine Dist.": 0.338820395092714
  },
  "occ_eval_res": {
    "precision": 48.0,
    "recall": 44.4444,
    "f-score": 46.1538
  },
  "clean_eval": {
    "f-score": 6.299212598425196,
    "precision": 6.299212598425196,
    "recall": 6.299212598425196,
    "tp": 16,
    "fp": 238,
    "fn": 238
  },
  "jaccard": [
    0.4904214559386973
  ],
  "braycurtis": [
    0.3343558282208589
  ],
  "dice": [
    0.3248730964467005
  ],
  "cosinus": [
    0.2039700214175858
  ]
}