{
  "voc_eval_res": {
    "precision": 16.6667,
    "recall": 10.0,
    "f-score": 12.5
  },
  "KL_res": {
    "KL divergence": 7.500947684529267,
    "Euclidean Dist.": 0.4876246279442598,
    "WER": 0.9,
    "CER": 0.5576923076923077,
    "Cosine Dist.": 0.772078847080724
  },
  "occ_eval_res": {
    "precision": 16.6667,
    "recall": 10.0,
    "f-score": 12.5
  },
  "clean_eval": {
    "f-score": 60.465116279069775,
    "precision": 53.06122448979592,
    "recall": 70.27027027027027,
    "tp": 52,
    "fp": 46,
    "fn": 22
  },
  "jaccard": [
    0.7071428571428572
  ],
  "braycurtis": [
    0.5368421052631579
  ],
  "dice": [
    0.5469613259668509
  ],
  "cosinus": [
    0.49604736932103066
  ]
}