{
  "voc_eval_res": {
    "precision": 88.2353,
    "recall": 75.0,
    "f-score": 81.0811
  },
  "KL_res": {
    "KL divergence": 0.902104585656259,
    "Euclidean Dist.": 0.1719753644268758,
    "WER": 0.46153846153846156,
    "CER": 0.44148936170212766,
    "Cosine Dist.": 0.12676056338028163
  },
  "occ_eval_res": {
    "precision": 79.1667,
    "recall": 73.0769,
    "f-score": 76.0
  },
  "clean_eval": {
    "f-score": 54.13533834586467,
    "precision": 51.798561151079134,
    "recall": 56.69291338582677,
    "tp": 144,
    "fp": 134,
    "fn": 110
  },
  "jaccard": [
    0.32793522267206476
  ],
  "braycurtis": [
    0.2521246458923513
  ],
  "dice": [
    0.19612590799031476
  ],
  "cosinus": [
    0.13576415985128887
  ]
}