{
  "voc_eval_res": {
    "precision": 100.0,
    "recall": 50.0,
    "f-score": 66.6667
  },
  "KL_res": {
    "KL divergence": 3.4321817135360786,
    "Euclidean Dist.": 0.8660254037844386,
    "WER": 0.5,
    "CER": 0.5625,
    "Cosine Dist.": 0.18350341907227385
  },
  "occ_eval_res": {
    "precision": 100.0,
    "recall": 50.0,
    "f-score": 66.6667
  },
  "clean_eval": {
    "f-score": 60.0,
    "precision": 46.15384615384615,
    "recall": 85.71428571428571,
    "tp": 12,
    "fp": 14,
    "fn": 2
  },
  "jaccard": [
    0.6071428571428571
  ],
  "braycurtis": [
    0.45
  ],
  "dice": [
    0.4358974358974359
  ],
  "cosinus": [
    0.3501635667113412
  ]
}