{
  "voc_eval_res": {
    "precision": 13.6364,
    "recall": 12.5,
    "f-score": 13.0435
  },
  "KL_res": {
    "KL divergence": 6.769895975261743,
    "Euclidean Dist.": 0.29063429159135873,
    "WER": 0.9285714285714286,
    "CER": 0.6643835616438356,
    "Cosine Dist.": 0.8125914857336727
  },
  "occ_eval_res": {
    "precision": 13.6364,
    "recall": 10.7143,
    "f-score": 12.0
  },
  "clean_eval": {
    "f-score": 14.37632135306554,
    "precision": 14.049586776859504,
    "recall": 14.71861471861472,
    "tp": 34,
    "fp": 208,
    "fn": 197
  },
  "jaccard": [
    0.6786786786786787
  ],
  "braycurtis": [
    0.5233333333333333
  ],
  "dice": [
    0.5136363636363637
  ],
  "cosinus": [
    0.40146093040122977
  ]
}