{
  "voc_eval_res": {
    "precision": 62.5,
    "recall": 50.0,
    "f-score": 55.5556
  },
  "KL_res": {
    "KL divergence": 2.7979102057016654,
    "Euclidean Dist.": 0.24567758280547095,
    "WER": 0.6153846153846154,
    "CER": 0.49700598802395207,
    "Cosine Dist.": 0.27270243460198507
  },
  "occ_eval_res": {
    "precision": 59.0909,
    "recall": 50.0,
    "f-score": 54.1667
  },
  "clean_eval": {
    "f-score": 18.846153846153847,
    "precision": 18.421052631578945,
    "recall": 19.291338582677163,
    "tp": 49,
    "fp": 217,
    "fn": 205
  },
  "jaccard": [
    0.516728624535316
  ],
  "braycurtis": [
    0.4094955489614243
  ],
  "dice": [
    0.3483709273182957
  ],
  "cosinus": [
    0.27711655807699664
  ]
}