{
  "voc_eval_res": {
    "precision": 38.4615,
    "recall": 50.0,
    "f-score": 43.4783
  },
  "KL_res": {
    "KL divergence": 2.517154223175447,
    "Euclidean Dist.": 0.3104532163444904,
    "WER": 0.9166666666666666,
    "CER": 0.49523809523809526,
    "Cosine Dist.": 0.2943496709904575
  },
  "occ_eval_res": {
    "precision": 41.1765,
    "recall": 58.3333,
    "f-score": 48.2759
  },
  "clean_eval": {
    "f-score": 47.647058823529406,
    "precision": 55.47945205479452,
    "recall": 41.75257731958763,
    "tp": 81,
    "fp": 65,
    "fn": 113
  },
  "jaccard": [
    0.4251207729468599
  ],
  "braycurtis": [
    0.3319327731092437
  ],
  "dice": [
    0.26993865030674846
  ],
  "cosinus": [
    0.2631234627853348
  ]
}