{
  "voc_eval_res": {
    "precision": 0,
    "recall": 0,
    "f-score": 0
  },
  "KL_res": {
    "KL divergence": 9.34747733113782,
    "Euclidean Dist.": 0.49497474683058335,
    "WER": 1.0,
    "CER": 1.05,
    "Cosine Dist.": 1.0
  },
  "occ_eval_res": {
    "precision": 0,
    "recall": 0,
    "f-score": 0
  },
  "clean_eval": {
    "f-score": 56.45933014354066,
    "precision": 48.36065573770492,
    "recall": 67.81609195402298,
    "tp": 59,
    "fp": 63,
    "fn": 28
  },
  "jaccard": [
    0.9225806451612903
  ],
  "braycurtis": [
    0.8736842105263158
  ],
  "dice": [
    0.8562874251497006
  ],
  "cosinus": [
    0.8736637711007003
  ]
}