{
  "voc_eval_res": {
    "precision": 30.303,
    "recall": 38.4615,
    "f-score": 33.8983
  },
  "KL_res": {
    "KL divergence": 4.206776671353903,
    "Euclidean Dist.": 0.2507752691687532,
    "WER": 0.7894736842105263,
    "CER": 0.6441717791411042,
    "Cosine Dist.": 0.5540042613295517
  },
  "occ_eval_res": {
    "precision": 31.4286,
    "recall": 28.9474,
    "f-score": 30.137
  },
  "clean_eval": {
    "f-score": 39.6875,
    "precision": 43.79310344827586,
    "recall": 36.285714285714285,
    "tp": 127,
    "fp": 163,
    "fn": 223
  },
  "jaccard": [
    0.6914893617021277
  ],
  "braycurtis": [
    0.547945205479452
  ],
  "dice": [
    0.5284552845528455
  ],
  "cosinus": [
    0.42654664166903267
  ]
}