{
  "voc_eval_res": {
    "precision": 28.5714,
    "recall": 40.0,
    "f-score": 33.3333
  },
  "KL_res": {
    "KL divergence": 4.305697246032064,
    "Euclidean Dist.": 0.27451016563626424,
    "WER": 1.121212121212121,
    "CER": 0.7464788732394366,
    "Cosine Dist.": 0.6777574736697068
  },
  "occ_eval_res": {
    "precision": 25.0,
    "recall": 33.3333,
    "f-score": 28.5714
  },
  "clean_eval": {
    "f-score": 21.329987452948558,
    "precision": 26.984126984126984,
    "recall": 17.634854771784234,
    "tp": 85,
    "fp": 230,
    "fn": 397
  },
  "jaccard": [
    0.5920177383592018
  ],
  "braycurtis": [
    0.469811320754717
  ],
  "dice": [
    0.4204724409448819
  ],
  "cosinus": [
    0.3900617627037005
  ]
}