{
  "voc_eval_res": {
    "precision": 32.5581,
    "recall": 40.0,
    "f-score": 35.8974
  },
  "KL_res": {
    "KL divergence": 3.952373424902846,
    "Euclidean Dist.": 0.2270324861667209,
    "WER": 0.8666666666666667,
    "CER": 0.5339506172839507,
    "Cosine Dist.": 0.5780816058926095
  },
  "occ_eval_res": {
    "precision": 30.6122,
    "recall": 33.3333,
    "f-score": 31.9149
  },
  "clean_eval": {
    "f-score": 13.0,
    "precision": 13.157894736842104,
    "recall": 12.845849802371543,
    "tp": 65,
    "fp": 429,
    "fn": 441
  },
  "jaccard": [
    0.5356415478615071
  ],
  "braycurtis": [
    0.40472673559822747
  ],
  "dice": [
    0.3657858136300417
  ],
  "cosinus": [
    0.29169713171759215
  ]
}