{
  "voc_eval_res": {
    "precision": 36.0,
    "recall": 33.3333,
    "f-score": 34.6154
  },
  "KL_res": {
    "KL divergence": 3.9936059629652387,
    "Euclidean Dist.": 0.2303647060409165,
    "WER": 0.8275862068965517,
    "CER": 0.6382978723404256,
    "Cosine Dist.": 0.4724956212833704
  },
  "occ_eval_res": {
    "precision": 35.7143,
    "recall": 34.4828,
    "f-score": 35.0877
  },
  "clean_eval": {
    "f-score": 7.32484076433121,
    "precision": 7.05521472392638,
    "recall": 7.6158940397351,
    "tp": 23,
    "fp": 303,
    "fn": 279
  },
  "jaccard": [
    0.5358851674641149
  ],
  "braycurtis": [
    0.373134328358209
  ],
  "dice": [
    0.3660130718954248
  ],
  "cosinus": [
    0.23879591404067602
  ]
}