{
  "voc_eval_res": {
    "precision": 52.9412,
    "recall": 56.25,
    "f-score": 54.5455
  },
  "KL_res": {
    "KL divergence": 2.314683584334844,
    "Euclidean Dist.": 0.242535625036333,
    "WER": 0.7647058823529411,
    "CER": 0.6814159292035398,
    "Cosine Dist.": 0.2955300463236531
  },
  "occ_eval_res": {
    "precision": 52.9412,
    "recall": 52.9412,
    "f-score": 52.9412
  },
  "clean_eval": {
    "f-score": 47.745358090185675,
    "precision": 49.18032786885246,
    "recall": 46.391752577319586,
    "tp": 90,
    "fp": 93,
    "fn": 104
  },
  "jaccard": [
    0.5236220472440944
  ],
  "braycurtis": [
    0.3891213389121339
  ],
  "dice": [
    0.3546666666666667
  ],
  "cosinus": [
    0.3051770388304502
  ]
}