{
  "voc_eval_res": {
    "precision": 23.0769,
    "recall": 33.3333,
    "f-score": 27.2727
  },
  "KL_res": {
    "KL divergence": 4.414874154274154,
    "Euclidean Dist.": 0.3604919709553769,
    "WER": 1.0,
    "CER": 0.6666666666666666,
    "Cosine Dist.": 0.4417094737609175
  },
  "occ_eval_res": {
    "precision": 28.5714,
    "recall": 36.3636,
    "f-score": 32.0
  },
  "clean_eval": {
    "f-score": 56.03448275862068,
    "precision": 75.5813953488372,
    "recall": 44.52054794520548,
    "tp": 65,
    "fp": 21,
    "fn": 81
  },
  "jaccard": [
    0.6267281105990783
  ],
  "braycurtis": [
    0.47029702970297027
  ],
  "dice": [
    0.4563758389261745
  ],
  "cosinus": [
    0.4019691267310186
  ]
}