{
  "voc_eval_res": {
    "precision": 36.6667,
    "recall": 37.931,
    "f-score": 37.2881
  },
  "KL_res": {
    "KL divergence": 3.241149340640583,
    "Euclidean Dist.": 0.22653404825786602,
    "WER": 0.9117647058823529,
    "CER": 0.4966887417218543,
    "Cosine Dist.": 0.45591293910482766
  },
  "occ_eval_res": {
    "precision": 36.3636,
    "recall": 35.2941,
    "f-score": 35.8209
  },
  "clean_eval": {
    "f-score": 17.45562130177515,
    "precision": 15.775401069518717,
    "recall": 19.5364238410596,
    "tp": 59,
    "fp": 315,
    "fn": 243
  },
  "jaccard": [
    0.5069124423963134
  ],
  "braycurtis": [
    0.3211009174311927
  ],
  "dice": [
    0.3395061728395062
  ],
  "cosinus": [
    0.1434476037495347
  ]
}