{
  "voc_eval_res": {
    "precision": 33.3333,
    "recall": 47.3684,
    "f-score": 39.1304
  },
  "KL_res": {
    "KL divergence": 2.696128197352462,
    "Euclidean Dist.": 0.24028725473742224,
    "WER": 0.8846153846153846,
    "CER": 0.37872340425531914,
    "Cosine Dist.": 0.32457772907974924
  },
  "occ_eval_res": {
    "precision": 36.1111,
    "recall": 50.0,
    "f-score": 41.9355
  },
  "clean_eval": {
    "f-score": 45.794392523364486,
    "precision": 50.689655172413794,
    "recall": 41.76136363636363,
    "tp": 147,
    "fp": 143,
    "fn": 205
  },
  "jaccard": [
    0.4454828660436137
  ],
  "braycurtis": [
    0.27920792079207923
  ],
  "dice": [
    0.2865731462925852
  ],
  "cosinus": [
    0.12375829330751886
  ]
}