{
  "voc_eval_res": {
    "precision": 58.8235,
    "recall": 58.8235,
    "f-score": 58.8235
  },
  "KL_res": {
    "KL divergence": 1.7328605626962945,
    "Euclidean Dist.": 0.20203050891044214,
    "WER": 0.5714285714285714,
    "CER": 0.3973509933774834,
    "Cosine Dist.": 0.16363636363636358
  },
  "occ_eval_res": {
    "precision": 61.9048,
    "recall": 61.9048,
    "f-score": 61.9048
  },
  "clean_eval": {
    "f-score": 38.98305084745763,
    "precision": 40.0,
    "recall": 38.01652892561984,
    "tp": 92,
    "fp": 138,
    "fn": 150
  },
  "jaccard": [
    0.5075757575757576
  ],
  "braycurtis": [
    0.33881578947368424
  ],
  "dice": [
    0.3401015228426396
  ],
  "cosinus": [
    0.19495263131739538
  ]
}