{
  "voc_eval_res": {
    "precision": 50.0,
    "recall": 26.6667,
    "f-score": 34.7826
  },
  "KL_res": {
    "KL divergence": 4.053620085375853,
    "Euclidean Dist.": 0.3462747502152316,
    "WER": 0.7058823529411765,
    "CER": 0.4166666666666667,
    "Cosine Dist.": 0.27859158063765177
  },
  "occ_eval_res": {
    "precision": 54.5455,
    "recall": 35.2941,
    "f-score": 42.8571
  },
  "clean_eval": {
    "f-score": 59.49367088607597,
    "precision": 51.64835164835166,
    "recall": 70.1492537313433,
    "tp": 94,
    "fp": 88,
    "fn": 40
  },
  "jaccard": [
    0.4897959183673469
  ],
  "braycurtis": [
    0.3080357142857143
  ],
  "dice": [
    0.32432432432432434
  ],
  "cosinus": [
    0.1710335089504491
  ]
}