{
  "voc_eval_res": {
    "precision": 80.0,
    "recall": 57.1429,
    "f-score": 66.6667
  },
  "KL_res": {
    "KL divergence": 2.076230267056811,
    "Euclidean Dist.": 0.31457643480294795,
    "WER": 0.375,
    "CER": 0.31343283582089554,
    "Cosine Dist.": 0.12328599248079086
  },
  "occ_eval_res": {
    "precision": 83.3333,
    "recall": 62.5,
    "f-score": 71.4286
  },
  "clean_eval": {
    "f-score": 69.76744186046511,
    "precision": 61.224489795918366,
    "recall": 81.08108108108108,
    "tp": 60,
    "fp": 38,
    "fn": 14
  },
  "jaccard": [
    0.39344262295081966
  ],
  "braycurtis": [
    0.24324324324324326
  ],
  "dice": [
    0.24489795918367346
  ],
  "cosinus": [
    0.19656645070993395
  ]
}