{
  "voc_eval_res": {
    "precision": 63.1579,
    "recall": 57.1429,
    "f-score": 60.0
  },
  "KL_res": {
    "KL divergence": 2.378047637706981,
    "Euclidean Dist.": 0.205256071180166,
    "WER": 0.48148148148148145,
    "CER": 0.25263157894736843,
    "Cosine Dist.": 0.22540333075851626
  },
  "occ_eval_res": {
    "precision": 68.1818,
    "recall": 55.5556,
    "f-score": 61.2245
  },
  "clean_eval": {
    "f-score": 46.478873239436616,
    "precision": 43.70860927152318,
    "recall": 49.62406015037594,
    "tp": 132,
    "fp": 170,
    "fn": 134
  },
  "jaccard": [
    0.3462897526501767
  ],
  "braycurtis": [
    0.21311475409836064
  ],
  "dice": [
    0.2094017094017094
  ],
  "cosinus": [
    0.14097082921194826
  ]
}