{
  "voc_eval_res": {
    "precision": 50.0,
    "recall": 57.1429,
    "f-score": 53.3333
  },
  "KL_res": {
    "KL divergence": 2.223594651108366,
    "Euclidean Dist.": 0.31457643480294795,
    "WER": 0.625,
    "CER": 0.5373134328358209,
    "Cosine Dist.": 0.19967326933495866
  },
  "occ_eval_res": {
    "precision": 55.5556,
    "recall": 62.5,
    "f-score": 58.8235
  },
  "clean_eval": {
    "f-score": 79.0909090909091,
    "precision": 79.0909090909091,
    "recall": 79.0909090909091,
    "tp": 87,
    "fp": 23,
    "fn": 23
  },
  "jaccard": [
    0.5575757575757576
  ],
  "braycurtis": [
    0.3851851851851852
  ],
  "dice": [
    0.3865546218487395
  ],
  "cosinus": [
    0.3294001625322043
  ]
}