{
  "voc_eval_res": {
    "precision": 55.5556,
    "recall": 35.7143,
    "f-score": 43.4783
  },
  "KL_res": {
    "KL divergence": 4.630739874530049,
    "Euclidean Dist.": 0.3733890294102795,
    "WER": 0.75,
    "CER": 0.6865671641791045,
    "Cosine Dist.": 0.48565550012636016
  },
  "occ_eval_res": {
    "precision": 55.5556,
    "recall": 31.25,
    "f-score": 40.0
  },
  "clean_eval": {
    "f-score": 45.0,
    "precision": 36.734693877551024,
    "recall": 58.06451612903226,
    "tp": 36,
    "fp": 62,
    "fn": 26
  },
  "jaccard": [
    0.7449664429530202
  ],
  "braycurtis": [
    0.6396396396396397
  ],
  "dice": [
    0.5935828877005348
  ],
  "cosinus": [
    0.5923686689277396
  ]
}