{
  "voc_eval_res": {
    "precision": 22.2222,
    "recall": 22.2222,
    "f-score": 22.2222
  },
  "KL_res": {
    "KL divergence": 5.061594545241045,
    "Euclidean Dist.": 0.41529403535623904,
    "WER": 0.9,
    "CER": 0.3380281690140845,
    "Cosine Dist.": 0.5612365455237216
  },
  "occ_eval_res": {
    "precision": 22.2222,
    "recall": 20.0,
    "f-score": 21.0526
  },
  "clean_eval": {
    "f-score": 64.54545454545455,
    "precision": 58.19672131147541,
    "recall": 72.44897959183673,
    "tp": 71,
    "fp": 51,
    "fn": 27
  },
  "jaccard": [
    0.5569620253164557
  ],
  "braycurtis": [
    0.36619718309859156
  ],
  "dice": [
    0.38596491228070173
  ],
  "cosinus": [
    0.274082318785442
  ]
}