{
  "voc_eval_res": {
    "precision": 40.9091,
    "recall": 39.1304,
    "f-score": 40.0
  },
  "KL_res": {
    "KL divergence": 3.589250498330665,
    "Euclidean Dist.": 0.26526999773519466,
    "WER": 0.7567567567567568,
    "CER": 0.3811188811188811,
    "Cosine Dist.": 0.40840960734996556
  },
  "occ_eval_res": {
    "precision": 41.9355,
    "recall": 35.1351,
    "f-score": 38.2353
  },
  "clean_eval": {
    "f-score": 29.289940828402365,
    "precision": 28.285714285714285,
    "recall": 30.368098159509206,
    "tp": 99,
    "fp": 251,
    "fn": 227
  },
  "jaccard": [
    0.44200626959247646
  ],
  "braycurtis": [
    0.3007380073800738
  ],
  "dice": [
    0.2837022132796781
  ],
  "cosinus": [
    0.15936977602144942
  ]
}