{
  "voc_eval_res": {
    "precision": 63.6364,
    "recall": 77.7778,
    "f-score": 70.0
  },
  "KL_res": {
    "KL divergence": 1.0242083506527304,
    "Euclidean Dist.": 0.2597943666588219,
    "WER": 0.36363636363636365,
    "CER": 0.2857142857142857,
    "Cosine Dist.": 0.13397459621556163
  },
  "occ_eval_res": {
    "precision": 66.6667,
    "recall": 72.7273,
    "f-score": 69.5652
  },
  "clean_eval": {
    "f-score": 82.83582089552239,
    "precision": 82.83582089552239,
    "recall": 82.83582089552239,
    "tp": 111,
    "fp": 23,
    "fn": 23
  },
  "jaccard": [
    0.3958333333333333
  ],
  "braycurtis": [
    0.22077922077922077
  ],
  "dice": [
    0.24675324675324675
  ],
  "cosinus": [
    0.12819910243155253
  ]
}