{
  "voc_eval_res": {
    "precision": 52.9412,
    "recall": 60.0,
    "f-score": 56.25
  },
  "KL_res": {
    "KL divergence": 2.435019000484661,
    "Euclidean Dist.": 0.24281045302822782,
    "WER": 0.6666666666666666,
    "CER": 0.5,
    "Cosine Dist.": 0.24474508795063887
  },
  "occ_eval_res": {
    "precision": 57.1429,
    "recall": 57.1429,
    "f-score": 57.1429
  },
  "clean_eval": {
    "f-score": 31.73913043478261,
    "precision": 31.73913043478261,
    "recall": 31.73913043478261,
    "tp": 73,
    "fp": 157,
    "fn": 157
  },
  "jaccard": [
    0.5296610169491526
  ],
  "braycurtis": [
    0.3695652173913043
  ],
  "dice": [
    0.36023054755043227
  ],
  "cosinus": [
    0.22491107885609474
  ]
}