{
  "voc_eval_res": {
    "precision": 21.875,
    "recall": 33.3333,
    "f-score": 26.4151
  },
  "KL_res": {
    "KL divergence": 4.451406266055246,
    "Euclidean Dist.": 0.28247659783146656,
    "WER": 0.8888888888888888,
    "CER": 0.751412429378531,
    "Cosine Dist.": 0.580325613138862
  },
  "occ_eval_res": {
    "precision": 26.4706,
    "recall": 25.0,
    "f-score": 25.7143
  },
  "clean_eval": {
    "f-score": 17.828200972447323,
    "precision": 21.568627450980394,
    "recall": 15.193370165745856,
    "tp": 55,
    "fp": 200,
    "fn": 307
  },
  "jaccard": [
    0.6801007556675063
  ],
  "braycurtis": [
    0.5339366515837104
  ],
  "dice": [
    0.5152671755725191
  ],
  "cosinus": [
    0.4534627205651611
  ]
}