{
  "voc_eval_res": {
    "precision": 81.0811,
    "recall": 66.6667,
    "f-score": 73.1707
  },
  "KL_res": {
    "KL divergence": 1.3626934630627878,
    "Euclidean Dist.": 0.13423435305898573,
    "WER": 0.4067796610169492,
    "CER": 0.19047619047619047,
    "Cosine Dist.": 0.16326785899883556
  },
  "occ_eval_res": {
    "precision": 81.8182,
    "recall": 61.0169,
    "f-score": 69.9029
  },
  "clean_eval": {
    "f-score": 47.91666666666667,
    "precision": 44.230769230769226,
    "recall": 52.27272727272727,
    "tp": 23,
    "fp": 29,
    "fn": 21
  },
  "jaccard": [
    0.45121951219512196
  ],
  "braycurtis": [
    0.29775280898876405
  ],
  "dice": [
    0.29133858267716534
  ],
  "cosinus": [
    0.22352080006166386
  ]
}