{
  "voc_eval_res": {
    "precision": 68.4783,
    "recall": 64.9485,
    "f-score": 66.6667
  },
  "KL_res": {
    "KL divergence": 1.1247281495476402,
    "Euclidean Dist.": 0.07942224257590082,
    "WER": 0.4330708661417323,
    "CER": 0.189873417721519,
    "Cosine Dist.": 0.12154442362179341
  },
  "occ_eval_res": {
    "precision": 71.6667,
    "recall": 67.7165,
    "f-score": 69.6356
  },
  "clean_eval": {
    "f-score": 59.57446808510638,
    "precision": 57.85123966942148,
    "recall": 61.40350877192983,
    "tp": 70,
    "fp": 51,
    "fn": 44
  },
  "jaccard": [
    0.39763313609467454
  ],
  "braycurtis": [
    0.22785768357305072
  ],
  "dice": [
    0.2481536189069424
  ],
  "cosinus": [
    0.10234091453854044
  ]
}