{
  "voc_eval_res": {
    "precision": 69.1358,
    "recall": 75.6757,
    "f-score": 72.2581
  },
  "KL_res": {
    "KL divergence": 1.0104417526615697,
    "Euclidean Dist.": 0.09480529505097028,
    "WER": 0.3783783783783784,
    "CER": 0.19476744186046513,
    "Cosine Dist.": 0.11997320179117943
  },
  "occ_eval_res": {
    "precision": 71.0526,
    "recall": 72.973,
    "f-score": 72.0
  },
  "clean_eval": {
    "f-score": 67.28971962616822,
    "precision": 64.86486486486487,
    "recall": 69.90291262135922,
    "tp": 72,
    "fp": 39,
    "fn": 31
  },
  "jaccard": [
    0.3864795918367347
  ],
  "braycurtis": [
    0.20290858725761773
  ],
  "dice": [
    0.23952569169960475
  ],
  "cosinus": [
    0.08881734152773102
  ]
}