{
  "voc_eval_res": {
    "precision": 50.0,
    "recall": 37.5,
    "f-score": 42.8571
  },
  "KL_res": {
    "KL divergence": 4.2177504124870095,
    "Euclidean Dist.": 0.414578098794425,
    "WER": 0.625,
    "CER": 0.17307692307692307,
    "Cosine Dist.": 0.39697731084447285
  },
  "occ_eval_res": {
    "precision": 50.0,
    "recall": 37.5,
    "f-score": 42.8571
  },
  "clean_eval": {
    "f-score": 40.0,
    "precision": 33.33333333333333,
    "recall": 50.0,
    "tp": 4,
    "fp": 8,
    "fn": 4
  },
  "jaccard": [
    0.543046357615894
  ],
  "braycurtis": [
    0.3793103448275862
  ],
  "dice": [
    0.37272727272727274
  ],
  "cosinus": [
    0.35059067124198884
  ]
}