{
  "voc_eval_res": {
    "precision": 66.6667,
    "recall": 62.5,
    "f-score": 64.5161
  },
  "KL_res": {
    "KL divergence": 1.9923473660388287,
    "Euclidean Dist.": 0.21449229460389582,
    "WER": 0.4375,
    "CER": 0.29411764705882354,
    "Cosine Dist.": 0.21553545944726393
  },
  "occ_eval_res": {
    "precision": 66.6667,
    "recall": 62.5,
    "f-score": 64.5161
  },
  "clean_eval": {
    "f-score": 49.999999999999986,
    "precision": 54.54545454545454,
    "recall": 46.15384615384615,
    "tp": 6,
    "fp": 5,
    "fn": 7
  },
  "jaccard": [
    0.4945054945054945
  ],
  "braycurtis": [
    0.3310344827586207
  ],
  "dice": [
    0.3284671532846715
  ],
  "cosinus": [
    0.3042941450795521
  ]
}