{
  "voc_eval_res": {
    "precision": 56.8182,
    "recall": 60.9756,
    "f-score": 58.8235
  },
  "KL_res": {
    "KL divergence": 1.5536665986899756,
    "Euclidean Dist.": 0.10149463701736178,
    "WER": 0.5233644859813084,
    "CER": 0.22913256955810146,
    "Cosine Dist.": 0.15773293413936518
  },
  "occ_eval_res": {
    "precision": 60.0,
    "recall": 64.486,
    "f-score": 62.1622
  },
  "clean_eval": {
    "f-score": 61.46341463414634,
    "precision": 61.76470588235294,
    "recall": 61.165048543689316,
    "tp": 63,
    "fp": 39,
    "fn": 40
  },
  "jaccard": [
    0.4002306805074971
  ],
  "braycurtis": [
    0.25
  ],
  "dice": [
    0.2501802451333814
  ],
  "cosinus": [
    0.15940770772414614
  ]
}