{
  "voc_eval_res": {
    "precision": 58.8235,
    "recall": 62.5,
    "f-score": 60.6061
  },
  "KL_res": {
    "KL divergence": 1.9318371546980715,
    "Euclidean Dist.": 0.2360418402580961,
    "WER": 0.5294117647058824,
    "CER": 0.12371134020618557,
    "Cosine Dist.": 0.2614510541240037
  },
  "occ_eval_res": {
    "precision": 55.5556,
    "recall": 58.8235,
    "f-score": 57.1429
  },
  "clean_eval": {
    "f-score": 42.42424242424242,
    "precision": 41.17647058823529,
    "recall": 43.75,
    "tp": 7,
    "fp": 10,
    "fn": 9
  },
  "jaccard": [
    0.47410358565737054
  ],
  "braycurtis": [
    0.31627906976744186
  ],
  "dice": [
    0.31070496083550914
  ],
  "cosinus": [
    0.2674757524519993
  ]
}