{
  "voc_eval_res": {
    "precision": 56.8047,
    "recall": 60.7595,
    "f-score": 58.7156
  },
  "KL_res": {
    "KL divergence": 1.0816499222754272,
    "Euclidean Dist.": 0.07235115002776737,
    "WER": 0.4444444444444444,
    "CER": 0.16459197786998617,
    "Cosine Dist.": 0.09229079272572793
  },
  "occ_eval_res": {
    "precision": 67.1642,
    "recall": 66.6667,
    "f-score": 66.9145
  },
  "clean_eval": {
    "f-score": 54.35684647302905,
    "precision": 53.46938775510204,
    "recall": 55.27426160337553,
    "tp": 131,
    "fp": 114,
    "fn": 106
  },
  "jaccard": [
    0.39176029962546816
  ],
  "braycurtis": [
    0.21806750496360028
  ],
  "dice": [
    0.24359571495109456
  ],
  "cosinus": [
    0.09728265158354654
  ]
}