{
  "voc_eval_res": {
    "precision": 64.2857,
    "recall": 75.0,
    "f-score": 69.2308
  },
  "KL_res": {
    "KL divergence": 1.1671974306679058,
    "Euclidean Dist.": 0.22279404886265874,
    "WER": 0.35714285714285715,
    "CER": 0.06976744186046512,
    "Cosine Dist.": 0.15953936101419364
  },
  "occ_eval_res": {
    "precision": 66.6667,
    "recall": 71.4286,
    "f-score": 68.9655
  },
  "clean_eval": {
    "f-score": 53.333333333333336,
    "precision": 50.0,
    "recall": 57.14285714285714,
    "tp": 8,
    "fp": 8,
    "fn": 6
  },
  "jaccard": [
    0.40625
  ],
  "braycurtis": [
    0.25842696629213485
  ],
  "dice": [
    0.2549019607843137
  ],
  "cosinus": [
    0.20320974568119698
  ]
}