{
  "voc_eval_res": {
    "precision": 54.878,
    "recall": 61.6438,
    "f-score": 58.0645
  },
  "KL_res": {
    "KL divergence": 1.5003473695390002,
    "Euclidean Dist.": 0.1061330226411445,
    "WER": 0.6336633663366337,
    "CER": 0.28222996515679444,
    "Cosine Dist.": 0.14108508336346937
  },
  "occ_eval_res": {
    "precision": 60.1852,
    "recall": 64.3564,
    "f-score": 62.201
  },
  "clean_eval": {
    "f-score": 51.06382978723404,
    "precision": 50.526315789473685,
    "recall": 51.61290322580645,
    "tp": 48,
    "fp": 47,
    "fn": 45
  },
  "jaccard": [
    0.4025157232704403
  ],
  "braycurtis": [
    0.2577235772357724
  ],
  "dice": [
    0.25196850393700787
  ],
  "cosinus": [
    0.17422042373624647
  ]
}