{
  "voc_eval_res": {
    "precision": 53.3333,
    "recall": 57.1429,
    "f-score": 55.1724
  },
  "KL_res": {
    "KL divergence": 2.04028274808588,
    "Euclidean Dist.": 0.21917439059983648,
    "WER": 0.5,
    "CER": 0.11578947368421053,
    "Cosine Dist.": 0.1883205500865721
  },
  "occ_eval_res": {
    "precision": 58.8235,
    "recall": 62.5,
    "f-score": 60.6061
  },
  "clean_eval": {
    "f-score": 51.42857142857144,
    "precision": 50.0,
    "recall": 52.94117647058824,
    "tp": 9,
    "fp": 9,
    "fn": 8
  },
  "jaccard": [
    0.4805194805194805
  ],
  "braycurtis": [
    0.30917874396135264
  ],
  "dice": [
    0.3162393162393162
  ],
  "cosinus": [
    0.25615239064399375
  ]
}