{
  "voc_eval_res": {
    "precision": 22.2222,
    "recall": 20.0,
    "f-score": 21.0526
  },
  "KL_res": {
    "KL divergence": 6.122563507563177,
    "Euclidean Dist.": 0.40855058468556077,
    "WER": 0.9,
    "CER": 0.3333333333333333,
    "Cosine Dist.": 0.6518446880886044
  },
  "occ_eval_res": {
    "precision": 22.2222,
    "recall": 20.0,
    "f-score": 21.0526
  },
  "clean_eval": {
    "f-score": 18.18181818181818,
    "precision": 16.666666666666664,
    "recall": 20.0,
    "tp": 2,
    "fp": 10,
    "fn": 8
  },
  "jaccard": [
    0.7357512953367875
  ],
  "braycurtis": [
    0.5954198473282443
  ],
  "dice": [
    0.5819672131147541
  ],
  "cosinus": [
    0.5354246311331032
  ]
}