{
  "voc_eval_res": {
    "precision": 61.875,
    "recall": 65.5629,
    "f-score": 63.6656
  },
  "KL_res": {
    "KL divergence": 1.126725715746827,
    "Euclidean Dist.": 0.08911254391067505,
    "WER": 0.8884615384615384,
    "CER": 0.642962962962963,
    "Cosine Dist.": 0.13264777045761278
  },
  "occ_eval_res": {
    "precision": 65.5039,
    "recall": 65.0,
    "f-score": 65.251
  },
  "clean_eval": {
    "f-score": 35.51020408163266,
    "precision": 35.36585365853659,
    "recall": 35.65573770491803,
    "tp": 87,
    "fp": 159,
    "fn": 157
  },
  "jaccard": [
    0.41748304446119067
  ],
  "braycurtis": [
    0.2317611129962674
  ],
  "dice": [
    0.2638095238095238
  ],
  "cosinus": [
    0.09900661103120756
  ]
}