{
  "voc_eval_res": {
    "precision": 72.973,
    "recall": 72.973,
    "f-score": 72.973
  },
  "KL_res": {
    "KL divergence": 0.8712518670679789,
    "Euclidean Dist.": 0.08910886731805304,
    "WER": 0.45,
    "CER": 0.2729007633587786,
    "Cosine Dist.": 0.07156499437710884
  },
  "occ_eval_res": {
    "precision": 74.7573,
    "recall": 77.0,
    "f-score": 75.8621
  },
  "clean_eval": {
    "f-score": 57.43589743589743,
    "precision": 57.73195876288659,
    "recall": 57.14285714285714,
    "tp": 56,
    "fp": 41,
    "fn": 42
  },
  "jaccard": [
    0.345985401459854
  ],
  "braycurtis": [
    0.2025431425976385
  ],
  "dice": [
    0.2091791703442189
  ],
  "cosinus": [
    0.08911530020448732
  ]
}