{
  "voc_eval_res": {
    "precision": 76.5957,
    "recall": 78.2609,
    "f-score": 77.4194
  },
  "KL_res": {
    "KL divergence": 0.838750674822615,
    "Euclidean Dist.": 0.09965427027011538,
    "WER": 0.5,
    "CER": 0.29491525423728815,
    "Cosine Dist.": 0.09546318669850562
  },
  "occ_eval_res": {
    "precision": 79.661,
    "recall": 75.8065,
    "f-score": 77.686
  },
  "clean_eval": {
    "f-score": 55.172413793103445,
    "precision": 54.23728813559322,
    "recall": 56.14035087719298,
    "tp": 32,
    "fp": 27,
    "fn": 25
  },
  "jaccard": [
    0.3908523908523909
  ],
  "braycurtis": [
    0.24224519940915806
  ],
  "dice": [
    0.24289405684754523
  ],
  "cosinus": [
    0.1347818245653054
  ]
}