{
  "voc_eval_res": {
    "precision": 71.5517,
    "recall": 82.1782,
    "f-score": 76.4977
  },
  "KL_res": {
    "KL divergence": 0.26492171761642375,
    "Euclidean Dist.": 0.046008003913501544,
    "WER": 0.21691176470588236,
    "CER": 0.12731481481481483,
    "Cosine Dist.": 0.0137088998868089
  },
  "occ_eval_res": {
    "precision": 84.6975,
    "recall": 87.5,
    "f-score": 86.0759
  },
  "clean_eval": {
    "f-score": 74.3718592964824,
    "precision": 77.35191637630662,
    "recall": 71.61290322580646,
    "tp": 222,
    "fp": 65,
    "fn": 88
  },
  "jaccard": [
    0.36298649722001586
  ],
  "braycurtis": [
    0.15932494279176201
  ],
  "dice": [
    0.22173702086365843
  ],
  "cosinus": [
    0.047780220806748486
  ]
}