{
  "voc_eval_res": {
    "precision": 6.4516,
    "recall": 25.0,
    "f-score": 10.2564
  },
  "KL_res": {
    "KL divergence": 6.069381337351391,
    "Euclidean Dist.": 0.40394357925942265,
    "WER": 4.0,
    "CER": 1.9672131147540983,
    "Cosine Dist.": 0.8048199854102933
  },
  "occ_eval_res": {
    "precision": 5.8824,
    "recall": 25.0,
    "f-score": 9.5238
  },
  "clean_eval": {
    "f-score": 17.02127659574468,
    "precision": 36.36363636363637,
    "recall": 11.11111111111111,
    "tp": 4,
    "fp": 7,
    "fn": 32
  },
  "jaccard": [
    0.7797101449275362
  ],
  "braycurtis": [
    0.7007575757575758
  ],
  "dice": [
    0.6389548693586699
  ],
  "cosinus": [
    0.6124062528136981
  ]
}