{
  "voc_eval_res": {
    "precision": 63.6364,
    "recall": 70.0,
    "f-score": 66.6667
  },
  "KL_res": {
    "KL divergence": 1.6654334018875214,
    "Euclidean Dist.": 0.25340654299575194,
    "WER": 0.5,
    "CER": 0.25,
    "Cosine Dist.": 0.19967326933495877
  },
  "occ_eval_res": {
    "precision": 63.6364,
    "recall": 70.0,
    "f-score": 66.6667
  },
  "clean_eval": {
    "f-score": 44.44444444444445,
    "precision": 46.15384615384615,
    "recall": 42.857142857142854,
    "tp": 6,
    "fp": 7,
    "fn": 8
  },
  "jaccard": [
    0.4973544973544973
  ],
  "braycurtis": [
    0.33774834437086093
  ],
  "dice": [
    0.33098591549295775
  ],
  "cosinus": [
    0.30020579156699356
  ]
}