{
  "voc_eval_res": {
    "precision": 82.2034,
    "recall": 82.906,
    "f-score": 82.5532
  },
  "KL_res": {
    "KL divergence": 0.42368251468997925,
    "Euclidean Dist.": 0.05582958539458285,
    "WER": 0.1894273127753304,
    "CER": 0.06396396396396396,
    "Cosine Dist.": 0.028953964345192817
  },
  "occ_eval_res": {
    "precision": 87.6712,
    "recall": 84.5815,
    "f-score": 86.0987
  },
  "clean_eval": {
    "f-score": 72.53218884120173,
    "precision": 74.77876106194691,
    "recall": 70.41666666666667,
    "tp": 169,
    "fp": 57,
    "fn": 71
  },
  "jaccard": [
    0.3045375218150087
  ],
  "braycurtis": [
    0.2
  ],
  "dice": [
    0.17961914565105508
  ],
  "cosinus": [
    0.2636785239157876
  ]
}