{
  "voc_eval_res": {
    "precision": 77.9221,
    "recall": 84.507,
    "f-score": 81.0811
  },
  "KL_res": {
    "KL divergence": 0.6331644302893809,
    "Euclidean Dist.": 0.08732681741302324,
    "WER": 0.31958762886597936,
    "CER": 0.1280148423005566,
    "Cosine Dist.": 0.08890987355479152
  },
  "occ_eval_res": {
    "precision": 76.7677,
    "recall": 78.3505,
    "f-score": 77.551
  },
  "clean_eval": {
    "f-score": 67.005076142132,
    "precision": 66.0,
    "recall": 68.04123711340206,
    "tp": 66,
    "fp": 34,
    "fn": 31
  },
  "jaccard": [
    0.34901960784313724
  ],
  "braycurtis": [
    0.20956521739130435
  ],
  "dice": [
    0.21140142517814728
  ],
  "cosinus": [
    0.10232170952542352
  ]
}