{
  "voc_eval_res": {
    "precision": 47.3118,
    "recall": 49.4382,
    "f-score": 48.3516
  },
  "KL_res": {
    "KL divergence": 1.9366390360088246,
    "Euclidean Dist.": 0.10647872368758064,
    "WER": 0.5714285714285714,
    "CER": 0.25100671140939596,
    "Cosine Dist.": 0.17576258543198198
  },
  "occ_eval_res": {
    "precision": 53.6585,
    "recall": 52.381,
    "f-score": 53.012
  },
  "clean_eval": {
    "f-score": 53.27510917030567,
    "precision": 53.04347826086957,
    "recall": 53.50877192982456,
    "tp": 61,
    "fp": 54,
    "fn": 53
  },
  "jaccard": [
    0.49353448275862066
  ],
  "braycurtis": [
    0.2849604221635884
  ],
  "dice": [
    0.32761087267525035
  ],
  "cosinus": [
    0.11149275413606896
  ]
}