{
  "voc_eval_res": {
    "precision": 63.0952,
    "recall": 71.6216,
    "f-score": 67.0886
  },
  "KL_res": {
    "KL divergence": 0.9945816518257263,
    "Euclidean Dist.": 0.09500610556384483,
    "WER": 0.5457627118644067,
    "CER": 0.27217332430602575,
    "Cosine Dist.": 0.15288383006941642
  },
  "occ_eval_res": {
    "precision": 66.0377,
    "recall": 71.1864,
    "f-score": 68.5155
  },
  "clean_eval": {
    "f-score": 52.97297297297297,
    "precision": 54.24354243542435,
    "recall": 51.76056338028169,
    "tp": 147,
    "fp": 124,
    "fn": 137
  },
  "jaccard": [
    0.42890084550345886
  ],
  "braycurtis": [
    0.23734939759036144
  ],
  "dice": [
    0.27299412915851273
  ],
  "cosinus": [
    0.1308689368578898
  ]
}