{
  "voc_eval_res": {
    "precision": 43.2099,
    "recall": 71.4286,
    "f-score": 53.8462
  },
  "KL_res": {
    "KL divergence": 1.25225781443411,
    "Euclidean Dist.": 0.12607547376152026,
    "WER": 1.2923076923076924,
    "CER": 0.939209726443769,
    "Cosine Dist.": 0.13506932039899744
  },
  "occ_eval_res": {
    "precision": 37.9845,
    "recall": 75.3846,
    "f-score": 50.5155
  },
  "clean_eval": {
    "f-score": 47.252747252747255,
    "precision": 67.1875,
    "recall": 36.440677966101696,
    "tp": 43,
    "fp": 21,
    "fn": 75
  },
  "jaccard": [
    0.45539906103286387
  ],
  "braycurtis": [
    0.4198019801980198
  ],
  "dice": [
    0.2948328267477204
  ],
  "cosinus": [
    0.12602363173994657
  ]
}