{
  "voc_eval_res": {
    "precision": 36.3636,
    "recall": 44.4444,
    "f-score": 40.0
  },
  "KL_res": {
    "KL divergence": 3.648248573793942,
    "Euclidean Dist.": 0.3504919509676257,
    "WER": 0.8888888888888888,
    "CER": 0.6111111111111112,
    "Cosine Dist.": 0.42710810076845374
  },
  "occ_eval_res": {
    "precision": 36.3636,
    "recall": 44.4444,
    "f-score": 40.0
  },
  "clean_eval": {
    "f-score": 34.78260869565217,
    "precision": 33.33333333333333,
    "recall": 36.36363636363637,
    "tp": 4,
    "fp": 8,
    "fn": 7
  },
  "jaccard": [
    0.5968586387434555
  ],
  "braycurtis": [
    0.43448275862068964
  ],
  "dice": [
    0.4253731343283582
  ],
  "cosinus": [
    0.4101602147392439
  ]
}