{
  "voc_eval_res": {
    "precision": 13.5135,
    "recall": 71.4286,
    "f-score": 22.7273
  },
  "KL_res": {
    "KL divergence": 2.658904617621472,
    "Euclidean Dist.": 0.4610694459770735,
    "WER": 5.428571428571429,
    "CER": 3.533333333333333,
    "Cosine Dist.": 0.6363035162733461
  },
  "occ_eval_res": {
    "precision": 11.9048,
    "recall": 71.4286,
    "f-score": 20.4082
  },
  "clean_eval": {
    "f-score": 21.81818181818182,
    "precision": 60.0,
    "recall": 13.333333333333334,
    "tp": 6,
    "fp": 4,
    "fn": 39
  },
  "jaccard": [
    0.7799352750809061
  ],
  "braycurtis": [
    0.7330827067669173
  ],
  "dice": [
    0.6392572944297082
  ],
  "cosinus": [
    0.636177035141466
  ]
}