{
  "voc_eval_res": {
    "precision": 43.9759,
    "recall": 64.0351,
    "f-score": 52.1429
  },
  "KL_res": {
    "KL divergence": 0.962200040313789,
    "Euclidean Dist.": 0.08190848597398534,
    "WER": 0.6351351351351351,
    "CER": 0.3080531665363565,
    "Cosine Dist.": 0.11946920046669673
  },
  "occ_eval_res": {
    "precision": 54.7038,
    "recall": 70.7207,
    "f-score": 61.6896
  },
  "clean_eval": {
    "f-score": 50.59288537549407,
    "precision": 57.399103139013455,
    "recall": 45.22968197879859,
    "tp": 128,
    "fp": 95,
    "fn": 155
  },
  "jaccard": [
    0.43637992831541217
  ],
  "braycurtis": [
    0.2506839945280438
  ],
  "dice": [
    0.27908309455587393
  ],
  "cosinus": [
    0.07109808834936038
  ]
}