{
  "voc_eval_res": {
    "precision": 66.6667,
    "recall": 66.6667,
    "f-score": 66.6667
  },
  "KL_res": {
    "KL divergence": 1.8629389620095078,
    "Euclidean Dist.": 0.2721655269759087,
    "WER": 0.3333333333333333,
    "CER": 0.05357142857142857,
    "Cosine Dist.": 0.19999999999999996
  },
  "occ_eval_res": {
    "precision": 66.6667,
    "recall": 66.6667,
    "f-score": 66.6667
  },
  "clean_eval": {
    "f-score": 50.0,
    "precision": 45.45454545454545,
    "recall": 55.55555555555556,
    "tp": 5,
    "fp": 6,
    "fn": 4
  },
  "jaccard": [
    0.4225352112676056
  ],
  "braycurtis": [
    0.27049180327868855
  ],
  "dice": [
    0.26785714285714285
  ],
  "cosinus": [
    0.24911228636632599
  ]
}