{
  "voc_eval_res": {
    "precision": 53.2468,
    "recall": 60.2941,
    "f-score": 56.5517
  },
  "KL_res": {
    "KL divergence": 1.4968881614554208,
    "Euclidean Dist.": 0.11379051514140878,
    "WER": 0.5151515151515151,
    "CER": 0.22242647058823528,
    "Cosine Dist.": 0.14351208944112703
  },
  "occ_eval_res": {
    "precision": 59.434,
    "recall": 63.6364,
    "f-score": 61.4634
  },
  "clean_eval": {
    "f-score": 61.29032258064516,
    "precision": 61.29032258064516,
    "recall": 61.29032258064516,
    "tp": 57,
    "fp": 36,
    "fn": 36
  },
  "jaccard": [
    0.41472868217054265
  ],
  "braycurtis": [
    0.2564102564102564
  ],
  "dice": [
    0.2616136919315403
  ],
  "cosinus": [
    0.16628153086093334
  ]
}