{
  "voc_eval_res": {
    "precision": 85.3659,
    "recall": 85.3659,
    "f-score": 85.3659
  },
  "KL_res": {
    "KL divergence": 0.17264292865357636,
    "Euclidean Dist.": 0.03437253170948142,
    "WER": 0.12062256809338522,
    "CER": 0.05419580419580419,
    "Cosine Dist.": 0.010144197421167345
  },
  "occ_eval_res": {
    "precision": 91.4729,
    "recall": 91.8288,
    "f-score": 91.6505
  },
  "clean_eval": {
    "f-score": 74.95361781076066,
    "precision": 77.09923664122137,
    "recall": 72.92418772563177,
    "tp": 202,
    "fp": 60,
    "fn": 75
  },
  "jaccard": [
    0.3650952858575727
  ],
  "braycurtis": [
    0.15489306545690215
  ],
  "dice": [
    0.2233128834355828
  ],
  "cosinus": [
    0.06342588794799309
  ]
}