{
  "voc_eval_res": {
    "precision": 73.0769,
    "recall": 73.7864,
    "f-score": 73.43
  },
  "KL_res": {
    "KL divergence": 0.9752064783965749,
    "Euclidean Dist.": 0.08793553925791502,
    "WER": 0.46258503401360546,
    "CER": 0.19436997319034852,
    "Cosine Dist.": 0.14149141334476423
  },
  "occ_eval_res": {
    "precision": 72.4138,
    "recall": 71.4286,
    "f-score": 71.9178
  },
  "clean_eval": {
    "f-score": 61.71003717472119,
    "precision": 60.14492753623188,
    "recall": 63.358778625954194,
    "tp": 83,
    "fp": 55,
    "fn": 48
  },
  "jaccard": [
    0.35444444444444445
  ],
  "braycurtis": [
    0.19522912743251727
  ],
  "dice": [
    0.21539500337609724
  ],
  "cosinus": [
    0.0796289760622445
  ]
}