{
  "voc_eval_res": {
    "precision": 37.6623,
    "recall": 33.3333,
    "f-score": 35.3659
  },
  "KL_res": {
    "KL divergence": 2.4977212514609177,
    "Euclidean Dist.": 0.11559003854949541,
    "WER": 0.8203125,
    "CER": 0.5884353741496599,
    "Cosine Dist.": 0.20643168632784115
  },
  "occ_eval_res": {
    "precision": 48.5149,
    "recall": 38.2812,
    "f-score": 42.7948
  },
  "clean_eval": {
    "f-score": 15.454545454545457,
    "precision": 14.285714285714285,
    "recall": 16.831683168316832,
    "tp": 17,
    "fp": 102,
    "fn": 84
  },
  "jaccard": [
    0.6353211009174312
  ],
  "braycurtis": [
    0.4471766848816029
  ],
  "dice": [
    0.46554621848739497
  ],
  "cosinus": [
    0.209806610826193
  ]
}