{
  "voc_eval_res": {
    "precision": 80.0,
    "recall": 75.0,
    "f-score": 77.4194
  },
  "KL_res": {
    "KL divergence": 1.2213053641381473,
    "Euclidean Dist.": 0.17139136501002608,
    "WER": 0.4375,
    "CER": 0.34615384615384615,
    "Cosine Dist.": 0.12712843905603066
  },
  "occ_eval_res": {
    "precision": 80.0,
    "recall": 75.0,
    "f-score": 77.4194
  },
  "clean_eval": {
    "f-score": 56.25,
    "precision": 52.94117647058824,
    "recall": 60.0,
    "tp": 9,
    "fp": 8,
    "fn": 6
  },
  "jaccard": [
    0.413265306122449
  ],
  "braycurtis": [
    0.26857142857142857
  ],
  "dice": [
    0.2604501607717042
  ],
  "cosinus": [
    0.22064955691259347
  ]
}