{
  "voc_eval_res": {
    "precision": 72.0,
    "recall": 75.0,
    "f-score": 73.4694
  },
  "KL_res": {
    "KL divergence": 0.8420108795999512,
    "Euclidean Dist.": 0.08004982428526952,
    "WER": 0.27358490566037735,
    "CER": 0.06713780918727916,
    "Cosine Dist.": 0.08270577629433007
  },
  "occ_eval_res": {
    "precision": 77.3585,
    "recall": 77.3585,
    "f-score": 77.3585
  },
  "clean_eval": {
    "f-score": 75.12690355329948,
    "precision": 74.74747474747475,
    "recall": 75.51020408163265,
    "tp": 74,
    "fp": 25,
    "fn": 24
  },
  "jaccard": [
    0.3096960926193922
  ],
  "braycurtis": [
    0.1727659574468085
  ],
  "dice": [
    0.1832191780821918
  ],
  "cosinus": [
    0.07021461374096405
  ]
}