{
  "voc_eval_res": {
    "precision": 66.6667,
    "recall": 66.6667,
    "f-score": 66.6667
  },
  "KL_res": {
    "KL divergence": 1.8629389620095076,
    "Euclidean Dist.": 0.2721655269759087,
    "WER": 0.3333333333333333,
    "CER": 0.06557377049180328,
    "Cosine Dist.": 0.19999999999999996
  },
  "occ_eval_res": {
    "precision": 66.6667,
    "recall": 66.6667,
    "f-score": 66.6667
  },
  "clean_eval": {
    "f-score": 47.61904761904761,
    "precision": 45.45454545454545,
    "recall": 50.0,
    "tp": 5,
    "fp": 6,
    "fn": 5
  },
  "jaccard": [
    0.38461538461538464
  ],
  "braycurtis": [
    0.2421875
  ],
  "dice": [
    0.23809523809523808
  ],
  "cosinus": [
    0.2077755052950323
  ]
}