{
  "voc_eval_res": {
    "precision": 70.1031,
    "recall": 76.4045,
    "f-score": 73.1183
  },
  "KL_res": {
    "KL divergence": 0.3259560599492424,
    "Euclidean Dist.": 0.04719291648324406,
    "WER": 0.7142857142857143,
    "CER": 0.5242320819112628,
    "Cosine Dist.": 0.01687621845203413
  },
  "occ_eval_res": {
    "precision": 85.9425,
    "recall": 85.3968,
    "f-score": 85.6688
  },
  "clean_eval": {
    "f-score": 21.313868613138688,
    "precision": 22.188449848024316,
    "recall": 20.50561797752809,
    "tp": 73,
    "fp": 256,
    "fn": 283
  },
  "jaccard": [
    0.41762114537444933
  ],
  "braycurtis": [
    0.19017946161515453
  ],
  "dice": [
    0.2639198218262806
  ],
  "cosinus": [
    0.12926841213132845
  ]
}