{
  "voc_eval_res": {
    "precision": 60.3053,
    "recall": 65.2893,
    "f-score": 62.6984
  },
  "KL_res": {
    "KL divergence": 1.0479302821960506,
    "Euclidean Dist.": 0.0777504908783786,
    "WER": 0.39903846153846156,
    "CER": 0.15191986644407346,
    "Cosine Dist.": 0.09193851230781946
  },
  "occ_eval_res": {
    "precision": 67.6056,
    "recall": 69.2308,
    "f-score": 68.4086
  },
  "clean_eval": {
    "f-score": 66.49616368286445,
    "precision": 67.35751295336787,
    "recall": 65.65656565656566,
    "tp": 130,
    "fp": 63,
    "fn": 68
  },
  "jaccard": [
    0.40654608096468564
  ],
  "braycurtis": [
    0.20528211284513806
  ],
  "dice": [
    0.25513513513513514
  ],
  "cosinus": [
    0.0678881808492735
  ]
}