{
  "voc_eval_res": {
    "precision": 58.1921,
    "recall": 62.8049,
    "f-score": 60.4106
  },
  "KL_res": {
    "KL divergence": 0.9889210003143092,
    "Euclidean Dist.": 0.06656006703345858,
    "WER": 0.39245283018867927,
    "CER": 0.11928571428571429,
    "Cosine Dist.": 0.06899563454379809
  },
  "occ_eval_res": {
    "precision": 65.9341,
    "recall": 67.9245,
    "f-score": 66.9145
  },
  "clean_eval": {
    "f-score": 59.599999999999994,
    "precision": 59.599999999999994,
    "recall": 59.599999999999994,
    "tp": 149,
    "fp": 101,
    "fn": 101
  },
  "jaccard": [
    0.4016332590942836
  ],
  "braycurtis": [
    0.21457627118644068
  ],
  "dice": [
    0.25127728750580586
  ],
  "cosinus": [
    0.06852206418073425
  ]
}