{
  "voc_eval_res": {
    "precision": 70.9091,
    "recall": 70.9091,
    "f-score": 70.9091
  },
  "KL_res": {
    "KL divergence": 0.9229004770965652,
    "Euclidean Dist.": 0.08150965046885827,
    "WER": 0.2535211267605634,
    "CER": 0.05263157894736842,
    "Cosine Dist.": 0.0704673979655488
  },
  "occ_eval_res": {
    "precision": 76.3889,
    "recall": 77.4648,
    "f-score": 76.9231
  },
  "clean_eval": {
    "f-score": 75.71428571428571,
    "precision": 74.64788732394366,
    "recall": 76.81159420289855,
    "tp": 53,
    "fp": 18,
    "fn": 16
  },
  "jaccard": [
    0.29590017825311943
  ],
  "braycurtis": [
    0.1547314578005115
  ],
  "dice": [
    0.17364016736401675
  ],
  "cosinus": [
    0.06433540964513507
  ]
}