{
  "voc_eval_res": {
    "precision": 58.0882,
    "recall": 64.2276,
    "f-score": 61.0039
  },
  "KL_res": {
    "KL divergence": 1.2495244053700905,
    "Euclidean Dist.": 0.08668995805882654,
    "WER": 0.48186528497409326,
    "CER": 0.1683626271970398,
    "Cosine Dist.": 0.11494533534347784
  },
  "occ_eval_res": {
    "precision": 61.4634,
    "recall": 65.285,
    "f-score": 63.3166
  },
  "clean_eval": {
    "f-score": 58.510638297872354,
    "precision": 57.59162303664922,
    "recall": 59.45945945945946,
    "tp": 110,
    "fp": 81,
    "fn": 75
  },
  "jaccard": [
    0.45263157894736844
  ],
  "braycurtis": [
    0.25275694750771943
  ],
  "dice": [
    0.2925170068027211
  ],
  "cosinus": [
    0.10041976364250305
  ]
}