{
  "voc_eval_res": {
    "precision": 50.0,
    "recall": 52.9412,
    "f-score": 51.4286
  },
  "KL_res": {
    "KL divergence": 2.9611627917055685,
    "Euclidean Dist.": 0.2683396594607405,
    "WER": 0.6666666666666666,
    "CER": 0.125,
    "Cosine Dist.": 0.4181426345482877
  },
  "occ_eval_res": {
    "precision": 45.0,
    "recall": 50.0,
    "f-score": 47.3684
  },
  "clean_eval": {
    "f-score": 48.64864864864865,
    "precision": 47.368421052631575,
    "recall": 50.0,
    "tp": 9,
    "fp": 10,
    "fn": 9
  },
  "jaccard": [
    0.35833333333333334
  ],
  "braycurtis": [
    0.25210084033613445
  ],
  "dice": [
    0.2182741116751269
  ],
  "cosinus": [
    0.24170589592889336
  ]
}