{
  "voc_eval_res": {
    "precision": 61.6071,
    "recall": 65.0943,
    "f-score": 63.3028
  },
  "KL_res": {
    "KL divergence": 1.066404734747948,
    "Euclidean Dist.": 0.08221869746398996,
    "WER": 0.3867924528301887,
    "CER": 0.08502939846223428,
    "Cosine Dist.": 0.14567873615837001
  },
  "occ_eval_res": {
    "precision": 69.4236,
    "recall": 65.3302,
    "f-score": 67.3147
  },
  "clean_eval": {
    "f-score": 60.026212319790304,
    "precision": 59.32642487046632,
    "recall": 60.742705570291776,
    "tp": 229,
    "fp": 157,
    "fn": 148
  },
  "jaccard": [
    0.38095238095238093
  ],
  "braycurtis": [
    0.1740804106073567
  ],
  "dice": [
    0.23529411764705882
  ],
  "cosinus": [
    0.057605054225460695
  ]
}