{
  "voc_eval_res": {
    "precision": 38.5246,
    "recall": 58.75,
    "f-score": 46.5347
  },
  "KL_res": {
    "KL divergence": 1.8887891013575124,
    "Euclidean Dist.": 0.15516270783826427,
    "WER": 0.8787878787878788,
    "CER": 0.6237288135593221,
    "Cosine Dist.": 0.32341277326545836
  },
  "occ_eval_res": {
    "precision": 43.2161,
    "recall": 52.1212,
    "f-score": 47.2527
  },
  "clean_eval": {
    "f-score": 29.095915557595227,
    "precision": 29.990539262062445,
    "recall": 28.25311942959002,
    "tp": 317,
    "fp": 740,
    "fn": 805
  },
  "jaccard": [
    0.5293478260869565
  ],
  "braycurtis": [
    0.3610981852024197
  ],
  "dice": [
    0.35994087213599407
  ],
  "cosinus": [
    0.19913762965444115
  ]
}