{
  "voc_eval_res": {
    "precision": 71.4286,
    "recall": 71.4286,
    "f-score": 71.4286
  },
  "KL_res": {
    "KL divergence": 1.6107446234123728,
    "Euclidean Dist.": 0.3123724229381411,
    "WER": 0.5714285714285714,
    "CER": 0.4,
    "Cosine Dist.": 0.18350341907227408
  },
  "occ_eval_res": {
    "precision": 62.5,
    "recall": 71.4286,
    "f-score": 66.6667
  },
  "clean_eval": {
    "f-score": 73.43749999999999,
    "precision": 74.60317460317461,
    "recall": 72.3076923076923,
    "tp": 47,
    "fp": 16,
    "fn": 18
  },
  "jaccard": [
    0.30097087378640774
  ],
  "braycurtis": [
    0.24242424242424243
  ],
  "dice": [
    0.17714285714285713
  ],
  "cosinus": [
    0.17629606852611224
  ]
}