{
  "voc_eval_res": {
    "precision": 40.9091,
    "recall": 45.0,
    "f-score": 42.8571
  },
  "KL_res": {
    "KL divergence": 3.343349668561461,
    "Euclidean Dist.": 0.24331050121192882,
    "WER": 0.84,
    "CER": 0.6285714285714286,
    "Cosine Dist.": 0.36605691859973855
  },
  "occ_eval_res": {
    "precision": 44.0,
    "recall": 44.0,
    "f-score": 44.0
  },
  "clean_eval": {
    "f-score": 65.21739130434783,
    "precision": 69.76744186046511,
    "recall": 61.224489795918366,
    "tp": 90,
    "fp": 39,
    "fn": 57
  },
  "jaccard": [
    0.6881720430107527
  ],
  "braycurtis": [
    0.5061728395061729
  ],
  "dice": [
    0.5245901639344263
  ],
  "cosinus": [
    0.38929343927679627
  ]
}