{
  "voc_eval_res": {
    "precision": 50.9091,
    "recall": 57.1429,
    "f-score": 53.8462
  },
  "KL_res": {
    "KL divergence": 1.7925060712901004,
    "Euclidean Dist.": 0.138776371094965,
    "WER": 0.7333333333333333,
    "CER": 0.5459183673469388,
    "Cosine Dist.": 0.12483590023213131
  },
  "occ_eval_res": {
    "precision": 60.274,
    "recall": 58.6667,
    "f-score": 59.4595
  },
  "clean_eval": {
    "f-score": 16.905071521456435,
    "precision": 17.24137931034483,
    "recall": 16.581632653061224,
    "tp": 65,
    "fp": 312,
    "fn": 327
  },
  "jaccard": [
    0.5009074410163339
  ],
  "braycurtis": [
    0.29101796407185626
  ],
  "dice": [
    0.3341404358353511
  ],
  "cosinus": [
    0.1433948097728891
  ]
}