{
  "voc_eval_res": {
    "precision": 31.5068,
    "recall": 47.9167,
    "f-score": 38.0165
  },
  "KL_res": {
    "KL divergence": 1.9878250596054496,
    "Euclidean Dist.": 0.14602548677001193,
    "WER": 0.975609756097561,
    "CER": 0.9095744680851063,
    "Cosine Dist.": 0.181545390886659
  },
  "occ_eval_res": {
    "precision": 40.7767,
    "recall": 51.2195,
    "f-score": 45.4054
  },
  "clean_eval": {
    "f-score": 27.612655800575265,
    "precision": 31.16883116883117,
    "recall": 24.78485370051635,
    "tp": 144,
    "fp": 318,
    "fn": 437
  },
  "jaccard": [
    0.6176470588235294
  ],
  "braycurtis": [
    0.4539939332659252
  ],
  "dice": [
    0.44680851063829785
  ],
  "cosinus": [
    0.24710387309338644
  ]
}