{
  "voc_eval_res": {
    "precision": 55.0,
    "recall": 62.2642,
    "f-score": 58.4071
  },
  "KL_res": {
    "KL divergence": 1.255562680638921,
    "Euclidean Dist.": 0.10866166873179013,
    "WER": 0.5056179775280899,
    "CER": 0.4308755760368664,
    "Cosine Dist.": 0.07914334913931953
  },
  "occ_eval_res": {
    "precision": 68.1818,
    "recall": 67.4157,
    "f-score": 67.7966
  },
  "clean_eval": {
    "f-score": 37.18820861678005,
    "precision": 38.05104408352668,
    "recall": 36.36363636363637,
    "tp": 164,
    "fp": 267,
    "fn": 287
  },
  "jaccard": [
    0.4639344262295082
  ],
  "braycurtis": [
    0.27235772357723576
  ],
  "dice": [
    0.30202774813233724
  ],
  "cosinus": [
    0.11144920201601527
  ]
}