{
  "voc_eval_res": {
    "precision": 26.4706,
    "recall": 52.9412,
    "f-score": 35.2941
  },
  "KL_res": {
    "KL divergence": 2.6540014753129912,
    "Euclidean Dist.": 0.25802048826804075,
    "WER": 1.2857142857142858,
    "CER": 0.7734375,
    "Cosine Dist.": 0.3871036251935267
  },
  "occ_eval_res": {
    "precision": 29.7297,
    "recall": 52.381,
    "f-score": 37.931
  },
  "clean_eval": {
    "f-score": 27.37430167597765,
    "precision": 30.246913580246915,
    "recall": 25.0,
    "tp": 49,
    "fp": 113,
    "fn": 147
  },
  "jaccard": [
    0.6677740863787376
  ],
  "braycurtis": [
    0.4450704225352113
  ],
  "dice": [
    0.5012468827930174
  ],
  "cosinus": [
    0.21923318528049396
  ]
}