{
  "voc_eval_res": {
    "precision": 60.8696,
    "recall": 58.3333,
    "f-score": 59.5745
  },
  "KL_res": {
    "KL divergence": 2.1773251924829684,
    "Euclidean Dist.": 0.18565084455734673,
    "WER": 0.625,
    "CER": 0.3708609271523179,
    "Cosine Dist.": 0.25326695411226874
  },
  "occ_eval_res": {
    "precision": 60.8696,
    "recall": 58.3333,
    "f-score": 59.5745
  },
  "clean_eval": {
    "f-score": 67.83216783216783,
    "precision": 63.39869281045751,
    "recall": 72.93233082706767,
    "tp": 97,
    "fp": 56,
    "fn": 36
  },
  "jaccard": [
    0.4119496855345912
  ],
  "braycurtis": [
    0.2523364485981308
  ],
  "dice": [
    0.2594059405940594
  ],
  "cosinus": [
    0.15387682131204838
  ]
}