{
  "voc_eval_res": {
    "precision": 30.0,
    "recall": 26.4706,
    "f-score": 28.125
  },
  "KL_res": {
    "KL divergence": 3.723824077351519,
    "Euclidean Dist.": 0.221585972820824,
    "WER": 0.8695652173913043,
    "CER": 0.6616915422885572,
    "Cosine Dist.": 0.41376520669896055
  },
  "occ_eval_res": {
    "precision": 34.2857,
    "recall": 26.087,
    "f-score": 29.6296
  },
  "clean_eval": {
    "f-score": 49.115913555992144,
    "precision": 51.229508196721305,
    "recall": 47.16981132075472,
    "tp": 125,
    "fp": 119,
    "fn": 140
  },
  "jaccard": [
    0.6642685851318945
  ],
  "braycurtis": [
    0.5220417633410673
  ],
  "dice": [
    0.49730700179533216
  ],
  "cosinus": [
    0.3977739819211582
  ]
}