{
  "voc_eval_res": {
    "precision": 29.2683,
    "recall": 46.1538,
    "f-score": 35.8209
  },
  "KL_res": {
    "KL divergence": 3.0670811111184912,
    "Euclidean Dist.": 0.21793761380670199,
    "WER": 1.2962962962962963,
    "CER": 0.7294117647058823,
    "Cosine Dist.": 0.4704772861428038
  },
  "occ_eval_res": {
    "precision": 27.6596,
    "recall": 48.1481,
    "f-score": 35.1351
  },
  "clean_eval": {
    "f-score": 30.76923076923077,
    "precision": 37.569060773480665,
    "recall": 26.053639846743295,
    "tp": 68,
    "fp": 113,
    "fn": 193
  },
  "jaccard": [
    0.6059907834101382
  ],
  "braycurtis": [
    0.4802784222737819
  ],
  "dice": [
    0.43471074380165287
  ],
  "cosinus": [
    0.38664041329715704
  ]
}