{
  "voc_eval_res": {
    "precision": 47.3684,
    "recall": 45.0,
    "f-score": 46.1538
  },
  "KL_res": {
    "KL divergence": 3.2142184381312378,
    "Euclidean Dist.": 0.23521370020588286,
    "WER": 0.65,
    "CER": 0.46017699115044247,
    "Cosine Dist.": 0.3683238342907632
  },
  "occ_eval_res": {
    "precision": 47.3684,
    "recall": 45.0,
    "f-score": 46.1538
  },
  "clean_eval": {
    "f-score": 71.48936170212767,
    "precision": 71.7948717948718,
    "recall": 71.1864406779661,
    "tp": 84,
    "fp": 33,
    "fn": 34
  },
  "jaccard": [
    0.6353790613718412
  ],
  "braycurtis": [
    0.4977168949771689
  ],
  "dice": [
    0.4656084656084656
  ],
  "cosinus": [
    0.42161896298580326
  ]
}