{
  "voc_eval_res": {
    "precision": 30.0,
    "recall": 39.1304,
    "f-score": 33.9623
  },
  "KL_res": {
    "KL divergence": 3.2003729900623967,
    "Euclidean Dist.": 0.2438763440833703,
    "WER": 1.0357142857142858,
    "CER": 1.0512820512820513,
    "Cosine Dist.": 0.3940019806594768
  },
  "occ_eval_res": {
    "precision": 29.7297,
    "recall": 39.2857,
    "f-score": 33.8462
  },
  "clean_eval": {
    "f-score": 22.660098522167488,
    "precision": 31.944444444444443,
    "recall": 17.557251908396946,
    "tp": 46,
    "fp": 98,
    "fn": 216
  },
  "jaccard": [
    0.7352112676056338
  ],
  "braycurtis": [
    0.5877192982456141
  ],
  "dice": [
    0.5812917594654788
  ],
  "cosinus": [
    0.4703343779450021
  ]
}