{
  "voc_eval_res": {
    "precision": 44.4444,
    "recall": 52.1739,
    "f-score": 48.0
  },
  "KL_res": {
    "KL divergence": 2.6886006755855805,
    "Euclidean Dist.": 0.20691831348924974,
    "WER": 0.8260869565217391,
    "CER": 0.445859872611465,
    "Cosine Dist.": 0.3448615801173396
  },
  "occ_eval_res": {
    "precision": 42.8571,
    "recall": 52.1739,
    "f-score": 47.0588
  },
  "clean_eval": {
    "f-score": 56.55172413793104,
    "precision": 53.246753246753244,
    "recall": 60.29411764705882,
    "tp": 82,
    "fp": 72,
    "fn": 54
  },
  "jaccard": [
    0.4812680115273775
  ],
  "braycurtis": [
    0.3294460641399417
  ],
  "dice": [
    0.31688804554079697
  ],
  "cosinus": [
    0.23143185704840663
  ]
}