{
  "voc_eval_res": {
    "precision": 12.5,
    "recall": 14.2857,
    "f-score": 13.3333
  },
  "KL_res": {
    "KL divergence": 6.671129925404975,
    "Euclidean Dist.": 0.34092648378637114,
    "WER": 1.0714285714285714,
    "CER": 0.6091954022988506,
    "Cosine Dist.": 0.7642977396044842
  },
  "occ_eval_res": {
    "precision": 12.5,
    "recall": 14.2857,
    "f-score": 13.3333
  },
  "clean_eval": {
    "f-score": 56.14035087719298,
    "precision": 62.745098039215684,
    "recall": 50.79365079365079,
    "tp": 64,
    "fp": 38,
    "fn": 62
  },
  "jaccard": [
    0.7626459143968871
  ],
  "braycurtis": [
    0.6388888888888888
  ],
  "dice": [
    0.6163522012578616
  ],
  "cosinus": [
    0.6077549768983632
  ]
}