{
  "voc_eval_res": {
    "precision": 51.0204,
    "recall": 67.5676,
    "f-score": 58.1395
  },
  "KL_res": {
    "KL divergence": 1.1752120606055907,
    "Euclidean Dist.": 0.1397750847648935,
    "WER": 1.0538461538461539,
    "CER": 0.913477537437604,
    "Cosine Dist.": 0.16075839614712029
  },
  "occ_eval_res": {
    "precision": 54.902,
    "recall": 64.6154,
    "f-score": 59.364
  },
  "clean_eval": {
    "f-score": 12.872467222884385,
    "precision": 13.740458015267176,
    "recall": 12.10762331838565,
    "tp": 108,
    "fp": 678,
    "fn": 784
  },
  "jaccard": [
    0.47105561861521
  ],
  "braycurtis": [
    0.3193612774451098
  ],
  "dice": [
    0.3080920564216778
  ],
  "cosinus": [
    0.14460345400891772
  ]
}