{
  "voc_eval_res": {
    "precision": 40.0,
    "recall": 47.0588,
    "f-score": 43.2432
  },
  "KL_res": {
    "KL divergence": 3.1016010810050396,
    "Euclidean Dist.": 0.25379344182053076,
    "WER": 0.8,
    "CER": 0.7596153846153846,
    "Cosine Dist.": 0.33608627007611847
  },
  "occ_eval_res": {
    "precision": 45.8333,
    "recall": 44.0,
    "f-score": 44.898
  },
  "clean_eval": {
    "f-score": 48.58044164037855,
    "precision": 47.82608695652174,
    "recall": 49.358974358974365,
    "tp": 77,
    "fp": 84,
    "fn": 79
  },
  "jaccard": [
    0.6761133603238867
  ],
  "braycurtis": [
    0.5491071428571429
  ],
  "dice": [
    0.5107033639143731
  ],
  "cosinus": [
    0.4953390567202913
  ]
}