{
  "voc_eval_res": {
    "precision": 42.4242,
    "recall": 60.8696,
    "f-score": 50.0
  },
  "KL_res": {
    "KL divergence": 2.143489010642992,
    "Euclidean Dist.": 0.20266180961727656,
    "WER": 1.0384615384615385,
    "CER": 0.75,
    "Cosine Dist.": 0.3087765803895349
  },
  "occ_eval_res": {
    "precision": 42.1053,
    "recall": 61.5385,
    "f-score": 50.0
  },
  "clean_eval": {
    "f-score": 58.610271903323266,
    "precision": 68.30985915492957,
    "recall": 51.32275132275132,
    "tp": 97,
    "fp": 45,
    "fn": 92
  },
  "jaccard": [
    0.5753846153846154
  ],
  "braycurtis": [
    0.4263322884012539
  ],
  "dice": [
    0.4038876889848812
  ],
  "cosinus": [
    0.27418655495850286
  ]
}