{
  "voc_eval_res": {
    "precision": 66.6667,
    "recall": 60.8696,
    "f-score": 63.6364
  },
  "KL_res": {
    "KL divergence": 1.9490043281280158,
    "Euclidean Dist.": 0.1374890787546267,
    "WER": 0.46938775510204084,
    "CER": 0.24632352941176472,
    "Cosine Dist.": 0.24187021853099644
  },
  "occ_eval_res": {
    "precision": 67.4419,
    "recall": 59.1837,
    "f-score": 63.0435
  },
  "clean_eval": {
    "f-score": 48.52941176470588,
    "precision": 46.478873239436616,
    "recall": 50.76923076923077,
    "tp": 132,
    "fp": 152,
    "fn": 128
  },
  "jaccard": [
    0.372960372960373
  ],
  "braycurtis": [
    0.2294776119402985
  ],
  "dice": [
    0.22922636103151864
  ],
  "cosinus": [
    0.12637628763603415
  ]
}