{
  "voc_eval_res": {
    "precision": 36.0656,
    "recall": 29.3333,
    "f-score": 32.3529
  },
  "KL_res": {
    "KL divergence": 2.6560934171302444,
    "Euclidean Dist.": 0.13516473102190807,
    "WER": 0.743801652892562,
    "CER": 0.5416666666666666,
    "Cosine Dist.": 0.13928408805468173
  },
  "occ_eval_res": {
    "precision": 49.4253,
    "recall": 35.5372,
    "f-score": 41.3462
  },
  "clean_eval": {
    "f-score": 8.81104033970276,
    "precision": 7.757009345794392,
    "recall": 10.196560196560196,
    "tp": 83,
    "fp": 987,
    "fn": 731
  },
  "jaccard": [
    0.5431164901664145
  ],
  "braycurtis": [
    0.31865106675843086
  ],
  "dice": [
    0.37279335410176534
  ],
  "cosinus": [
    0.10096638354693588
  ]
}