{
  "voc_eval_res": {
    "precision": 29.1139,
    "recall": 33.8235,
    "f-score": 31.2925
  },
  "KL_res": {
    "KL divergence": 2.770542932766076,
    "Euclidean Dist.": 0.14651109436624704,
    "WER": 0.8275862068965517,
    "CER": 0.571773220747889,
    "Cosine Dist.": 0.22789462478724798
  },
  "occ_eval_res": {
    "precision": 41.0526,
    "recall": 33.6207,
    "f-score": 36.9668
  },
  "clean_eval": {
    "f-score": 17.816935878609886,
    "precision": 16.29364368845121,
    "recall": 19.654427645788335,
    "tp": 182,
    "fp": 935,
    "fn": 744
  },
  "jaccard": [
    0.5364705882352941
  ],
  "braycurtis": [
    0.30639324487334135
  ],
  "dice": [
    0.3665594855305466
  ],
  "cosinus": [
    0.07520967673846812
  ]
}