{
  "voc_eval_res": {
    "precision": 33.3333,
    "recall": 54.3478,
    "f-score": 41.3223
  },
  "KL_res": {
    "KL divergence": 1.4969740855039269,
    "Euclidean Dist.": 0.15415634495639444,
    "WER": 0.8170731707317073,
    "CER": 0.7441860465116279,
    "Cosine Dist.": 0.07494743138777227
  },
  "occ_eval_res": {
    "precision": 47.7064,
    "recall": 63.4146,
    "f-score": 54.4503
  },
  "clean_eval": {
    "f-score": 23.560673162090346,
    "precision": 25.04708097928437,
    "recall": 22.240802675585282,
    "tp": 133,
    "fp": 398,
    "fn": 465
  },
  "jaccard": [
    0.6127167630057804
  ],
  "braycurtis": [
    0.4287292817679558
  ],
  "dice": [
    0.44166666666666665
  ],
  "cosinus": [
    0.22883401682160642
  ]
}