{
  "voc_eval_res": {
    "precision": 57.1429,
    "recall": 80.0,
    "f-score": 66.6667
  },
  "KL_res": {
    "KL divergence": 1.0244602184851161,
    "Euclidean Dist.": 0.31457643480294795,
    "WER": 0.5,
    "CER": 0.2857142857142857,
    "Cosine Dist.": 0.12328599248079086
  },
  "occ_eval_res": {
    "precision": 62.5,
    "recall": 83.3333,
    "f-score": 71.4286
  },
  "clean_eval": {
    "f-score": 68.37606837606837,
    "precision": 76.92307692307693,
    "recall": 61.53846153846154,
    "tp": 40,
    "fp": 12,
    "fn": 25
  },
  "jaccard": [
    0.23958333333333334
  ],
  "braycurtis": [
    0.12037037037037036
  ],
  "dice": [
    0.13609467455621302
  ],
  "cosinus": [
    0.08328589972590905
  ]
}