{
  "voc_eval_res": {
    "precision": 30.0,
    "recall": 27.2727,
    "f-score": 28.5714
  },
  "KL_res": {
    "KL divergence": 5.188159456046569,
    "Euclidean Dist.": 0.3696100245501113,
    "WER": 0.8181818181818182,
    "CER": 0.7121212121212122,
    "Cosine Dist.": 0.5552504100033393
  },
  "occ_eval_res": {
    "precision": 30.0,
    "recall": 27.2727,
    "f-score": 28.5714
  },
  "clean_eval": {
    "f-score": 45.12195121951219,
    "precision": 48.05194805194805,
    "recall": 42.5287356321839,
    "tp": 37,
    "fp": 40,
    "fn": 50
  },
  "jaccard": [
    0.8010471204188482
  ],
  "braycurtis": [
    0.6825396825396826
  ],
  "dice": [
    0.6681222707423581
  ],
  "cosinus": [
    0.6283231321290068
  ]
}