{
  "voc_eval_res": {
    "precision": 56.1404,
    "recall": 62.7451,
    "f-score": 59.2593
  },
  "KL_res": {
    "KL divergence": 1.3714732013983402,
    "Euclidean Dist.": 0.12401479277463094,
    "WER": 0.5833333333333334,
    "CER": 0.510158013544018,
    "Cosine Dist.": 0.11581272755132321
  },
  "occ_eval_res": {
    "precision": 63.8554,
    "recall": 63.0952,
    "f-score": 63.4731
  },
  "clean_eval": {
    "f-score": 34.29844097995545,
    "precision": 31.818181818181817,
    "recall": 37.19806763285024,
    "tp": 154,
    "fp": 330,
    "fn": 260
  },
  "jaccard": [
    0.43993231810490696
  ],
  "braycurtis": [
    0.28439425051334705
  ],
  "dice": [
    0.28199566160520606
  ],
  "cosinus": [
    0.1319820321699101
  ]
}