{
  "voc_eval_res": {
    "precision": 51.0204,
    "recall": 51.0204,
    "f-score": 51.0204
  },
  "KL_res": {
    "KL divergence": 1.965366187362796,
    "Euclidean Dist.": 0.1316697676161256,
    "WER": 0.6984126984126984,
    "CER": 0.4983388704318937,
    "Cosine Dist.": 0.19896793273649227
  },
  "occ_eval_res": {
    "precision": 55.7377,
    "recall": 53.9683,
    "f-score": 54.8387
  },
  "clean_eval": {
    "f-score": 44.68085106382979,
    "precision": 42.42424242424242,
    "recall": 47.19101123595505,
    "tp": 168,
    "fp": 228,
    "fn": 188
  },
  "jaccard": [
    0.4789915966386555
  ],
  "braycurtis": [
    0.28939393939393937
  ],
  "dice": [
    0.3149171270718232
  ],
  "cosinus": [
    0.1271874751563139
  ]
}