{
  "voc_eval_res": {
    "precision": 18.75,
    "recall": 27.2727,
    "f-score": 22.2222
  },
  "KL_res": {
    "KL divergence": 5.264814815238325,
    "Euclidean Dist.": 0.3415350235686795,
    "WER": 1.4545454545454546,
    "CER": 1.0606060606060606,
    "Cosine Dist.": 0.5723820129401209
  },
  "occ_eval_res": {
    "precision": 17.6471,
    "recall": 27.2727,
    "f-score": 21.4286
  },
  "clean_eval": {
    "f-score": 47.42268041237113,
    "precision": 59.74025974025974,
    "recall": 39.31623931623932,
    "tp": 46,
    "fp": 31,
    "fn": 71
  },
  "jaccard": [
    0.7339055793991416
  ],
  "braycurtis": [
    0.5941176470588235
  ],
  "dice": [
    0.5796610169491525
  ],
  "cosinus": [
    0.48396646917019703
  ]
}