{
  "voc_eval_res": {
    "precision": 36.0,
    "recall": 36.0,
    "f-score": 36.0
  },
  "KL_res": {
    "KL divergence": 3.8388830764792075,
    "Euclidean Dist.": 0.23553862908626286,
    "WER": 0.9259259259259259,
    "CER": 0.49044585987261147,
    "Cosine Dist.": 0.46953289561254663
  },
  "occ_eval_res": {
    "precision": 34.6154,
    "recall": 33.3333,
    "f-score": 33.9623
  },
  "clean_eval": {
    "f-score": 60.74498567335244,
    "precision": 62.721893491124256,
    "recall": 58.88888888888889,
    "tp": 106,
    "fp": 63,
    "fn": 74
  },
  "jaccard": [
    0.584717607973422
  ],
  "braycurtis": [
    0.3903225806451613
  ],
  "dice": [
    0.4131455399061033
  ],
  "cosinus": [
    0.21242086004998217
  ]
}