{
  "voc_eval_res": {
    "precision": 52.9412,
    "recall": 87.0968,
    "f-score": 65.8537
  },
  "KL_res": {
    "KL divergence": 0.8878270491584984,
    "Euclidean Dist.": 0.1625457641058381,
    "WER": 0.8048780487804879,
    "CER": 0.6972477064220184,
    "Cosine Dist.": 0.18174230280470727
  },
  "occ_eval_res": {
    "precision": 53.0303,
    "recall": 85.3659,
    "f-score": 65.4206
  },
  "clean_eval": {
    "f-score": 36.11532625189681,
    "precision": 38.141025641025635,
    "recall": 34.293948126801155,
    "tp": 119,
    "fp": 193,
    "fn": 228
  },
  "jaccard": [
    0.3767441860465116
  ],
  "braycurtis": [
    0.306368330464716
  ],
  "dice": [
    0.23209169054441262
  ],
  "cosinus": [
    0.1605252105254047
  ]
}