{
  "voc_eval_res": {
    "precision": 58.8235,
    "recall": 55.5556,
    "f-score": 57.1429
  },
  "KL_res": {
    "KL divergence": 2.282073500569535,
    "Euclidean Dist.": 0.1785813528440393,
    "WER": 0.5555555555555556,
    "CER": 0.3584905660377358,
    "Cosine Dist.": 0.25442220836035934
  },
  "occ_eval_res": {
    "precision": 61.5385,
    "recall": 53.3333,
    "f-score": 57.1429
  },
  "clean_eval": {
    "f-score": 41.86915887850468,
    "precision": 40.28776978417266,
    "recall": 43.57976653696498,
    "tp": 112,
    "fp": 166,
    "fn": 145
  },
  "jaccard": [
    0.4722222222222222
  ],
  "braycurtis": [
    0.2956989247311828
  ],
  "dice": [
    0.3090909090909091
  ],
  "cosinus": [
    0.1733669460958711
  ]
}