{
  "voc_eval_res": {
    "precision": 42.8571,
    "recall": 46.4789,
    "f-score": 44.5946
  },
  "KL_res": {
    "KL divergence": 2.0466497804104065,
    "Euclidean Dist.": 0.16097752336689777,
    "WER": 0.9428571428571428,
    "CER": 0.6170634920634921,
    "Cosine Dist.": 0.2818104285934585
  },
  "occ_eval_res": {
    "precision": 44.8819,
    "recall": 54.2857,
    "f-score": 49.1379
  },
  "clean_eval": {
    "f-score": 11.030860144451738,
    "precision": 12.53731343283582,
    "recall": 9.847596717467761,
    "tp": 84,
    "fp": 586,
    "fn": 769
  },
  "jaccard": [
    0.6038812785388128
  ],
  "braycurtis": [
    0.37846930193439865
  ],
  "dice": [
    0.43254292722812754
  ],
  "cosinus": [
    0.21803428874327535
  ]
}