{
  "voc_eval_res": {
    "precision": 47.7273,
    "recall": 60.0,
    "f-score": 53.1646
  },
  "KL_res": {
    "KL divergence": 1.843460100487105,
    "Euclidean Dist.": 0.15633051106347165,
    "WER": 0.9318181818181818,
    "CER": 0.53125,
    "Cosine Dist.": 0.2084701772876063
  },
  "occ_eval_res": {
    "precision": 50.9434,
    "recall": 61.3636,
    "f-score": 55.6701
  },
  "clean_eval": {
    "f-score": 39.441535776614316,
    "precision": 41.85185185185185,
    "recall": 37.29372937293729,
    "tp": 113,
    "fp": 157,
    "fn": 190
  },
  "jaccard": [
    0.46218487394957986
  ],
  "braycurtis": [
    0.2638888888888889
  ],
  "dice": [
    0.3005464480874317
  ],
  "cosinus": [
    0.12563168579706152
  ]
}