{
  "voc_eval_res": {
    "precision": 25.0,
    "recall": 13.6364,
    "f-score": 17.6471
  },
  "KL_res": {
    "KL divergence": 6.855585703142536,
    "Euclidean Dist.": 0.35833135579267644,
    "WER": 0.9285714285714286,
    "CER": 0.6545454545454545,
    "Cosine Dist.": 0.7740269268535872
  },
  "occ_eval_res": {
    "precision": 25.0,
    "recall": 10.7143,
    "f-score": 15.0
  },
  "clean_eval": {
    "f-score": 50.980392156862756,
    "precision": 52.702702702702695,
    "recall": 49.36708860759494,
    "tp": 78,
    "fp": 70,
    "fn": 80
  },
  "jaccard": [
    0.6872727272727273
  ],
  "braycurtis": [
    0.5642023346303502
  ],
  "dice": [
    0.5235457063711911
  ],
  "cosinus": [
    0.44094482252317424
  ]
}