{
  "voc_eval_res": {
    "precision": 21.2766,
    "recall": 66.6667,
    "f-score": 32.2581
  },
  "KL_res": {
    "KL divergence": 2.1977694288230722,
    "Euclidean Dist.": 0.31193661697776465,
    "WER": 3.1176470588235294,
    "CER": 2.5161290322580645,
    "Cosine Dist.": 0.5094308923773316
  },
  "occ_eval_res": {
    "precision": 18.9655,
    "recall": 64.7059,
    "f-score": 29.3333
  },
  "clean_eval": {
    "f-score": 26.406926406926402,
    "precision": 48.031496062992126,
    "recall": 18.208955223880597,
    "tp": 61,
    "fp": 66,
    "fn": 274
  },
  "jaccard": [
    0.7463768115942029
  ],
  "braycurtis": [
    0.6418269230769231
  ],
  "dice": [
    0.5953757225433526
  ],
  "cosinus": [
    0.3591092904504867
  ]
}