{
  "voc_eval_res": {
    "precision": 26.087,
    "recall": 20.0,
    "f-score": 22.6415
  },
  "KL_res": {
    "KL divergence": 4.844026316423599,
    "Euclidean Dist.": 0.24741264670885219,
    "WER": 0.825,
    "CER": 0.5327102803738317,
    "Cosine Dist.": 0.46262670937612105
  },
  "occ_eval_res": {
    "precision": 34.6154,
    "recall": 22.5,
    "f-score": 27.2727
  },
  "clean_eval": {
    "f-score": 22.340425531914896,
    "precision": 23.863636363636363,
    "recall": 21.0,
    "tp": 42,
    "fp": 134,
    "fn": 158
  },
  "jaccard": [
    0.6191709844559585
  ],
  "braycurtis": [
    0.4631578947368421
  ],
  "dice": [
    0.44840525328330205
  ],
  "cosinus": [
    0.351878160889342
  ]
}