{
  "voc_eval_res": {
    "precision": 15.0,
    "recall": 42.8571,
    "f-score": 22.2222
  },
  "KL_res": {
    "KL divergence": 4.464150956566552,
    "Euclidean Dist.": 0.3367175148507369,
    "WER": 1.9047619047619047,
    "CER": 2.2528735632183907,
    "Cosine Dist.": 0.6952242728962162
  },
  "occ_eval_res": {
    "precision": 14.2857,
    "recall": 28.5714,
    "f-score": 19.0476
  },
  "clean_eval": {
    "f-score": 19.733333333333334,
    "precision": 29.838709677419356,
    "recall": 14.741035856573706,
    "tp": 37,
    "fp": 87,
    "fn": 214
  },
  "jaccard": [
    0.7985436893203883
  ],
  "braycurtis": [
    0.7219251336898396
  ],
  "dice": [
    0.6646464646464646
  ],
  "cosinus": [
    0.6121748957841744
  ]
}