{
  "voc_eval_res": {
    "precision": 29.1667,
    "recall": 50.0,
    "f-score": 36.8421
  },
  "KL_res": {
    "KL divergence": 3.4200502953738243,
    "Euclidean Dist.": 0.2837839553839035,
    "WER": 1.4,
    "CER": 1.4821428571428572,
    "Cosine Dist.": 0.46307515582878067
  },
  "occ_eval_res": {
    "precision": 28.0,
    "recall": 46.6667,
    "f-score": 35.0
  },
  "clean_eval": {
    "f-score": 59.19282511210763,
    "precision": 74.15730337078652,
    "recall": 49.25373134328358,
    "tp": 66,
    "fp": 23,
    "fn": 68
  },
  "jaccard": [
    0.7701612903225806
  ],
  "braycurtis": [
    0.6421052631578947
  ],
  "dice": [
    0.6262295081967213
  ],
  "cosinus": [
    0.5453044252134858
  ]
}