{
  "voc_eval_res": {
    "precision": 45.4545,
    "recall": 69.4444,
    "f-score": 54.9451
  },
  "KL_res": {
    "KL divergence": 1.3328938011964504,
    "Euclidean Dist.": 0.13671055237716234,
    "WER": 0.8679245283018868,
    "CER": 0.7786259541984732,
    "Cosine Dist.": 0.0976583337151975
  },
  "occ_eval_res": {
    "precision": 49.3506,
    "recall": 71.6981,
    "f-score": 58.4615
  },
  "clean_eval": {
    "f-score": 20.492866407263293,
    "precision": 22.57142857142857,
    "recall": 18.76484560570071,
    "tp": 79,
    "fp": 271,
    "fn": 342
  },
  "jaccard": [
    0.501039501039501
  ],
  "braycurtis": [
    0.3474576271186441
  ],
  "dice": [
    0.3342579750346741
  ],
  "cosinus": [
    0.13178860288447836
  ]
}