{
  "voc_eval_res": {
    "precision": 15.3846,
    "recall": 30.7692,
    "f-score": 20.5128
  },
  "KL_res": {
    "KL divergence": 5.158943323099433,
    "Euclidean Dist.": 0.3241888351482344,
    "WER": 1.7857142857142858,
    "CER": 1.5964912280701755,
    "Cosine Dist.": 0.6629000687683789
  },
  "occ_eval_res": {
    "precision": 13.7931,
    "recall": 28.5714,
    "f-score": 18.6047
  },
  "clean_eval": {
    "f-score": 52.991452991452995,
    "precision": 69.66292134831461,
    "recall": 42.758620689655174,
    "tp": 62,
    "fp": 27,
    "fn": 83
  },
  "jaccard": [
    0.7773584905660378
  ],
  "braycurtis": [
    0.6796116504854369
  ],
  "dice": [
    0.6358024691358025
  ],
  "cosinus": [
    0.590084251801029
  ]
}