{
  "voc_eval_res": {
    "precision": 46.1538,
    "recall": 72.7273,
    "f-score": 56.4706
  },
  "KL_res": {
    "KL divergence": 1.5050080209215257,
    "Euclidean Dist.": 0.16589988674891026,
    "WER": 1.0303030303030303,
    "CER": 0.5445544554455446,
    "Cosine Dist.": 0.307773344679911
  },
  "occ_eval_res": {
    "precision": 42.1053,
    "recall": 72.7273,
    "f-score": 53.3333
  },
  "clean_eval": {
    "f-score": 30.560271646859082,
    "precision": 35.85657370517929,
    "recall": 26.627218934911244,
    "tp": 90,
    "fp": 161,
    "fn": 248
  },
  "jaccard": [
    0.4279176201372998
  ],
  "braycurtis": [
    0.3155893536121673
  ],
  "dice": [
    0.27219796215429404
  ],
  "cosinus": [
    0.17944658892934628
  ]
}