{
  "voc_eval_res": {
    "precision": 28.8889,
    "recall": 36.1111,
    "f-score": 32.0988
  },
  "KL_res": {
    "KL divergence": 3.158864336804233,
    "Euclidean Dist.": 0.19174764736442187,
    "WER": 1.0930232558139534,
    "CER": 0.720164609053498,
    "Cosine Dist.": 0.3926266065883439
  },
  "occ_eval_res": {
    "precision": 29.0909,
    "recall": 37.2093,
    "f-score": 32.6531
  },
  "clean_eval": {
    "f-score": 21.842105263157897,
    "precision": 23.78223495702006,
    "recall": 20.194647201946474,
    "tp": 83,
    "fp": 266,
    "fn": 328
  },
  "jaccard": [
    0.5970149253731343
  ],
  "braycurtis": [
    0.4570446735395189
  ],
  "dice": [
    0.425531914893617
  ],
  "cosinus": [
    0.2920480356788433
  ]
}