{
  "voc_eval_res": {
    "precision": 49.1803,
    "recall": 53.5714,
    "f-score": 51.2821
  },
  "KL_res": {
    "KL divergence": 1.779992490833429,
    "Euclidean Dist.": 0.1374378977277145,
    "WER": 0.7564102564102564,
    "CER": 0.5625,
    "Cosine Dist.": 0.23205584845296978
  },
  "occ_eval_res": {
    "precision": 52.6316,
    "recall": 51.2821,
    "f-score": 51.9481
  },
  "clean_eval": {
    "f-score": 38.78437047756874,
    "precision": 37.74647887323944,
    "recall": 39.88095238095239,
    "tp": 134,
    "fp": 221,
    "fn": 202
  },
  "jaccard": [
    0.5451388888888888
  ],
  "braycurtis": [
    0.34945586457073763
  ],
  "dice": [
    0.3747016706443914
  ],
  "cosinus": [
    0.14950579191851598
  ]
}