{
  "voc_eval_res": {
    "precision": 26.087,
    "recall": 25.0,
    "f-score": 25.5319
  },
  "KL_res": {
    "KL divergence": 5.339468683515131,
    "Euclidean Dist.": 0.27165315929964073,
    "WER": 0.8148148148148148,
    "CER": 0.7222222222222222,
    "Cosine Dist.": 0.6304254258560817
  },
  "occ_eval_res": {
    "precision": 25.0,
    "recall": 22.2222,
    "f-score": 23.5294
  },
  "clean_eval": {
    "f-score": 65.25198938992042,
    "precision": 62.43654822335025,
    "recall": 68.33333333333333,
    "tp": 123,
    "fp": 74,
    "fn": 57
  },
  "jaccard": [
    0.75
  ],
  "braycurtis": [
    0.608843537414966
  ],
  "dice": [
    0.6
  ],
  "cosinus": [
    0.4547363649174476
  ]
}