{
  "voc_eval_res": {
    "precision": 38.5714,
    "recall": 61.3636,
    "f-score": 47.3684
  },
  "KL_res": {
    "KL divergence": 2.2200357854361297,
    "Euclidean Dist.": 0.17622715244726816,
    "WER": 1.3461538461538463,
    "CER": 0.7382352941176471,
    "Cosine Dist.": 0.43362544434455863
  },
  "occ_eval_res": {
    "precision": 31.9588,
    "recall": 59.6154,
    "f-score": 41.6107
  },
  "clean_eval": {
    "f-score": 27.168234064785786,
    "precision": 30.023094688221708,
    "recall": 24.80916030534351,
    "tp": 130,
    "fp": 303,
    "fn": 394
  },
  "jaccard": [
    0.47884940778341795
  ],
  "braycurtis": [
    0.38741721854304634
  ],
  "dice": [
    0.3147942157953281
  ],
  "cosinus": [
    0.2712071290687682
  ]
}