{
  "voc_eval_res": {
    "precision": 6.8966,
    "recall": 11.1111,
    "f-score": 8.5106
  },
  "KL_res": {
    "KL divergence": 4.433696539404453,
    "Euclidean Dist.": 0.30312989870079027,
    "WER": 1.25,
    "CER": 1.1376146788990826,
    "Cosine Dist.": 0.4177774902604179
  },
  "occ_eval_res": {
    "precision": 14.7059,
    "recall": 20.8333,
    "f-score": 17.2414
  },
  "clean_eval": {
    "f-score": 7.046070460704606,
    "precision": 8.024691358024691,
    "recall": 6.280193236714976,
    "tp": 13,
    "fp": 149,
    "fn": 194
  },
  "jaccard": [
    0.7289972899728997
  ],
  "braycurtis": [
    0.5895061728395061
  ],
  "dice": [
    0.5735607675906184
  ],
  "cosinus": [
    0.43081346042104496
  ]
}