{
  "voc_eval_res": {
    "precision": 49.1525,
    "recall": 64.4444,
    "f-score": 55.7692
  },
  "KL_res": {
    "KL divergence": 1.0911649130635768,
    "Euclidean Dist.": 0.11652718775503226,
    "WER": 0.7971014492753623,
    "CER": 0.55,
    "Cosine Dist.": 0.09222858098053444
  },
  "occ_eval_res": {
    "precision": 56.1798,
    "recall": 72.4638,
    "f-score": 63.2911
  },
  "clean_eval": {
    "f-score": 28.682926829268297,
    "precision": 30.184804928131413,
    "recall": 27.323420074349443,
    "tp": 147,
    "fp": 340,
    "fn": 391
  },
  "jaccard": [
    0.4905335628227194
  ],
  "braycurtis": [
    0.3084862385321101
  ],
  "dice": [
    0.3249714937286203
  ],
  "cosinus": [
    0.14443515990567424
  ]
}