{
  "voc_eval_res": {
    "precision": 25.0,
    "recall": 55.5556,
    "f-score": 34.4828
  },
  "KL_res": {
    "KL divergence": 2.9058313076280533,
    "Euclidean Dist.": 0.3921349783809667,
    "WER": 1.5,
    "CER": 1.3673469387755102,
    "Cosine Dist.": 0.5086963155594824
  },
  "occ_eval_res": {
    "precision": 23.8095,
    "recall": 41.6667,
    "f-score": 30.303
  },
  "clean_eval": {
    "f-score": 39.81481481481482,
    "precision": 55.12820512820513,
    "recall": 31.15942028985507,
    "tp": 43,
    "fp": 35,
    "fn": 95
  },
  "jaccard": [
    0.7549019607843137
  ],
  "braycurtis": [
    0.6666666666666666
  ],
  "dice": [
    0.6062992125984252
  ],
  "cosinus": [
    0.6477708498985801
  ]
}