{
  "voc_eval_res": {
    "precision": 35.7143,
    "recall": 55.5556,
    "f-score": 43.4783
  },
  "KL_res": {
    "KL divergence": 2.0989279090359325,
    "Euclidean Dist.": 0.1742443461755162,
    "WER": 1.064516129032258,
    "CER": 0.625615763546798,
    "Cosine Dist.": 0.25165294814283534
  },
  "occ_eval_res": {
    "precision": 38.7755,
    "recall": 61.2903,
    "f-score": 47.5
  },
  "clean_eval": {
    "f-score": 38.91273247496424,
    "precision": 47.719298245614034,
    "recall": 32.850241545893724,
    "tp": 136,
    "fp": 149,
    "fn": 278
  },
  "jaccard": [
    0.5898004434589801
  ],
  "braycurtis": [
    0.40447154471544716
  ],
  "dice": [
    0.41823899371069184
  ],
  "cosinus": [
    0.2409165698235587
  ]
}