{
  "voc_eval_res": {
    "precision": 16.129,
    "recall": 22.7273,
    "f-score": 18.8679
  },
  "KL_res": {
    "KL divergence": 4.252431683952126,
    "Euclidean Dist.": 0.2446267558078316,
    "WER": 1.1481481481481481,
    "CER": 1.1083333333333334,
    "Cosine Dist.": 0.40946140464250746
  },
  "occ_eval_res": {
    "precision": 22.2222,
    "recall": 29.6296,
    "f-score": 25.3968
  },
  "clean_eval": {
    "f-score": 16.707616707616708,
    "precision": 20.73170731707317,
    "recall": 13.991769547325102,
    "tp": 34,
    "fp": 130,
    "fn": 209
  },
  "jaccard": [
    0.7406483790523691
  ],
  "braycurtis": [
    0.5926966292134831
  ],
  "dice": [
    0.5881188118811881
  ],
  "cosinus": [
    0.39143360986321707
  ]
}