{
  "voc_eval_res": {
    "precision": 40.4255,
    "recall": 58.4615,
    "f-score": 47.7987
  },
  "KL_res": {
    "KL divergence": 1.5287580507659617,
    "Euclidean Dist.": 0.14158100530304596,
    "WER": 1.1354166666666667,
    "CER": 1.021186440677966,
    "Cosine Dist.": 0.23728632092258706
  },
  "occ_eval_res": {
    "precision": 45.3782,
    "recall": 56.25,
    "f-score": 50.2326
  },
  "clean_eval": {
    "f-score": 6.508875739644971,
    "precision": 7.521367521367521,
    "recall": 5.736636245110821,
    "tp": 44,
    "fp": 541,
    "fn": 723
  },
  "jaccard": [
    0.5468564650059312
  ],
  "braycurtis": [
    0.3813765182186235
  ],
  "dice": [
    0.3763265306122449
  ],
  "cosinus": [
    0.19197930783028105
  ]
}