{
  "voc_eval_res": {
    "precision": 22.973,
    "recall": 54.8387,
    "f-score": 32.381
  },
  "KL_res": {
    "KL divergence": 2.5915368047377507,
    "Euclidean Dist.": 0.21787397021550892,
    "WER": 2.2857142857142856,
    "CER": 1.1563517915309447,
    "Cosine Dist.": 0.4229587457718639
  },
  "occ_eval_res": {
    "precision": 20.6897,
    "recall": 57.1429,
    "f-score": 30.3797
  },
  "clean_eval": {
    "f-score": 15.75492341356674,
    "precision": 21.301775147928996,
    "recall": 12.5,
    "tp": 72,
    "fp": 266,
    "fn": 504
  },
  "jaccard": [
    0.6273830155979203
  ],
  "braycurtis": [
    0.45407098121085593
  ],
  "dice": [
    0.45707070707070707
  ],
  "cosinus": [
    0.3053638399922436
  ]
}