{
  "voc_eval_res": {
    "precision": 32.0,
    "recall": 61.5385,
    "f-score": 42.1053
  },
  "KL_res": {
    "KL divergence": 2.8205656238274153,
    "Euclidean Dist.": 0.29946134994528295,
    "WER": 0.9032258064516129,
    "CER": 0.6744186046511628,
    "Cosine Dist.": 0.3184457989035223
  },
  "occ_eval_res": {
    "precision": 43.2432,
    "recall": 51.6129,
    "f-score": 47.0588
  },
  "clean_eval": {
    "f-score": 30.490956072351423,
    "precision": 36.64596273291926,
    "recall": 26.10619469026549,
    "tp": 59,
    "fp": 102,
    "fn": 167
  },
  "jaccard": [
    0.6705882352941176
  ],
  "braycurtis": [
    0.47282608695652173
  ],
  "dice": [
    0.504424778761062
  ],
  "cosinus": [
    0.4229972125078799
  ]
}