{
  "voc_eval_res": {
    "precision": 34.8837,
    "recall": 44.7761,
    "f-score": 39.2157
  },
  "KL_res": {
    "KL divergence": 2.643322244542659,
    "Euclidean Dist.": 0.15738698695727127,
    "WER": 0.8571428571428571,
    "CER": 0.6757679180887372,
    "Cosine Dist.": 0.3657602425688138
  },
  "occ_eval_res": {
    "precision": 38.7097,
    "recall": 42.8571,
    "f-score": 40.678
  },
  "clean_eval": {
    "f-score": 18.38934686112873,
    "precision": 21.292217327459618,
    "recall": 16.183035714285715,
    "tp": 145,
    "fp": 536,
    "fn": 751
  },
  "jaccard": [
    0.5539661898569571
  ],
  "braycurtis": [
    0.39794419970631423
  ],
  "dice": [
    0.3830935251798561
  ],
  "cosinus": [
    0.2555989845721762
  ]
}