{
  "voc_eval_res": {
    "precision": 65.625,
    "recall": 52.5,
    "f-score": 58.3333
  },
  "KL_res": {
    "KL divergence": 1.896179383182936,
    "Euclidean Dist.": 0.14695275765656582,
    "WER": 0.4807692307692308,
    "CER": 0.3462897526501767,
    "Cosine Dist.": 0.14649594878292704
  },
  "occ_eval_res": {
    "precision": 69.7674,
    "recall": 57.6923,
    "f-score": 63.1579
  },
  "clean_eval": {
    "f-score": 45.426829268292686,
    "precision": 46.855345911949684,
    "recall": 44.08284023668639,
    "tp": 149,
    "fp": 169,
    "fn": 189
  },
  "jaccard": [
    0.37593984962406013
  ],
  "braycurtis": [
    0.22953736654804271
  ],
  "dice": [
    0.23148148148148148
  ],
  "cosinus": [
    0.10768582020736628
  ]
}