{
  "voc_eval_res": {
    "precision": 20.6897,
    "recall": 37.5,
    "f-score": 26.6667
  },
  "KL_res": {
    "KL divergence": 2.750037968731619,
    "Euclidean Dist.": 0.29476363825248475,
    "WER": 1.4090909090909092,
    "CER": 1.2346938775510203,
    "Cosine Dist.": 0.29753779812877723
  },
  "occ_eval_res": {
    "precision": 26.3158,
    "recall": 45.4545,
    "f-score": 33.3333
  },
  "clean_eval": {
    "f-score": 29.059829059829056,
    "precision": 36.69064748201439,
    "recall": 24.056603773584907,
    "tp": 51,
    "fp": 88,
    "fn": 161
  },
  "jaccard": [
    0.6823529411764706
  ],
  "braycurtis": [
    0.5512820512820513
  ],
  "dice": [
    0.5178571428571429
  ],
  "cosinus": [
    0.3439340465995301
  ]
}