{
  "voc_eval_res": {
    "precision": 19.5122,
    "recall": 42.1053,
    "f-score": 26.6667
  },
  "KL_res": {
    "KL divergence": 3.759316206400558,
    "Euclidean Dist.": 0.24919250283580022,
    "WER": 2.0526315789473686,
    "CER": 2.021978021978022,
    "Cosine Dist.": 0.5451411738526581
  },
  "occ_eval_res": {
    "precision": 18.6047,
    "recall": 42.1053,
    "f-score": 25.8065
  },
  "clean_eval": {
    "f-score": 36.04651162790698,
    "precision": 48.4375,
    "recall": 28.703703703703702,
    "tp": 62,
    "fp": 66,
    "fn": 154
  },
  "jaccard": [
    0.7467362924281984
  ],
  "braycurtis": [
    0.6441176470588236
  ],
  "dice": [
    0.5958333333333333
  ],
  "cosinus": [
    0.36488073309228186
  ]
}