{
  "voc_eval_res": {
    "precision": 38.4615,
    "recall": 45.4545,
    "f-score": 41.6667
  },
  "KL_res": {
    "KL divergence": 4.518243729148747,
    "Euclidean Dist.": 0.4120066964163144,
    "WER": 0.9193548387096774,
    "CER": 0.6757575757575758,
    "Cosine Dist.": 0.7084690773011044
  },
  "occ_eval_res": {
    "precision": 35.1852,
    "recall": 30.6452,
    "f-score": 32.7586
  },
  "clean_eval": {
    "f-score": 19.09722222222222,
    "precision": 20.37037037037037,
    "recall": 17.973856209150327,
    "tp": 55,
    "fp": 215,
    "fn": 251
  },
  "jaccard": [
    0.6237424547283702
  ],
  "braycurtis": [
    0.5848787446504993
  ],
  "dice": [
    0.45321637426900585
  ],
  "cosinus": [
    0.7313532158162142
  ]
}