{
  "voc_eval_res": {
    "precision": 44.1176,
    "recall": 50.0,
    "f-score": 46.875
  },
  "KL_res": {
    "KL divergence": 1.844013177628505,
    "Euclidean Dist.": 0.15430101501020022,
    "WER": 0.5686274509803921,
    "CER": 0.4139072847682119,
    "Cosine Dist.": 0.08615992704972386
  },
  "occ_eval_res": {
    "precision": 61.2245,
    "recall": 58.8235,
    "f-score": 60.0
  },
  "clean_eval": {
    "f-score": 24.962852897474,
    "precision": 27.450980392156865,
    "recall": 22.888283378746593,
    "tp": 84,
    "fp": 222,
    "fn": 283
  },
  "jaccard": [
    0.5939849624060151
  ],
  "braycurtis": [
    0.3004484304932735
  ],
  "dice": [
    0.42245989304812837
  ],
  "cosinus": [
    0.10175970490343711
  ]
}