{
  "voc_eval_res": {
    "precision": 33.3333,
    "recall": 52.9412,
    "f-score": 40.9091
  },
  "KL_res": {
    "KL divergence": 2.8913920332535223,
    "Euclidean Dist.": 0.22261040082004224,
    "WER": 1.0909090909090908,
    "CER": 0.5012722646310432,
    "Cosine Dist.": 0.40470164054931757
  },
  "occ_eval_res": {
    "precision": 33.3333,
    "recall": 48.4848,
    "f-score": 39.5062
  },
  "clean_eval": {
    "f-score": 12.677388836329238,
    "precision": 12.593984962406015,
    "recall": 12.761904761904763,
    "tp": 67,
    "fp": 465,
    "fn": 458
  },
  "jaccard": [
    0.5192743764172335
  ],
  "braycurtis": [
    0.34361702127659577
  ],
  "dice": [
    0.35068912710566613
  ],
  "cosinus": [
    0.21092879773211637
  ]
}