{
  "voc_eval_res": {
    "precision": 23.7288,
    "recall": 51.8519,
    "f-score": 32.5581
  },
  "KL_res": {
    "KL divergence": 3.116086854752131,
    "Euclidean Dist.": 0.2520325537768193,
    "WER": 1.525,
    "CER": 1.8782051282051282,
    "Cosine Dist.": 0.5084836759977238
  },
  "occ_eval_res": {
    "precision": 24.2857,
    "recall": 42.5,
    "f-score": 30.9091
  },
  "clean_eval": {
    "f-score": 16.97530864197531,
    "precision": 24.663677130044842,
    "recall": 12.941176470588237,
    "tp": 55,
    "fp": 168,
    "fn": 370
  },
  "jaccard": [
    0.7329545454545454
  ],
  "braycurtis": [
    0.6533333333333333
  ],
  "dice": [
    0.57847533632287
  ],
  "cosinus": [
    0.5056141971008439
  ]
}