{
  "voc_eval_res": {
    "precision": 27.7778,
    "recall": 52.6316,
    "f-score": 36.3636
  },
  "KL_res": {
    "KL divergence": 2.2398374435940513,
    "Euclidean Dist.": 0.18991189985559087,
    "WER": 1.309090909090909,
    "CER": 1.1924686192468619,
    "Cosine Dist.": 0.2659858053170253
  },
  "occ_eval_res": {
    "precision": 31.5217,
    "recall": 52.7273,
    "f-score": 39.4558
  },
  "clean_eval": {
    "f-score": 27.853403141361255,
    "precision": 33.50125944584383,
    "recall": 23.835125448028673,
    "tp": 133,
    "fp": 264,
    "fn": 425
  },
  "jaccard": [
    0.6777609682299546
  ],
  "braycurtis": [
    0.5369127516778524
  ],
  "dice": [
    0.5125858123569794
  ],
  "cosinus": [
    0.3192897121078885
  ]
}