{
  "voc_eval_res": {
    "precision": 47.8261,
    "recall": 37.931,
    "f-score": 42.3077
  },
  "KL_res": {
    "KL divergence": 4.201466447187303,
    "Euclidean Dist.": 0.25518460950628175,
    "WER": 0.7058823529411765,
    "CER": 0.5,
    "Cosine Dist.": 0.5219085562662424
  },
  "occ_eval_res": {
    "precision": 45.8333,
    "recall": 32.3529,
    "f-score": 37.931
  },
  "clean_eval": {
    "f-score": 62.63345195729537,
    "precision": 63.76811594202898,
    "recall": 61.53846153846154,
    "tp": 88,
    "fp": 50,
    "fn": 55
  },
  "jaccard": [
    0.4748201438848921
  ],
  "braycurtis": [
    0.3431952662721893
  ],
  "dice": [
    0.3113207547169811
  ],
  "cosinus": [
    0.2773662428354263
  ]
}