{
  "voc_eval_res": {
    "precision": 34.6154,
    "recall": 37.5,
    "f-score": 36.0
  },
  "KL_res": {
    "KL divergence": 3.7872378511637135,
    "Euclidean Dist.": 0.258385127625391,
    "WER": 0.7419354838709677,
    "CER": 0.49333333333333335,
    "Cosine Dist.": 0.4728723701710825
  },
  "occ_eval_res": {
    "precision": 37.037,
    "recall": 32.2581,
    "f-score": 34.4828
  },
  "clean_eval": {
    "f-score": 32.779097387173394,
    "precision": 31.221719457013574,
    "recall": 34.5,
    "tp": 69,
    "fp": 152,
    "fn": 131
  },
  "jaccard": [
    0.5838509316770186
  ],
  "braycurtis": [
    0.4636363636363636
  ],
  "dice": [
    0.41228070175438597
  ],
  "cosinus": [
    0.4022230482911746
  ]
}