{
  "voc_eval_res": {
    "precision": 36.3636,
    "recall": 38.0952,
    "f-score": 37.2093
  },
  "KL_res": {
    "KL divergence": 3.5872054746313764,
    "Euclidean Dist.": 0.2447802185061138,
    "WER": 0.8181818181818182,
    "CER": 0.5746268656716418,
    "Cosine Dist.": 0.4445079401364691
  },
  "occ_eval_res": {
    "precision": 36.3636,
    "recall": 36.3636,
    "f-score": 36.3636
  },
  "clean_eval": {
    "f-score": 69.47368421052632,
    "precision": 69.71830985915493,
    "recall": 69.23076923076923,
    "tp": 99,
    "fp": 43,
    "fn": 44
  },
  "jaccard": [
    0.7417417417417418
  ],
  "braycurtis": [
    0.5736434108527132
  ],
  "dice": [
    0.5894988066825776
  ],
  "cosinus": [
    0.41973605889973387
  ]
}