{
  "voc_eval_res": {
    "precision": 22.2222,
    "recall": 28.5714,
    "f-score": 25.0
  },
  "KL_res": {
    "KL divergence": 4.969430210289145,
    "Euclidean Dist.": 0.3069382537887248,
    "WER": 1.2142857142857142,
    "CER": 0.5294117647058824,
    "Cosine Dist.": 0.554564596812626
  },
  "occ_eval_res": {
    "precision": 21.0526,
    "recall": 28.5714,
    "f-score": 24.2424
  },
  "clean_eval": {
    "f-score": 66.95652173913044,
    "precision": 68.14159292035397,
    "recall": 65.8119658119658,
    "tp": 77,
    "fp": 36,
    "fn": 40
  },
  "jaccard": [
    0.42290748898678415
  ],
  "braycurtis": [
    0.28444444444444444
  ],
  "dice": [
    0.2681564245810056
  ],
  "cosinus": [
    0.1949698563963853
  ]
}