{
  "voc_eval_res": {
    "precision": 20.3704,
    "recall": 40.7407,
    "f-score": 27.1605
  },
  "KL_res": {
    "KL divergence": 4.378505812685528,
    "Euclidean Dist.": 0.24756468050451855,
    "WER": 1.9393939393939394,
    "CER": 1.5384615384615385,
    "Cosine Dist.": 0.6323466834074498
  },
  "occ_eval_res": {
    "precision": 16.4179,
    "recall": 33.3333,
    "f-score": 22.0
  },
  "clean_eval": {
    "f-score": 13.85767790262172,
    "precision": 18.407960199004975,
    "recall": 11.11111111111111,
    "tp": 37,
    "fp": 164,
    "fn": 296
  },
  "jaccard": [
    0.6452905811623246
  ],
  "braycurtis": [
    0.5788561525129983
  ],
  "dice": [
    0.47633136094674555
  ],
  "cosinus": [
    0.4266213024707717
  ]
}