{
  "voc_eval_res": {
    "precision": 45.3125,
    "recall": 51.7857,
    "f-score": 48.3333
  },
  "KL_res": {
    "KL divergence": 2.0074540339806974,
    "Euclidean Dist.": 0.1309028980000041,
    "WER": 0.7733333333333333,
    "CER": 0.5492610837438424,
    "Cosine Dist.": 0.22242759613946428
  },
  "occ_eval_res": {
    "precision": 51.2821,
    "recall": 53.3333,
    "f-score": 52.2876
  },
  "clean_eval": {
    "f-score": 33.03571428571428,
    "precision": 30.70539419087137,
    "recall": 35.748792270531396,
    "tp": 148,
    "fp": 334,
    "fn": 266
  },
  "jaccard": [
    0.5184590690208668
  ],
  "braycurtis": [
    0.34011299435028247
  ],
  "dice": [
    0.34994582881906827
  ],
  "cosinus": [
    0.16430908530531607
  ]
}