{
  "voc_eval_res": {
    "precision": 38.8889,
    "recall": 46.6667,
    "f-score": 42.4242
  },
  "KL_res": {
    "KL divergence": 2.526263154492513,
    "Euclidean Dist.": 0.17613340401692157,
    "WER": 0.8296296296296296,
    "CER": 0.624813153961136,
    "Cosine Dist.": 0.45020245512373125
  },
  "occ_eval_res": {
    "precision": 41.4062,
    "recall": 39.2593,
    "f-score": 40.3042
  },
  "clean_eval": {
    "f-score": 30.47844063792085,
    "precision": 31.656441717791413,
    "recall": 29.38496583143508,
    "tp": 258,
    "fp": 557,
    "fn": 620
  },
  "jaccard": [
    0.5308483290488432
  ],
  "braycurtis": [
    0.40468227424749165
  ],
  "dice": [
    0.36132983377077865
  ],
  "cosinus": [
    0.3239474723104553
  ]
}