{
  "voc_eval_res": {
    "precision": 55.9322,
    "recall": 64.7059,
    "f-score": 60.0
  },
  "KL_res": {
    "KL divergence": 1.3486688146851185,
    "Euclidean Dist.": 0.12167766890412672,
    "WER": 0.6388888888888888,
    "CER": 0.49489795918367346,
    "Cosine Dist.": 0.1268086035799979
  },
  "occ_eval_res": {
    "precision": 60.2564,
    "recall": 65.2778,
    "f-score": 62.6667
  },
  "clean_eval": {
    "f-score": 40.88785046728972,
    "precision": 43.75,
    "recall": 38.377192982456144,
    "tp": 175,
    "fp": 225,
    "fn": 281
  },
  "jaccard": [
    0.43470790378006874
  ],
  "braycurtis": [
    0.26837416481069043
  ],
  "dice": [
    0.27771679473106475
  ],
  "cosinus": [
    0.11263673008682384
  ]
}