{
  "voc_eval_res": {
    "precision": 48.4848,
    "recall": 64.0,
    "f-score": 55.1724
  },
  "KL_res": {
    "KL divergence": 1.5503917672235452,
    "Euclidean Dist.": 0.14993993780288623,
    "WER": 0.7972972972972973,
    "CER": 0.596816976127321,
    "Cosine Dist.": 0.2613989726384014
  },
  "occ_eval_res": {
    "precision": 49.4382,
    "recall": 59.4595,
    "f-score": 53.9877
  },
  "clean_eval": {
    "f-score": 41.939120631341595,
    "precision": 46.85138539042821,
    "recall": 37.95918367346939,
    "tp": 186,
    "fp": 211,
    "fn": 304
  },
  "jaccard": [
    0.48632218844984804
  ],
  "braycurtis": [
    0.3284518828451883
  ],
  "dice": [
    0.321285140562249
  ],
  "cosinus": [
    0.14588397764697814
  ]
}