{
  "voc_eval_res": {
    "precision": 20.0,
    "recall": 20.0,
    "f-score": 20.0
  },
  "KL_res": {
    "KL divergence": 5.868449510101282,
    "Euclidean Dist.": 0.32659863237109044,
    "WER": 0.9333333333333333,
    "CER": 0.6129032258064516,
    "Cosine Dist.": 0.6666666666666666
  },
  "occ_eval_res": {
    "precision": 20.0,
    "recall": 20.0,
    "f-score": 20.0
  },
  "clean_eval": {
    "f-score": 60.41666666666667,
    "precision": 68.50393700787401,
    "recall": 54.037267080745345,
    "tp": 87,
    "fp": 40,
    "fn": 74
  },
  "jaccard": [
    0.6306306306306306
  ],
  "braycurtis": [
    0.44559585492227977
  ],
  "dice": [
    0.4605263157894737
  ],
  "cosinus": [
    0.342100347218969
  ]
}