{
  "voc_eval_res": {
    "precision": 58.8235,
    "recall": 60.6061,
    "f-score": 59.7015
  },
  "KL_res": {
    "KL divergence": 1.7239374825046552,
    "Euclidean Dist.": 0.14085904245475275,
    "WER": 0.5952380952380952,
    "CER": 0.4188034188034188,
    "Cosine Dist.": 0.1598085924419096
  },
  "occ_eval_res": {
    "precision": 64.2857,
    "recall": 64.2857,
    "f-score": 64.2857
  },
  "clean_eval": {
    "f-score": 27.48643761301989,
    "precision": 26.027397260273972,
    "recall": 29.118773946360154,
    "tp": 76,
    "fp": 216,
    "fn": 185
  },
  "jaccard": [
    0.42896174863387976
  ],
  "braycurtis": [
    0.2510822510822511
  ],
  "dice": [
    0.27304347826086955
  ],
  "cosinus": [
    0.11332638579307197
  ]
}