{
  "voc_eval_res": {
    "precision": 26.4368,
    "recall": 31.5068,
    "f-score": 28.75
  },
  "KL_res": {
    "KL divergence": 3.097530048623832,
    "Euclidean Dist.": 0.1618143032950845,
    "WER": 0.8188976377952756,
    "CER": 0.5861678004535147,
    "Cosine Dist.": 0.3311208420033649
  },
  "occ_eval_res": {
    "precision": 35.5769,
    "recall": 29.1339,
    "f-score": 32.0346
  },
  "clean_eval": {
    "f-score": 21.057513914656774,
    "precision": 19.302721088435373,
    "recall": 23.163265306122447,
    "tp": 227,
    "fp": 949,
    "fn": 753
  },
  "jaccard": [
    0.6029246344206974
  ],
  "braycurtis": [
    0.38510762070971494
  ],
  "dice": [
    0.43156199677938806
  ],
  "cosinus": [
    0.16018247744407288
  ]
}