{
  "voc_eval_res": {
    "precision": 64.8649,
    "recall": 66.6667,
    "f-score": 65.7534
  },
  "KL_res": {
    "KL divergence": 1.2160016315528825,
    "Euclidean Dist.": 0.14290853468771042,
    "WER": 0.6595744680851063,
    "CER": 0.48760330578512395,
    "Cosine Dist.": 0.17083421972610413
  },
  "occ_eval_res": {
    "precision": 66.6667,
    "recall": 63.8298,
    "f-score": 65.2174
  },
  "clean_eval": {
    "f-score": 34.185303514377,
    "precision": 33.5423197492163,
    "recall": 34.85342019543974,
    "tp": 107,
    "fp": 212,
    "fn": 200
  },
  "jaccard": [
    0.4052631578947368
  ],
  "braycurtis": [
    0.268
  ],
  "dice": [
    0.25412541254125415
  ],
  "cosinus": [
    0.15352289303474076
  ]
}