{
  "voc_eval_res": {
    "precision": 34.6154,
    "recall": 60.0,
    "f-score": 43.9024
  },
  "KL_res": {
    "KL divergence": 2.3129813243452566,
    "Euclidean Dist.": 0.27155693910459827,
    "WER": 1.4375,
    "CER": 0.7522935779816514,
    "Cosine Dist.": 0.38200250489601306
  },
  "occ_eval_res": {
    "precision": 29.0323,
    "recall": 56.25,
    "f-score": 38.2979
  },
  "clean_eval": {
    "f-score": 21.83098591549296,
    "precision": 26.956521739130434,
    "recall": 18.34319526627219,
    "tp": 31,
    "fp": 84,
    "fn": 138
  },
  "jaccard": [
    0.5982905982905983
  ],
  "braycurtis": [
    0.43661971830985913
  ],
  "dice": [
    0.4268292682926829
  ],
  "cosinus": [
    0.2319762938704324
  ]
}