{
  "voc_eval_res": {
    "precision": 58.0,
    "recall": 70.7317,
    "f-score": 63.7363
  },
  "KL_res": {
    "KL divergence": 1.5998170410332802,
    "Euclidean Dist.": 0.14919290824007128,
    "WER": 0.6415094339622641,
    "CER": 0.5059288537549407,
    "Cosine Dist.": 0.22869226872713178
  },
  "occ_eval_res": {
    "precision": 58.0645,
    "recall": 67.9245,
    "f-score": 62.6087
  },
  "clean_eval": {
    "f-score": 40.715268225584595,
    "precision": 39.67828418230563,
    "recall": 41.80790960451977,
    "tp": 148,
    "fp": 225,
    "fn": 206
  },
  "jaccard": [
    0.40476190476190477
  ],
  "braycurtis": [
    0.3089983022071307
  ],
  "dice": [
    0.2537313432835821
  ],
  "cosinus": [
    0.21176742547679606
  ]
}