{
  "voc_eval_res": {
    "precision": 29.0323,
    "recall": 75.0,
    "f-score": 41.8605
  },
  "KL_res": {
    "KL divergence": 1.4069170384395433,
    "Euclidean Dist.": 0.2842821248876057,
    "WER": 1.6,
    "CER": 1.793103448275862,
    "Cosine Dist.": 0.2393912694258361
  },
  "occ_eval_res": {
    "precision": 34.2857,
    "recall": 80.0,
    "f-score": 48.0
  },
  "clean_eval": {
    "f-score": 46.640316205533594,
    "precision": 66.29213483146067,
    "recall": 35.97560975609756,
    "tp": 59,
    "fp": 30,
    "fn": 105
  },
  "jaccard": [
    0.700374531835206
  ],
  "braycurtis": [
    0.5585585585585585
  ],
  "dice": [
    0.5389048991354467
  ],
  "cosinus": [
    0.4163620718294012
  ]
}