{
  "voc_eval_res": {
    "precision": 40.404,
    "recall": 35.0877,
    "f-score": 37.5587
  },
  "KL_res": {
    "KL divergence": 2.9004858045030706,
    "Euclidean Dist.": 0.17687736451101052,
    "WER": 0.8318181818181818,
    "CER": 0.6123376623376623,
    "Cosine Dist.": 0.4128323819618366
  },
  "occ_eval_res": {
    "precision": 48.7603,
    "recall": 26.8182,
    "f-score": 34.6041
  },
  "clean_eval": {
    "f-score": 3.135567168767292,
    "precision": 2.5160335471139614,
    "recall": 4.159869494290375,
    "tp": 51,
    "fp": 1976,
    "fn": 1175
  },
  "jaccard": [
    0.532258064516129
  ],
  "braycurtis": [
    0.42333582647718776
  ],
  "dice": [
    0.3626373626373626
  ],
  "cosinus": [
    0.22942426100673774
  ]
}