{
  "voc_eval_res": {
    "precision": 38.7755,
    "recall": 54.2857,
    "f-score": 45.2381
  },
  "KL_res": {
    "KL divergence": 1.9761923520490037,
    "Euclidean Dist.": 0.1967772487247841,
    "WER": 1.1521739130434783,
    "CER": 0.9263565891472868,
    "Cosine Dist.": 0.29913555009225856
  },
  "occ_eval_res": {
    "precision": 38.0952,
    "recall": 52.1739,
    "f-score": 44.0367
  },
  "clean_eval": {
    "f-score": 21.85929648241206,
    "precision": 24.233983286908078,
    "recall": 19.908466819221967,
    "tp": 87,
    "fp": 272,
    "fn": 350
  },
  "jaccard": [
    0.5962264150943396
  ],
  "braycurtis": [
    0.42451420029895365
  ],
  "dice": [
    0.42473118279569894
  ],
  "cosinus": [
    0.22048542456666487
  ]
}