{
  "voc_eval_res": {
    "precision": 47.4227,
    "recall": 60.5263,
    "f-score": 53.1792
  },
  "KL_res": {
    "KL divergence": 1.739098951220795,
    "Euclidean Dist.": 0.14144125527632842,
    "WER": 0.9767441860465116,
    "CER": 0.8374384236453202,
    "Cosine Dist.": 0.2914269827583419
  },
  "occ_eval_res": {
    "precision": 52.8926,
    "recall": 49.6124,
    "f-score": 51.2
  },
  "clean_eval": {
    "f-score": 8.435852372583481,
    "precision": 8.933002481389577,
    "recall": 7.991120976692565,
    "tp": 72,
    "fp": 734,
    "fn": 829
  },
  "jaccard": [
    0.4863013698630137
  ],
  "braycurtis": [
    0.3441696113074205
  ],
  "dice": [
    0.3212669683257919
  ],
  "cosinus": [
    0.1745950031851966
  ]
}