{
  "voc_eval_res": {
    "precision": 73.3333,
    "recall": 78.5714,
    "f-score": 75.8621
  },
  "KL_res": {
    "KL divergence": 1.0955782154425024,
    "Euclidean Dist.": 0.1832560133799415,
    "WER": 0.42857142857142855,
    "CER": 0.1919191919191919,
    "Cosine Dist.": 0.13708900539199076
  },
  "occ_eval_res": {
    "precision": 73.3333,
    "recall": 78.5714,
    "f-score": 75.8621
  },
  "clean_eval": {
    "f-score": 68.99563318777292,
    "precision": 62.698412698412696,
    "recall": 76.69902912621359,
    "tp": 79,
    "fp": 47,
    "fn": 24
  },
  "jaccard": [
    0.2125
  ],
  "braycurtis": [
    0.1134020618556701
  ],
  "dice": [
    0.11888111888111888
  ],
  "cosinus": [
    0.07161125308998906
  ]
}