{
  "voc_eval_res": {
    "precision": 30.4348,
    "recall": 31.8182,
    "f-score": 31.1111
  },
  "KL_res": {
    "KL divergence": 4.64910245399309,
    "Euclidean Dist.": 0.2583602644660909,
    "WER": 0.875,
    "CER": 0.5347222222222222,
    "Cosine Dist.": 0.5679506201061425
  },
  "occ_eval_res": {
    "precision": 30.4348,
    "recall": 29.1667,
    "f-score": 29.7872
  },
  "clean_eval": {
    "f-score": 64.17445482866043,
    "precision": 62.048192771084345,
    "recall": 66.45161290322581,
    "tp": 103,
    "fp": 63,
    "fn": 52
  },
  "jaccard": [
    0.6014234875444839
  ],
  "braycurtis": [
    0.4092526690391459
  ],
  "dice": [
    0.4300254452926209
  ],
  "cosinus": [
    0.2209033595767036
  ]
}