{
  "voc_eval_res": {
    "precision": 56.5217,
    "recall": 54.1667,
    "f-score": 55.3191
  },
  "KL_res": {
    "KL divergence": 2.1132445441721392,
    "Euclidean Dist.": 0.18364993239323124,
    "WER": 0.5925925925925926,
    "CER": 0.3835616438356164,
    "Cosine Dist.": 0.22150105583847712
  },
  "occ_eval_res": {
    "precision": 60.0,
    "recall": 55.5556,
    "f-score": 57.6923
  },
  "clean_eval": {
    "f-score": 67.93650793650792,
    "precision": 68.15286624203821,
    "recall": 67.72151898734177,
    "tp": 107,
    "fp": 50,
    "fn": 51
  },
  "jaccard": [
    0.4607142857142857
  ],
  "braycurtis": [
    0.2773972602739726
  ],
  "dice": [
    0.29930394431554525
  ],
  "cosinus": [
    0.16582753460854371
  ]
}