{
  "voc_eval_res": {
    "precision": 54.0541,
    "recall": 49.3827,
    "f-score": 51.6129
  },
  "KL_res": {
    "KL divergence": 2.1724245875634085,
    "Euclidean Dist.": 0.1245777953722227,
    "WER": 0.7192982456140351,
    "CER": 0.46983546617915906,
    "Cosine Dist.": 0.2572577754013313
  },
  "occ_eval_res": {
    "precision": 57.4468,
    "recall": 47.3684,
    "f-score": 51.9231
  },
  "clean_eval": {
    "f-score": 32.84620737647877,
    "precision": 31.805929919137466,
    "recall": 33.9568345323741,
    "tp": 236,
    "fp": 506,
    "fn": 459
  },
  "jaccard": [
    0.5373993095512083
  ],
  "braycurtis": [
    0.3558597091531223
  ],
  "dice": [
    0.36742722265932337
  ],
  "cosinus": [
    0.18077014721741802
  ]
}