{
  "voc_eval_res": {
    "precision": 52.8302,
    "recall": 45.1613,
    "f-score": 48.6957
  },
  "KL_res": {
    "KL divergence": 2.17690673998981,
    "Euclidean Dist.": 0.13688175639287511,
    "WER": 0.6790123456790124,
    "CER": 0.470954356846473,
    "Cosine Dist.": 0.275054199045523
  },
  "occ_eval_res": {
    "precision": 55.7377,
    "recall": 41.9753,
    "f-score": 47.8873
  },
  "clean_eval": {
    "f-score": 32.101372756071804,
    "precision": 27.73722627737226,
    "recall": 38.095238095238095,
    "tp": 152,
    "fp": 396,
    "fn": 247
  },
  "jaccard": [
    0.48105436573311366
  ],
  "braycurtis": [
    0.32608695652173914
  ],
  "dice": [
    0.31670281995661603
  ],
  "cosinus": [
    0.14282667371208524
  ]
}