{
  "voc_eval_res": {
    "precision": 59.1837,
    "recall": 55.7692,
    "f-score": 57.4257
  },
  "KL_res": {
    "KL divergence": 1.5958223476083078,
    "Euclidean Dist.": 0.12084877181111499,
    "WER": 0.5882352941176471,
    "CER": 0.4425287356321839,
    "Cosine Dist.": 0.1578051595431439
  },
  "occ_eval_res": {
    "precision": 61.9048,
    "recall": 57.3529,
    "f-score": 59.542
  },
  "clean_eval": {
    "f-score": 46.5564738292011,
    "precision": 47.07520891364902,
    "recall": 46.049046321525886,
    "tp": 169,
    "fp": 190,
    "fn": 198
  },
  "jaccard": [
    0.4519230769230769
  ],
  "braycurtis": [
    0.2883845126835781
  ],
  "dice": [
    0.2919254658385093
  ],
  "cosinus": [
    0.14275672061847988
  ]
}