{
  "voc_eval_res": {
    "precision": 45.9459,
    "recall": 51.5152,
    "f-score": 48.5714
  },
  "KL_res": {
    "KL divergence": 2.5624474607604135,
    "Euclidean Dist.": 0.19029298398282168,
    "WER": 0.85,
    "CER": 0.5983606557377049,
    "Cosine Dist.": 0.30423589163874376
  },
  "occ_eval_res": {
    "precision": 46.6667,
    "recall": 52.5,
    "f-score": 49.4118
  },
  "clean_eval": {
    "f-score": 43.25396825396825,
    "precision": 43.08300395256917,
    "recall": 43.42629482071713,
    "tp": 109,
    "fp": 144,
    "fn": 142
  },
  "jaccard": [
    0.535483870967742
  ],
  "braycurtis": [
    0.3462897526501767
  ],
  "dice": [
    0.3656387665198238
  ],
  "cosinus": [
    0.18894303791235445
  ]
}