{
  "voc_eval_res": {
    "precision": 43.2432,
    "recall": 64.0,
    "f-score": 51.6129
  },
  "KL_res": {
    "KL divergence": 2.008813035879533,
    "Euclidean Dist.": 0.20160578363787918,
    "WER": 0.8571428571428571,
    "CER": 0.8102189781021898,
    "Cosine Dist.": 0.3391992116070831
  },
  "occ_eval_res": {
    "precision": 43.2432,
    "recall": 57.1429,
    "f-score": 49.2308
  },
  "clean_eval": {
    "f-score": 63.28358208955224,
    "precision": 67.94871794871796,
    "recall": 59.217877094972074,
    "tp": 106,
    "fp": 50,
    "fn": 73
  },
  "jaccard": [
    0.5840220385674931
  ],
  "braycurtis": [
    0.4583333333333333
  ],
  "dice": [
    0.41245136186770426
  ],
  "cosinus": [
    0.30334002481753175
  ]
}