{
  "voc_eval_res": {
    "precision": 66.1538,
    "recall": 70.4918,
    "f-score": 68.254
  },
  "KL_res": {
    "KL divergence": 1.1610824126674621,
    "Euclidean Dist.": 0.10705492572851454,
    "WER": 0.4939759036144578,
    "CER": 0.2504672897196262,
    "Cosine Dist.": 0.14124758132151338
  },
  "occ_eval_res": {
    "precision": 70.5128,
    "recall": 66.2651,
    "f-score": 68.323
  },
  "clean_eval": {
    "f-score": 48.09322033898305,
    "precision": 47.78947368421053,
    "recall": 48.40085287846482,
    "tp": 227,
    "fp": 248,
    "fn": 242
  },
  "jaccard": [
    0.2823529411764706
  ],
  "braycurtis": [
    0.16506717850287908
  ],
  "dice": [
    0.1643835616438356
  ],
  "cosinus": [
    0.051972394602789906
  ]
}