{
  "voc_eval_res": {
    "precision": 50.0,
    "recall": 57.1429,
    "f-score": 53.3333
  },
  "KL_res": {
    "KL divergence": 2.097506151777342,
    "Euclidean Dist.": 0.1494073260980324,
    "WER": 0.7272727272727273,
    "CER": 0.4542483660130719,
    "Cosine Dist.": 0.2318102029459076
  },
  "occ_eval_res": {
    "precision": 52.5424,
    "recall": 56.3636,
    "f-score": 54.386
  },
  "clean_eval": {
    "f-score": 39.589442815249264,
    "precision": 42.1875,
    "recall": 37.29281767955801,
    "tp": 135,
    "fp": 185,
    "fn": 227
  },
  "jaccard": [
    0.4642857142857143
  ],
  "braycurtis": [
    0.28419452887537994
  ],
  "dice": [
    0.3023255813953488
  ],
  "cosinus": [
    0.14314435131870784
  ]
}