{
  "voc_eval_res": {
    "precision": 28.9474,
    "recall": 52.381,
    "f-score": 37.2881
  },
  "KL_res": {
    "KL divergence": 3.2454987992528848,
    "Euclidean Dist.": 0.24682649460829106,
    "WER": 1.4782608695652173,
    "CER": 1.2403846153846154,
    "Cosine Dist.": 0.5014727572492093
  },
  "occ_eval_res": {
    "precision": 26.8293,
    "recall": 47.8261,
    "f-score": 34.375
  },
  "clean_eval": {
    "f-score": 20.498614958448755,
    "precision": 26.811594202898554,
    "recall": 16.591928251121075,
    "tp": 37,
    "fp": 101,
    "fn": 186
  },
  "jaccard": [
    0.6974789915966386
  ],
  "braycurtis": [
    0.5795795795795796
  ],
  "dice": [
    0.535483870967742
  ],
  "cosinus": [
    0.43489472333961543
  ]
}