{
  "voc_eval_res": {
    "precision": 35.7143,
    "recall": 25.0,
    "f-score": 29.4118
  },
  "KL_res": {
    "KL divergence": 4.99921591934498,
    "Euclidean Dist.": 0.3219871090318566,
    "WER": 0.782608695652174,
    "CER": 0.525,
    "Cosine Dist.": 0.551641169345756
  },
  "occ_eval_res": {
    "precision": 33.3333,
    "recall": 21.7391,
    "f-score": 26.3158
  },
  "clean_eval": {
    "f-score": 70.14218009478674,
    "precision": 69.1588785046729,
    "recall": 71.15384615384616,
    "tp": 74,
    "fp": 33,
    "fn": 30
  },
  "jaccard": [
    0.6541666666666667
  ],
  "braycurtis": [
    0.4798206278026906
  ],
  "dice": [
    0.48606811145510836
  ],
  "cosinus": [
    0.35705614176355294
  ]
}