{
  "voc_eval_res": {
    "precision": 31.9149,
    "recall": 44.1176,
    "f-score": 37.037
  },
  "KL_res": {
    "KL divergence": 4.526028924619045,
    "Euclidean Dist.": 0.39430053376511737,
    "WER": 0.8666666666666667,
    "CER": 0.660574412532637,
    "Cosine Dist.": 0.6591887089874152
  },
  "occ_eval_res": {
    "precision": 36.3636,
    "recall": 32.0,
    "f-score": 34.0426
  },
  "clean_eval": {
    "f-score": 21.50537634408602,
    "precision": 22.364217252396166,
    "recall": 20.710059171597635,
    "tp": 70,
    "fp": 243,
    "fn": 268
  },
  "jaccard": [
    0.5842911877394636
  ],
  "braycurtis": [
    0.5547355473554736
  ],
  "dice": [
    0.41271989174560214
  ],
  "cosinus": [
    0.710665777261926
  ]
}