{
  "voc_eval_res": {
    "precision": 33.9623,
    "recall": 51.4286,
    "f-score": 40.9091
  },
  "KL_res": {
    "KL divergence": 1.6646559064679007,
    "Euclidean Dist.": 0.17181611083140744,
    "WER": 0.8545454545454545,
    "CER": 0.5927272727272728,
    "Cosine Dist.": 0.13073468439978153
  },
  "occ_eval_res": {
    "precision": 45.8333,
    "recall": 60.0,
    "f-score": 51.9685
  },
  "clean_eval": {
    "f-score": 17.298578199052134,
    "precision": 18.961038961038962,
    "recall": 15.904139433551197,
    "tp": 73,
    "fp": 312,
    "fn": 386
  },
  "jaccard": [
    0.5494505494505495
  ],
  "braycurtis": [
    0.375
  ],
  "dice": [
    0.3787878787878788
  ],
  "cosinus": [
    0.20741017004394324
  ]
}