{
  "voc_eval_res": {
    "precision": 37.5,
    "recall": 46.875,
    "f-score": 41.6667
  },
  "KL_res": {
    "KL divergence": 3.073620052469747,
    "Euclidean Dist.": 0.22270459948900362,
    "WER": 0.9387755102040817,
    "CER": 0.7292576419213974,
    "Cosine Dist.": 0.45705527443253224
  },
  "occ_eval_res": {
    "precision": 36.5385,
    "recall": 38.7755,
    "f-score": 37.6238
  },
  "clean_eval": {
    "f-score": 35.54868624420402,
    "precision": 36.97749196141479,
    "recall": 34.226190476190474,
    "tp": 115,
    "fp": 196,
    "fn": 221
  },
  "jaccard": [
    0.593103448275862
  ],
  "braycurtis": [
    0.47232472324723246
  ],
  "dice": [
    0.4215686274509804
  ],
  "cosinus": [
    0.3493125476866913
  ]
}