{
  "voc_eval_res": {
    "precision": 46.3768,
    "recall": 69.5652,
    "f-score": 55.6522
  },
  "KL_res": {
    "KL divergence": 1.2268533593211597,
    "Euclidean Dist.": 0.12321501827549242,
    "WER": 0.71875,
    "CER": 0.5139664804469274,
    "Cosine Dist.": 0.11452778540783548
  },
  "occ_eval_res": {
    "precision": 52.8736,
    "recall": 71.875,
    "f-score": 60.9272
  },
  "clean_eval": {
    "f-score": 24.97308934337998,
    "precision": 26.48401826484018,
    "recall": 23.625254582484725,
    "tp": 116,
    "fp": 322,
    "fn": 375
  },
  "jaccard": [
    0.4634974533106961
  ],
  "braycurtis": [
    0.29689298043728424
  ],
  "dice": [
    0.30165745856353593
  ],
  "cosinus": [
    0.12946026445826253
  ]
}