{
  "voc_eval_res": {
    "precision": 30.7692,
    "recall": 50.0,
    "f-score": 38.0952
  },
  "KL_res": {
    "KL divergence": 2.6840350224231315,
    "Euclidean Dist.": 0.24529301357014804,
    "WER": 1.1363636363636365,
    "CER": 0.9423076923076923,
    "Cosine Dist.": 0.29204316026425114
  },
  "occ_eval_res": {
    "precision": 34.2857,
    "recall": 54.5455,
    "f-score": 42.1053
  },
  "clean_eval": {
    "f-score": 54.485049833887054,
    "precision": 64.0625,
    "recall": 47.398843930635834,
    "tp": 82,
    "fp": 46,
    "fn": 91
  },
  "jaccard": [
    0.6689895470383276
  ],
  "braycurtis": [
    0.49683544303797467
  ],
  "dice": [
    0.5026178010471204
  ],
  "cosinus": [
    0.2882055997999309
  ]
}