{
  "voc_eval_res": {
    "precision": 50.7463,
    "recall": 77.2727,
    "f-score": 61.2613
  },
  "KL_res": {
    "KL divergence": 1.335713760766911,
    "Euclidean Dist.": 0.14065584150361513,
    "WER": 0.7758620689655172,
    "CER": 0.44751381215469616,
    "Cosine Dist.": 0.2138728323699418
  },
  "occ_eval_res": {
    "precision": 53.1646,
    "recall": 72.4138,
    "f-score": 61.3139
  },
  "clean_eval": {
    "f-score": 43.21728691476591,
    "precision": 45.56962025316456,
    "recall": 41.0958904109589,
    "tp": 180,
    "fp": 215,
    "fn": 258
  },
  "jaccard": [
    0.38461538461538464
  ],
  "braycurtis": [
    0.2550655542312277
  ],
  "dice": [
    0.23809523809523808
  ],
  "cosinus": [
    0.155167478836162
  ]
}