{
  "voc_eval_res": {
    "precision": 15.0,
    "recall": 21.4286,
    "f-score": 17.6471
  },
  "KL_res": {
    "KL divergence": 6.036950405414484,
    "Euclidean Dist.": 0.34105636549468543,
    "WER": 1.5333333333333334,
    "CER": 0.7916666666666666,
    "Cosine Dist.": 0.7732213161944637
  },
  "occ_eval_res": {
    "precision": 12.5,
    "recall": 20.0,
    "f-score": 15.3846
  },
  "clean_eval": {
    "f-score": 56.08465608465608,
    "precision": 52.475247524752476,
    "recall": 60.22727272727273,
    "tp": 53,
    "fp": 48,
    "fn": 35
  },
  "jaccard": [
    0.6030534351145038
  ],
  "braycurtis": [
    0.49122807017543857
  ],
  "dice": [
    0.43169398907103823
  ],
  "cosinus": [
    0.4670888836955146
  ]
}