{
  "voc_eval_res": {
    "precision": 38.4615,
    "recall": 41.6667,
    "f-score": 40.0
  },
  "KL_res": {
    "KL divergence": 3.465445587723846,
    "Euclidean Dist.": 0.3660482333949962,
    "WER": 0.9230769230769231,
    "CER": 0.5555555555555556,
    "Cosine Dist.": 0.5353581444025803
  },
  "occ_eval_res": {
    "precision": 31.25,
    "recall": 38.4615,
    "f-score": 34.4828
  },
  "clean_eval": {
    "f-score": 51.32743362831859,
    "precision": 64.44444444444444,
    "recall": 42.64705882352941,
    "tp": 58,
    "fp": 32,
    "fn": 78
  },
  "jaccard": [
    0.6686046511627907
  ],
  "braycurtis": [
    0.5319148936170213
  ],
  "dice": [
    0.5021834061135371
  ],
  "cosinus": [
    0.47443462072902076
  ]
}