{
  "voc_eval_res": {
    "precision": 47.2222,
    "recall": 69.3878,
    "f-score": 56.1983
  },
  "KL_res": {
    "KL divergence": 1.257311029528311,
    "Euclidean Dist.": 0.12938892034282717,
    "WER": 0.835820895522388,
    "CER": 0.5766233766233766,
    "Cosine Dist.": 0.16437528082776232
  },
  "occ_eval_res": {
    "precision": 50.0,
    "recall": 71.6418,
    "f-score": 58.8957
  },
  "clean_eval": {
    "f-score": 32.48618784530387,
    "precision": 34.18604651162791,
    "recall": 30.94736842105263,
    "tp": 147,
    "fp": 283,
    "fn": 328
  },
  "jaccard": [
    0.47900466562986005
  ],
  "braycurtis": [
    0.3203371970495258
  ],
  "dice": [
    0.3149284253578732
  ],
  "cosinus": [
    0.16423369654972142
  ]
}