{
  "voc_eval_res": {
    "precision": 36.0656,
    "recall": 59.4595,
    "f-score": 44.898
  },
  "KL_res": {
    "KL divergence": 1.958625992730696,
    "Euclidean Dist.": 0.16976851908301685,
    "WER": 1.0425531914893618,
    "CER": 0.696113074204947,
    "Cosine Dist.": 0.29904111459412597
  },
  "occ_eval_res": {
    "precision": 37.8378,
    "recall": 59.5745,
    "f-score": 46.281
  },
  "clean_eval": {
    "f-score": 33.842239185750635,
    "precision": 38.662790697674424,
    "recall": 30.09049773755656,
    "tp": 133,
    "fp": 211,
    "fn": 309
  },
  "jaccard": [
    0.5431654676258992
  ],
  "braycurtis": [
    0.38659058487874465
  ],
  "dice": [
    0.3728395061728395
  ],
  "cosinus": [
    0.22219725799467072
  ]
}