{
  "voc_eval_res": {
    "precision": 64.7059,
    "recall": 50.0,
    "f-score": 56.4103
  },
  "KL_res": {
    "KL divergence": 2.555384198807127,
    "Euclidean Dist.": 0.20831845497526894,
    "WER": 0.6086956521739131,
    "CER": 0.5193798449612403,
    "Cosine Dist.": 0.23107094906647463
  },
  "occ_eval_res": {
    "precision": 66.6667,
    "recall": 52.1739,
    "f-score": 58.5366
  },
  "clean_eval": {
    "f-score": 65.50218340611355,
    "precision": 56.390977443609025,
    "recall": 78.125,
    "tp": 75,
    "fp": 58,
    "fn": 21
  },
  "jaccard": [
    0.4732510288065844
  ],
  "braycurtis": [
    0.30434782608695654
  ],
  "dice": [
    0.30997304582210244
  ],
  "cosinus": [
    0.19295526419755638
  ]
}