{
  "voc_eval_res": {
    "precision": 29.0909,
    "recall": 57.1429,
    "f-score": 38.5542
  },
  "KL_res": {
    "KL divergence": 2.43000920463554,
    "Euclidean Dist.": 0.2168468347950806,
    "WER": 1.5555555555555556,
    "CER": 1.3558282208588956,
    "Cosine Dist.": 0.3871552077170275
  },
  "occ_eval_res": {
    "precision": 30.0,
    "recall": 58.3333,
    "f-score": 39.6226
  },
  "clean_eval": {
    "f-score": 13.833992094861658,
    "precision": 17.24137931034483,
    "recall": 11.55115511551155,
    "tp": 35,
    "fp": 168,
    "fn": 268
  },
  "jaccard": [
    0.6399176954732511
  ],
  "braycurtis": [
    0.5482695810564663
  ],
  "dice": [
    0.47049924357034795
  ],
  "cosinus": [
    0.41468276335241105
  ]
}