{
  "voc_eval_res": {
    "precision": 39.0625,
    "recall": 69.4444,
    "f-score": 50.0
  },
  "KL_res": {
    "KL divergence": 1.8669162649438056,
    "Euclidean Dist.": 0.1994196192783032,
    "WER": 0.9821428571428571,
    "CER": 0.8438661710037175,
    "Cosine Dist.": 0.3991622821561369
  },
  "occ_eval_res": {
    "precision": 39.2405,
    "recall": 55.3571,
    "f-score": 45.9259
  },
  "clean_eval": {
    "f-score": 34.8235294117647,
    "precision": 44.984802431610944,
    "recall": 28.406909788867562,
    "tp": 148,
    "fp": 181,
    "fn": 373
  },
  "jaccard": [
    0.5277246653919694
  ],
  "braycurtis": [
    0.40110650069156295
  ],
  "dice": [
    0.35844155844155845
  ],
  "cosinus": [
    0.2607242044255723
  ]
}