{
  "voc_eval_res": {
    "precision": 32.7273,
    "recall": 52.9412,
    "f-score": 40.4494
  },
  "KL_res": {
    "KL divergence": 2.9612301248710917,
    "Euclidean Dist.": 0.2148699309630751,
    "WER": 1.0410958904109588,
    "CER": 0.594847775175644,
    "Cosine Dist.": 0.3828533295317771
  },
  "occ_eval_res": {
    "precision": 32.0755,
    "recall": 46.5753,
    "f-score": 37.9888
  },
  "clean_eval": {
    "f-score": 27.695004382120953,
    "precision": 30.0952380952381,
    "recall": 25.649350649350648,
    "tp": 158,
    "fp": 367,
    "fn": 458
  },
  "jaccard": [
    0.5931174089068826
  ],
  "braycurtis": [
    0.3879472693032015
  ],
  "dice": [
    0.42158273381294964
  ],
  "cosinus": [
    0.2721633883276391
  ]
}