{
  "voc_eval_res": {
    "precision": 20.0,
    "recall": 14.2857,
    "f-score": 16.6667
  },
  "KL_res": {
    "KL divergence": 7.139353800046224,
    "Euclidean Dist.": 0.5375682206350508,
    "WER": 0.8571428571428571,
    "CER": 0.6904761904761905,
    "Cosine Dist.": 0.7113248654051871
  },
  "occ_eval_res": {
    "precision": 20.0,
    "recall": 14.2857,
    "f-score": 16.6667
  },
  "clean_eval": {
    "f-score": 43.956043956043956,
    "precision": 31.25,
    "recall": 74.07407407407408,
    "tp": 20,
    "fp": 44,
    "fn": 7
  },
  "jaccard": [
    0.8301886792452831
  ],
  "braycurtis": [
    0.7428571428571429
  ],
  "dice": [
    0.7096774193548387
  ],
  "cosinus": [
    0.7437525954679756
  ]
}