{
  "voc_eval_res": {
    "precision": 26.6667,
    "recall": 36.3636,
    "f-score": 30.7692
  },
  "KL_res": {
    "KL divergence": 4.104953576127528,
    "Euclidean Dist.": 0.2542090128658349,
    "WER": 1.08,
    "CER": 1.1339285714285714,
    "Cosine Dist.": 0.5597956107599333
  },
  "occ_eval_res": {
    "precision": 26.6667,
    "recall": 32.0,
    "f-score": 29.0909
  },
  "clean_eval": {
    "f-score": 17.36842105263158,
    "precision": 21.85430463576159,
    "recall": 14.41048034934498,
    "tp": 33,
    "fp": 118,
    "fn": 196
  },
  "jaccard": [
    0.7586206896551724
  ],
  "braycurtis": [
    0.6377708978328174
  ],
  "dice": [
    0.6111111111111112
  ],
  "cosinus": [
    0.5023501594927565
  ]
}