{
  "voc_eval_res": {
    "precision": 56.0,
    "recall": 40.0,
    "f-score": 46.6667
  },
  "KL_res": {
    "KL divergence": 3.2744006466198026,
    "Euclidean Dist.": 0.2077233747414038,
    "WER": 0.7692307692307693,
    "CER": 0.5721153846153846,
    "Cosine Dist.": 0.3594191325960465
  },
  "occ_eval_res": {
    "precision": 55.5556,
    "recall": 38.4615,
    "f-score": 45.4545
  },
  "clean_eval": {
    "f-score": 57.627118644067785,
    "precision": 50.595238095238095,
    "recall": 66.92913385826772,
    "tp": 85,
    "fp": 83,
    "fn": 42
  },
  "jaccard": [
    0.5640326975476839
  ],
  "braycurtis": [
    0.40384615384615385
  ],
  "dice": [
    0.3927893738140417
  ],
  "cosinus": [
    0.2367007600749661
  ]
}