{
  "voc_eval_res": {
    "precision": 42.3729,
    "recall": 53.1915,
    "f-score": 47.1698
  },
  "KL_res": {
    "KL divergence": 1.9908817375285066,
    "Euclidean Dist.": 0.13762132904158822,
    "WER": 0.8,
    "CER": 0.5464285714285714,
    "Cosine Dist.": 0.2262969086164427
  },
  "occ_eval_res": {
    "precision": 47.7612,
    "recall": 53.3333,
    "f-score": 50.3937
  },
  "clean_eval": {
    "f-score": 43.580683156654885,
    "precision": 45.01216545012166,
    "recall": 42.23744292237443,
    "tp": 185,
    "fp": 226,
    "fn": 253
  },
  "jaccard": [
    0.5513698630136986
  ],
  "braycurtis": [
    0.4041916167664671
  ],
  "dice": [
    0.3806146572104019
  ],
  "cosinus": [
    0.24666068930088159
  ]
}