{
  "voc_eval_res": {
    "precision": 60.5263,
    "recall": 69.697,
    "f-score": 64.7887
  },
  "KL_res": {
    "KL divergence": 1.438170982116999,
    "Euclidean Dist.": 0.140877440661013,
    "WER": 0.6764705882352942,
    "CER": 0.422680412371134,
    "Cosine Dist.": 0.19733100985954555
  },
  "occ_eval_res": {
    "precision": 60.0,
    "recall": 70.5882,
    "f-score": 64.8649
  },
  "clean_eval": {
    "f-score": 37.109375,
    "precision": 39.25619834710744,
    "recall": 35.18518518518518,
    "tp": 95,
    "fp": 147,
    "fn": 175
  },
  "jaccard": [
    0.3968668407310705
  ],
  "braycurtis": [
    0.25754060324825984
  ],
  "dice": [
    0.247557003257329
  ],
  "cosinus": [
    0.14781291892132942
  ]
}