{
  "voc_eval_res": {
    "precision": 34.7826,
    "recall": 50.0,
    "f-score": 41.0256
  },
  "KL_res": {
    "KL divergence": 2.8784212410519734,
    "Euclidean Dist.": 0.2832265895675445,
    "WER": 1.12,
    "CER": 0.64,
    "Cosine Dist.": 0.3902154612337472
  },
  "occ_eval_res": {
    "precision": 38.2353,
    "recall": 52.0,
    "f-score": 44.0678
  },
  "clean_eval": {
    "f-score": 22.857142857142858,
    "precision": 26.229508196721312,
    "recall": 20.253164556962027,
    "tp": 48,
    "fp": 135,
    "fn": 189
  },
  "jaccard": [
    0.6527777777777778
  ],
  "braycurtis": [
    0.4906832298136646
  ],
  "dice": [
    0.4845360824742268
  ],
  "cosinus": [
    0.4548654611093025
  ]
}