{
  "voc_eval_res": {
    "precision": 35.2941,
    "recall": 60.0,
    "f-score": 44.4444
  },
  "KL_res": {
    "KL divergence": 2.567917690643486,
    "Euclidean Dist.": 0.33471550926910376,
    "WER": 0.8666666666666667,
    "CER": 0.6707317073170732,
    "Cosine Dist.": 0.385081306187558
  },
  "occ_eval_res": {
    "precision": 36.8421,
    "recall": 46.6667,
    "f-score": 41.1765
  },
  "clean_eval": {
    "f-score": 69.69696969696969,
    "precision": 74.79674796747967,
    "recall": 65.24822695035462,
    "tp": 92,
    "fp": 31,
    "fn": 49
  },
  "jaccard": [
    0.5728155339805825
  ],
  "braycurtis": [
    0.4647887323943662
  ],
  "dice": [
    0.4013605442176871
  ],
  "cosinus": [
    0.3370015140742777
  ]
}