{
  "voc_eval_res": {
    "precision": 40.7407,
    "recall": 73.3333,
    "f-score": 52.381
  },
  "KL_res": {
    "KL divergence": 1.6829587150709644,
    "Euclidean Dist.": 0.26287434223306305,
    "WER": 1.2666666666666666,
    "CER": 0.6846846846846847,
    "Cosine Dist.": 0.36385357483713576
  },
  "occ_eval_res": {
    "precision": 37.931,
    "recall": 73.3333,
    "f-score": 50.0
  },
  "clean_eval": {
    "f-score": 42.75362318840579,
    "precision": 71.95121951219512,
    "recall": 30.412371134020617,
    "tp": 59,
    "fp": 23,
    "fn": 135
  },
  "jaccard": [
    0.44086021505376344
  ],
  "braycurtis": [
    0.33448275862068966
  ],
  "dice": [
    0.2827586206896552
  ],
  "cosinus": [
    0.23107353953987608
  ]
}