{
  "voc_eval_res": {
    "precision": 23.0769,
    "recall": 51.7241,
    "f-score": 31.9149
  },
  "KL_res": {
    "KL divergence": 2.4687698663490707,
    "Euclidean Dist.": 0.20880533838241325,
    "WER": 1.8529411764705883,
    "CER": 1.2421052631578948,
    "Cosine Dist.": 0.404196053213563
  },
  "occ_eval_res": {
    "precision": 22.7848,
    "recall": 52.9412,
    "f-score": 31.8584
  },
  "clean_eval": {
    "f-score": 26.190476190476193,
    "precision": 32.35294117647059,
    "recall": 22.0,
    "tp": 88,
    "fp": 184,
    "fn": 312
  },
  "jaccard": [
    0.5985130111524164
  ],
  "braycurtis": [
    0.4817880794701987
  ],
  "dice": [
    0.4270557029177719
  ],
  "cosinus": [
    0.27918892107496796
  ]
}