{
  "voc_eval_res": {
    "precision": 20.0,
    "recall": 25.0,
    "f-score": 22.2222
  },
  "KL_res": {
    "KL divergence": 6.1238929058126415,
    "Euclidean Dist.": 0.5937171043518958,
    "WER": 1.25,
    "CER": 0.7666666666666667,
    "Cosine Dist.": 0.6348516283298893
  },
  "occ_eval_res": {
    "precision": 20.0,
    "recall": 25.0,
    "f-score": 22.2222
  },
  "clean_eval": {
    "f-score": 38.59649122807017,
    "precision": 28.205128205128204,
    "recall": 61.111111111111114,
    "tp": 11,
    "fp": 28,
    "fn": 7
  },
  "jaccard": [
    0.5853658536585366
  ],
  "braycurtis": [
    0.4262295081967213
  ],
  "dice": [
    0.41379310344827586
  ],
  "cosinus": [
    0.41371609815779364
  ]
}