{
  "voc_eval_res": {
    "precision": 44.7917,
    "recall": 61.4286,
    "f-score": 51.8072
  },
  "KL_res": {
    "KL divergence": 1.451384034674617,
    "Euclidean Dist.": 0.11601253824361947,
    "WER": 0.8130081300813008,
    "CER": 0.5848484848484848,
    "Cosine Dist.": 0.1851167314189448
  },
  "occ_eval_res": {
    "precision": 54.5455,
    "recall": 58.5366,
    "f-score": 56.4706
  },
  "clean_eval": {
    "f-score": 34.6433770014556,
    "precision": 37.598736176935226,
    "recall": 32.11875843454791,
    "tp": 238,
    "fp": 395,
    "fn": 503
  },
  "jaccard": [
    0.43958868894601544
  ],
  "braycurtis": [
    0.2858117326057299
  ],
  "dice": [
    0.28171334431630973
  ],
  "cosinus": [
    0.1300761080843562
  ]
}