{
  "voc_eval_res": {
    "precision": 39.2157,
    "recall": 55.5556,
    "f-score": 45.977
  },
  "KL_res": {
    "KL divergence": 1.9375144839067495,
    "Euclidean Dist.": 0.15264527339900075,
    "WER": 0.8666666666666667,
    "CER": 0.5740740740740741,
    "Cosine Dist.": 0.2138172784003658
  },
  "occ_eval_res": {
    "precision": 44.4444,
    "recall": 62.2222,
    "f-score": 51.8519
  },
  "clean_eval": {
    "f-score": 41.01796407185629,
    "precision": 45.06578947368421,
    "recall": 37.637362637362635,
    "tp": 137,
    "fp": 167,
    "fn": 227
  },
  "jaccard": [
    0.5214007782101168
  ],
  "braycurtis": [
    0.3375
  ],
  "dice": [
    0.3526315789473684
  ],
  "cosinus": [
    0.1848224094662484
  ]
}