{
  "voc_eval_res": {
    "precision": 43.75,
    "recall": 50.0,
    "f-score": 46.6667
  },
  "KL_res": {
    "KL divergence": 1.8797686478789926,
    "Euclidean Dist.": 0.20894128980417923,
    "WER": 0.65,
    "CER": 0.6483516483516484,
    "Cosine Dist.": 0.15205504815613646
  },
  "occ_eval_res": {
    "precision": 57.1429,
    "recall": 60.0,
    "f-score": 58.5366
  },
  "clean_eval": {
    "f-score": 47.422680412371136,
    "precision": 53.90625,
    "recall": 42.331288343558285,
    "tp": 69,
    "fp": 59,
    "fn": 94
  },
  "jaccard": [
    0.6637931034482759
  ],
  "braycurtis": [
    0.40540540540540543
  ],
  "dice": [
    0.4967741935483871
  ],
  "cosinus": [
    0.2701246089197942
  ]
}