{
  "voc_eval_res": {
    "precision": 15.3061,
    "recall": 33.3333,
    "f-score": 20.979
  },
  "KL_res": {
    "KL divergence": 3.5508480372849016,
    "Euclidean Dist.": 0.16967977229737016,
    "WER": 1.9464285714285714,
    "CER": 1.2569060773480663,
    "Cosine Dist.": 0.45179783780444094
  },
  "occ_eval_res": {
    "precision": 16.9355,
    "recall": 37.5,
    "f-score": 23.3333
  },
  "clean_eval": {
    "f-score": 19.940769990128334,
    "precision": 23.218390804597703,
    "recall": 17.474048442906575,
    "tp": 101,
    "fp": 334,
    "fn": 477
  },
  "jaccard": [
    0.6536523929471033
  ],
  "braycurtis": [
    0.5265654648956357
  ],
  "dice": [
    0.4855004677268475
  ],
  "cosinus": [
    0.27377601500616233
  ]
}