{
  "voc_eval_res": {
    "precision": 28.7879,
    "recall": 38.7755,
    "f-score": 33.0435
  },
  "KL_res": {
    "KL divergence": 1.840746649474234,
    "Euclidean Dist.": 0.1296149114691204,
    "WER": 0.7789473684210526,
    "CER": 0.5652985074626866,
    "Cosine Dist.": 0.1317465509120721
  },
  "occ_eval_res": {
    "precision": 48.5437,
    "recall": 52.6316,
    "f-score": 50.5051
  },
  "clean_eval": {
    "f-score": 17.070805043646946,
    "precision": 19.00647948164147,
    "recall": 15.492957746478872,
    "tp": 88,
    "fp": 375,
    "fn": 480
  },
  "jaccard": [
    0.5523520485584219
  ],
  "braycurtis": [
    0.34974093264248707
  ],
  "dice": [
    0.38155136268343814
  ],
  "cosinus": [
    0.1528532250468
  ]
}