{
  "voc_eval_res": {
    "precision": 43.75,
    "recall": 70.0,
    "f-score": 53.8462
  },
  "KL_res": {
    "KL divergence": 1.6443396809383697,
    "Euclidean Dist.": 0.276631383024119,
    "WER": 1.0909090909090908,
    "CER": 0.8088235294117647,
    "Cosine Dist.": 0.22559690733763382
  },
  "occ_eval_res": {
    "precision": 47.0588,
    "recall": 72.7273,
    "f-score": 57.1429
  },
  "clean_eval": {
    "f-score": 63.51351351351352,
    "precision": 70.1492537313433,
    "recall": 58.0246913580247,
    "tp": 47,
    "fp": 20,
    "fn": 34
  },
  "jaccard": [
    0.5359116022099447
  ],
  "braycurtis": [
    0.38181818181818183
  ],
  "dice": [
    0.3660377358490566
  ],
  "cosinus": [
    0.2707974381409237
  ]
}