{
  "voc_eval_res": {
    "precision": 41.1765,
    "recall": 77.7778,
    "f-score": 53.8462
  },
  "KL_res": {
    "KL divergence": 1.6986681102357943,
    "Euclidean Dist.": 0.24714622027987462,
    "WER": 1.5,
    "CER": 1.008849557522124,
    "Cosine Dist.": 0.3418773418841795
  },
  "occ_eval_res": {
    "precision": 34.7826,
    "recall": 72.7273,
    "f-score": 47.0588
  },
  "clean_eval": {
    "f-score": 31.024930747922436,
    "precision": 44.09448818897638,
    "recall": 23.931623931623932,
    "tp": 56,
    "fp": 71,
    "fn": 178
  },
  "jaccard": [
    0.6052631578947368
  ],
  "braycurtis": [
    0.48633879781420764
  ],
  "dice": [
    0.4339622641509434
  ],
  "cosinus": [
    0.3904196661835837
  ]
}