{
  "voc_eval_res": {
    "precision": 38.0952,
    "recall": 58.5366,
    "f-score": 46.1538
  },
  "KL_res": {
    "KL divergence": 2.2764445236199546,
    "Euclidean Dist.": 0.18001960710765036,
    "WER": 1.0377358490566038,
    "CER": 0.75,
    "Cosine Dist.": 0.38067646271466793
  },
  "occ_eval_res": {
    "precision": 38.5714,
    "recall": 50.9434,
    "f-score": 43.9024
  },
  "clean_eval": {
    "f-score": 20.689655172413794,
    "precision": 22.71293375394322,
    "recall": 18.997361477572557,
    "tp": 72,
    "fp": 245,
    "fn": 307
  },
  "jaccard": [
    0.5451263537906137
  ],
  "braycurtis": [
    0.3786008230452675
  ],
  "dice": [
    0.3746898263027295
  ],
  "cosinus": [
    0.1969297072314311
  ]
}