{
  "voc_eval_res": {
    "precision": 43.9024,
    "recall": 69.2308,
    "f-score": 53.7313
  },
  "KL_res": {
    "KL divergence": 1.3663903797520125,
    "Euclidean Dist.": 0.1590019894625889,
    "WER": 0.8285714285714286,
    "CER": 0.5586854460093896,
    "Cosine Dist.": 0.16269893644694167
  },
  "occ_eval_res": {
    "precision": 50.0,
    "recall": 71.4286,
    "f-score": 58.8235
  },
  "clean_eval": {
    "f-score": 47.637795275590555,
    "precision": 50.20746887966805,
    "recall": 45.31835205992509,
    "tp": 121,
    "fp": 120,
    "fn": 146
  },
  "jaccard": [
    0.45346062052505964
  ],
  "braycurtis": [
    0.32023575638506874
  ],
  "dice": [
    0.2932098765432099
  ],
  "cosinus": [
    0.18697504248400376
  ]
}