{
  "voc_eval_res": {
    "precision": 26.1905,
    "recall": 26.1905,
    "f-score": 26.1905
  },
  "KL_res": {
    "KL divergence": 3.3016659443414946,
    "Euclidean Dist.": 0.18098823242082357,
    "WER": 0.8269230769230769,
    "CER": 0.6060606060606061,
    "Cosine Dist.": 0.33267392004980645
  },
  "occ_eval_res": {
    "precision": 32.0755,
    "recall": 32.6923,
    "f-score": 32.381
  },
  "clean_eval": {
    "f-score": 15.47987616099071,
    "precision": 15.772870662460567,
    "recall": 15.19756838905775,
    "tp": 50,
    "fp": 267,
    "fn": 279
  },
  "jaccard": [
    0.6294896030245747
  ],
  "braycurtis": [
    0.39824304538799415
  ],
  "dice": [
    0.4593103448275862
  ],
  "cosinus": [
    0.16901828937382135
  ]
}