{
  "voc_eval_res": {
    "precision": 34.6939,
    "recall": 58.6207,
    "f-score": 43.5897
  },
  "KL_res": {
    "KL divergence": 1.562467164000509,
    "Euclidean Dist.": 0.18726429888432736,
    "WER": 1.1162790697674418,
    "CER": 1.0261780104712042,
    "Cosine Dist.": 0.19687661798058909
  },
  "occ_eval_res": {
    "precision": 39.1304,
    "recall": 62.7907,
    "f-score": 48.2143
  },
  "clean_eval": {
    "f-score": 13.622291021671826,
    "precision": 17.120622568093385,
    "recall": 11.311053984575835,
    "tp": 44,
    "fp": 213,
    "fn": 345
  },
  "jaccard": [
    0.5935483870967742
  ],
  "braycurtis": [
    0.45571955719557194
  ],
  "dice": [
    0.42201834862385323
  ],
  "cosinus": [
    0.20042339545362697
  ]
}