{
  "voc_eval_res": {
    "precision": 24.5283,
    "recall": 46.4286,
    "f-score": 32.0988
  },
  "KL_res": {
    "KL divergence": 3.04489609983238,
    "Euclidean Dist.": 0.24678835586953934,
    "WER": 1.8333333333333333,
    "CER": 1.039647577092511,
    "Cosine Dist.": 0.5514250205426946
  },
  "occ_eval_res": {
    "precision": 21.519,
    "recall": 47.2222,
    "f-score": 29.5652
  },
  "clean_eval": {
    "f-score": 21.88449848024316,
    "precision": 28.235294117647058,
    "recall": 17.866004962779154,
    "tp": 72,
    "fp": 183,
    "fn": 331
  },
  "jaccard": [
    0.6678635547576302
  ],
  "braycurtis": [
    0.541033434650456
  ],
  "dice": [
    0.5013477088948787
  ],
  "cosinus": [
    0.39933116315727524
  ]
}