{
  "voc_eval_res": {
    "precision": 47.619,
    "recall": 45.4545,
    "f-score": 46.5116
  },
  "KL_res": {
    "KL divergence": 2.4825527559104135,
    "Euclidean Dist.": 0.1980188280915832,
    "WER": 0.8461538461538461,
    "CER": 0.678082191780822,
    "Cosine Dist.": 0.2254033307585166
  },
  "occ_eval_res": {
    "precision": 54.1667,
    "recall": 50.0,
    "f-score": 52.0
  },
  "clean_eval": {
    "f-score": 60.43613707165109,
    "precision": 54.49438202247191,
    "recall": 67.83216783216784,
    "tp": 97,
    "fp": 81,
    "fn": 46
  },
  "jaccard": [
    0.5551839464882943
  ],
  "braycurtis": [
    0.37809187279151946
  ],
  "dice": [
    0.38425925925925924
  ],
  "cosinus": [
    0.2666680425178821
  ]
}