{
  "voc_eval_res": {
    "precision": 40.5405,
    "recall": 75.0,
    "f-score": 52.6316
  },
  "KL_res": {
    "KL divergence": 1.2246962695421642,
    "Euclidean Dist.": 0.25077343014275205,
    "WER": 0.8888888888888888,
    "CER": 0.5833333333333334,
    "Cosine Dist.": 0.22707886088247842
  },
  "occ_eval_res": {
    "precision": 45.283,
    "recall": 66.6667,
    "f-score": 53.9326
  },
  "clean_eval": {
    "f-score": 37.99392097264438,
    "precision": 44.96402877697842,
    "recall": 32.89473684210527,
    "tp": 125,
    "fp": 153,
    "fn": 255
  },
  "jaccard": [
    0.4732620320855615
  ],
  "braycurtis": [
    0.3007518796992481
  ],
  "dice": [
    0.30998248686514884
  ],
  "cosinus": [
    0.15235205452696543
  ]
}