{
  "voc_eval_res": {
    "precision": 35.5556,
    "recall": 44.4444,
    "f-score": 39.5062
  },
  "KL_res": {
    "KL divergence": 2.752913039720912,
    "Euclidean Dist.": 0.27525841634216336,
    "WER": 1.0222222222222221,
    "CER": 0.7066115702479339,
    "Cosine Dist.": 0.5151267786149388
  },
  "occ_eval_res": {
    "precision": 33.3333,
    "recall": 46.6667,
    "f-score": 38.8889
  },
  "clean_eval": {
    "f-score": 19.37244201909959,
    "precision": 23.355263157894736,
    "recall": 16.55011655011655,
    "tp": 71,
    "fp": 233,
    "fn": 358
  },
  "jaccard": [
    0.6101010101010101
  ],
  "braycurtis": [
    0.466893039049236
  ],
  "dice": [
    0.438953488372093
  ],
  "cosinus": [
    0.3615819722817051
  ]
}