{
  "voc_eval_res": {
    "precision": 32.0,
    "recall": 57.1429,
    "f-score": 41.0256
  },
  "KL_res": {
    "KL divergence": 2.1266464683404984,
    "Euclidean Dist.": 0.1915850157088755,
    "WER": 1.28125,
    "CER": 0.9226190476190477,
    "Cosine Dist.": 0.3081673044496388
  },
  "occ_eval_res": {
    "precision": 35.1852,
    "recall": 59.375,
    "f-score": 44.186
  },
  "clean_eval": {
    "f-score": 36.158192090395474,
    "precision": 42.290748898678416,
    "recall": 31.57894736842105,
    "tp": 96,
    "fp": 131,
    "fn": 208
  },
  "jaccard": [
    0.5964523281596452
  ],
  "braycurtis": [
    0.44565217391304346
  ],
  "dice": [
    0.42496050552922593
  ],
  "cosinus": [
    0.31088499840622086
  ]
}