{
  "voc_eval_res": {
    "precision": 52.6316,
    "recall": 58.8235,
    "f-score": 55.5556
  },
  "KL_res": {
    "KL divergence": 1.8694722981771341,
    "Euclidean Dist.": 0.20986174047066958,
    "WER": 0.65,
    "CER": 0.4715447154471545,
    "Cosine Dist.": 0.19682065314431152
  },
  "occ_eval_res": {
    "precision": 57.1429,
    "recall": 60.0,
    "f-score": 58.5366
  },
  "clean_eval": {
    "f-score": 66.90140845070422,
    "precision": 67.37588652482269,
    "recall": 66.43356643356644,
    "tp": 95,
    "fp": 46,
    "fn": 48
  },
  "jaccard": [
    0.4008438818565401
  ],
  "braycurtis": [
    0.25475285171102663
  ],
  "dice": [
    0.25065963060686014
  ],
  "cosinus": [
    0.15490778846198072
  ]
}