{
  "voc_eval_res": {
    "precision": 41.6667,
    "recall": 25.0,
    "f-score": 31.25
  },
  "KL_res": {
    "KL divergence": 4.288648084492539,
    "Euclidean Dist.": 0.2845088372928441,
    "WER": 0.8181818181818182,
    "CER": 0.6865671641791045,
    "Cosine Dist.": 0.3487103909741638
  },
  "occ_eval_res": {
    "precision": 46.1538,
    "recall": 27.2727,
    "f-score": 34.2857
  },
  "clean_eval": {
    "f-score": 10.612244897959185,
    "precision": 9.848484848484848,
    "recall": 11.504424778761061,
    "tp": 13,
    "fp": 119,
    "fn": 100
  },
  "jaccard": [
    0.6788321167883211
  ],
  "braycurtis": [
    0.5
  ],
  "dice": [
    0.5138121546961326
  ],
  "cosinus": [
    0.34584876948959276
  ]
}