{
  "voc_eval_res": {
    "precision": 41.9753,
    "recall": 56.6667,
    "f-score": 48.227
  },
  "KL_res": {
    "KL divergence": 1.9186953065155958,
    "Euclidean Dist.": 0.13865753728126393,
    "WER": 1.216867469879518,
    "CER": 1.0240174672489082,
    "Cosine Dist.": 0.29086703618277143
  },
  "occ_eval_res": {
    "precision": 43.3962,
    "recall": 55.4217,
    "f-score": 48.6772
  },
  "clean_eval": {
    "f-score": 11.48701809598741,
    "precision": 13.394495412844037,
    "recall": 10.055096418732782,
    "tp": 73,
    "fp": 472,
    "fn": 653
  },
  "jaccard": [
    0.5282522996057819
  ],
  "braycurtis": [
    0.40418118466898956
  ],
  "dice": [
    0.35892857142857143
  ],
  "cosinus": [
    0.2547700689259398
  ]
}