{
  "voc_eval_res": {
    "precision": 28.5714,
    "recall": 75.0,
    "f-score": 41.3793
  },
  "KL_res": {
    "KL divergence": 1.8655690413678612,
    "Euclidean Dist.": 0.3702935955951378,
    "WER": 1.875,
    "CER": 1.530612244897959,
    "Cosine Dist.": 0.38278660015163224
  },
  "occ_eval_res": {
    "precision": 28.5714,
    "recall": 75.0,
    "f-score": 41.3793
  },
  "clean_eval": {
    "f-score": 58.16326530612245,
    "precision": 76.0,
    "recall": 47.107438016528924,
    "tp": 57,
    "fp": 18,
    "fn": 64
  },
  "jaccard": [
    0.6479591836734694
  ],
  "braycurtis": [
    0.49700598802395207
  ],
  "dice": [
    0.47924528301886793
  ],
  "cosinus": [
    0.34383671200230315
  ]
}