{
  "voc_eval_res": {
    "precision": 33.3333,
    "recall": 54.5455,
    "f-score": 41.3793
  },
  "KL_res": {
    "KL divergence": 2.6743191500396133,
    "Euclidean Dist.": 0.3342266423337248,
    "WER": 1.0833333333333333,
    "CER": 0.625,
    "Cosine Dist.": 0.4381993522664105
  },
  "occ_eval_res": {
    "precision": 31.5789,
    "recall": 50.0,
    "f-score": 38.7097
  },
  "clean_eval": {
    "f-score": 58.14977973568283,
    "precision": 65.34653465346535,
    "recall": 52.38095238095239,
    "tp": 66,
    "fp": 35,
    "fn": 60
  },
  "jaccard": [
    0.56
  ],
  "braycurtis": [
    0.4437869822485207
  ],
  "dice": [
    0.3888888888888889
  ],
  "cosinus": [
    0.40578103431215184
  ]
}