{
  "voc_eval_res": {
    "precision": 48.2759,
    "recall": 70.0,
    "f-score": 57.1429
  },
  "KL_res": {
    "KL divergence": 1.2125910690519435,
    "Euclidean Dist.": 0.1668446343272647,
    "WER": 0.6153846153846154,
    "CER": 0.3423913043478261,
    "Cosine Dist.": 0.12626361018943688
  },
  "occ_eval_res": {
    "precision": 55.5556,
    "recall": 76.9231,
    "f-score": 64.5161
  },
  "clean_eval": {
    "f-score": 45.62899786780383,
    "precision": 47.34513274336283,
    "recall": 44.03292181069959,
    "tp": 107,
    "fp": 119,
    "fn": 136
  },
  "jaccard": [
    0.4036144578313253
  ],
  "braycurtis": [
    0.23227383863080683
  ],
  "dice": [
    0.2528301886792453
  ],
  "cosinus": [
    0.10557376311020272
  ]
}