{
  "voc_eval_res": {
    "precision": 47.0588,
    "recall": 57.1429,
    "f-score": 51.6129
  },
  "KL_res": {
    "KL divergence": 2.0784114145127575,
    "Euclidean Dist.": 0.22430448056157953,
    "WER": 0.6875,
    "CER": 0.7536231884057971,
    "Cosine Dist.": 0.1994995307611841
  },
  "occ_eval_res": {
    "precision": 50.0,
    "recall": 62.5,
    "f-score": 55.5556
  },
  "clean_eval": {
    "f-score": 66.37931034482759,
    "precision": 74.75728155339806,
    "recall": 59.68992248062015,
    "tp": 77,
    "fp": 26,
    "fn": 52
  },
  "jaccard": [
    0.61
  ],
  "braycurtis": [
    0.43478260869565216
  ],
  "dice": [
    0.43884892086330934
  ],
  "cosinus": [
    0.23144680016363228
  ]
}