{
  "voc_eval_res": {
    "precision": 63.6364,
    "recall": 77.7778,
    "f-score": 70.0
  },
  "KL_res": {
    "KL divergence": 0.7322098294339808,
    "Euclidean Dist.": 0.15084362201779855,
    "WER": 0.5853658536585366,
    "CER": 0.35271317829457366,
    "Cosine Dist.": 0.1311537237991729
  },
  "occ_eval_res": {
    "precision": 66.6667,
    "recall": 82.9268,
    "f-score": 73.913
  },
  "clean_eval": {
    "f-score": 30.508474576271187,
    "precision": 28.448275862068968,
    "recall": 32.89036544850498,
    "tp": 99,
    "fp": 249,
    "fn": 202
  },
  "jaccard": [
    0.35082872928176795
  ],
  "braycurtis": [
    0.1929203539823009
  ],
  "dice": [
    0.21273031825795644
  ],
  "cosinus": [
    0.10995539619484451
  ]
}