{
  "voc_eval_res": {
    "precision": 41.0959,
    "recall": 51.7241,
    "f-score": 45.8015
  },
  "KL_res": {
    "KL divergence": 1.9900062030368166,
    "Euclidean Dist.": 0.1463480482976953,
    "WER": 0.9506172839506173,
    "CER": 0.6090534979423868,
    "Cosine Dist.": 0.31493939267077564
  },
  "occ_eval_res": {
    "precision": 40.8163,
    "recall": 49.3827,
    "f-score": 44.6927
  },
  "clean_eval": {
    "f-score": 13.628899835796387,
    "precision": 14.928057553956833,
    "recall": 12.537764350453173,
    "tp": 83,
    "fp": 473,
    "fn": 579
  },
  "jaccard": [
    0.49266862170087977
  ],
  "braycurtis": [
    0.36936936936936937
  ],
  "dice": [
    0.32684824902723736
  ],
  "cosinus": [
    0.23535753175535068
  ]
}