{
  "voc_eval_res": {
    "precision": 42.1053,
    "recall": 66.6667,
    "f-score": 51.6129
  },
  "KL_res": {
    "KL divergence": 2.0130551330654085,
    "Euclidean Dist.": 0.2707955972005813,
    "WER": 0.9166666666666666,
    "CER": 0.7619047619047619,
    "Cosine Dist.": 0.31146962734090367
  },
  "occ_eval_res": {
    "precision": 42.1053,
    "recall": 66.6667,
    "f-score": 51.6129
  },
  "clean_eval": {
    "f-score": 53.333333333333336,
    "precision": 62.22222222222222,
    "recall": 46.666666666666664,
    "tp": 56,
    "fp": 34,
    "fn": 64
  },
  "jaccard": [
    0.5757575757575758
  ],
  "braycurtis": [
    0.4342857142857143
  ],
  "dice": [
    0.40425531914893614
  ],
  "cosinus": [
    0.32029843506873623
  ]
}