{
  "voc_eval_res": {
    "precision": 48.7805,
    "recall": 57.971,
    "f-score": 52.9801
  },
  "KL_res": {
    "KL divergence": 1.7729135498674762,
    "Euclidean Dist.": 0.13724365033500788,
    "WER": 0.7961165048543689,
    "CER": 0.5858951175406871,
    "Cosine Dist.": 0.24919753408484735
  },
  "occ_eval_res": {
    "precision": 51.8868,
    "recall": 53.3981,
    "f-score": 52.6316
  },
  "clean_eval": {
    "f-score": 30.58446757405925,
    "precision": 31.727574750830566,
    "recall": 29.520865533230296,
    "tp": 191,
    "fp": 411,
    "fn": 456
  },
  "jaccard": [
    0.5291828793774319
  ],
  "braycurtis": [
    0.363265306122449
  ],
  "dice": [
    0.35978835978835977
  ],
  "cosinus": [
    0.21140717248051022
  ]
}