{
  "voc_eval_res": {
    "precision": 39.6552,
    "recall": 62.1622,
    "f-score": 48.4211
  },
  "KL_res": {
    "KL divergence": 1.835876918251214,
    "Euclidean Dist.": 0.18200274723201296,
    "WER": 1.0714285714285714,
    "CER": 0.7405247813411079,
    "Cosine Dist.": 0.299591228091577
  },
  "occ_eval_res": {
    "precision": 41.25,
    "recall": 58.9286,
    "f-score": 48.5294
  },
  "clean_eval": {
    "f-score": 24.2274412855377,
    "precision": 28.654970760233915,
    "recall": 20.985010706638114,
    "tp": 98,
    "fp": 244,
    "fn": 369
  },
  "jaccard": [
    0.5544388609715243
  ],
  "braycurtis": [
    0.4135876042908224
  ],
  "dice": [
    0.38354577056778677
  ],
  "cosinus": [
    0.24246396499761713
  ]
}