{
  "voc_eval_res": {
    "precision": 33.3333,
    "recall": 75.0,
    "f-score": 46.1538
  },
  "KL_res": {
    "KL divergence": 1.7155606728148598,
    "Euclidean Dist.": 0.29051425695114297,
    "WER": 1.6666666666666667,
    "CER": 1.7571428571428571,
    "Cosine Dist.": 0.3493999513676448
  },
  "occ_eval_res": {
    "precision": 31.0345,
    "recall": 75.0,
    "f-score": 43.9024
  },
  "clean_eval": {
    "f-score": 25.806451612903224,
    "precision": 48.35164835164835,
    "recall": 17.599999999999998,
    "tp": 44,
    "fp": 47,
    "fn": 206
  },
  "jaccard": [
    0.6321070234113713
  ],
  "braycurtis": [
    0.5416666666666666
  ],
  "dice": [
    0.4621026894865526
  ],
  "cosinus": [
    0.422237141237095
  ]
}