{
  "voc_eval_res": {
    "precision": 33.3333,
    "recall": 56.25,
    "f-score": 41.8605
  },
  "KL_res": {
    "KL divergence": 2.273222021318072,
    "Euclidean Dist.": 0.2737528832293373,
    "WER": 1.0526315789473684,
    "CER": 0.5798319327731093,
    "Cosine Dist.": 0.38819295306448487
  },
  "occ_eval_res": {
    "precision": 32.1429,
    "recall": 47.3684,
    "f-score": 38.2979
  },
  "clean_eval": {
    "f-score": 65.25198938992042,
    "precision": 63.07692307692307,
    "recall": 67.58241758241759,
    "tp": 123,
    "fp": 72,
    "fn": 59
  },
  "jaccard": [
    0.5087719298245614
  ],
  "braycurtis": [
    0.36013986013986016
  ],
  "dice": [
    0.3411764705882353
  ],
  "cosinus": [
    0.23823191162908874
  ]
}