{
  "voc_eval_res": {
    "precision": 40.0,
    "recall": 75.0,
    "f-score": 52.1739
  },
  "KL_res": {
    "KL divergence": 0.8196764960662508,
    "Euclidean Dist.": 0.1936017420559254,
    "WER": 0.7666666666666667,
    "CER": 0.6457142857142857,
    "Cosine Dist.": 0.10039954474650248
  },
  "occ_eval_res": {
    "precision": 54.5455,
    "recall": 80.0,
    "f-score": 64.8649
  },
  "clean_eval": {
    "f-score": 52.226720647773284,
    "precision": 57.07964601769911,
    "recall": 48.134328358208954,
    "tp": 129,
    "fp": 97,
    "fn": 139
  },
  "jaccard": [
    0.5349544072948328
  ],
  "braycurtis": [
    0.3051643192488263
  ],
  "dice": [
    0.3651452282157676
  ],
  "cosinus": [
    0.14207173123690642
  ]
}