{
  "voc_eval_res": {
    "precision": 50.0,
    "recall": 70.8333,
    "f-score": 58.6207
  },
  "KL_res": {
    "KL divergence": 1.2097907171585554,
    "Euclidean Dist.": 0.17287648650351156,
    "WER": 0.6666666666666666,
    "CER": 0.49557522123893805,
    "Cosine Dist.": 0.13791679729288253
  },
  "occ_eval_res": {
    "precision": 56.25,
    "recall": 69.2308,
    "f-score": 62.069
  },
  "clean_eval": {
    "f-score": 5.163511187607573,
    "precision": 5.357142857142857,
    "recall": 4.983388704318937,
    "tp": 15,
    "fp": 265,
    "fn": 286
  },
  "jaccard": [
    0.448
  ],
  "braycurtis": [
    0.2865612648221344
  ],
  "dice": [
    0.28865979381443296
  ],
  "cosinus": [
    0.13849914688236376
  ]
}