{
  "voc_eval_res": {
    "precision": 69.697,
    "recall": 82.1429,
    "f-score": 75.4098
  },
  "KL_res": {
    "KL divergence": 0.573374106633367,
    "Euclidean Dist.": 0.12957263819419557,
    "WER": 0.47619047619047616,
    "CER": 0.3673469387755102,
    "Cosine Dist.": 0.09222196051504516
  },
  "occ_eval_res": {
    "precision": 70.5882,
    "recall": 85.7143,
    "f-score": 77.4194
  },
  "clean_eval": {
    "f-score": 31.43297380585516,
    "precision": 29.310344827586203,
    "recall": 33.88704318936877,
    "tp": 102,
    "fp": 246,
    "fn": 199
  },
  "jaccard": [
    0.30337078651685395
  ],
  "braycurtis": [
    0.21505376344086022
  ],
  "dice": [
    0.17880794701986755
  ],
  "cosinus": [
    0.08303129479894311
  ]
}