{
  "voc_eval_res": {
    "precision": 21.2121,
    "recall": 36.8421,
    "f-score": 26.9231
  },
  "KL_res": {
    "KL divergence": 2.9415863769857316,
    "Euclidean Dist.": 0.22525989653371734,
    "WER": 1.2307692307692308,
    "CER": 0.9019607843137255,
    "Cosine Dist.": 0.2718039043706755
  },
  "occ_eval_res": {
    "precision": 31.7073,
    "recall": 50.0,
    "f-score": 38.806
  },
  "clean_eval": {
    "f-score": 15.419501133786845,
    "precision": 17.258883248730964,
    "recall": 13.934426229508196,
    "tp": 34,
    "fp": 163,
    "fn": 210
  },
  "jaccard": [
    0.6926713947990544
  ],
  "braycurtis": [
    0.49033816425120774
  ],
  "dice": [
    0.5298372513562387
  ],
  "cosinus": [
    0.29476015990748206
  ]
}