{
  "voc_eval_res": {
    "precision": 40.678,
    "recall": 68.5714,
    "f-score": 51.0638
  },
  "KL_res": {
    "KL divergence": 1.5179334989356295,
    "Euclidean Dist.": 0.17959527403681563,
    "WER": 0.9230769230769231,
    "CER": 0.804,
    "Cosine Dist.": 0.2836264171319868
  },
  "occ_eval_res": {
    "precision": 43.4211,
    "recall": 63.4615,
    "f-score": 51.5625
  },
  "clean_eval": {
    "f-score": 27.96833773087071,
    "precision": 31.085043988269796,
    "recall": 25.41966426858513,
    "tp": 106,
    "fp": 235,
    "fn": 311
  },
  "jaccard": [
    0.5384615384615384
  ],
  "braycurtis": [
    0.397037037037037
  ],
  "dice": [
    0.3684210526315789
  ],
  "cosinus": [
    0.2612890101350547
  ]
}