{
  "voc_eval_res": {
    "precision": 40.2174,
    "recall": 59.6774,
    "f-score": 48.0519
  },
  "KL_res": {
    "KL divergence": 1.8941655042450567,
    "Euclidean Dist.": 0.14676031147488716,
    "WER": 0.956140350877193,
    "CER": 0.7636986301369864,
    "Cosine Dist.": 0.27327086761388386
  },
  "occ_eval_res": {
    "precision": 48.4615,
    "recall": 55.2632,
    "f-score": 51.6393
  },
  "clean_eval": {
    "f-score": 8.757062146892654,
    "precision": 10.130718954248366,
    "recall": 7.711442786069651,
    "tp": 62,
    "fp": 550,
    "fn": 742
  },
  "jaccard": [
    0.5129533678756477
  ],
  "braycurtis": [
    0.3499278499278499
  ],
  "dice": [
    0.34494773519163763
  ],
  "cosinus": [
    0.17682825213171005
  ]
}