{
  "voc_eval_res": {
    "precision": 40.7407,
    "recall": 56.4103,
    "f-score": 47.3118
  },
  "KL_res": {
    "KL divergence": 1.2220041223796483,
    "Euclidean Dist.": 0.13606537803262558,
    "WER": 0.7205882352941176,
    "CER": 0.44077134986225897,
    "Cosine Dist.": 0.12186521676737216
  },
  "occ_eval_res": {
    "precision": 52.809,
    "recall": 69.1176,
    "f-score": 59.8726
  },
  "clean_eval": {
    "f-score": 12.333736396614269,
    "precision": 14.24581005586592,
    "recall": 10.874200426439232,
    "tp": 51,
    "fp": 307,
    "fn": 418
  },
  "jaccard": [
    0.43737166324435317
  ],
  "braycurtis": [
    0.2231920199501247
  ],
  "dice": [
    0.27989487516425754
  ],
  "cosinus": [
    0.0785145535862608
  ]
}