{
  "voc_eval_res": {
    "precision": 37.8378,
    "recall": 59.5745,
    "f-score": 46.281
  },
  "KL_res": {
    "KL divergence": 1.844460509768628,
    "Euclidean Dist.": 0.1515911707398914,
    "WER": 1.25,
    "CER": 1.0844327176781003,
    "Cosine Dist.": 0.26113150886475744
  },
  "occ_eval_res": {
    "precision": 42.3913,
    "recall": 57.3529,
    "f-score": 48.75
  },
  "clean_eval": {
    "f-score": 13.211009174311927,
    "precision": 15.517241379310345,
    "recall": 11.501597444089457,
    "tp": 72,
    "fp": 392,
    "fn": 554
  },
  "jaccard": [
    0.5797950219619327
  ],
  "braycurtis": [
    0.41718426501035194
  ],
  "dice": [
    0.40824742268041236
  ],
  "cosinus": [
    0.2200492763084183
  ]
}