{
  "voc_eval_res": {
    "precision": 33.3333,
    "recall": 45.9459,
    "f-score": 38.6364
  },
  "KL_res": {
    "KL divergence": 2.8239980286097532,
    "Euclidean Dist.": 0.1822953041965118,
    "WER": 1.0,
    "CER": 0.5242718446601942,
    "Cosine Dist.": 0.3783841956735766
  },
  "occ_eval_res": {
    "precision": 34.375,
    "recall": 48.8889,
    "f-score": 40.367
  },
  "clean_eval": {
    "f-score": 26.764705882352942,
    "precision": 32.04225352112676,
    "recall": 22.97979797979798,
    "tp": 91,
    "fp": 193,
    "fn": 305
  },
  "jaccard": [
    0.5019455252918288
  ],
  "braycurtis": [
    0.36194563662374823
  ],
  "dice": [
    0.33506493506493507
  ],
  "cosinus": [
    0.18660606605249896
  ]
}