{
  "voc_eval_res": {
    "precision": 47.8873,
    "recall": 56.6667,
    "f-score": 51.9084
  },
  "KL_res": {
    "KL divergence": 1.6862850139894634,
    "Euclidean Dist.": 0.132529792657211,
    "WER": 0.6698113207547169,
    "CER": 0.4433164128595601,
    "Cosine Dist.": 0.1729446689515758
  },
  "occ_eval_res": {
    "precision": 57.2727,
    "recall": 59.434,
    "f-score": 58.3333
  },
  "clean_eval": {
    "f-score": 29.411764705882355,
    "precision": 30.76923076923077,
    "recall": 28.169014084507044,
    "tp": 200,
    "fp": 450,
    "fn": 510
  },
  "jaccard": [
    0.44157814871016693
  ],
  "braycurtis": [
    0.28705882352941176
  ],
  "dice": [
    0.28334956183057447
  ],
  "cosinus": [
    0.17438855691137622
  ]
}