{
  "voc_eval_res": {
    "precision": 64.2857,
    "recall": 85.7143,
    "f-score": 73.4694
  },
  "KL_res": {
    "KL divergence": 0.5615290943638487,
    "Euclidean Dist.": 0.1923338612533049,
    "WER": 0.47058823529411764,
    "CER": 0.27927927927927926,
    "Cosine Dist.": 0.14103963320421165
  },
  "occ_eval_res": {
    "precision": 62.7907,
    "recall": 79.4118,
    "f-score": 70.1299
  },
  "clean_eval": {
    "f-score": 31.186440677966104,
    "precision": 32.16783216783217,
    "recall": 30.263157894736842,
    "tp": 92,
    "fp": 194,
    "fn": 212
  },
  "jaccard": [
    0.27835051546391754
  ],
  "braycurtis": [
    0.18816067653276955
  ],
  "dice": [
    0.16167664670658682
  ],
  "cosinus": [
    0.07734413686591857
  ]
}