{
  "voc_eval_res": {
    "precision": 47.2222,
    "recall": 80.9524,
    "f-score": 59.6491
  },
  "KL_res": {
    "KL divergence": 1.0565646594197071,
    "Euclidean Dist.": 0.2185360947105947,
    "WER": 0.7222222222222222,
    "CER": 0.4537037037037037,
    "Cosine Dist.": 0.19278597706704204
  },
  "occ_eval_res": {
    "precision": 50.0,
    "recall": 69.4444,
    "f-score": 58.1395
  },
  "clean_eval": {
    "f-score": 34.294871794871796,
    "precision": 40.074906367041194,
    "recall": 29.971988795518207,
    "tp": 107,
    "fp": 160,
    "fn": 250
  },
  "jaccard": [
    0.396011396011396
  ],
  "braycurtis": [
    0.27236580516898606
  ],
  "dice": [
    0.2468916518650089
  ],
  "cosinus": [
    0.1309921500309078
  ]
}