{
  "voc_eval_res": {
    "precision": 40.9091,
    "recall": 66.6667,
    "f-score": 50.7042
  },
  "KL_res": {
    "KL divergence": 1.6363052440476846,
    "Euclidean Dist.": 0.17213297615783582,
    "WER": 1.1666666666666667,
    "CER": 0.7307692307692307,
    "Cosine Dist.": 0.2360715831049235
  },
  "occ_eval_res": {
    "precision": 39.6226,
    "recall": 70.0,
    "f-score": 50.6024
  },
  "clean_eval": {
    "f-score": 29.24187725631769,
    "precision": 32.27091633466135,
    "recall": 26.732673267326735,
    "tp": 81,
    "fp": 170,
    "fn": 222
  },
  "jaccard": [
    0.4527363184079602
  ],
  "braycurtis": [
    0.33904761904761904
  ],
  "dice": [
    0.29260450160771706
  ],
  "cosinus": [
    0.1698239541950579
  ]
}