{
  "voc_eval_res": {
    "precision": 45.4545,
    "recall": 60.0,
    "f-score": 51.7241
  },
  "KL_res": {
    "KL divergence": 1.9327815815763731,
    "Euclidean Dist.": 0.17998671859939228,
    "WER": 0.7878787878787878,
    "CER": 0.6333333333333333,
    "Cosine Dist.": 0.21303593677674637
  },
  "occ_eval_res": {
    "precision": 52.6316,
    "recall": 60.6061,
    "f-score": 56.338
  },
  "clean_eval": {
    "f-score": 35.950413223140494,
    "precision": 40.27777777777778,
    "recall": 32.46268656716418,
    "tp": 87,
    "fp": 129,
    "fn": 181
  },
  "jaccard": [
    0.4718498659517426
  ],
  "braycurtis": [
    0.3333333333333333
  ],
  "dice": [
    0.3087719298245614
  ],
  "cosinus": [
    0.2526316175433484
  ]
}