{
  "voc_eval_res": {
    "precision": 25.0,
    "recall": 28.5714,
    "f-score": 26.6667
  },
  "KL_res": {
    "KL divergence": 4.959808507580647,
    "Euclidean Dist.": 0.31389992555798113,
    "WER": 0.9285714285714286,
    "CER": 0.5657894736842105,
    "Cosine Dist.": 0.5783629786442162
  },
  "occ_eval_res": {
    "precision": 25.0,
    "recall": 28.5714,
    "f-score": 26.6667
  },
  "clean_eval": {
    "f-score": 59.139784946236574,
    "precision": 59.78260869565217,
    "recall": 58.51063829787234,
    "tp": 55,
    "fp": 37,
    "fn": 39
  },
  "jaccard": [
    0.5637254901960784
  ],
  "braycurtis": [
    0.41566265060240964
  ],
  "dice": [
    0.3924914675767918
  ],
  "cosinus": [
    0.36268038943957603
  ]
}