{
  "voc_eval_res": {
    "precision": 43.4783,
    "recall": 71.4286,
    "f-score": 54.0541
  },
  "KL_res": {
    "KL divergence": 1.5038875207945546,
    "Euclidean Dist.": 0.24295061226512682,
    "WER": 0.875,
    "CER": 0.4411764705882353,
    "Cosine Dist.": 0.23809523809523814
  },
  "occ_eval_res": {
    "precision": 44.0,
    "recall": 68.75,
    "f-score": 53.6585
  },
  "clean_eval": {
    "f-score": 61.044176706827315,
    "precision": 72.38095238095238,
    "recall": 52.77777777777778,
    "tp": 76,
    "fp": 29,
    "fn": 68
  },
  "jaccard": [
    0.42292490118577075
  ],
  "braycurtis": [
    0.2661290322580645
  ],
  "dice": [
    0.2681704260651629
  ],
  "cosinus": [
    0.1733160267262932
  ]
}