{
  "voc_eval_res": {
    "precision": 25.0,
    "recall": 16.6667,
    "f-score": 20.0
  },
  "KL_res": {
    "KL divergence": 6.110992943276541,
    "Euclidean Dist.": 0.3367876570272817,
    "WER": 0.8333333333333334,
    "CER": 0.4519230769230769,
    "Cosine Dist.": 0.6619382981085935
  },
  "occ_eval_res": {
    "precision": 25.0,
    "recall": 16.6667,
    "f-score": 20.0
  },
  "clean_eval": {
    "f-score": 50.67873303167422,
    "precision": 39.71631205673759,
    "recall": 70.0,
    "tp": 56,
    "fp": 85,
    "fn": 24
  },
  "jaccard": [
    0.527027027027027
  ],
  "braycurtis": [
    0.39285714285714285
  ],
  "dice": [
    0.3577981651376147
  ],
  "cosinus": [
    0.3261914242648848
  ]
}