{
  "voc_eval_res": {
    "precision": 22.5806,
    "recall": 36.8421,
    "f-score": 28.0
  },
  "KL_res": {
    "KL divergence": 4.08932757151581,
    "Euclidean Dist.": 0.24971850495598344,
    "WER": 1.368421052631579,
    "CER": 0.9603960396039604,
    "Cosine Dist.": 0.5269500832087338
  },
  "occ_eval_res": {
    "precision": 21.875,
    "recall": 36.8421,
    "f-score": 27.451
  },
  "clean_eval": {
    "f-score": 59.00621118012421,
    "precision": 55.23255813953488,
    "recall": 63.33333333333333,
    "tp": 95,
    "fp": 77,
    "fn": 55
  },
  "jaccard": [
    0.6960486322188449
  ],
  "braycurtis": [
    0.5917602996254682
  ],
  "dice": [
    0.5337995337995338
  ],
  "cosinus": [
    0.5388700319588013
  ]
}