{
  "voc_eval_res": {
    "precision": 28.5714,
    "recall": 35.0,
    "f-score": 31.4607
  },
  "KL_res": {
    "KL divergence": 3.7753097257758084,
    "Euclidean Dist.": 0.25040515387273604,
    "WER": 0.9821428571428571,
    "CER": 0.6985294117647058,
    "Cosine Dist.": 0.630677485108642
  },
  "occ_eval_res": {
    "precision": 29.0323,
    "recall": 32.1429,
    "f-score": 30.5085
  },
  "clean_eval": {
    "f-score": 22.857142857142858,
    "precision": 26.268656716417908,
    "recall": 20.229885057471265,
    "tp": 88,
    "fp": 247,
    "fn": 347
  },
  "jaccard": [
    0.6590106007067138
  ],
  "braycurtis": [
    0.5447409733124019
  ],
  "dice": [
    0.4914361001317523
  ],
  "cosinus": [
    0.5446767227217764
  ]
}