{
  "voc_eval_res": {
    "precision": 35.0,
    "recall": 58.3333,
    "f-score": 43.75
  },
  "KL_res": {
    "KL divergence": 1.6823127756198122,
    "Euclidean Dist.": 0.19379840325206793,
    "WER": 0.9487179487179487,
    "CER": 0.602803738317757,
    "Cosine Dist.": 0.21971602855855688
  },
  "occ_eval_res": {
    "precision": 41.3793,
    "recall": 61.5385,
    "f-score": 49.4845
  },
  "clean_eval": {
    "f-score": 5.965463108320251,
    "precision": 6.597222222222222,
    "recall": 5.444126074498568,
    "tp": 19,
    "fp": 269,
    "fn": 330
  },
  "jaccard": [
    0.5805626598465473
  ],
  "braycurtis": [
    0.38596491228070173
  ],
  "dice": [
    0.409009009009009
  ],
  "cosinus": [
    0.19493062078509626
  ]
}