{
  "voc_eval_res": {
    "precision": 34.0,
    "recall": 53.125,
    "f-score": 41.4634
  },
  "KL_res": {
    "KL divergence": 2.5976932751091955,
    "Euclidean Dist.": 0.21953233120532487,
    "WER": 1.175,
    "CER": 0.730593607305936,
    "Cosine Dist.": 0.47445199472717214
  },
  "occ_eval_res": {
    "precision": 31.6667,
    "recall": 47.5,
    "f-score": 38.0
  },
  "clean_eval": {
    "f-score": 18.266253869969038,
    "precision": 24.380165289256198,
    "recall": 14.603960396039604,
    "tp": 59,
    "fp": 183,
    "fn": 345
  },
  "jaccard": [
    0.6074380165289256
  ],
  "braycurtis": [
    0.4525939177101968
  ],
  "dice": [
    0.4362017804154303
  ],
  "cosinus": [
    0.334382086872573
  ]
}