{
  "voc_eval_res": {
    "precision": 21.4286,
    "recall": 54.5455,
    "f-score": 30.7692
  },
  "KL_res": {
    "KL divergence": 2.2135514319251053,
    "Euclidean Dist.": 0.3203120765579857,
    "WER": 1.7333333333333334,
    "CER": 1.6142857142857143,
    "Cosine Dist.": 0.326129095771742
  },
  "occ_eval_res": {
    "precision": 28.125,
    "recall": 60.0,
    "f-score": 38.2979
  },
  "clean_eval": {
    "f-score": 9.523809523809524,
    "precision": 15.178571428571427,
    "recall": 6.938775510204081,
    "tp": 17,
    "fp": 95,
    "fn": 228
  },
  "jaccard": [
    0.7533333333333333
  ],
  "braycurtis": [
    0.5783132530120482
  ],
  "dice": [
    0.6042780748663101
  ],
  "cosinus": [
    0.47249780786051554
  ]
}