{
  "voc_eval_res": {
    "precision": 14.4737,
    "recall": 44.0,
    "f-score": 21.7822
  },
  "KL_res": {
    "KL divergence": 3.207422792861549,
    "Euclidean Dist.": 0.26897530514406265,
    "WER": 2.8823529411764706,
    "CER": 1.9765258215962442,
    "Cosine Dist.": 0.5915021007368092
  },
  "occ_eval_res": {
    "precision": 12.6126,
    "recall": 41.1765,
    "f-score": 19.3103
  },
  "clean_eval": {
    "f-score": 4.415011037527594,
    "precision": 8.264462809917356,
    "recall": 3.0120481927710845,
    "tp": 20,
    "fp": 222,
    "fn": 644
  },
  "jaccard": [
    0.6977124183006536
  ],
  "braycurtis": [
    0.6274271844660194
  ],
  "dice": [
    0.5357590966122961
  ],
  "cosinus": [
    0.42759734769498925
  ]
}