{
  "voc_eval_res": {
    "precision": 40.7407,
    "recall": 68.75,
    "f-score": 51.1628
  },
  "KL_res": {
    "KL divergence": 1.424785967215449,
    "Euclidean Dist.": 0.16747911971396973,
    "WER": 1.4736842105263157,
    "CER": 1.0198019801980198,
    "Cosine Dist.": 0.2424080900293316
  },
  "occ_eval_res": {
    "precision": 35.0,
    "recall": 73.6842,
    "f-score": 47.4576
  },
  "clean_eval": {
    "f-score": 28.623188405797094,
    "precision": 35.90909090909091,
    "recall": 23.795180722891565,
    "tp": 79,
    "fp": 141,
    "fn": 253
  },
  "jaccard": [
    0.5102880658436214
  ],
  "braycurtis": [
    0.41080196399345337
  ],
  "dice": [
    0.3425414364640884
  ],
  "cosinus": [
    0.15964387442895633
  ]
}