{
  "voc_eval_res": {
    "precision": 27.2727,
    "recall": 100.0,
    "f-score": 42.8571
  },
  "KL_res": {
    "KL divergence": 0.8468413053223643,
    "Euclidean Dist.": 0.6470956516382612,
    "WER": 2.6666666666666665,
    "CER": 5.545454545454546,
    "Cosine Dist.": 0.3453463292920229
  },
  "occ_eval_res": {
    "precision": 27.2727,
    "recall": 100.0,
    "f-score": 42.8571
  },
  "clean_eval": {
    "f-score": 37.93103448275861,
    "precision": 81.48148148148148,
    "recall": 24.719101123595504,
    "tp": 22,
    "fp": 5,
    "fn": 67
  },
  "jaccard": [
    0.8403361344537815
  ],
  "braycurtis": [
    0.7625
  ],
  "dice": [
    0.7246376811594203
  ],
  "cosinus": [
    0.6057087535278844
  ]
}