{
  "voc_eval_res": {
    "precision": 26.3158,
    "recall": 50.0,
    "f-score": 34.4828
  },
  "KL_res": {
    "KL divergence": 3.5980549347690767,
    "Euclidean Dist.": 0.34719478349634636,
    "WER": 1.1333333333333333,
    "CER": 1.0266666666666666,
    "Cosine Dist.": 0.4777670321329064
  },
  "occ_eval_res": {
    "precision": 28.5714,
    "recall": 40.0,
    "f-score": 33.3333
  },
  "clean_eval": {
    "f-score": 58.59375,
    "precision": 66.96428571428571,
    "recall": 52.083333333333336,
    "tp": 75,
    "fp": 37,
    "fn": 69
  },
  "jaccard": [
    0.6435185185185185
  ],
  "braycurtis": [
    0.5181818181818182
  ],
  "dice": [
    0.47440273037542663
  ],
  "cosinus": [
    0.4440794324107715
  ]
}