{
  "voc_eval_res": {
    "precision": 27.451,
    "recall": 63.6364,
    "f-score": 38.3562
  },
  "KL_res": {
    "KL divergence": 1.5835217003451574,
    "Euclidean Dist.": 0.24476333133334457,
    "WER": 1.3333333333333333,
    "CER": 0.8235294117647058,
    "Cosine Dist.": 0.2766832971658837
  },
  "occ_eval_res": {
    "precision": 33.3333,
    "recall": 57.5758,
    "f-score": 42.2222
  },
  "clean_eval": {
    "f-score": 12.557427258805513,
    "precision": 14.539007092198581,
    "recall": 11.05121293800539,
    "tp": 41,
    "fp": 241,
    "fn": 330
  },
  "jaccard": [
    0.6100217864923747
  ],
  "braycurtis": [
    0.4125
  ],
  "dice": [
    0.438871473354232
  ],
  "cosinus": [
    0.21090930693301924
  ]
}