{
  "voc_eval_res": {
    "precision": 30.6122,
    "recall": 65.2174,
    "f-score": 41.6667
  },
  "KL_res": {
    "KL divergence": 1.4520515168831656,
    "Euclidean Dist.": 0.21226340730766172,
    "WER": 1.3333333333333333,
    "CER": 0.8425925925925926,
    "Cosine Dist.": 0.15943176104597145
  },
  "occ_eval_res": {
    "precision": 35.8209,
    "recall": 72.7273,
    "f-score": 48.0
  },
  "clean_eval": {
    "f-score": 29.815303430079155,
    "precision": 36.45161290322581,
    "recall": 25.223214285714285,
    "tp": 113,
    "fp": 197,
    "fn": 335
  },
  "jaccard": [
    0.5357142857142857
  ],
  "braycurtis": [
    0.3881578947368421
  ],
  "dice": [
    0.36585365853658536
  ],
  "cosinus": [
    0.21794134042878166
  ]
}