{
  "voc_eval_res": {
    "precision": 28.0,
    "recall": 46.6667,
    "f-score": 35.0
  },
  "KL_res": {
    "KL divergence": 2.971528676521112,
    "Euclidean Dist.": 0.29007098522704444,
    "WER": 1.3529411764705883,
    "CER": 0.9468085106382979,
    "Cosine Dist.": 0.4542948436682508
  },
  "occ_eval_res": {
    "precision": 28.0,
    "recall": 41.1765,
    "f-score": 33.3333
  },
  "clean_eval": {
    "f-score": 46.263345195729535,
    "precision": 63.10679611650486,
    "recall": 36.51685393258427,
    "tp": 65,
    "fp": 38,
    "fn": 113
  },
  "jaccard": [
    0.6666666666666666
  ],
  "braycurtis": [
    0.525691699604743
  ],
  "dice": [
    0.5
  ],
  "cosinus": [
    0.4148079523463747
  ]
}