{
  "voc_eval_res": {
    "precision": 28.2609,
    "recall": 65.0,
    "f-score": 39.3939
  },
  "KL_res": {
    "KL divergence": 1.776972979133836,
    "Euclidean Dist.": 0.24370952764558326,
    "WER": 1.3571428571428572,
    "CER": 1.0670391061452513,
    "Cosine Dist.": 0.2689374382063494
  },
  "occ_eval_res": {
    "precision": 33.3333,
    "recall": 64.2857,
    "f-score": 43.9024
  },
  "clean_eval": {
    "f-score": 26.287744227353464,
    "precision": 32.743362831858406,
    "recall": 21.958456973293767,
    "tp": 74,
    "fp": 152,
    "fn": 263
  },
  "jaccard": [
    0.6330275229357798
  ],
  "braycurtis": [
    0.4536489151873767
  ],
  "dice": [
    0.46308724832214765
  ],
  "cosinus": [
    0.2415241660102614
  ]
}