{
  "voc_eval_res": {
    "precision": 19.0476,
    "recall": 14.2857,
    "f-score": 16.3265
  },
  "KL_res": {
    "KL divergence": 5.796656406358591,
    "Euclidean Dist.": 0.27637514351809667,
    "WER": 0.9142857142857143,
    "CER": 0.6521739130434783,
    "Cosine Dist.": 0.6356006514194878
  },
  "occ_eval_res": {
    "precision": 20.8333,
    "recall": 14.2857,
    "f-score": 16.9492
  },
  "clean_eval": {
    "f-score": 20.3125,
    "precision": 16.720257234726688,
    "recall": 25.870646766169152,
    "tp": 52,
    "fp": 259,
    "fn": 149
  },
  "jaccard": [
    0.7436548223350253
  ],
  "braycurtis": [
    0.5894736842105263
  ],
  "dice": [
    0.591919191919192
  ],
  "cosinus": [
    0.47932030118892255
  ]
}