{
  "voc_eval_res": {
    "precision": 18.75,
    "recall": 23.0769,
    "f-score": 20.6897
  },
  "KL_res": {
    "KL divergence": 5.0720946175630015,
    "Euclidean Dist.": 0.252956150675114,
    "WER": 1.0,
    "CER": 0.6896551724137931,
    "Cosine Dist.": 0.6718940867219751
  },
  "occ_eval_res": {
    "precision": 18.1818,
    "recall": 18.75,
    "f-score": 18.4615
  },
  "clean_eval": {
    "f-score": 51.05263157894737,
    "precision": 44.907407407407405,
    "recall": 59.14634146341463,
    "tp": 97,
    "fp": 119,
    "fn": 67
  },
  "jaccard": [
    0.6797066014669927
  ],
  "braycurtis": [
    0.5109489051094891
  ],
  "dice": [
    0.5148148148148148
  ],
  "cosinus": [
    0.3656199148258463
  ]
}