{
  "voc_eval_res": {
    "precision": 42.6966,
    "recall": 58.4615,
    "f-score": 49.3506
  },
  "KL_res": {
    "KL divergence": 1.9950475585621281,
    "Euclidean Dist.": 0.14012042483681006,
    "WER": 0.8947368421052632,
    "CER": 0.6520912547528517,
    "Cosine Dist.": 0.28718931942220705
  },
  "occ_eval_res": {
    "precision": 44.7368,
    "recall": 53.6842,
    "f-score": 48.8038
  },
  "clean_eval": {
    "f-score": 17.295597484276726,
    "precision": 19.89150090415913,
    "recall": 15.299026425591098,
    "tp": 110,
    "fp": 443,
    "fn": 609
  },
  "jaccard": [
    0.49132176234979974
  ],
  "braycurtis": [
    0.35832675611681136
  ],
  "dice": [
    0.3256637168141593
  ],
  "cosinus": [
    0.24598704716555608
  ]
}