{
  "voc_eval_res": {
    "precision": 32.4675,
    "recall": 51.0204,
    "f-score": 39.6825
  },
  "KL_res": {
    "KL divergence": 2.0152167564514354,
    "Euclidean Dist.": 0.15930325448529725,
    "WER": 1.2028985507246377,
    "CER": 0.8476190476190476,
    "Cosine Dist.": 0.21901637391257422
  },
  "occ_eval_res": {
    "precision": 35.7798,
    "recall": 56.5217,
    "f-score": 43.8202
  },
  "clean_eval": {
    "f-score": 18.38879159369527,
    "precision": 21.25506072874494,
    "recall": 16.203703703703702,
    "tp": 105,
    "fp": 389,
    "fn": 543
  },
  "jaccard": [
    0.5310245310245311
  ],
  "braycurtis": [
    0.3970315398886827
  ],
  "dice": [
    0.3614931237721022
  ],
  "cosinus": [
    0.22984158422781042
  ]
}