{
  "voc_eval_res": {
    "precision": 38.5965,
    "recall": 53.6585,
    "f-score": 44.898
  },
  "KL_res": {
    "KL divergence": 1.6127070889760045,
    "Euclidean Dist.": 0.15950351662266943,
    "WER": 0.9384615384615385,
    "CER": 0.5565217391304348,
    "Cosine Dist.": 0.20426837424949806
  },
  "occ_eval_res": {
    "precision": 43.956,
    "recall": 61.5385,
    "f-score": 51.2821
  },
  "clean_eval": {
    "f-score": 27.53441802252816,
    "precision": 31.1614730878187,
    "recall": 24.663677130044842,
    "tp": 110,
    "fp": 243,
    "fn": 336
  },
  "jaccard": [
    0.48007590132827327
  ],
  "braycurtis": [
    0.31812725090036015
  ],
  "dice": [
    0.31585518102372034
  ],
  "cosinus": [
    0.1516908667811253
  ]
}