{
  "voc_eval_res": {
    "precision": 62.8571,
    "recall": 59.4595,
    "f-score": 61.1111
  },
  "KL_res": {
    "KL divergence": 1.2543560114272945,
    "Euclidean Dist.": 0.12081366485722356,
    "WER": 0.5660377358490566,
    "CER": 0.3695652173913043,
    "Cosine Dist.": 0.1006174957845305
  },
  "occ_eval_res": {
    "precision": 67.9245,
    "recall": 67.9245,
    "f-score": 67.9245
  },
  "clean_eval": {
    "f-score": 37.19512195121951,
    "precision": 35.26011560693642,
    "recall": 39.35483870967742,
    "tp": 122,
    "fp": 224,
    "fn": 188
  },
  "jaccard": [
    0.3560606060606061
  ],
  "braycurtis": [
    0.20727848101265822
  ],
  "dice": [
    0.21658986175115208
  ],
  "cosinus": [
    0.07700456719731474
  ]
}