{
  "voc_eval_res": {
    "precision": 39.2157,
    "recall": 64.5161,
    "f-score": 48.7805
  },
  "KL_res": {
    "KL divergence": 1.7281532990931583,
    "Euclidean Dist.": 0.18544758313899837,
    "WER": 1.0,
    "CER": 0.7679180887372014,
    "Cosine Dist.": 0.23483329027145017
  },
  "occ_eval_res": {
    "precision": 44.1176,
    "recall": 63.8298,
    "f-score": 52.1739
  },
  "clean_eval": {
    "f-score": 20.266666666666666,
    "precision": 23.52941176470588,
    "recall": 17.798594847775178,
    "tp": 76,
    "fp": 247,
    "fn": 351
  },
  "jaccard": [
    0.5421052631578948
  ],
  "braycurtis": [
    0.38273195876288657
  ],
  "dice": [
    0.37184115523465705
  ],
  "cosinus": [
    0.2035872003126128
  ]
}