{
  "voc_eval_res": {
    "precision": 38.7097,
    "recall": 63.1579,
    "f-score": 48.0
  },
  "KL_res": {
    "KL divergence": 2.011095346731965,
    "Euclidean Dist.": 0.21249249686633595,
    "WER": 1.2,
    "CER": 1.0084745762711864,
    "Cosine Dist.": 0.28229299945399
  },
  "occ_eval_res": {
    "precision": 37.1429,
    "recall": 65.0,
    "f-score": 47.2727
  },
  "clean_eval": {
    "f-score": 29.047619047619044,
    "precision": 42.65734265734265,
    "recall": 22.021660649819495,
    "tp": 61,
    "fp": 82,
    "fn": 216
  },
  "jaccard": [
    0.5331412103746398
  ],
  "braycurtis": [
    0.4281437125748503
  ],
  "dice": [
    0.36345776031434185
  ],
  "cosinus": [
    0.3208488217543215
  ]
}