{
  "voc_eval_res": {
    "precision": 28.0,
    "recall": 66.6667,
    "f-score": 39.4366
  },
  "KL_res": {
    "KL divergence": 1.9611424339043044,
    "Euclidean Dist.": 0.2421616901990949,
    "WER": 1.9565217391304348,
    "CER": 1.5496688741721854,
    "Cosine Dist.": 0.41654003400842166
  },
  "occ_eval_res": {
    "precision": 26.2295,
    "recall": 69.5652,
    "f-score": 38.0952
  },
  "clean_eval": {
    "f-score": 29.36507936507936,
    "precision": 38.94736842105263,
    "recall": 23.56687898089172,
    "tp": 74,
    "fp": 116,
    "fn": 240
  },
  "jaccard": [
    0.5614849187935035
  ],
  "braycurtis": [
    0.5076045627376425
  ],
  "dice": [
    0.3903225806451613
  ],
  "cosinus": [
    0.2612785744949587
  ]
}