{
  "voc_eval_res": {
    "precision": 43.1373,
    "recall": 56.4103,
    "f-score": 48.8889
  },
  "KL_res": {
    "KL divergence": 1.3805010511896016,
    "Euclidean Dist.": 0.13929883167504406,
    "WER": 0.7164179104477612,
    "CER": 0.4085714285714286,
    "Cosine Dist.": 0.1328772965550854
  },
  "occ_eval_res": {
    "precision": 54.878,
    "recall": 67.1642,
    "f-score": 60.4027
  },
  "clean_eval": {
    "f-score": 12.082262210796916,
    "precision": 13.202247191011235,
    "recall": 11.137440758293838,
    "tp": 47,
    "fp": 309,
    "fn": 375
  },
  "jaccard": [
    0.4288659793814433
  ],
  "braycurtis": [
    0.2438391699092088
  ],
  "dice": [
    0.27296587926509186
  ],
  "cosinus": [
    0.10298491463702164
  ]
}