{
  "voc_eval_res": {
    "precision": 35.2941,
    "recall": 54.5455,
    "f-score": 42.8571
  },
  "KL_res": {
    "KL divergence": 2.2062080306701928,
    "Euclidean Dist.": 0.18918801462908938,
    "WER": 1.1578947368421053,
    "CER": 0.7291666666666666,
    "Cosine Dist.": 0.3838390462000578
  },
  "occ_eval_res": {
    "precision": 33.3333,
    "recall": 55.2632,
    "f-score": 41.5842
  },
  "clean_eval": {
    "f-score": 33.003300330033,
    "precision": 37.174721189591075,
    "recall": 29.673590504451035,
    "tp": 100,
    "fp": 169,
    "fn": 237
  },
  "jaccard": [
    0.5370018975332068
  ],
  "braycurtis": [
    0.41118421052631576
  ],
  "dice": [
    0.3670557717250324
  ],
  "cosinus": [
    0.2832546637626716
  ]
}