{
  "voc_eval_res": {
    "precision": 47.5,
    "recall": 70.3704,
    "f-score": 56.7164
  },
  "KL_res": {
    "KL divergence": 1.3136480626630855,
    "Euclidean Dist.": 0.15590239111558088,
    "WER": 0.9375,
    "CER": 0.7808988764044944,
    "Cosine Dist.": 0.16954520146260044
  },
  "occ_eval_res": {
    "precision": 50.0,
    "recall": 75.0,
    "f-score": 60.0
  },
  "clean_eval": {
    "f-score": 16.165413533834588,
    "precision": 20.77294685990338,
    "recall": 13.230769230769232,
    "tp": 43,
    "fp": 164,
    "fn": 282
  },
  "jaccard": [
    0.5305039787798409
  ],
  "braycurtis": [
    0.3982494529540481
  ],
  "dice": [
    0.36101083032490977
  ],
  "cosinus": [
    0.1943092521752875
  ]
}