{
  "voc_eval_res": {
    "precision": 64.8649,
    "recall": 82.7586,
    "f-score": 72.7273
  },
  "KL_res": {
    "KL divergence": 0.5423674750179801,
    "Euclidean Dist.": 0.12573577120432314,
    "WER": 0.46808510638297873,
    "CER": 0.40492957746478875,
    "Cosine Dist.": 0.08723690163094933
  },
  "occ_eval_res": {
    "precision": 71.4286,
    "recall": 85.1064,
    "f-score": 77.6699
  },
  "clean_eval": {
    "f-score": 19.78021978021978,
    "precision": 19.6875,
    "recall": 19.873817034700316,
    "tp": 63,
    "fp": 257,
    "fn": 254
  },
  "jaccard": [
    0.3253333333333333
  ],
  "braycurtis": [
    0.18110236220472442
  ],
  "dice": [
    0.1942675159235669
  ],
  "cosinus": [
    0.06183040191418365
  ]
}