{
  "voc_eval_res": {
    "precision": 14.2857,
    "recall": 15.0,
    "f-score": 14.6341
  },
  "KL_res": {
    "KL divergence": 6.5967015255813894,
    "Euclidean Dist.": 0.3042387258895919,
    "WER": 0.9565217391304348,
    "CER": 0.6166666666666667,
    "Cosine Dist.": 0.7958758547680685
  },
  "occ_eval_res": {
    "precision": 13.6364,
    "recall": 13.0435,
    "f-score": 13.3333
  },
  "clean_eval": {
    "f-score": 46.74329501915709,
    "precision": 40.131578947368425,
    "recall": 55.96330275229357,
    "tp": 61,
    "fp": 91,
    "fn": 48
  },
  "jaccard": [
    0.6722408026755853
  ],
  "braycurtis": [
    0.524390243902439
  ],
  "dice": [
    0.5062972292191436
  ],
  "cosinus": [
    0.3893050690016113
  ]
}