{
  "voc_eval_res": {
    "precision": 28.5714,
    "recall": 28.5714,
    "f-score": 28.5714
  },
  "KL_res": {
    "KL divergence": 3.544547099684788,
    "Euclidean Dist.": 0.20195327174111877,
    "WER": 0.8409090909090909,
    "CER": 0.6178571428571429,
    "Cosine Dist.": 0.36908482469869575
  },
  "occ_eval_res": {
    "precision": 32.5,
    "recall": 29.5455,
    "f-score": 30.9524
  },
  "clean_eval": {
    "f-score": 41.821946169772254,
    "precision": 41.56378600823045,
    "recall": 42.083333333333336,
    "tp": 101,
    "fp": 142,
    "fn": 139
  },
  "jaccard": [
    0.6268980477223427
  ],
  "braycurtis": [
    0.4540441176470588
  ],
  "dice": [
    0.4565560821484992
  ],
  "cosinus": [
    0.22731826691306234
  ]
}