{
  "voc_eval_res": {
    "precision": 23.8806,
    "recall": 50.0,
    "f-score": 32.3232
  },
  "KL_res": {
    "KL divergence": 2.0862887116808975,
    "Euclidean Dist.": 0.20557187606364485,
    "WER": 1.574468085106383,
    "CER": 1.3888888888888888,
    "Cosine Dist.": 0.28835422592043136
  },
  "occ_eval_res": {
    "precision": 29.6703,
    "recall": 57.4468,
    "f-score": 39.1304
  },
  "clean_eval": {
    "f-score": 13.990461049284578,
    "precision": 18.410041841004183,
    "recall": 11.282051282051283,
    "tp": 44,
    "fp": 195,
    "fn": 346
  },
  "jaccard": [
    0.6426056338028169
  ],
  "braycurtis": [
    0.49782293178519593
  ],
  "dice": [
    0.47341115434500647
  ],
  "cosinus": [
    0.19076410731525262
  ]
}