{
  "voc_eval_res": {
    "precision": 36.1702,
    "recall": 58.6207,
    "f-score": 44.7368
  },
  "KL_res": {
    "KL divergence": 2.0192958070063476,
    "Euclidean Dist.": 0.19532660965767884,
    "WER": 1.1666666666666667,
    "CER": 0.8712871287128713,
    "Cosine Dist.": 0.2855153346856978
  },
  "occ_eval_res": {
    "precision": 38.1818,
    "recall": 58.3333,
    "f-score": 46.1538
  },
  "clean_eval": {
    "f-score": 18.297872340425535,
    "precision": 19.457013574660635,
    "recall": 17.269076305220885,
    "tp": 43,
    "fp": 178,
    "fn": 206
  },
  "jaccard": [
    0.5572687224669604
  ],
  "braycurtis": [
    0.4088291746641075
  ],
  "dice": [
    0.38625954198473283
  ],
  "cosinus": [
    0.21028584442066378
  ]
}