{
  "voc_eval_res": {
    "precision": 41.4634,
    "recall": 50.0,
    "f-score": 45.3333
  },
  "KL_res": {
    "KL divergence": 2.9711853687763257,
    "Euclidean Dist.": 0.2191144378006622,
    "WER": 0.8958333333333334,
    "CER": 0.5708502024291497,
    "Cosine Dist.": 0.4168149430129009
  },
  "occ_eval_res": {
    "precision": 42.8571,
    "recall": 43.75,
    "f-score": 43.299
  },
  "clean_eval": {
    "f-score": 28.49162011173184,
    "precision": 30.630630630630627,
    "recall": 26.631853785900784,
    "tp": 102,
    "fp": 231,
    "fn": 281
  },
  "jaccard": [
    0.5543478260869565
  ],
  "braycurtis": [
    0.3932384341637011
  ],
  "dice": [
    0.38345864661654133
  ],
  "cosinus": [
    0.3181819698759851
  ]
}