{
  "voc_eval_res": {
    "precision": 40.0,
    "recall": 50.0,
    "f-score": 44.4444
  },
  "KL_res": {
    "KL divergence": 3.0883742235709875,
    "Euclidean Dist.": 0.291547594742265,
    "WER": 0.8333333333333334,
    "CER": 0.4307692307692308,
    "Cosine Dist.": 0.38278660015163246
  },
  "occ_eval_res": {
    "precision": 40.0,
    "recall": 50.0,
    "f-score": 44.4444
  },
  "clean_eval": {
    "f-score": 70.1923076923077,
    "precision": 71.56862745098039,
    "recall": 68.86792452830188,
    "tp": 73,
    "fp": 29,
    "fn": 33
  },
  "jaccard": [
    0.5950920245398773
  ],
  "braycurtis": [
    0.42857142857142855
  ],
  "dice": [
    0.42358078602620086
  ],
  "cosinus": [
    0.3422571183782964
  ]
}