{
  "voc_eval_res": {
    "precision": 16.0,
    "recall": 20.0,
    "f-score": 17.7778
  },
  "KL_res": {
    "KL divergence": 5.968706428664968,
    "Euclidean Dist.": 0.2881985740340383,
    "WER": 1.0454545454545454,
    "CER": 0.608,
    "Cosine Dist.": 0.753114640060653
  },
  "occ_eval_res": {
    "precision": 14.8148,
    "recall": 18.1818,
    "f-score": 16.3265
  },
  "clean_eval": {
    "f-score": 63.37209302325581,
    "precision": 62.643678160919535,
    "recall": 64.11764705882354,
    "tp": 109,
    "fp": 65,
    "fn": 61
  },
  "jaccard": [
    0.634375
  ],
  "braycurtis": [
    0.4557823129251701
  ],
  "dice": [
    0.4645308924485126
  ],
  "cosinus": [
    0.28115108974021275
  ]
}