{
  "voc_eval_res": {
    "precision": 58.9041,
    "recall": 69.3548,
    "f-score": 63.7037
  },
  "KL_res": {
    "KL divergence": 1.1570208385162013,
    "Euclidean Dist.": 0.12114639371558271,
    "WER": 0.6764705882352942,
    "CER": 0.4309210526315789,
    "Cosine Dist.": 0.14845901256311977
  },
  "occ_eval_res": {
    "precision": 62.6168,
    "recall": 65.6863,
    "f-score": 64.1148
  },
  "clean_eval": {
    "f-score": 31.295487627365354,
    "precision": 33.69905956112852,
    "recall": 29.21195652173913,
    "tp": 215,
    "fp": 423,
    "fn": 521
  },
  "jaccard": [
    0.393026941362916
  ],
  "braycurtis": [
    0.2641509433962264
  ],
  "dice": [
    0.2445759368836292
  ],
  "cosinus": [
    0.12678889733138854
  ]
}