{
  "voc_eval_res": {
    "precision": 36.3636,
    "recall": 48.4848,
    "f-score": 41.5584
  },
  "KL_res": {
    "KL divergence": 2.642739500215456,
    "Euclidean Dist.": 0.16853797905241527,
    "WER": 0.8974358974358975,
    "CER": 0.43309859154929575,
    "Cosine Dist.": 0.2903766622113527
  },
  "occ_eval_res": {
    "precision": 40.8163,
    "recall": 51.2821,
    "f-score": 45.4545
  },
  "clean_eval": {
    "f-score": 27.331189710610925,
    "precision": 30.357142857142854,
    "recall": 24.853801169590643,
    "tp": 85,
    "fp": 195,
    "fn": 257
  },
  "jaccard": [
    0.47689075630252103
  ],
  "braycurtis": [
    0.2901134521880065
  ],
  "dice": [
    0.31310344827586206
  ],
  "cosinus": [
    0.12107399248053219
  ]
}