{
  "voc_eval_res": {
    "precision": 26.6667,
    "recall": 66.6667,
    "f-score": 38.0952
  },
  "KL_res": {
    "KL divergence": 1.5375359078648598,
    "Euclidean Dist.": 0.27921580867050755,
    "WER": 1.3703703703703705,
    "CER": 1.0245398773006136,
    "Cosine Dist.": 0.27700719582865596
  },
  "occ_eval_res": {
    "precision": 31.3725,
    "recall": 59.2593,
    "f-score": 41.0256
  },
  "clean_eval": {
    "f-score": 20.930232558139533,
    "precision": 25.71428571428571,
    "recall": 17.647058823529413,
    "tp": 63,
    "fp": 182,
    "fn": 294
  },
  "jaccard": [
    0.6151960784313726
  ],
  "braycurtis": [
    0.46473029045643155
  ],
  "dice": [
    0.44424778761061945
  ],
  "cosinus": [
    0.2539014592140387
  ]
}