{
  "voc_eval_res": {
    "precision": 24.1379,
    "recall": 46.6667,
    "f-score": 31.8182
  },
  "KL_res": {
    "KL divergence": 3.1616799471831136,
    "Euclidean Dist.": 0.26964482812272395,
    "WER": 1.4375,
    "CER": 0.8709677419354839,
    "Cosine Dist.": 0.4167881564801956
  },
  "occ_eval_res": {
    "precision": 26.6667,
    "recall": 50.0,
    "f-score": 34.7826
  },
  "clean_eval": {
    "f-score": 63.777089783281724,
    "precision": 63.975155279503106,
    "recall": 63.580246913580254,
    "tp": 103,
    "fp": 58,
    "fn": 59
  },
  "jaccard": [
    0.6446991404011462
  ],
  "braycurtis": [
    0.4472049689440994
  ],
  "dice": [
    0.47568710359408034
  ],
  "cosinus": [
    0.2690013214704198
  ]
}