{
  "voc_eval_res": {
    "precision": 34.9206,
    "recall": 38.5965,
    "f-score": 36.6667
  },
  "KL_res": {
    "KL divergence": 2.554616143297875,
    "Euclidean Dist.": 0.15892823388869803,
    "WER": 0.7920792079207921,
    "CER": 0.5268630849220104,
    "Cosine Dist.": 0.3083314987549183
  },
  "occ_eval_res": {
    "precision": 42.8571,
    "recall": 35.6436,
    "f-score": 38.9189
  },
  "clean_eval": {
    "f-score": 10.321324245374878,
    "precision": 9.584086799276673,
    "recall": 11.181434599156118,
    "tp": 53,
    "fp": 500,
    "fn": 421
  },
  "jaccard": [
    0.569364161849711
  ],
  "braycurtis": [
    0.41725352112676056
  ],
  "dice": [
    0.397979797979798
  ],
  "cosinus": [
    0.23046201169202152
  ]
}