{
  "voc_eval_res": {
    "precision": 55.5556,
    "recall": 74.0741,
    "f-score": 63.4921
  },
  "KL_res": {
    "KL divergence": 1.0440902386599509,
    "Euclidean Dist.": 0.14936995860004634,
    "WER": 0.625,
    "CER": 0.5,
    "Cosine Dist.": 0.14338712514479102
  },
  "occ_eval_res": {
    "precision": 62.7907,
    "recall": 67.5,
    "f-score": 65.0602
  },
  "clean_eval": {
    "f-score": 35.12014787430684,
    "precision": 38.61788617886179,
    "recall": 32.20338983050847,
    "tp": 95,
    "fp": 151,
    "fn": 200
  },
  "jaccard": [
    0.38256658595641646
  ],
  "braycurtis": [
    0.2689393939393939
  ],
  "dice": [
    0.23652694610778444
  ],
  "cosinus": [
    0.16631782773107573
  ]
}