{
  "voc_eval_res": {
    "precision": 42.8571,
    "recall": 65.625,
    "f-score": 51.8519
  },
  "KL_res": {
    "KL divergence": 1.412650891684307,
    "Euclidean Dist.": 0.15835198433023157,
    "WER": 0.926829268292683,
    "CER": 0.8601694915254238,
    "Cosine Dist.": 0.19582468144012677
  },
  "occ_eval_res": {
    "precision": 46.7742,
    "recall": 70.7317,
    "f-score": 56.3107
  },
  "clean_eval": {
    "f-score": 45.086705202312146,
    "precision": 53.42465753424658,
    "recall": 39.0,
    "tp": 156,
    "fp": 136,
    "fn": 244
  },
  "jaccard": [
    0.5100806451612904
  ],
  "braycurtis": [
    0.36129032258064514
  ],
  "dice": [
    0.3423545331529093
  ],
  "cosinus": [
    0.2032513491984611
  ]
}