{
  "voc_eval_res": {
    "precision": 34.0909,
    "recall": 44.1176,
    "f-score": 38.4615
  },
  "KL_res": {
    "KL divergence": 3.2099008346002877,
    "Euclidean Dist.": 0.20937896000183975,
    "WER": 0.8888888888888888,
    "CER": 0.6164874551971327,
    "Cosine Dist.": 0.40418518742918563
  },
  "occ_eval_res": {
    "precision": 37.2549,
    "recall": 42.2222,
    "f-score": 39.5833
  },
  "clean_eval": {
    "f-score": 23.856209150326798,
    "precision": 25.435540069686414,
    "recall": 22.46153846153846,
    "tp": 73,
    "fp": 214,
    "fn": 252
  },
  "jaccard": [
    0.5925925925925926
  ],
  "braycurtis": [
    0.42237061769616024
  ],
  "dice": [
    0.42105263157894735
  ],
  "cosinus": [
    0.31623787555004834
  ]
}