{
  "voc_eval_res": {
    "precision": 31.7073,
    "recall": 55.3191,
    "f-score": 40.3101
  },
  "KL_res": {
    "KL divergence": 2.1705962800771914,
    "Euclidean Dist.": 0.1856699039616384,
    "WER": 1.2162162162162162,
    "CER": 0.8428246013667426,
    "Cosine Dist.": 0.3200377007482148
  },
  "occ_eval_res": {
    "precision": 32.7731,
    "recall": 52.7027,
    "f-score": 40.4145
  },
  "clean_eval": {
    "f-score": 19.930675909878683,
    "precision": 24.008350730688935,
    "recall": 17.037037037037038,
    "tp": 115,
    "fp": 364,
    "fn": 560
  },
  "jaccard": [
    0.5303030303030303
  ],
  "braycurtis": [
    0.43378607809847197
  ],
  "dice": [
    0.36082474226804123
  ],
  "cosinus": [
    0.2952057627749791
  ]
}