{
  "voc_eval_res": {
    "precision": 41.6667,
    "recall": 57.6923,
    "f-score": 48.3871
  },
  "KL_res": {
    "KL divergence": 2.2271147642113585,
    "Euclidean Dist.": 0.18446304257733026,
    "WER": 0.9259259259259259,
    "CER": 0.7758620689655172,
    "Cosine Dist.": 0.3016640612013697
  },
  "occ_eval_res": {
    "precision": 42.1053,
    "recall": 59.2593,
    "f-score": 49.2308
  },
  "clean_eval": {
    "f-score": 30.57851239669421,
    "precision": 34.418604651162795,
    "recall": 27.509293680297397,
    "tp": 74,
    "fp": 141,
    "fn": 195
  },
  "jaccard": [
    0.58675799086758
  ],
  "braycurtis": [
    0.4407158836689038
  ],
  "dice": [
    0.41518578352180935
  ],
  "cosinus": [
    0.31313925608316673
  ]
}