{
  "voc_eval_res": {
    "precision": 36.3636,
    "recall": 80.0,
    "f-score": 50.0
  },
  "KL_res": {
    "KL divergence": 1.067378094461403,
    "Euclidean Dist.": 0.3857127203249284,
    "WER": 1.1428571428571428,
    "CER": 0.5846153846153846,
    "Cosine Dist.": 0.16007894886838392
  },
  "occ_eval_res": {
    "precision": 46.1538,
    "recall": 85.7143,
    "f-score": 60.0
  },
  "clean_eval": {
    "f-score": 74.12587412587412,
    "precision": 70.66666666666667,
    "recall": 77.94117647058823,
    "tp": 53,
    "fp": 22,
    "fn": 15
  },
  "jaccard": [
    0.5563380281690141
  ],
  "braycurtis": [
    0.2875816993464052
  ],
  "dice": [
    0.3853658536585366
  ],
  "cosinus": [
    0.15214970969658825
  ]
}