{
  "voc_eval_res": {
    "precision": 41.9355,
    "recall": 65.0,
    "f-score": 50.9804
  },
  "KL_res": {
    "KL divergence": 1.4800868650464092,
    "Euclidean Dist.": 0.20139529798884573,
    "WER": 1.0384615384615385,
    "CER": 0.7528735632183908,
    "Cosine Dist.": 0.19730645736576968
  },
  "occ_eval_res": {
    "precision": 44.186,
    "recall": 73.0769,
    "f-score": 55.0725
  },
  "clean_eval": {
    "f-score": 22.141560798548092,
    "precision": 25.630252100840334,
    "recall": 19.488817891373802,
    "tp": 61,
    "fp": 177,
    "fn": 252
  },
  "jaccard": [
    0.5739795918367347
  ],
  "braycurtis": [
    0.376940133037694
  ],
  "dice": [
    0.40250447227191416
  ],
  "cosinus": [
    0.217444015736884
  ]
}