{
  "voc_eval_res": {
    "precision": 39.5833,
    "recall": 67.8571,
    "f-score": 50.0
  },
  "KL_res": {
    "KL divergence": 1.9880465877201001,
    "Euclidean Dist.": 0.19692890020394974,
    "WER": 0.875,
    "CER": 0.6018957345971564,
    "Cosine Dist.": 0.31782985480656445
  },
  "occ_eval_res": {
    "precision": 43.6364,
    "recall": 60.0,
    "f-score": 50.5263
  },
  "clean_eval": {
    "f-score": 29.430379746835445,
    "precision": 33.81818181818182,
    "recall": 26.05042016806723,
    "tp": 93,
    "fp": 182,
    "fn": 264
  },
  "jaccard": [
    0.5485327313769752
  ],
  "braycurtis": [
    0.4230055658627087
  ],
  "dice": [
    0.37791601866251945
  ],
  "cosinus": [
    0.35489728285307554
  ]
}