{
  "voc_eval_res": {
    "precision": 50.0,
    "recall": 41.1765,
    "f-score": 45.1613
  },
  "KL_res": {
    "KL divergence": 2.054270407812925,
    "Euclidean Dist.": 0.2590246038804494,
    "WER": 0.7307692307692307,
    "CER": 0.5882352941176471,
    "Cosine Dist.": 0.22497620270331542
  },
  "occ_eval_res": {
    "precision": 54.5455,
    "recall": 46.1538,
    "f-score": 50.0
  },
  "clean_eval": {
    "f-score": 61.392405063291136,
    "precision": 59.14634146341463,
    "recall": 63.81578947368421,
    "tp": 97,
    "fp": 67,
    "fn": 55
  },
  "jaccard": [
    0.6724137931034483
  ],
  "braycurtis": [
    0.4388185654008439
  ],
  "dice": [
    0.5064935064935064
  ],
  "cosinus": [
    0.27289466337907053
  ]
}