{
  "voc_eval_res": {
    "precision": 59.375,
    "recall": 51.3514,
    "f-score": 55.0725
  },
  "KL_res": {
    "KL divergence": 2.5384852522249712,
    "Euclidean Dist.": 0.19798989873223333,
    "WER": 0.6,
    "CER": 0.4090909090909091,
    "Cosine Dist.": 0.341263380451691
  },
  "occ_eval_res": {
    "precision": 61.1111,
    "recall": 44.0,
    "f-score": 51.1628
  },
  "clean_eval": {
    "f-score": 27.27272727272727,
    "precision": 24.92581602373887,
    "recall": 30.107526881720432,
    "tp": 84,
    "fp": 253,
    "fn": 195
  },
  "jaccard": [
    0.4316546762589928
  ],
  "braycurtis": [
    0.35221238938053095
  ],
  "dice": [
    0.27522935779816515
  ],
  "cosinus": [
    0.2419305037038253
  ]
}