{
  "voc_eval_res": {
    "precision": 7.5472,
    "recall": 16.6667,
    "f-score": 10.3896
  },
  "KL_res": {
    "KL divergence": 5.916183060843652,
    "Euclidean Dist.": 0.2536560609283726,
    "WER": 2.3703703703703702,
    "CER": 1.7195121951219512,
    "Cosine Dist.": 0.7908349933664811
  },
  "occ_eval_res": {
    "precision": 7.4627,
    "recall": 18.5185,
    "f-score": 10.6383
  },
  "clean_eval": {
    "f-score": 7.518796992481203,
    "precision": 11.904761904761903,
    "recall": 5.4945054945054945,
    "tp": 20,
    "fp": 148,
    "fn": 344
  },
  "jaccard": [
    0.7996031746031746
  ],
  "braycurtis": [
    0.7142857142857143
  ],
  "dice": [
    0.6661157024793388
  ],
  "cosinus": [
    0.5646011830717201
  ]
}