{
  "voc_eval_res": {
    "precision": 61.5385,
    "recall": 64.0,
    "f-score": 62.7451
  },
  "KL_res": {
    "KL divergence": 2.1119423360619263,
    "Euclidean Dist.": 0.2541269345547873,
    "WER": 0.6428571428571429,
    "CER": 0.4,
    "Cosine Dist.": 0.34466898439205074
  },
  "occ_eval_res": {
    "precision": 62.8571,
    "recall": 52.381,
    "f-score": 57.1429
  },
  "clean_eval": {
    "f-score": 40.95238095238095,
    "precision": 42.364532019704434,
    "recall": 39.63133640552996,
    "tp": 86,
    "fp": 117,
    "fn": 131
  },
  "jaccard": [
    0.5076452599388379
  ],
  "braycurtis": [
    0.4054726368159204
  ],
  "dice": [
    0.3401639344262295
  ],
  "cosinus": [
    0.43297077803700224
  ]
}