{
  "voc_eval_res": {
    "precision": 46.8085,
    "recall": 73.3333,
    "f-score": 57.1429
  },
  "KL_res": {
    "KL divergence": 1.364755620994709,
    "Euclidean Dist.": 0.1655315420599462,
    "WER": 1.0,
    "CER": 0.8132780082987552,
    "Cosine Dist.": 0.21162022545969694
  },
  "occ_eval_res": {
    "precision": 44.8276,
    "recall": 72.2222,
    "f-score": 55.3191
  },
  "clean_eval": {
    "f-score": 19.240506329113924,
    "precision": 24.358974358974358,
    "recall": 15.899581589958158,
    "tp": 76,
    "fp": 236,
    "fn": 402
  },
  "jaccard": [
    0.4527027027027027
  ],
  "braycurtis": [
    0.3575949367088608
  ],
  "dice": [
    0.2925764192139738
  ],
  "cosinus": [
    0.2692987091498862
  ]
}