{
  "voc_eval_res": {
    "precision": 32.3529,
    "recall": 64.7059,
    "f-score": 43.1373
  },
  "KL_res": {
    "KL divergence": 1.344449188454585,
    "Euclidean Dist.": 0.1746739833309286,
    "WER": 1.42,
    "CER": 1.5345622119815667,
    "Cosine Dist.": 0.18743836525688096
  },
  "occ_eval_res": {
    "precision": 37.234,
    "recall": 70.0,
    "f-score": 48.6111
  },
  "clean_eval": {
    "f-score": 21.71799027552674,
    "precision": 29.515418502202646,
    "recall": 17.17948717948718,
    "tp": 67,
    "fp": 160,
    "fn": 323
  },
  "jaccard": [
    0.6168384879725086
  ],
  "braycurtis": [
    0.497907949790795
  ],
  "dice": [
    0.44596273291925465
  ],
  "cosinus": [
    0.2216263076096454
  ]
}