{
  "voc_eval_res": {
    "precision": 15.2174,
    "recall": 43.75,
    "f-score": 22.5806
  },
  "KL_res": {
    "KL divergence": 2.0439478213304016,
    "Euclidean Dist.": 0.35979504642868326,
    "WER": 2.0,
    "CER": 1.2413793103448276,
    "Cosine Dist.": 0.1847779402850599
  },
  "occ_eval_res": {
    "precision": 26.3889,
    "recall": 67.8571,
    "f-score": 38.0
  },
  "clean_eval": {
    "f-score": 7.777777777777778,
    "precision": 10.81081081081081,
    "recall": 6.073752711496746,
    "tp": 28,
    "fp": 231,
    "fn": 433
  },
  "jaccard": [
    0.6830985915492958
  ],
  "braycurtis": [
    0.4339622641509434
  ],
  "dice": [
    0.5187165775401069
  ],
  "cosinus": [
    0.1985395040364608
  ]
}