{
  "voc_eval_res": {
    "precision": 40.625,
    "recall": 61.9048,
    "f-score": 49.0566
  },
  "KL_res": {
    "KL divergence": 2.0489673273784303,
    "Euclidean Dist.": 0.2350763733860893,
    "WER": 1.2608695652173914,
    "CER": 0.8955223880597015,
    "Cosine Dist.": 0.38293909265546655
  },
  "occ_eval_res": {
    "precision": 35.1351,
    "recall": 56.5217,
    "f-score": 43.3333
  },
  "clean_eval": {
    "f-score": 28.865979381443296,
    "precision": 42.42424242424242,
    "recall": 21.875,
    "tp": 56,
    "fp": 76,
    "fn": 200
  },
  "jaccard": [
    0.5284090909090909
  ],
  "braycurtis": [
    0.4099722991689751
  ],
  "dice": [
    0.3590733590733591
  ],
  "cosinus": [
    0.26184836662900624
  ]
}