{
  "voc_eval_res": {
    "precision": 26.3158,
    "recall": 45.4545,
    "f-score": 33.3333
  },
  "KL_res": {
    "KL divergence": 3.3204293541103027,
    "Euclidean Dist.": 0.3468108674447469,
    "WER": 1.4166666666666667,
    "CER": 1.2459016393442623,
    "Cosine Dist.": 0.5076340360826692
  },
  "occ_eval_res": {
    "precision": 25.0,
    "recall": 41.6667,
    "f-score": 31.25
  },
  "clean_eval": {
    "f-score": 61.53846153846154,
    "precision": 68.0,
    "recall": 56.19834710743802,
    "tp": 68,
    "fp": 32,
    "fn": 53
  },
  "jaccard": [
    0.639269406392694
  ],
  "braycurtis": [
    0.532608695652174
  ],
  "dice": [
    0.4697986577181208
  ],
  "cosinus": [
    0.42389967478462953
  ]
}