{
  "voc_eval_res": {
    "precision": 41.0526,
    "recall": 66.1017,
    "f-score": 50.6494
  },
  "KL_res": {
    "KL divergence": 1.593806169296562,
    "Euclidean Dist.": 0.1784993089770933,
    "WER": 0.9574468085106383,
    "CER": 0.7045009784735812,
    "Cosine Dist.": 0.34126592718193394
  },
  "occ_eval_res": {
    "precision": 40.5797,
    "recall": 59.5745,
    "f-score": 48.2759
  },
  "clean_eval": {
    "f-score": 37.96711509715995,
    "precision": 41.10032362459547,
    "recall": 35.27777777777778,
    "tp": 254,
    "fp": 364,
    "fn": 466
  },
  "jaccard": [
    0.4755244755244755
  ],
  "braycurtis": [
    0.3685800604229607
  ],
  "dice": [
    0.3119266055045872
  ],
  "cosinus": [
    0.22430381367220498
  ]
}