{
  "voc_eval_res": {
    "precision": 35.0877,
    "recall": 60.6061,
    "f-score": 44.4444
  },
  "KL_res": {
    "KL divergence": 1.3834237305725043,
    "Euclidean Dist.": 0.1572832257027047,
    "WER": 0.8048780487804879,
    "CER": 0.5842105263157895,
    "Cosine Dist.": 0.13725401496121636
  },
  "occ_eval_res": {
    "precision": 54.0,
    "recall": 65.8537,
    "f-score": 59.3407
  },
  "clean_eval": {
    "f-score": 22.064777327935225,
    "precision": 24.94279176201373,
    "recall": 19.782214156079856,
    "tp": 109,
    "fp": 328,
    "fn": 442
  },
  "jaccard": [
    0.4590818363273453
  ],
  "braycurtis": [
    0.31513903192584963
  ],
  "dice": [
    0.2979274611398964
  ],
  "cosinus": [
    0.19978726496839994
  ]
}