{
  "voc_eval_res": {
    "precision": 30.6122,
    "recall": 62.5,
    "f-score": 41.0959
  },
  "KL_res": {
    "KL divergence": 2.204049772828228,
    "Euclidean Dist.": 0.21528315122325029,
    "WER": 1.6666666666666667,
    "CER": 1.2568306010928962,
    "Cosine Dist.": 0.383982274204523
  },
  "occ_eval_res": {
    "precision": 28.8136,
    "recall": 62.963,
    "f-score": 39.5349
  },
  "clean_eval": {
    "f-score": 30.245746691871457,
    "precision": 35.24229074889868,
    "recall": 26.490066225165563,
    "tp": 80,
    "fp": 147,
    "fn": 222
  },
  "jaccard": [
    0.5760869565217391
  ],
  "braycurtis": [
    0.44770642201834865
  ],
  "dice": [
    0.40458015267175573
  ],
  "cosinus": [
    0.21168223376113593
  ]
}