{
  "voc_eval_res": {
    "precision": 57.1429,
    "recall": 80.0,
    "f-score": 66.6667
  },
  "KL_res": {
    "KL divergence": 0.8511116260244195,
    "Euclidean Dist.": 0.2248028740473102,
    "WER": 0.5294117647058824,
    "CER": 0.2825112107623318,
    "Cosine Dist.": 0.18599122674705448
  },
  "occ_eval_res": {
    "precision": 60.0,
    "recall": 70.5882,
    "f-score": 64.8649
  },
  "clean_eval": {
    "f-score": 12.154696132596685,
    "precision": 12.043795620437956,
    "recall": 12.267657992565056,
    "tp": 33,
    "fp": 241,
    "fn": 236
  },
  "jaccard": [
    0.3543859649122807
  ],
  "braycurtis": [
    0.24053452115812918
  ],
  "dice": [
    0.21535181236673773
  ],
  "cosinus": [
    0.10026248162352835
  ]
}