{
  "voc_eval_res": {
    "precision": 37.9747,
    "recall": 56.6038,
    "f-score": 45.4545
  },
  "KL_res": {
    "KL divergence": 1.8129166106402979,
    "Euclidean Dist.": 0.14903868401774567,
    "WER": 1.0138888888888888,
    "CER": 0.6492374727668845,
    "Cosine Dist.": 0.22773605540702058
  },
  "occ_eval_res": {
    "precision": 39.0909,
    "recall": 59.7222,
    "f-score": 47.2527
  },
  "clean_eval": {
    "f-score": 30.83475298126065,
    "precision": 32.612612612612615,
    "recall": 29.24071082390953,
    "tp": 181,
    "fp": 374,
    "fn": 438
  },
  "jaccard": [
    0.4750733137829912
  ],
  "braycurtis": [
    0.32194244604316546
  ],
  "dice": [
    0.31153846153846154
  ],
  "cosinus": [
    0.14537681578773665
  ]
}