{
  "voc_eval_res": {
    "precision": 49.2308,
    "recall": 56.1404,
    "f-score": 52.459
  },
  "KL_res": {
    "KL divergence": 1.535590962321682,
    "Euclidean Dist.": 0.11902497482544458,
    "WER": 0.6744186046511628,
    "CER": 0.40388349514563104,
    "Cosine Dist.": 0.13109991516709052
  },
  "occ_eval_res": {
    "precision": 57.732,
    "recall": 65.1163,
    "f-score": 61.2022
  },
  "clean_eval": {
    "f-score": 36.5625,
    "precision": 37.925445705024316,
    "recall": 35.294117647058826,
    "tp": 234,
    "fp": 383,
    "fn": 429
  },
  "jaccard": [
    0.4469820554649266
  ],
  "braycurtis": [
    0.2581786030061892
  ],
  "dice": [
    0.28781512605042014
  ],
  "cosinus": [
    0.13581087311168183
  ]
}