{
  "voc_eval_res": {
    "precision": 44.186,
    "recall": 66.6667,
    "f-score": 53.1469
  },
  "KL_res": {
    "KL divergence": 1.3014316392353351,
    "Euclidean Dist.": 0.13006888110612602,
    "WER": 0.92,
    "CER": 0.7041522491349481,
    "Cosine Dist.": 0.15430243446771663
  },
  "occ_eval_res": {
    "precision": 52.381,
    "recall": 66.0,
    "f-score": 58.4071
  },
  "clean_eval": {
    "f-score": 30.69511355815554,
    "precision": 32.794117647058826,
    "recall": 28.84864165588616,
    "tp": 223,
    "fp": 457,
    "fn": 550
  },
  "jaccard": [
    0.5028169014084507
  ],
  "braycurtis": [
    0.31059506531204645
  ],
  "dice": [
    0.33584195672624645
  ],
  "cosinus": [
    0.14818573654729195
  ]
}