{
  "voc_eval_res": {
    "precision": 44.0,
    "recall": 52.381,
    "f-score": 47.8261
  },
  "KL_res": {
    "KL divergence": 2.0583490786280625,
    "Euclidean Dist.": 0.15023547037222082,
    "WER": 0.7857142857142857,
    "CER": 0.522202486678508,
    "Cosine Dist.": 0.3415666052651203
  },
  "occ_eval_res": {
    "precision": 43.6893,
    "recall": 45.9184,
    "f-score": 44.7761
  },
  "clean_eval": {
    "f-score": 10.215482841181164,
    "precision": 10.50903119868637,
    "recall": 9.937888198757763,
    "tp": 64,
    "fp": 545,
    "fn": 580
  },
  "jaccard": [
    0.4681753889674682
  ],
  "braycurtis": [
    0.34675431388660644
  ],
  "dice": [
    0.3056325023084026
  ],
  "cosinus": [
    0.20190621890489746
  ]
}