{
  "voc_eval_res": {
    "precision": 34.0,
    "recall": 58.6207,
    "f-score": 43.038
  },
  "KL_res": {
    "KL divergence": 2.831813084109035,
    "Euclidean Dist.": 0.23966151489831652,
    "WER": 1.1904761904761905,
    "CER": 0.7623318385650224,
    "Cosine Dist.": 0.4757461815623908
  },
  "occ_eval_res": {
    "precision": 31.4286,
    "recall": 52.381,
    "f-score": 39.2857
  },
  "clean_eval": {
    "f-score": 24.92917847025496,
    "precision": 28.478964401294498,
    "recall": 22.16624685138539,
    "tp": 88,
    "fp": 221,
    "fn": 309
  },
  "jaccard": [
    0.5979381443298969
  ],
  "braycurtis": [
    0.45695364238410596
  ],
  "dice": [
    0.4264705882352941
  ],
  "cosinus": [
    0.37673294509136
  ]
}