{
  "voc_eval_res": {
    "precision": 42.8571,
    "recall": 60.0,
    "f-score": 50.0
  },
  "KL_res": {
    "KL divergence": 1.8688633689066496,
    "Euclidean Dist.": 0.16065883538786302,
    "WER": 1.0512820512820513,
    "CER": 0.801762114537445,
    "Cosine Dist.": 0.26296927763200684
  },
  "occ_eval_res": {
    "precision": 42.8571,
    "recall": 61.5385,
    "f-score": 50.5263
  },
  "clean_eval": {
    "f-score": 20.58371735791091,
    "precision": 27.459016393442624,
    "recall": 16.461916461916463,
    "tp": 67,
    "fp": 177,
    "fn": 340
  },
  "jaccard": [
    0.5394456289978679
  ],
  "braycurtis": [
    0.404553415061296
  ],
  "dice": [
    0.36934306569343067
  ],
  "cosinus": [
    0.22599178820182741
  ]
}