{
  "voc_eval_res": {
    "precision": 35.2941,
    "recall": 50.0,
    "f-score": 41.3793
  },
  "KL_res": {
    "KL divergence": 3.1374566865204834,
    "Euclidean Dist.": 0.29485202434946206,
    "WER": 1.0833333333333333,
    "CER": 0.8309859154929577,
    "Cosine Dist.": 0.41023217538041146
  },
  "occ_eval_res": {
    "precision": 35.2941,
    "recall": 50.0,
    "f-score": 41.3793
  },
  "clean_eval": {
    "f-score": 55.83756345177665,
    "precision": 69.62025316455697,
    "recall": 46.61016949152542,
    "tp": 55,
    "fp": 24,
    "fn": 63
  },
  "jaccard": [
    0.6341463414634146
  ],
  "braycurtis": [
    0.4619883040935672
  ],
  "dice": [
    0.4642857142857143
  ],
  "cosinus": [
    0.34893365238740937
  ]
}