{
  "voc_eval_res": {
    "precision": 52.0833,
    "recall": 51.0204,
    "f-score": 51.5464
  },
  "KL_res": {
    "KL divergence": 1.7500863221445315,
    "Euclidean Dist.": 0.16450644300958753,
    "WER": 0.9066666666666666,
    "CER": 0.7234567901234568,
    "Cosine Dist.": 0.25140553523672715
  },
  "occ_eval_res": {
    "precision": 53.125,
    "recall": 45.3333,
    "f-score": 48.9209
  },
  "clean_eval": {
    "f-score": 27.225130890052352,
    "precision": 27.586206896551722,
    "recall": 26.873385012919897,
    "tp": 104,
    "fp": 273,
    "fn": 283
  },
  "jaccard": [
    0.4893238434163701
  ],
  "braycurtis": [
    0.3354192740926158
  ],
  "dice": [
    0.32391048292108365
  ],
  "cosinus": [
    0.16064655669730044
  ]
}