{
  "voc_eval_res": {
    "precision": 48.8889,
    "recall": 45.8333,
    "f-score": 47.3118
  },
  "KL_res": {
    "KL divergence": 2.338839952641042,
    "Euclidean Dist.": 0.14446662179962486,
    "WER": 0.7894736842105263,
    "CER": 0.5636363636363636,
    "Cosine Dist.": 0.23107810805491513
  },
  "occ_eval_res": {
    "precision": 52.7273,
    "recall": 50.8772,
    "f-score": 51.7857
  },
  "clean_eval": {
    "f-score": 46.351931330472105,
    "precision": 47.928994082840234,
    "recall": 44.87534626038781,
    "tp": 162,
    "fp": 176,
    "fn": 199
  },
  "jaccard": [
    0.4990791896869245
  ],
  "braycurtis": [
    0.3174366616989568
  ],
  "dice": [
    0.3325153374233129
  ],
  "cosinus": [
    0.1749646161246048
  ]
}