{
  "voc_eval_res": {
    "precision": 42.8571,
    "recall": 53.3333,
    "f-score": 47.5248
  },
  "KL_res": {
    "KL divergence": 2.156079440020522,
    "Euclidean Dist.": 0.14052604188856652,
    "WER": 0.8214285714285714,
    "CER": 0.5727554179566563,
    "Cosine Dist.": 0.2379365244674556
  },
  "occ_eval_res": {
    "precision": 48.4848,
    "recall": 57.1429,
    "f-score": 52.459
  },
  "clean_eval": {
    "f-score": 30.532212885154063,
    "precision": 32.634730538922156,
    "recall": 28.68421052631579,
    "tp": 109,
    "fp": 225,
    "fn": 271
  },
  "jaccard": [
    0.515370705244123
  ],
  "braycurtis": [
    0.3548387096774194
  ],
  "dice": [
    0.3471376370280146
  ],
  "cosinus": [
    0.20412450750328726
  ]
}