{
  "voc_eval_res": {
    "precision": 45.8333,
    "recall": 36.6667,
    "f-score": 40.7407
  },
  "KL_res": {
    "KL divergence": 3.879790529866545,
    "Euclidean Dist.": 0.24032006053610908,
    "WER": 0.7941176470588235,
    "CER": 0.48128342245989303,
    "Cosine Dist.": 0.5109165124364666
  },
  "occ_eval_res": {
    "precision": 42.3077,
    "recall": 32.3529,
    "f-score": 36.6667
  },
  "clean_eval": {
    "f-score": 47.70240700218818,
    "precision": 41.44486692015209,
    "recall": 56.18556701030928,
    "tp": 109,
    "fp": 154,
    "fn": 85
  },
  "jaccard": [
    0.5276967930029155
  ],
  "braycurtis": [
    0.384180790960452
  ],
  "dice": [
    0.3584158415841584
  ],
  "cosinus": [
    0.26646736387166103
  ]
}