{
  "voc_eval_res": {
    "precision": 62.5,
    "recall": 71.4286,
    "f-score": 66.6667
  },
  "KL_res": {
    "KL divergence": 1.4513044458178896,
    "Euclidean Dist.": 0.21483364345641204,
    "WER": 0.6923076923076923,
    "CER": 0.4225352112676056,
    "Cosine Dist.": 0.2537313432835816
  },
  "occ_eval_res": {
    "precision": 58.6207,
    "recall": 65.3846,
    "f-score": 61.8182
  },
  "clean_eval": {
    "f-score": 39.25729442970822,
    "precision": 42.04545454545455,
    "recall": 36.81592039800995,
    "tp": 74,
    "fp": 102,
    "fn": 127
  },
  "jaccard": [
    0.5
  ],
  "braycurtis": [
    0.33865814696485624
  ],
  "dice": [
    0.3333333333333333
  ],
  "cosinus": [
    0.24528815113977676
  ]
}