{
  "voc_eval_res": {
    "precision": 33.3333,
    "recall": 26.6667,
    "f-score": 29.6296
  },
  "KL_res": {
    "KL divergence": 4.532084534469582,
    "Euclidean Dist.": 0.30531685210206594,
    "WER": 0.9375,
    "CER": 0.5056179775280899,
    "Cosine Dist.": 0.4030379942042909
  },
  "occ_eval_res": {
    "precision": 38.4615,
    "recall": 31.25,
    "f-score": 34.4828
  },
  "clean_eval": {
    "f-score": 9.923664122137406,
    "precision": 9.420289855072465,
    "recall": 10.483870967741936,
    "tp": 13,
    "fp": 125,
    "fn": 111
  },
  "jaccard": [
    0.615
  ],
  "braycurtis": [
    0.43636363636363634
  ],
  "dice": [
    0.44404332129963897
  ],
  "cosinus": [
    0.33229960083607557
  ]
}