{
  "voc_eval_res": {
    "precision": 25.9259,
    "recall": 50.0,
    "f-score": 34.1463
  },
  "KL_res": {
    "KL divergence": 2.1359198848450878,
    "Euclidean Dist.": 0.21141412085856426,
    "WER": 1.1296296296296295,
    "CER": 0.9456066945606695,
    "Cosine Dist.": 0.20244514060736085
  },
  "occ_eval_res": {
    "precision": 37.037,
    "recall": 55.5556,
    "f-score": 44.4444
  },
  "clean_eval": {
    "f-score": 17.15526601520087,
    "precision": 19.70074812967581,
    "recall": 15.192307692307692,
    "tp": 79,
    "fp": 322,
    "fn": 441
  },
  "jaccard": [
    0.6876155268022182
  ],
  "braycurtis": [
    0.4855403348554033
  ],
  "dice": [
    0.523943661971831
  ],
  "cosinus": [
    0.2548983053620334
  ]
}