{
  "voc_eval_res": {
    "precision": 18.1818,
    "recall": 33.3333,
    "f-score": 23.5294
  },
  "KL_res": {
    "KL divergence": 5.584592122948329,
    "Euclidean Dist.": 0.4775266574246814,
    "WER": 1.4285714285714286,
    "CER": 2.8181818181818183,
    "Cosine Dist.": 0.6655031959971638
  },
  "occ_eval_res": {
    "precision": 18.1818,
    "recall": 28.5714,
    "f-score": 22.2222
  },
  "clean_eval": {
    "f-score": 53.52112676056338,
    "precision": 73.07692307692307,
    "recall": 42.22222222222222,
    "tp": 38,
    "fp": 14,
    "fn": 52
  },
  "jaccard": [
    0.8095238095238095
  ],
  "braycurtis": [
    0.711340206185567
  ],
  "dice": [
    0.68
  ],
  "cosinus": [
    0.6501902103150085
  ]
}