{
  "voc_eval_res": {
    "precision": 10.2041,
    "recall": 20.8333,
    "f-score": 13.6986
  },
  "KL_res": {
    "KL divergence": 5.547264667605404,
    "Euclidean Dist.": 0.2566815529703905,
    "WER": 2.074074074074074,
    "CER": 1.528301886792453,
    "Cosine Dist.": 0.7930419177014982
  },
  "occ_eval_res": {
    "precision": 8.7719,
    "recall": 18.5185,
    "f-score": 11.9048
  },
  "clean_eval": {
    "f-score": 11.134020618556702,
    "precision": 16.16766467065868,
    "recall": 8.49056603773585,
    "tp": 27,
    "fp": 140,
    "fn": 291
  },
  "jaccard": [
    0.7780082987551867
  ],
  "braycurtis": [
    0.6915322580645161
  ],
  "dice": [
    0.6366723259762309
  ],
  "cosinus": [
    0.527538196107565
  ]
}