{
  "voc_eval_res": {
    "precision": 60.3774,
    "recall": 57.1429,
    "f-score": 58.7156
  },
  "KL_res": {
    "KL divergence": 1.7813677379812551,
    "Euclidean Dist.": 0.1398764887276108,
    "WER": 0.7,
    "CER": 0.504725897920605,
    "Cosine Dist.": 0.20030470316716487
  },
  "occ_eval_res": {
    "precision": 62.6667,
    "recall": 52.2222,
    "f-score": 56.9697
  },
  "clean_eval": {
    "f-score": 33.68983957219251,
    "precision": 34.36363636363636,
    "recall": 33.04195804195804,
    "tp": 189,
    "fp": 361,
    "fn": 383
  },
  "jaccard": [
    0.3874538745387454
  ],
  "braycurtis": [
    0.2909796314258002
  ],
  "dice": [
    0.2402745995423341
  ],
  "cosinus": [
    0.1720201029698627
  ]
}