{
  "voc_eval_res": {
    "precision": 8.3333,
    "recall": 33.3333,
    "f-score": 13.3333
  },
  "KL_res": {
    "KL divergence": 5.6913688836880905,
    "Euclidean Dist.": 0.6508541396588878,
    "WER": 3.6666666666666665,
    "CER": 1.4285714285714286,
    "Cosine Dist.": 0.7226499018873855
  },
  "occ_eval_res": {
    "precision": 8.3333,
    "recall": 33.3333,
    "f-score": 13.3333
  },
  "clean_eval": {
    "f-score": 32.81250000000001,
    "precision": 55.26315789473685,
    "recall": 23.333333333333332,
    "tp": 21,
    "fp": 17,
    "fn": 69
  },
  "jaccard": [
    0.6949152542372882
  ],
  "braycurtis": [
    0.5747126436781609
  ],
  "dice": [
    0.5324675324675324
  ],
  "cosinus": [
    0.521130609368792
  ]
}