{
  "voc_eval_res": {
    "precision": 33.3333,
    "recall": 33.3333,
    "f-score": 33.3333
  },
  "KL_res": {
    "KL divergence": 4.513196934646124,
    "Euclidean Dist.": 0.33333333333333337,
    "WER": 0.8333333333333334,
    "CER": 0.6440677966101694,
    "Cosine Dist.": 0.4999999999999999
  },
  "occ_eval_res": {
    "precision": 33.3333,
    "recall": 33.3333,
    "f-score": 33.3333
  },
  "clean_eval": {
    "f-score": 72.9064039408867,
    "precision": 73.26732673267327,
    "recall": 72.54901960784314,
    "tp": 74,
    "fp": 27,
    "fn": 28
  },
  "jaccard": [
    0.5738636363636364
  ],
  "braycurtis": [
    0.4057971014492754
  ],
  "dice": [
    0.40239043824701193
  ],
  "cosinus": [
    0.36130961497341474
  ]
}