{
  "voc_eval_res": {
    "precision": 53.8462,
    "recall": 77.7778,
    "f-score": 63.6364
  },
  "KL_res": {
    "KL divergence": 1.2416697795508156,
    "Euclidean Dist.": 0.28805516580459517,
    "WER": 0.9,
    "CER": 1.0212765957446808,
    "Cosine Dist.": 0.21045796604827705
  },
  "occ_eval_res": {
    "precision": 47.0588,
    "recall": 80.0,
    "f-score": 59.2593
  },
  "clean_eval": {
    "f-score": 65.74074074074075,
    "precision": 80.68181818181817,
    "recall": 55.46875,
    "tp": 71,
    "fp": 17,
    "fn": 57
  },
  "jaccard": [
    0.569620253164557
  ],
  "braycurtis": [
    0.4755244755244755
  ],
  "dice": [
    0.39823008849557523
  ],
  "cosinus": [
    0.4576263804113012
  ]
}