{
  "voc_eval_res": {
    "precision": 45.0,
    "recall": 60.0,
    "f-score": 51.4286
  },
  "KL_res": {
    "KL divergence": 2.5878697950769802,
    "Euclidean Dist.": 0.255868618630734,
    "WER": 0.9375,
    "CER": 0.47058823529411764,
    "Cosine Dist.": 0.3567324790973231
  },
  "occ_eval_res": {
    "precision": 45.0,
    "recall": 56.25,
    "f-score": 50.0
  },
  "clean_eval": {
    "f-score": 58.09128630705395,
    "precision": 61.40350877192983,
    "recall": 55.118110236220474,
    "tp": 70,
    "fp": 44,
    "fn": 57
  },
  "jaccard": [
    0.5043103448275862
  ],
  "braycurtis": [
    0.3798076923076923
  ],
  "dice": [
    0.3371757925072046
  ],
  "cosinus": [
    0.3711441426598099
  ]
}