{
  "voc_eval_res": {
    "precision": 50.0,
    "recall": 75.7576,
    "f-score": 60.241
  },
  "KL_res": {
    "KL divergence": 0.8634354278380905,
    "Euclidean Dist.": 0.1639253245158278,
    "WER": 0.6610169491525424,
    "CER": 0.549520766773163,
    "Cosine Dist.": 0.13342916482094758
  },
  "occ_eval_res": {
    "precision": 57.3333,
    "recall": 72.8814,
    "f-score": 64.1791
  },
  "clean_eval": {
    "f-score": 28.005657708628007,
    "precision": 28.125,
    "recall": 27.887323943661972,
    "tp": 99,
    "fp": 253,
    "fn": 256
  },
  "jaccard": [
    0.48283261802575106
  ],
  "braycurtis": [
    0.29532967032967034
  ],
  "dice": [
    0.31824611032531824
  ],
  "cosinus": [
    0.1076366889391569
  ]
}