{
  "voc_eval_res": {
    "precision": 36.5854,
    "recall": 44.1176,
    "f-score": 40.0
  },
  "KL_res": {
    "KL divergence": 3.2531578957163996,
    "Euclidean Dist.": 0.19380166608612787,
    "WER": 0.918918918918919,
    "CER": 0.6787564766839378,
    "Cosine Dist.": 0.4434586181259206
  },
  "occ_eval_res": {
    "precision": 34.0909,
    "recall": 40.5405,
    "f-score": 37.037
  },
  "clean_eval": {
    "f-score": 24.017467248908297,
    "precision": 24.017467248908297,
    "recall": 24.017467248908297,
    "tp": 55,
    "fp": 174,
    "fn": 174
  },
  "jaccard": [
    0.6068181818181818
  ],
  "braycurtis": [
    0.459954233409611
  ],
  "dice": [
    0.4355628058727569
  ],
  "cosinus": [
    0.31372820920750344
  ]
}