{
  "voc_eval_res": {
    "precision": 44.4444,
    "recall": 50.0,
    "f-score": 47.0588
  },
  "KL_res": {
    "KL divergence": 2.1572677737239254,
    "Euclidean Dist.": 0.15290785332932486,
    "WER": 0.8688524590163934,
    "CER": 0.6385869565217391,
    "Cosine Dist.": 0.3026981861753456
  },
  "occ_eval_res": {
    "precision": 45.9016,
    "recall": 45.9016,
    "f-score": 45.9016
  },
  "clean_eval": {
    "f-score": 14.91442542787286,
    "precision": 14.91442542787286,
    "recall": 14.91442542787286,
    "tp": 61,
    "fp": 348,
    "fn": 348
  },
  "jaccard": [
    0.540133779264214
  ],
  "braycurtis": [
    0.3751651254953765
  ],
  "dice": [
    0.3699885452462772
  ],
  "cosinus": [
    0.17397960581889904
  ]
}