{
  "voc_eval_res": {
    "precision": 60.5263,
    "recall": 71.875,
    "f-score": 65.7143
  },
  "KL_res": {
    "KL divergence": 0.8927395846629256,
    "Euclidean Dist.": 0.12521230849855064,
    "WER": 0.48936170212765956,
    "CER": 0.18092105263157895,
    "Cosine Dist.": 0.09813673023159608
  },
  "occ_eval_res": {
    "precision": 64.2857,
    "recall": 76.5957,
    "f-score": 69.9029
  },
  "clean_eval": {
    "f-score": 37.18750000000001,
    "precision": 35.0,
    "recall": 39.666666666666664,
    "tp": 119,
    "fp": 221,
    "fn": 181
  },
  "jaccard": [
    0.30886075949367087
  ],
  "braycurtis": [
    0.16118935837245696
  ],
  "dice": [
    0.18263473053892215
  ],
  "cosinus": [
    0.06681849768245696
  ]
}