{
  "voc_eval_res": {
    "precision": 33.3333,
    "recall": 68.0,
    "f-score": 44.7368
  },
  "KL_res": {
    "KL divergence": 1.971223814023129,
    "Euclidean Dist.": 0.2102747198032783,
    "WER": 1.68,
    "CER": 1.3896103896103895,
    "Cosine Dist.": 0.4106933334143019
  },
  "occ_eval_res": {
    "precision": 29.3103,
    "recall": 68.0,
    "f-score": 40.9639
  },
  "clean_eval": {
    "f-score": 22.108843537414966,
    "precision": 34.21052631578947,
    "recall": 16.331658291457288,
    "tp": 65,
    "fp": 125,
    "fn": 333
  },
  "jaccard": [
    0.5492341356673961
  ],
  "braycurtis": [
    0.49423076923076925
  ],
  "dice": [
    0.37858220211161386
  ],
  "cosinus": [
    0.3346641002247315
  ]
}