{
  "voc_eval_res": {
    "precision": 41.9355,
    "recall": 61.9048,
    "f-score": 50.0
  },
  "KL_res": {
    "KL divergence": 1.671570548896618,
    "Euclidean Dist.": 0.18883377004517693,
    "WER": 1.0,
    "CER": 0.8581081081081081,
    "Cosine Dist.": 0.1964926239916298
  },
  "occ_eval_res": {
    "precision": 47.2222,
    "recall": 65.3846,
    "f-score": 54.8387
  },
  "clean_eval": {
    "f-score": 68.71794871794872,
    "precision": 69.79166666666666,
    "recall": 67.67676767676768,
    "tp": 134,
    "fp": 58,
    "fn": 64
  },
  "jaccard": [
    0.6270270270270271
  ],
  "braycurtis": [
    0.44623655913978494
  ],
  "dice": [
    0.4566929133858268
  ],
  "cosinus": [
    0.2387463248301427
  ]
}