{
  "voc_eval_res": {
    "precision": 23.6842,
    "recall": 81.8182,
    "f-score": 36.7347
  },
  "KL_res": {
    "KL divergence": 1.3918122800895079,
    "Euclidean Dist.": 0.3641362287478224,
    "WER": 2.4285714285714284,
    "CER": 1.6022727272727273,
    "Cosine Dist.": 0.34939995136764457
  },
  "occ_eval_res": {
    "precision": 26.087,
    "recall": 85.7143,
    "f-score": 40.0
  },
  "clean_eval": {
    "f-score": 33.60433604336044,
    "precision": 49.6,
    "recall": 25.40983606557377,
    "tp": 62,
    "fp": 63,
    "fn": 182
  },
  "jaccard": [
    0.6805970149253732
  ],
  "braycurtis": [
    0.528023598820059
  ],
  "dice": [
    0.5158371040723982
  ],
  "cosinus": [
    0.3429613146906443
  ]
}