{
  "voc_eval_res": {
    "precision": 30.0,
    "recall": 50.0,
    "f-score": 37.5
  },
  "KL_res": {
    "KL divergence": 2.4652893809431524,
    "Euclidean Dist.": 0.18553664110352966,
    "WER": 1.6097560975609757,
    "CER": 1.1460176991150441,
    "Cosine Dist.": 0.39952114060954613
  },
  "occ_eval_res": {
    "precision": 25.9259,
    "recall": 51.2195,
    "f-score": 34.4262
  },
  "clean_eval": {
    "f-score": 17.64705882352941,
    "precision": 24.152542372881356,
    "recall": 13.902439024390246,
    "tp": 57,
    "fp": 179,
    "fn": 353
  },
  "jaccard": [
    0.5815602836879432
  ],
  "braycurtis": [
    0.4828101644245142
  ],
  "dice": [
    0.41
  ],
  "cosinus": [
    0.27726279049620417
  ]
}