{
  "voc_eval_res": {
    "precision": 9.0909,
    "recall": 66.6667,
    "f-score": 16.0
  },
  "KL_res": {
    "KL divergence": 3.283358609156433,
    "Euclidean Dist.": 0.7004664332518592,
    "WER": 7.0,
    "CER": 3.8214285714285716,
    "Cosine Dist.": 0.6557348136704517
  },
  "occ_eval_res": {
    "precision": 8.6957,
    "recall": 66.6667,
    "f-score": 15.3846
  },
  "clean_eval": {
    "f-score": 36.024844720496894,
    "precision": 76.31578947368422,
    "recall": 23.577235772357724,
    "tp": 29,
    "fp": 9,
    "fn": 94
  },
  "jaccard": [
    0.7461139896373057
  ],
  "braycurtis": [
    0.6792452830188679
  ],
  "dice": [
    0.5950413223140496
  ],
  "cosinus": [
    0.531656103202437
  ]
}