{
  "voc_eval_res": {
    "precision": 31.4286,
    "recall": 68.75,
    "f-score": 43.1373
  },
  "KL_res": {
    "KL divergence": 0.9736657752944348,
    "Euclidean Dist.": 0.15730027346985181,
    "WER": 1.280701754385965,
    "CER": 1.09,
    "Cosine Dist.": 0.09645542949858477
  },
  "occ_eval_res": {
    "precision": 40.8696,
    "recall": 82.4561,
    "f-score": 54.6512
  },
  "clean_eval": {
    "f-score": 25.573770491803277,
    "precision": 35.670731707317074,
    "recall": 19.931856899488924,
    "tp": 117,
    "fp": 211,
    "fn": 470
  },
  "jaccard": [
    0.54421768707483
  ],
  "braycurtis": [
    0.41125541125541126
  ],
  "dice": [
    0.37383177570093457
  ],
  "cosinus": [
    0.1278043508229597
  ]
}