{
  "voc_eval_res": {
    "precision": 42.8571,
    "recall": 66.6667,
    "f-score": 52.1739
  },
  "KL_res": {
    "KL divergence": 2.0618963832287602,
    "Euclidean Dist.": 0.3110463165438956,
    "WER": 0.8888888888888888,
    "CER": 0.7878787878787878,
    "Cosine Dist.": 0.3071796769724492
  },
  "occ_eval_res": {
    "precision": 42.8571,
    "recall": 66.6667,
    "f-score": 52.1739
  },
  "clean_eval": {
    "f-score": 63.1578947368421,
    "precision": 77.92207792207793,
    "recall": 53.09734513274337,
    "tp": 60,
    "fp": 17,
    "fn": 53
  },
  "jaccard": [
    0.48947368421052634
  ],
  "braycurtis": [
    0.3712574850299401
  ],
  "dice": [
    0.3240418118466899
  ],
  "cosinus": [
    0.3217660471447392
  ]
}