{
  "voc_eval_res": {
    "precision": 53.8462,
    "recall": 52.5,
    "f-score": 53.1646
  },
  "KL_res": {
    "KL divergence": 2.6682127383485663,
    "Euclidean Dist.": 0.18746027411727426,
    "WER": 0.6538461538461539,
    "CER": 0.4953271028037383,
    "Cosine Dist.": 0.37612053309506266
  },
  "occ_eval_res": {
    "precision": 55.5556,
    "recall": 48.0769,
    "f-score": 51.5464
  },
  "clean_eval": {
    "f-score": 33.81180223285486,
    "precision": 32.31707317073171,
    "recall": 35.45150501672241,
    "tp": 106,
    "fp": 222,
    "fn": 193
  },
  "jaccard": [
    0.48268398268398266
  ],
  "braycurtis": [
    0.38102893890675243
  ],
  "dice": [
    0.3181169757489301
  ],
  "cosinus": [
    0.293722588805153
  ]
}