{
  "voc_eval_res": {
    "precision": 61.1111,
    "recall": 45.8333,
    "f-score": 52.381
  },
  "KL_res": {
    "KL divergence": 2.6758583640288496,
    "Euclidean Dist.": 0.22623119934163716,
    "WER": 0.6,
    "CER": 0.47643979057591623,
    "Cosine Dist.": 0.17857380772967135
  },
  "occ_eval_res": {
    "precision": 62.5,
    "recall": 50.0,
    "f-score": 55.5556
  },
  "clean_eval": {
    "f-score": 45.96774193548387,
    "precision": 45.41832669322709,
    "recall": 46.53061224489796,
    "tp": 114,
    "fp": 137,
    "fn": 131
  },
  "jaccard": [
    0.44947735191637633
  ],
  "braycurtis": [
    0.325068870523416
  ],
  "dice": [
    0.2898876404494382
  ],
  "cosinus": [
    0.23253828013255018
  ]
}