{
  "voc_eval_res": {
    "precision": 42.3077,
    "recall": 75.8621,
    "f-score": 54.321
  },
  "KL_res": {
    "KL divergence": 1.0740806229041693,
    "Euclidean Dist.": 0.18493423557471264,
    "WER": 1.1590909090909092,
    "CER": 0.8841201716738197,
    "Cosine Dist.": 0.20082834132116378
  },
  "occ_eval_res": {
    "precision": 43.75,
    "recall": 79.5455,
    "f-score": 56.4516
  },
  "clean_eval": {
    "f-score": 24.684431977559605,
    "precision": 28.947368421052634,
    "recall": 21.515892420537895,
    "tp": 88,
    "fp": 216,
    "fn": 321
  },
  "jaccard": [
    0.5526881720430108
  ],
  "braycurtis": [
    0.395738203957382
  ],
  "dice": [
    0.3818722139673105
  ],
  "cosinus": [
    0.16750893878119677
  ]
}