{
  "voc_eval_res": {
    "precision": 20.0,
    "recall": 56.25,
    "f-score": 29.5082
  },
  "KL_res": {
    "KL divergence": 2.931364523603973,
    "Euclidean Dist.": 0.280095403406559,
    "WER": 2.090909090909091,
    "CER": 1.782258064516129,
    "Cosine Dist.": 0.358605436333165
  },
  "occ_eval_res": {
    "precision": 20.6897,
    "recall": 54.5455,
    "f-score": 30.0
  },
  "clean_eval": {
    "f-score": 14.285714285714288,
    "precision": 21.62162162162162,
    "recall": 10.666666666666668,
    "tp": 40,
    "fp": 145,
    "fn": 335
  },
  "jaccard": [
    0.6733668341708543
  ],
  "braycurtis": [
    0.5961123110151187
  ],
  "dice": [
    0.5075757575757576
  ],
  "cosinus": [
    0.37179848487153866
  ]
}