{
  "voc_eval_res": {
    "precision": 36.7347,
    "recall": 56.25,
    "f-score": 44.4444
  },
  "KL_res": {
    "KL divergence": 2.44649652187856,
    "Euclidean Dist.": 0.1830233495694014,
    "WER": 1.28125,
    "CER": 1.1287128712871286,
    "Cosine Dist.": 0.3999999999999999
  },
  "occ_eval_res": {
    "precision": 32.7273,
    "recall": 56.25,
    "f-score": 41.3793
  },
  "clean_eval": {
    "f-score": 24.34017595307918,
    "precision": 36.08695652173913,
    "recall": 18.36283185840708,
    "tp": 83,
    "fp": 147,
    "fn": 369
  },
  "jaccard": [
    0.5
  ],
  "braycurtis": [
    0.42589437819420783
  ],
  "dice": [
    0.3333333333333333
  ],
  "cosinus": [
    0.23363884963494974
  ]
}