{
  "voc_eval_res": {
    "precision": 39.1304,
    "recall": 52.9412,
    "f-score": 45.0
  },
  "KL_res": {
    "KL divergence": 1.307096051214054,
    "Euclidean Dist.": 0.12084784378548948,
    "WER": 0.68,
    "CER": 0.4807692307692308,
    "Cosine Dist.": 0.07581797597720064
  },
  "occ_eval_res": {
    "precision": 59.7701,
    "recall": 69.3333,
    "f-score": 64.1975
  },
  "clean_eval": {
    "f-score": 13.333333333333336,
    "precision": 14.975845410628018,
    "recall": 12.015503875968992,
    "tp": 62,
    "fp": 352,
    "fn": 454
  },
  "jaccard": [
    0.4725050916496945
  ],
  "braycurtis": [
    0.26376146788990823
  ],
  "dice": [
    0.30933333333333335
  ],
  "cosinus": [
    0.10183790272449877
  ]
}