{
  "voc_eval_res": {
    "precision": 55.3846,
    "recall": 60.0,
    "f-score": 57.6
  },
  "KL_res": {
    "KL divergence": 1.3158567240096735,
    "Euclidean Dist.": 0.11021532469356976,
    "WER": 0.6136363636363636,
    "CER": 0.37816764132553604,
    "Cosine Dist.": 0.10842079146846895
  },
  "occ_eval_res": {
    "precision": 61.2903,
    "recall": 64.7727,
    "f-score": 62.9834
  },
  "clean_eval": {
    "f-score": 47.70206022187005,
    "precision": 47.70206022187005,
    "recall": 47.70206022187005,
    "tp": 301,
    "fp": 330,
    "fn": 330
  },
  "jaccard": [
    0.4205607476635514
  ],
  "braycurtis": [
    0.2468354430379747
  ],
  "dice": [
    0.26627218934911245
  ],
  "cosinus": [
    0.09167764683450808
  ]
}