{
  "voc_eval_res": {
    "precision": 24.2857,
    "recall": 51.5152,
    "f-score": 33.0097
  },
  "KL_res": {
    "KL divergence": 2.4579549740591755,
    "Euclidean Dist.": 0.22364265046821455,
    "WER": 1.6829268292682926,
    "CER": 1.2736318407960199,
    "Cosine Dist.": 0.43702716051041623
  },
  "occ_eval_res": {
    "precision": 23.5294,
    "recall": 48.7805,
    "f-score": 31.746
  },
  "clean_eval": {
    "f-score": 37.16535433070866,
    "precision": 44.696969696969695,
    "recall": 31.805929919137466,
    "tp": 118,
    "fp": 146,
    "fn": 253
  },
  "jaccard": [
    0.6445993031358885
  ],
  "braycurtis": [
    0.5411392405063291
  ],
  "dice": [
    0.4755784061696658
  ],
  "cosinus": [
    0.3290045653925644
  ]
}