{
  "voc_eval_res": {
    "precision": 44.4444,
    "recall": 61.5385,
    "f-score": 51.6129
  },
  "KL_res": {
    "KL divergence": 1.7381531945574844,
    "Euclidean Dist.": 0.22861817657648534,
    "WER": 0.9375,
    "CER": 0.7209302325581395,
    "Cosine Dist.": 0.16990292484707936
  },
  "occ_eval_res": {
    "precision": 50.0,
    "recall": 68.75,
    "f-score": 57.8947
  },
  "clean_eval": {
    "f-score": 63.67346938775511,
    "precision": 68.42105263157895,
    "recall": 59.541984732824424,
    "tp": 78,
    "fp": 36,
    "fn": 53
  },
  "jaccard": [
    0.6203703703703703
  ],
  "braycurtis": [
    0.39622641509433965
  ],
  "dice": [
    0.44966442953020136
  ],
  "cosinus": [
    0.21942941742635136
  ]
}