{
  "voc_eval_res": {
    "precision": 21.6216,
    "recall": 33.3333,
    "f-score": 26.2295
  },
  "KL_res": {
    "KL divergence": 4.408363431458908,
    "Euclidean Dist.": 0.23588783266931704,
    "WER": 1.36,
    "CER": 0.7452229299363057,
    "Cosine Dist.": 0.5806860653112325
  },
  "occ_eval_res": {
    "precision": 19.5122,
    "recall": 32.0,
    "f-score": 24.2424
  },
  "clean_eval": {
    "f-score": 50.87281795511222,
    "precision": 43.96551724137931,
    "recall": 60.35502958579882,
    "tp": 102,
    "fp": 130,
    "fn": 67
  },
  "jaccard": [
    0.6522842639593909
  ],
  "braycurtis": [
    0.5415549597855228
  ],
  "dice": [
    0.4839924670433145
  ],
  "cosinus": [
    0.4163203647640876
  ]
}