{
  "voc_eval_res": {
    "precision": 19.0476,
    "recall": 22.2222,
    "f-score": 20.5128
  },
  "KL_res": {
    "KL divergence": 5.943716056690126,
    "Euclidean Dist.": 0.30860669992418377,
    "WER": 0.9047619047619048,
    "CER": 0.7387387387387387,
    "Cosine Dist.": 0.7214757504708834
  },
  "occ_eval_res": {
    "precision": 19.0476,
    "recall": 19.0476,
    "f-score": 19.0476
  },
  "clean_eval": {
    "f-score": 52.63157894736843,
    "precision": 52.980132450331126,
    "recall": 52.28758169934641,
    "tp": 80,
    "fp": 71,
    "fn": 73
  },
  "jaccard": [
    0.6752767527675276
  ],
  "braycurtis": [
    0.5434782608695652
  ],
  "dice": [
    0.5097493036211699
  ],
  "cosinus": [
    0.394400382956973
  ]
}