{
  "voc_eval_res": {
    "precision": 38.4615,
    "recall": 76.9231,
    "f-score": 51.2821
  },
  "KL_res": {
    "KL divergence": 1.4808642246330168,
    "Euclidean Dist.": 0.28793777672494825,
    "WER": 1.2857142857142858,
    "CER": 0.6666666666666666,
    "Cosine Dist.": 0.3356361611700803
  },
  "occ_eval_res": {
    "precision": 35.7143,
    "recall": 71.4286,
    "f-score": 47.619
  },
  "clean_eval": {
    "f-score": 57.75862068965518,
    "precision": 64.42307692307693,
    "recall": 52.34375,
    "tp": 67,
    "fp": 37,
    "fn": 61
  },
  "jaccard": [
    0.46062992125984253
  ],
  "braycurtis": [
    0.3424124513618677
  ],
  "dice": [
    0.29923273657289
  ],
  "cosinus": [
    0.22796491935401253
  ]
}