{
  "voc_eval_res": {
    "precision": 30.0,
    "recall": 85.7143,
    "f-score": 44.4444
  },
  "KL_res": {
    "KL divergence": 0.8065592062054423,
    "Euclidean Dist.": 0.33797167347428086,
    "WER": 1.0769230769230769,
    "CER": 1.1304347826086956,
    "Cosine Dist.": 0.1488077174417095
  },
  "occ_eval_res": {
    "precision": 44.0,
    "recall": 84.6154,
    "f-score": 57.8947
  },
  "clean_eval": {
    "f-score": 43.445692883895134,
    "precision": 64.44444444444444,
    "recall": 32.7683615819209,
    "tp": 58,
    "fp": 32,
    "fn": 119
  },
  "jaccard": [
    0.6666666666666666
  ],
  "braycurtis": [
    0.4444444444444444
  ],
  "dice": [
    0.5
  ],
  "cosinus": [
    0.270441827433738
  ]
}