{
  "voc_eval_res": {
    "precision": 40.625,
    "recall": 65.0,
    "f-score": 50.0
  },
  "KL_res": {
    "KL divergence": 1.6311435809270254,
    "Euclidean Dist.": 0.198230148690111,
    "WER": 1.1320754716981132,
    "CER": 0.8211920529801324,
    "Cosine Dist.": 0.34544684035402207
  },
  "occ_eval_res": {
    "precision": 40.7895,
    "recall": 58.4906,
    "f-score": 48.062
  },
  "clean_eval": {
    "f-score": 23.107569721115535,
    "precision": 27.531645569620256,
    "recall": 19.908466819221967,
    "tp": 87,
    "fp": 229,
    "fn": 350
  },
  "jaccard": [
    0.5231910946196661
  ],
  "braycurtis": [
    0.3892709766162311
  ],
  "dice": [
    0.3542713567839196
  ],
  "cosinus": [
    0.23302207791060325
  ]
}