{
  "voc_eval_res": {
    "precision": 35.4167,
    "recall": 54.8387,
    "f-score": 43.038
  },
  "KL_res": {
    "KL divergence": 1.974012031039964,
    "Euclidean Dist.": 0.1798785096084845,
    "WER": 0.975609756097561,
    "CER": 0.8793103448275862,
    "Cosine Dist.": 0.2679714620930246
  },
  "occ_eval_res": {
    "precision": 39.6552,
    "recall": 56.0976,
    "f-score": 46.4646
  },
  "clean_eval": {
    "f-score": 38.68065967016492,
    "precision": 41.082802547770704,
    "recall": 36.54390934844193,
    "tp": 129,
    "fp": 185,
    "fn": 224
  },
  "jaccard": [
    0.5476190476190477
  ],
  "braycurtis": [
    0.39403973509933776
  ],
  "dice": [
    0.3770491803278688
  ],
  "cosinus": [
    0.21240675364983108
  ]
}