{
  "voc_eval_res": {
    "precision": 28.169,
    "recall": 62.5,
    "f-score": 38.835
  },
  "KL_res": {
    "KL divergence": 1.1654399305011685,
    "Euclidean Dist.": 0.15634397219458657,
    "WER": 1.4545454545454546,
    "CER": 1.2508710801393728,
    "Cosine Dist.": 0.1017666704235628
  },
  "occ_eval_res": {
    "precision": 37.3913,
    "recall": 78.1818,
    "f-score": 50.5882
  },
  "clean_eval": {
    "f-score": 21.295279912184412,
    "precision": 29.66360856269113,
    "recall": 16.60958904109589,
    "tp": 97,
    "fp": 230,
    "fn": 487
  },
  "jaccard": [
    0.6055646481178396
  ],
  "braycurtis": [
    0.4638949671772429
  ],
  "dice": [
    0.43427230046948356
  ],
  "cosinus": [
    0.16360706176110706
  ]
}