{
  "voc_eval_res": {
    "precision": 39.7436,
    "recall": 57.4074,
    "f-score": 46.9697
  },
  "KL_res": {
    "KL divergence": 2.0842252838239617,
    "Euclidean Dist.": 0.18458030865231873,
    "WER": 1.0459770114942528,
    "CER": 0.759493670886076,
    "Cosine Dist.": 0.45246217406943456
  },
  "occ_eval_res": {
    "precision": 35.3448,
    "recall": 47.1264,
    "f-score": 40.3941
  },
  "clean_eval": {
    "f-score": 10.731707317073171,
    "precision": 12.915851272015654,
    "recall": 9.17941585535466,
    "tp": 66,
    "fp": 445,
    "fn": 653
  },
  "jaccard": [
    0.5519203413940256
  ],
  "braycurtis": [
    0.44036697247706424
  ],
  "dice": [
    0.381139489194499
  ],
  "cosinus": [
    0.29734318874515075
  ]
}