{
  "voc_eval_res": {
    "precision": 34.4828,
    "recall": 35.7143,
    "f-score": 35.0877
  },
  "KL_res": {
    "KL divergence": 3.2447685645443265,
    "Euclidean Dist.": 0.22399332664305613,
    "WER": 0.9705882352941176,
    "CER": 0.7098445595854922,
    "Cosine Dist.": 0.41808562603735366
  },
  "occ_eval_res": {
    "precision": 35.2941,
    "recall": 35.2941,
    "f-score": 35.2941
  },
  "clean_eval": {
    "f-score": 48.35164835164836,
    "precision": 39.71119133574007,
    "recall": 61.79775280898876,
    "tp": 110,
    "fp": 167,
    "fn": 68
  },
  "jaccard": [
    0.6143958868894601
  ],
  "braycurtis": [
    0.47560975609756095
  ],
  "dice": [
    0.44341372912801486
  ],
  "cosinus": [
    0.3867967522057838
  ]
}