{
  "voc_eval_res": {
    "precision": 15.3846,
    "recall": 66.6667,
    "f-score": 25.0
  },
  "KL_res": {
    "KL divergence": 1.7248157023731996,
    "Euclidean Dist.": 0.6110100926607788,
    "WER": 2.2,
    "CER": 1.0204081632653061,
    "Cosine Dist.": 0.2531839551850614
  },
  "occ_eval_res": {
    "precision": 26.6667,
    "recall": 80.0,
    "f-score": 40.0
  },
  "clean_eval": {
    "f-score": 69.01408450704226,
    "precision": 79.03225806451613,
    "recall": 61.25000000000001,
    "tp": 49,
    "fp": 13,
    "fn": 31
  },
  "jaccard": [
    0.6756756756756757
  ],
  "braycurtis": [
    0.3904109589041096
  ],
  "dice": [
    0.5102040816326531
  ],
  "cosinus": [
    0.2088921895297382
  ]
}