{
  "voc_eval_res": {
    "precision": 26.506,
    "recall": 52.381,
    "f-score": 35.2
  },
  "KL_res": {
    "KL divergence": 2.4662163012864617,
    "Euclidean Dist.": 0.1664075468423524,
    "WER": 1.5192307692307692,
    "CER": 1.189102564102564,
    "Cosine Dist.": 0.3807753764365661
  },
  "occ_eval_res": {
    "precision": 27.451,
    "recall": 53.8462,
    "f-score": 36.3636
  },
  "clean_eval": {
    "f-score": 25.813449023861175,
    "precision": 32.33695652173913,
    "recall": 21.48014440433213,
    "tp": 119,
    "fp": 249,
    "fn": 435
  },
  "jaccard": [
    0.6192660550458715
  ],
  "braycurtis": [
    0.4956896551724138
  ],
  "dice": [
    0.4485049833887043
  ],
  "cosinus": [
    0.24946635084162605
  ]
}