{
  "voc_eval_res": {
    "precision": 47.0588,
    "recall": 47.0588,
    "f-score": 47.0588
  },
  "KL_res": {
    "KL divergence": 3.946565396195778,
    "Euclidean Dist.": 0.3264272159864292,
    "WER": 0.6451612903225806,
    "CER": 0.4460431654676259,
    "Cosine Dist.": 0.4637992624888909
  },
  "occ_eval_res": {
    "precision": 52.381,
    "recall": 35.4839,
    "f-score": 42.3077
  },
  "clean_eval": {
    "f-score": 56.206088992974244,
    "precision": 57.971014492753625,
    "recall": 54.54545454545454,
    "tp": 120,
    "fp": 87,
    "fn": 100
  },
  "jaccard": [
    0.6200716845878136
  ],
  "braycurtis": [
    0.48231511254019294
  ],
  "dice": [
    0.44935064935064933
  ],
  "cosinus": [
    0.5148527305559347
  ]
}