{
  "voc_eval_res": {
    "precision": 53.3333,
    "recall": 44.4444,
    "f-score": 48.4848
  },
  "KL_res": {
    "KL divergence": 2.874614625500215,
    "Euclidean Dist.": 0.2675116819879087,
    "WER": 1.0,
    "CER": 0.7346938775510204,
    "Cosine Dist.": 0.36371523702422237
  },
  "occ_eval_res": {
    "precision": 50.0,
    "recall": 40.0,
    "f-score": 44.4444
  },
  "clean_eval": {
    "f-score": 53.69649805447471,
    "precision": 45.6953642384106,
    "recall": 65.09433962264151,
    "tp": 69,
    "fp": 82,
    "fn": 37
  },
  "jaccard": [
    0.5841121495327103
  ],
  "braycurtis": [
    0.4540540540540541
  ],
  "dice": [
    0.41254125412541254
  ],
  "cosinus": [
    0.37588943819162224
  ]
}