{
  "voc_eval_res": {
    "precision": 37.037,
    "recall": 68.9655,
    "f-score": 48.1928
  },
  "KL_res": {
    "KL divergence": 1.569916085532311,
    "Euclidean Dist.": 0.1644163957534521,
    "WER": 1.34375,
    "CER": 1.0255102040816326,
    "Cosine Dist.": 0.23202020167798854
  },
  "occ_eval_res": {
    "precision": 37.7049,
    "recall": 71.875,
    "f-score": 49.4624
  },
  "clean_eval": {
    "f-score": 16.50793650793651,
    "precision": 20.55335968379447,
    "recall": 13.793103448275861,
    "tp": 52,
    "fp": 201,
    "fn": 325
  },
  "jaccard": [
    0.563169164882227
  ],
  "braycurtis": [
    0.42397137745974955
  ],
  "dice": [
    0.3919523099850969
  ],
  "cosinus": [
    0.21069971690392963
  ]
}