{
  "voc_eval_res": {
    "precision": 45.0,
    "recall": 45.0,
    "f-score": 45.0
  },
  "KL_res": {
    "KL divergence": 3.393168749049691,
    "Euclidean Dist.": 0.2510940145817701,
    "WER": 0.6956521739130435,
    "CER": 0.41353383458646614,
    "Cosine Dist.": 0.41998520943425854
  },
  "occ_eval_res": {
    "precision": 45.0,
    "recall": 39.1304,
    "f-score": 41.8605
  },
  "clean_eval": {
    "f-score": 50.0,
    "precision": 45.0,
    "recall": 56.25,
    "tp": 99,
    "fp": 121,
    "fn": 77
  },
  "jaccard": [
    0.4708029197080292
  ],
  "braycurtis": [
    0.3489208633093525
  ],
  "dice": [
    0.30787589498806683
  ],
  "cosinus": [
    0.24205927167476116
  ]
}