{
  "voc_eval_res": {
    "precision": 21.4286,
    "recall": 51.7241,
    "f-score": 30.303
  },
  "KL_res": {
    "KL divergence": 2.8655797240693066,
    "Euclidean Dist.": 0.20349195695189448,
    "WER": 2.1,
    "CER": 1.5829145728643217,
    "Cosine Dist.": 0.4876081045279359
  },
  "occ_eval_res": {
    "precision": 20.2703,
    "recall": 50.0,
    "f-score": 28.8462
  },
  "clean_eval": {
    "f-score": 9.6045197740113,
    "precision": 14.71861471861472,
    "recall": 7.127882599580712,
    "tp": 34,
    "fp": 197,
    "fn": 443
  },
  "jaccard": [
    0.6331738437001595
  ],
  "braycurtis": [
    0.5475177304964539
  ],
  "dice": [
    0.4632438739789965
  ],
  "cosinus": [
    0.2807550420577344
  ]
}