{
  "voc_eval_res": {
    "precision": 35.5556,
    "recall": 51.6129,
    "f-score": 42.1053
  },
  "KL_res": {
    "KL divergence": 2.8843176878468197,
    "Euclidean Dist.": 0.22583332907428796,
    "WER": 1.025,
    "CER": 0.8130841121495327,
    "Cosine Dist.": 0.4900495373713356
  },
  "occ_eval_res": {
    "precision": 35.0877,
    "recall": 50.0,
    "f-score": 41.2371
  },
  "clean_eval": {
    "f-score": 32.32323232323232,
    "precision": 35.8974358974359,
    "recall": 29.396325459317584,
    "tp": 112,
    "fp": 200,
    "fn": 269
  },
  "jaccard": [
    0.5943775100401606
  ],
  "braycurtis": [
    0.46
  ],
  "dice": [
    0.4228571428571429
  ],
  "cosinus": [
    0.355299637789819
  ]
}