{
  "voc_eval_res": {
    "precision": 54.1667,
    "recall": 83.871,
    "f-score": 65.8228
  },
  "KL_res": {
    "KL divergence": 0.5216379130163571,
    "Euclidean Dist.": 0.1264257164080913,
    "WER": 0.4727272727272727,
    "CER": 0.3782894736842105,
    "Cosine Dist.": 0.05997751997486278
  },
  "occ_eval_res": {
    "precision": 65.7534,
    "recall": 87.2727,
    "f-score": 75.0
  },
  "clean_eval": {
    "f-score": 31.722054380664655,
    "precision": 33.12302839116719,
    "recall": 30.434782608695656,
    "tp": 105,
    "fp": 212,
    "fn": 240
  },
  "jaccard": [
    0.4099526066350711
  ],
  "braycurtis": [
    0.21458625525946703
  ],
  "dice": [
    0.2578241430700447
  ],
  "cosinus": [
    0.05983988544325669
  ]
}