{
  "voc_eval_res": {
    "precision": 33.3333,
    "recall": 46.1538,
    "f-score": 38.7097
  },
  "KL_res": {
    "KL divergence": 2.674398748361967,
    "Euclidean Dist.": 0.2142786469240052,
    "WER": 1.0,
    "CER": 0.580952380952381,
    "Cosine Dist.": 0.3539250958884457
  },
  "occ_eval_res": {
    "precision": 34.8837,
    "recall": 46.875,
    "f-score": 40.0
  },
  "clean_eval": {
    "f-score": 17.24770642201835,
    "precision": 18.57707509881423,
    "recall": 16.095890410958905,
    "tp": 47,
    "fp": 206,
    "fn": 245
  },
  "jaccard": [
    0.5697399527186762
  ],
  "braycurtis": [
    0.37367303609341823
  ],
  "dice": [
    0.39834710743801655
  ],
  "cosinus": [
    0.19996718205660347
  ]
}