{
  "voc_eval_res": {
    "precision": 38.4615,
    "recall": 62.5,
    "f-score": 47.619
  },
  "KL_res": {
    "KL divergence": 1.6660372908551877,
    "Euclidean Dist.": 0.1662245455655796,
    "WER": 1.1025641025641026,
    "CER": 1.0572916666666667,
    "Cosine Dist.": 0.25597389061458886
  },
  "occ_eval_res": {
    "precision": 42.3729,
    "recall": 64.1026,
    "f-score": 51.0204
  },
  "clean_eval": {
    "f-score": 20.037807183364837,
    "precision": 22.943722943722943,
    "recall": 17.78523489932886,
    "tp": 53,
    "fp": 178,
    "fn": 245
  },
  "jaccard": [
    0.5477178423236515
  ],
  "braycurtis": [
    0.4119922630560928
  ],
  "dice": [
    0.37714285714285717
  ],
  "cosinus": [
    0.22483054605435993
  ]
}