{
  "voc_eval_res": {
    "precision": 36.7347,
    "recall": 56.25,
    "f-score": 44.4444
  },
  "KL_res": {
    "KL divergence": 2.350283721267361,
    "Euclidean Dist.": 0.197161986604648,
    "WER": 1.0930232558139534,
    "CER": 0.7106382978723405,
    "Cosine Dist.": 0.3727912591507505
  },
  "occ_eval_res": {
    "precision": 35.5932,
    "recall": 48.8372,
    "f-score": 41.1765
  },
  "clean_eval": {
    "f-score": 26.928471248246844,
    "precision": 28.65671641791045,
    "recall": 25.396825396825395,
    "tp": 96,
    "fp": 239,
    "fn": 282
  },
  "jaccard": [
    0.5983935742971888
  ],
  "braycurtis": [
    0.45869947275922673
  ],
  "dice": [
    0.4269340974212034
  ],
  "cosinus": [
    0.32508362735770846
  ]
}