{
  "voc_eval_res": {
    "precision": 29.0323,
    "recall": 42.8571,
    "f-score": 34.6154
  },
  "KL_res": {
    "KL divergence": 2.925920757885523,
    "Euclidean Dist.": 0.2195120033147186,
    "WER": 1.0384615384615385,
    "CER": 0.8657718120805369,
    "Cosine Dist.": 0.2666001143981499
  },
  "occ_eval_res": {
    "precision": 32.4324,
    "recall": 46.1538,
    "f-score": 38.0952
  },
  "clean_eval": {
    "f-score": 21.729490022172946,
    "precision": 30.81761006289308,
    "recall": 16.78082191780822,
    "tp": 49,
    "fp": 110,
    "fn": 243
  },
  "jaccard": [
    0.6472222222222223
  ],
  "braycurtis": [
    0.4857142857142857
  ],
  "dice": [
    0.4784394250513347
  ],
  "cosinus": [
    0.2751460051666291
  ]
}