{
  "voc_eval_res": {
    "precision": 39.3939,
    "recall": 68.4211,
    "f-score": 50.0
  },
  "KL_res": {
    "KL divergence": 1.234095302851785,
    "Euclidean Dist.": 0.19982812273026673,
    "WER": 1.0714285714285714,
    "CER": 0.6976744186046512,
    "Cosine Dist.": 0.18282433904441597
  },
  "occ_eval_res": {
    "precision": 42.8571,
    "recall": 75.0,
    "f-score": 54.5455
  },
  "clean_eval": {
    "f-score": 42.38683127572017,
    "precision": 43.829787234042556,
    "recall": 41.03585657370518,
    "tp": 103,
    "fp": 132,
    "fn": 148
  },
  "jaccard": [
    0.5465465465465466
  ],
  "braycurtis": [
    0.3401360544217687
  ],
  "dice": [
    0.3760330578512397
  ],
  "cosinus": [
    0.1450650316565053
  ]
}