{
  "voc_eval_res": {
    "precision": 42.8571,
    "recall": 62.069,
    "f-score": 50.7042
  },
  "KL_res": {
    "KL divergence": 1.2750559654054925,
    "Euclidean Dist.": 0.1364332513849366,
    "WER": 0.9047619047619048,
    "CER": 0.7227272727272728,
    "Cosine Dist.": 0.08886745775623395
  },
  "occ_eval_res": {
    "precision": 46.2687,
    "recall": 73.8095,
    "f-score": 56.8807
  },
  "clean_eval": {
    "f-score": 26.174496644295303,
    "precision": 34.51327433628318,
    "recall": 21.08108108108108,
    "tp": 78,
    "fp": 148,
    "fn": 292
  },
  "jaccard": [
    0.5330188679245284
  ],
  "braycurtis": [
    0.3581081081081081
  ],
  "dice": [
    0.3633440514469453
  ],
  "cosinus": [
    0.1088120509012952
  ]
}