{
  "voc_eval_res": {
    "precision": 26.9231,
    "recall": 50.0,
    "f-score": 35.0
  },
  "KL_res": {
    "KL divergence": 2.3015872456317243,
    "Euclidean Dist.": 0.3167939627487836,
    "WER": 1.4210526315789473,
    "CER": 1.1595744680851063,
    "Cosine Dist.": 0.34788868324862177
  },
  "occ_eval_res": {
    "precision": 28.5714,
    "recall": 52.6316,
    "f-score": 37.037
  },
  "clean_eval": {
    "f-score": 43.046357615894046,
    "precision": 55.55555555555556,
    "recall": 35.13513513513514,
    "tp": 65,
    "fp": 52,
    "fn": 120
  },
  "jaccard": [
    0.5754385964912281
  ],
  "braycurtis": [
    0.4794520547945205
  ],
  "dice": [
    0.4039408866995074
  ],
  "cosinus": [
    0.3215846119117326
  ]
}