{
  "voc_eval_res": {
    "precision": 14.2857,
    "recall": 33.3333,
    "f-score": 20.0
  },
  "KL_res": {
    "KL divergence": 5.47594346821341,
    "Euclidean Dist.": 0.6459361888690731,
    "WER": 2.0,
    "CER": 1.0357142857142858,
    "Cosine Dist.": 0.6464466094067263
  },
  "occ_eval_res": {
    "precision": 14.2857,
    "recall": 33.3333,
    "f-score": 20.0
  },
  "clean_eval": {
    "f-score": 42.69662921348314,
    "precision": 50.0,
    "recall": 37.254901960784316,
    "tp": 19,
    "fp": 19,
    "fn": 32
  },
  "jaccard": [
    0.7604166666666666
  ],
  "braycurtis": [
    0.6229508196721312
  ],
  "dice": [
    0.6134453781512605
  ],
  "cosinus": [
    0.5912980161672432
  ]
}