{
  "voc_eval_res": {
    "precision": 20.6522,
    "recall": 51.3514,
    "f-score": 29.4574
  },
  "KL_res": {
    "KL divergence": 2.7451986242453152,
    "Euclidean Dist.": 0.21948936874117111,
    "WER": 2.577777777777778,
    "CER": 2.027237354085603,
    "Cosine Dist.": 0.6181286365242873
  },
  "occ_eval_res": {
    "precision": 17.037,
    "recall": 51.1111,
    "f-score": 25.5556
  },
  "clean_eval": {
    "f-score": 13.357731015553522,
    "precision": 23.856209150326798,
    "recall": 9.275730622617536,
    "tp": 73,
    "fp": 233,
    "fn": 714
  },
  "jaccard": [
    0.6656760772659732
  ],
  "braycurtis": [
    0.6095143706640238
  ],
  "dice": [
    0.49888641425389757
  ],
  "cosinus": [
    0.42659688960548714
  ]
}