{
  "voc_eval_res": {
    "precision": 43.4783,
    "recall": 76.9231,
    "f-score": 55.5556
  },
  "KL_res": {
    "KL divergence": 1.317985179010084,
    "Euclidean Dist.": 0.3112213918192288,
    "WER": 0.9375,
    "CER": 0.6568627450980392,
    "Cosine Dist.": 0.32530091506001324
  },
  "occ_eval_res": {
    "precision": 43.4783,
    "recall": 62.5,
    "f-score": 51.2821
  },
  "clean_eval": {
    "f-score": 60.53639846743296,
    "precision": 67.52136752136752,
    "recall": 54.861111111111114,
    "tp": 79,
    "fp": 38,
    "fn": 65
  },
  "jaccard": [
    0.4185022026431718
  ],
  "braycurtis": [
    0.3306122448979592
  ],
  "dice": [
    0.2646239554317549
  ],
  "cosinus": [
    0.2327374463998978
  ]
}