{
  "voc_eval_res": {
    "precision": 50.0,
    "recall": 46.6667,
    "f-score": 48.2759
  },
  "KL_res": {
    "KL divergence": 2.4834380604712827,
    "Euclidean Dist.": 0.18339068466952177,
    "WER": 0.7631578947368421,
    "CER": 0.5043103448275862,
    "Cosine Dist.": 0.21378862103499996
  },
  "occ_eval_res": {
    "precision": 52.7778,
    "recall": 50.0,
    "f-score": 51.3514
  },
  "clean_eval": {
    "f-score": 44.320297951582866,
    "precision": 42.34875444839858,
    "recall": 46.484375,
    "tp": 119,
    "fp": 162,
    "fn": 137
  },
  "jaccard": [
    0.4289855072463768
  ],
  "braycurtis": [
    0.30303030303030304
  ],
  "dice": [
    0.2730627306273063
  ],
  "cosinus": [
    0.17956895484095903
  ]
}