{
  "voc_eval_res": {
    "precision": 29.7297,
    "recall": 34.375,
    "f-score": 31.8841
  },
  "KL_res": {
    "KL divergence": 2.6918942713596103,
    "Euclidean Dist.": 0.17508870753004133,
    "WER": 0.8636363636363636,
    "CER": 0.6129032258064516,
    "Cosine Dist.": 0.21333266189011246
  },
  "occ_eval_res": {
    "precision": 42.2222,
    "recall": 43.1818,
    "f-score": 42.6966
  },
  "clean_eval": {
    "f-score": 38.00738007380074,
    "precision": 38.86792452830189,
    "recall": 37.18411552346571,
    "tp": 103,
    "fp": 162,
    "fn": 174
  },
  "jaccard": [
    0.6331877729257642
  ],
  "braycurtis": [
    0.43288590604026844
  ],
  "dice": [
    0.46325878594249204
  ],
  "cosinus": [
    0.21248760849602
  ]
}