{
  "voc_eval_res": {
    "precision": 46.3415,
    "recall": 67.8571,
    "f-score": 55.0725
  },
  "KL_res": {
    "KL divergence": 2.0118919796762658,
    "Euclidean Dist.": 0.25258661880630173,
    "WER": 0.84,
    "CER": 0.630901287553648,
    "Cosine Dist.": 0.3972966537547594
  },
  "occ_eval_res": {
    "precision": 48.0769,
    "recall": 50.0,
    "f-score": 49.0196
  },
  "clean_eval": {
    "f-score": 24.362606232294617,
    "precision": 25.981873111782477,
    "recall": 22.933333333333334,
    "tp": 86,
    "fp": 245,
    "fn": 289
  },
  "jaccard": [
    0.5465116279069767
  ],
  "braycurtis": [
    0.4258289703315881
  ],
  "dice": [
    0.376
  ],
  "cosinus": [
    0.3954974423393385
  ]
}