{
  "voc_eval_res": {
    "precision": 41.6667,
    "recall": 35.7143,
    "f-score": 38.4615
  },
  "KL_res": {
    "KL divergence": 4.034205100926154,
    "Euclidean Dist.": 0.32004773949452536,
    "WER": 0.75,
    "CER": 0.5116279069767442,
    "Cosine Dist.": 0.44998090178307326
  },
  "occ_eval_res": {
    "precision": 41.6667,
    "recall": 31.25,
    "f-score": 35.7143
  },
  "clean_eval": {
    "f-score": 47.368421052631575,
    "precision": 39.416058394160586,
    "recall": 59.34065934065934,
    "tp": 54,
    "fp": 83,
    "fn": 37
  },
  "jaccard": [
    0.6119402985074627
  ],
  "braycurtis": [
    0.43452380952380953
  ],
  "dice": [
    0.44086021505376344
  ],
  "cosinus": [
    0.35949866382017626
  ]
}