{
  "voc_eval_res": {
    "precision": 35.7143,
    "recall": 45.4545,
    "f-score": 40.0
  },
  "KL_res": {
    "KL divergence": 2.3356884339265225,
    "Euclidean Dist.": 0.3702111926461622,
    "WER": 0.9375,
    "CER": 0.7560975609756098,
    "Cosine Dist.": 0.3694717112445369
  },
  "occ_eval_res": {
    "precision": 33.3333,
    "recall": 37.5,
    "f-score": 35.2941
  },
  "clean_eval": {
    "f-score": 55.41125541125541,
    "precision": 60.952380952380956,
    "recall": 50.79365079365079,
    "tp": 64,
    "fp": 41,
    "fn": 62
  },
  "jaccard": [
    0.5806451612903226
  ],
  "braycurtis": [
    0.5195530726256983
  ],
  "dice": [
    0.4090909090909091
  ],
  "cosinus": [
    0.4353240113478415
  ]
}