{
  "voc_eval_res": {
    "precision": 55.5556,
    "recall": 55.5556,
    "f-score": 55.5556
  },
  "KL_res": {
    "KL divergence": 2.568071858480776,
    "Euclidean Dist.": 0.2968293093494793,
    "WER": 0.625,
    "CER": 0.41379310344827586,
    "Cosine Dist.": 0.20788196561866046
  },
  "occ_eval_res": {
    "precision": 66.6667,
    "recall": 50.0,
    "f-score": 57.1429
  },
  "clean_eval": {
    "f-score": 68.4931506849315,
    "precision": 68.4931506849315,
    "recall": 68.4931506849315,
    "tp": 100,
    "fp": 46,
    "fn": 46
  },
  "jaccard": [
    0.55625
  ],
  "braycurtis": [
    0.36363636363636365
  ],
  "dice": [
    0.3852813852813853
  ],
  "cosinus": [
    0.2647481626524435
  ]
}