{
  "voc_eval_res": {
    "precision": 24.359,
    "recall": 50.0,
    "f-score": 32.7586
  },
  "KL_res": {
    "KL divergence": 2.5578370669384842,
    "Euclidean Dist.": 0.1849043525096727,
    "WER": 1.5714285714285714,
    "CER": 1.053125,
    "Cosine Dist.": 0.4116832723256372
  },
  "occ_eval_res": {
    "precision": 26.2626,
    "recall": 53.0612,
    "f-score": 35.1351
  },
  "clean_eval": {
    "f-score": 21.12820512820513,
    "precision": 29.76878612716763,
    "recall": 16.375198728139907,
    "tp": 103,
    "fp": 243,
    "fn": 526
  },
  "jaccard": [
    0.6060100166944908
  ],
  "braycurtis": [
    0.4485776805251641
  ],
  "dice": [
    0.4347305389221557
  ],
  "cosinus": [
    0.27188247559605205
  ]
}