{
  "voc_eval_res": {
    "precision": 36.6667,
    "recall": 64.7059,
    "f-score": 46.8085
  },
  "KL_res": {
    "KL divergence": 2.6490147148538528,
    "Euclidean Dist.": 0.2625887308192947,
    "WER": 1.0476190476190477,
    "CER": 1.028301886792453,
    "Cosine Dist.": 0.4392695793421201
  },
  "occ_eval_res": {
    "precision": 34.375,
    "recall": 52.381,
    "f-score": 41.5094
  },
  "clean_eval": {
    "f-score": 36.31578947368421,
    "precision": 49.64028776978417,
    "recall": 28.63070539419087,
    "tp": 69,
    "fp": 70,
    "fn": 172
  },
  "jaccard": [
    0.5880503144654088
  ],
  "braycurtis": [
    0.5094339622641509
  ],
  "dice": [
    0.41648106904231624
  ],
  "cosinus": [
    0.4231309960209888
  ]
}