{
  "voc_eval_res": {
    "precision": 40.4762,
    "recall": 54.8387,
    "f-score": 46.5753
  },
  "KL_res": {
    "KL divergence": 2.5465026022276627,
    "Euclidean Dist.": 0.18539518218690376,
    "WER": 0.8461538461538461,
    "CER": 0.7403846153846154,
    "Cosine Dist.": 0.34883720930232553
  },
  "occ_eval_res": {
    "precision": 42.5532,
    "recall": 51.2821,
    "f-score": 46.5116
  },
  "clean_eval": {
    "f-score": 37.29372937293729,
    "precision": 44.66403162055336,
    "recall": 32.01133144475921,
    "tp": 113,
    "fp": 140,
    "fn": 240
  },
  "jaccard": [
    0.5588865096359743
  ],
  "braycurtis": [
    0.4110898661567878
  ],
  "dice": [
    0.38781575037147104
  ],
  "cosinus": [
    0.2770230612024278
  ]
}