{
  "voc_eval_res": {
    "precision": 13.5135,
    "recall": 22.7273,
    "f-score": 16.9492
  },
  "KL_res": {
    "KL divergence": 4.631001589257128,
    "Euclidean Dist.": 0.24833734498002735,
    "WER": 1.6666666666666667,
    "CER": 1.1636363636363636,
    "Cosine Dist.": 0.5182534721113656
  },
  "occ_eval_res": {
    "precision": 15.6863,
    "recall": 29.6296,
    "f-score": 20.5128
  },
  "clean_eval": {
    "f-score": 6.530612244897959,
    "precision": 8.55614973262032,
    "recall": 5.2805280528052805,
    "tp": 16,
    "fp": 171,
    "fn": 287
  },
  "jaccard": [
    0.7296747967479674
  ],
  "braycurtis": [
    0.6058091286307054
  ],
  "dice": [
    0.5744
  ],
  "cosinus": [
    0.45806995582829046
  ]
}