{
  "voc_eval_res": {
    "precision": 25.0,
    "recall": 44.4444,
    "f-score": 32.0
  },
  "KL_res": {
    "KL divergence": 3.7913547104843586,
    "Euclidean Dist.": 0.35708222589395666,
    "WER": 1.3333333333333333,
    "CER": 1.0666666666666667,
    "Cosine Dist.": 0.5038610616431662
  },
  "occ_eval_res": {
    "precision": 25.0,
    "recall": 44.4444,
    "f-score": 32.0
  },
  "clean_eval": {
    "f-score": 67.6470588235294,
    "precision": 70.40816326530613,
    "recall": 65.09433962264151,
    "tp": 69,
    "fp": 29,
    "fn": 37
  },
  "jaccard": [
    0.678391959798995
  ],
  "braycurtis": [
    0.55
  ],
  "dice": [
    0.5133079847908745
  ],
  "cosinus": [
    0.44532584518169793
  ]
}