{
  "voc_eval_res": {
    "precision": 30.4348,
    "recall": 61.7647,
    "f-score": 40.7767
  },
  "KL_res": {
    "KL divergence": 1.878591687427154,
    "Euclidean Dist.": 0.17026361842428503,
    "WER": 1.8205128205128205,
    "CER": 1.4063926940639269,
    "Cosine Dist.": 0.3062683396602587
  },
  "occ_eval_res": {
    "precision": 27.7778,
    "recall": 64.1026,
    "f-score": 38.7597
  },
  "clean_eval": {
    "f-score": 17.739628040057223,
    "precision": 24.21875,
    "recall": 13.99548532731377,
    "tp": 62,
    "fp": 194,
    "fn": 381
  },
  "jaccard": [
    0.616695059625213
  ],
  "braycurtis": [
    0.5013888888888889
  ],
  "dice": [
    0.4458128078817734
  ],
  "cosinus": [
    0.26213677266968627
  ]
}