{
  "voc_eval_res": {
    "precision": 25.0,
    "recall": 30.0,
    "f-score": 27.2727
  },
  "KL_res": {
    "KL divergence": 4.068503546826996,
    "Euclidean Dist.": 0.2225105135309515,
    "WER": 0.9428571428571428,
    "CER": 0.593607305936073,
    "Cosine Dist.": 0.5399935457825321
  },
  "occ_eval_res": {
    "precision": 25.641,
    "recall": 28.5714,
    "f-score": 27.027
  },
  "clean_eval": {
    "f-score": 50.5,
    "precision": 43.722943722943725,
    "recall": 59.76331360946746,
    "tp": 101,
    "fp": 130,
    "fn": 68
  },
  "jaccard": [
    0.62877030162413
  ],
  "braycurtis": [
    0.44370860927152317
  ],
  "dice": [
    0.45854483925549916
  ],
  "cosinus": [
    0.2569047513449588
  ]
}