{
  "voc_eval_res": {
    "precision": 34.1463,
    "recall": 56.0,
    "f-score": 42.4242
  },
  "KL_res": {
    "KL divergence": 2.2332434235194794,
    "Euclidean Dist.": 0.202785155023758,
    "WER": 1.0714285714285714,
    "CER": 0.7341772151898734,
    "Cosine Dist.": 0.3128819988233581
  },
  "occ_eval_res": {
    "precision": 35.5556,
    "recall": 57.1429,
    "f-score": 43.8356
  },
  "clean_eval": {
    "f-score": 18.984547461368653,
    "precision": 20.093457943925234,
    "recall": 17.99163179916318,
    "tp": 43,
    "fp": 171,
    "fn": 196
  },
  "jaccard": [
    0.5398457583547558
  ],
  "braycurtis": [
    0.39900249376558605
  ],
  "dice": [
    0.36971830985915494
  ],
  "cosinus": [
    0.27627235255424076
  ]
}