{
  "voc_eval_res": {
    "precision": 33.3333,
    "recall": 25.0,
    "f-score": 28.5714
  },
  "KL_res": {
    "KL divergence": 4.746005730550528,
    "Euclidean Dist.": 0.3683155799387221,
    "WER": 0.7692307692307693,
    "CER": 0.5842696629213483,
    "Cosine Dist.": 0.49604736932103044
  },
  "occ_eval_res": {
    "precision": 33.3333,
    "recall": 23.0769,
    "f-score": 27.2727
  },
  "clean_eval": {
    "f-score": 51.03448275862069,
    "precision": 41.11111111111111,
    "recall": 67.27272727272727,
    "tp": 37,
    "fp": 53,
    "fn": 18
  },
  "jaccard": [
    0.7016574585635359
  ],
  "braycurtis": [
    0.5347222222222222
  ],
  "dice": [
    0.5404255319148936
  ],
  "cosinus": [
    0.4159358189062514
  ]
}