{
  "voc_eval_res": {
    "precision": 45.4545,
    "recall": 50.0,
    "f-score": 47.619
  },
  "KL_res": {
    "KL divergence": 2.7935391886754344,
    "Euclidean Dist.": 0.33795012156356763,
    "WER": 0.6363636363636364,
    "CER": 0.49019607843137253,
    "Cosine Dist.": 0.3486610527210706
  },
  "occ_eval_res": {
    "precision": 41.6667,
    "recall": 45.4545,
    "f-score": 43.4783
  },
  "clean_eval": {
    "f-score": 47.05882352941176,
    "precision": 43.63636363636363,
    "recall": 51.06382978723404,
    "tp": 24,
    "fp": 31,
    "fn": 23
  },
  "jaccard": [
    0.5625
  ],
  "braycurtis": [
    0.37719298245614036
  ],
  "dice": [
    0.391304347826087
  ],
  "cosinus": [
    0.2422173360153309
  ]
}