{
  "voc_eval_res": {
    "precision": 37.5,
    "recall": 48.0,
    "f-score": 42.1053
  },
  "KL_res": {
    "KL divergence": 3.2529029726285286,
    "Euclidean Dist.": 0.21850276688836073,
    "WER": 0.896551724137931,
    "CER": 0.8671328671328671,
    "Cosine Dist.": 0.41808562603735355
  },
  "occ_eval_res": {
    "precision": 38.2353,
    "recall": 44.8276,
    "f-score": 41.2698
  },
  "clean_eval": {
    "f-score": 27.555555555555557,
    "precision": 33.155080213903744,
    "recall": 23.574144486692013,
    "tp": 62,
    "fp": 125,
    "fn": 201
  },
  "jaccard": [
    0.6263157894736842
  ],
  "braycurtis": [
    0.49193548387096775
  ],
  "dice": [
    0.4559386973180077
  ],
  "cosinus": [
    0.3649011785165617
  ]
}