{
  "voc_eval_res": {
    "precision": 39.1304,
    "recall": 81.8182,
    "f-score": 52.9412
  },
  "KL_res": {
    "KL divergence": 1.4923051217569372,
    "Euclidean Dist.": 0.27502804075049236,
    "WER": 0.9411764705882353,
    "CER": 1.0,
    "Cosine Dist.": 0.2064246067562927
  },
  "occ_eval_res": {
    "precision": 48.1481,
    "recall": 76.4706,
    "f-score": 59.0909
  },
  "clean_eval": {
    "f-score": 40.86021505376344,
    "precision": 56.43564356435643,
    "recall": 32.02247191011236,
    "tp": 57,
    "fp": 44,
    "fn": 121
  },
  "jaccard": [
    0.5836734693877551
  ],
  "braycurtis": [
    0.4316546762589928
  ],
  "dice": [
    0.41210374639769454
  ],
  "cosinus": [
    0.2870115679168188
  ]
}