{
  "voc_eval_res": {
    "precision": 27.2727,
    "recall": 20.0,
    "f-score": 23.0769
  },
  "KL_res": {
    "KL divergence": 4.846635932815747,
    "Euclidean Dist.": 0.24756097448815248,
    "WER": 0.9166666666666666,
    "CER": 0.6467391304347826,
    "Cosine Dist.": 0.5320208072073311
  },
  "occ_eval_res": {
    "precision": 30.4348,
    "recall": 19.4444,
    "f-score": 23.7288
  },
  "clean_eval": {
    "f-score": 52.151898734177216,
    "precision": 42.738589211618255,
    "recall": 66.88311688311688,
    "tp": 103,
    "fp": 138,
    "fn": 51
  },
  "jaccard": [
    0.7209944751381215
  ],
  "braycurtis": [
    0.5541795665634675
  ],
  "dice": [
    0.5637149028077754
  ],
  "cosinus": [
    0.42474242999643486
  ]
}