{
  "voc_eval_res": {
    "precision": 37.8378,
    "recall": 43.75,
    "f-score": 40.5797
  },
  "KL_res": {
    "KL divergence": 2.6172150347495933,
    "Euclidean Dist.": 0.2312737357541344,
    "WER": 0.803921568627451,
    "CER": 0.5863636363636363,
    "Cosine Dist.": 0.34428591538517506
  },
  "occ_eval_res": {
    "precision": 43.75,
    "recall": 41.1765,
    "f-score": 42.4242
  },
  "clean_eval": {
    "f-score": 28.246753246753247,
    "precision": 30.313588850174217,
    "recall": 26.443768996960486,
    "tp": 87,
    "fp": 200,
    "fn": 242
  },
  "jaccard": [
    0.6373873873873874
  ],
  "braycurtis": [
    0.4769874476987448
  ],
  "dice": [
    0.4677685950413223
  ],
  "cosinus": [
    0.34628912182478
  ]
}