{
  "voc_eval_res": {
    "precision": 56.0,
    "recall": 53.8462,
    "f-score": 54.902
  },
  "KL_res": {
    "KL divergence": 2.089802667760322,
    "Euclidean Dist.": 0.18614755384046539,
    "WER": 0.7027027027027027,
    "CER": 0.6217948717948718,
    "Cosine Dist.": 0.18657296595679806
  },
  "occ_eval_res": {
    "precision": 63.6364,
    "recall": 56.7568,
    "f-score": 60.0
  },
  "clean_eval": {
    "f-score": 59.34065934065934,
    "precision": 56.25,
    "recall": 62.7906976744186,
    "tp": 108,
    "fp": 84,
    "fn": 64
  },
  "jaccard": [
    0.6012658227848101
  ],
  "braycurtis": [
    0.4695121951219512
  ],
  "dice": [
    0.4298642533936652
  ],
  "cosinus": [
    0.3585755006231566
  ]
}