{
  "voc_eval_res": {
    "precision": 56.4103,
    "recall": 84.6154,
    "f-score": 67.6923
  },
  "KL_res": {
    "KL divergence": 0.7575009845765013,
    "Euclidean Dist.": 0.21127656483097335,
    "WER": 0.8823529411764706,
    "CER": 0.6217948717948718,
    "Cosine Dist.": 0.2643876420793754
  },
  "occ_eval_res": {
    "precision": 52.8302,
    "recall": 82.3529,
    "f-score": 64.3678
  },
  "clean_eval": {
    "f-score": 38.0952380952381,
    "precision": 44.23963133640553,
    "recall": 33.44947735191638,
    "tp": 96,
    "fp": 121,
    "fn": 191
  },
  "jaccard": [
    0.4608150470219436
  ],
  "braycurtis": [
    0.327455919395466
  ],
  "dice": [
    0.29938900203665986
  ],
  "cosinus": [
    0.23201163561485783
  ]
}