{
  "voc_eval_res": {
    "precision": 30.5556,
    "recall": 37.931,
    "f-score": 33.8462
  },
  "KL_res": {
    "KL divergence": 3.904417945490774,
    "Euclidean Dist.": 0.21705657864139258,
    "WER": 0.9166666666666666,
    "CER": 0.5351351351351351,
    "Cosine Dist.": 0.48754716753880545
  },
  "occ_eval_res": {
    "precision": 33.3333,
    "recall": 36.1111,
    "f-score": 34.6667
  },
  "clean_eval": {
    "f-score": 23.12925170068027,
    "precision": 24.637681159420293,
    "recall": 21.794871794871796,
    "tp": 51,
    "fp": 156,
    "fn": 183
  },
  "jaccard": [
    0.6035805626598465
  ],
  "braycurtis": [
    0.4268292682926829
  ],
  "dice": [
    0.43223443223443225
  ],
  "cosinus": [
    0.27337127116190707
  ]
}