{
  "voc_eval_res": {
    "precision": 8.2192,
    "recall": 27.2727,
    "f-score": 12.6316
  },
  "KL_res": {
    "KL divergence": 4.893821755170885,
    "Euclidean Dist.": 0.26134232596173895,
    "WER": 2.962962962962963,
    "CER": 2.2773722627737225,
    "Cosine Dist.": 0.6488601171342786
  },
  "occ_eval_res": {
    "precision": 9.3023,
    "recall": 29.6296,
    "f-score": 14.1593
  },
  "clean_eval": {
    "f-score": 19.842519685039374,
    "precision": 38.65030674846626,
    "recall": 13.347457627118645,
    "tp": 63,
    "fp": 100,
    "fn": 409
  },
  "jaccard": [
    0.7838827838827839
  ],
  "braycurtis": [
    0.6660899653979239
  ],
  "dice": [
    0.6445783132530121
  ],
  "cosinus": [
    0.3940726295400905
  ]
}