{
  "voc_eval_res": {
    "precision": 53.3333,
    "recall": 33.3333,
    "f-score": 41.0256
  },
  "KL_res": {
    "KL divergence": 3.717517933772141,
    "Euclidean Dist.": 0.2599197934744111,
    "WER": 0.7407407407407407,
    "CER": 0.4489795918367347,
    "Cosine Dist.": 0.31659146649772807
  },
  "occ_eval_res": {
    "precision": 55.5556,
    "recall": 37.037,
    "f-score": 44.4444
  },
  "clean_eval": {
    "f-score": 28.746177370030583,
    "precision": 22.274881516587676,
    "recall": 40.51724137931034,
    "tp": 47,
    "fp": 164,
    "fn": 69
  },
  "jaccard": [
    0.6124031007751938
  ],
  "braycurtis": [
    0.40711462450592883
  ],
  "dice": [
    0.441340782122905
  ],
  "cosinus": [
    0.23473371753243377
  ]
}