{
  "voc_eval_res": {
    "precision": 35.4839,
    "recall": 29.7297,
    "f-score": 32.3529
  },
  "KL_res": {
    "KL divergence": 4.105913085701209,
    "Euclidean Dist.": 0.2276874157356293,
    "WER": 0.8636363636363636,
    "CER": 0.6169154228855721,
    "Cosine Dist.": 0.5138047343033496
  },
  "occ_eval_res": {
    "precision": 34.1463,
    "recall": 31.8182,
    "f-score": 32.9412
  },
  "clean_eval": {
    "f-score": 22.84569138276553,
    "precision": 23.456790123456788,
    "recall": 22.265625,
    "tp": 57,
    "fp": 186,
    "fn": 199
  },
  "jaccard": [
    0.6939252336448598
  ],
  "braycurtis": [
    0.5091743119266054
  ],
  "dice": [
    0.5313059033989267
  ],
  "cosinus": [
    0.37649829301429727
  ]
}