{
  "voc_eval_res": {
    "precision": 15.3846,
    "recall": 26.6667,
    "f-score": 19.5122
  },
  "KL_res": {
    "KL divergence": 3.9379823681738446,
    "Euclidean Dist.": 0.376648255136904,
    "WER": 1.380952380952381,
    "CER": 1.1978021978021978,
    "Cosine Dist.": 0.6303753378197816
  },
  "occ_eval_res": {
    "precision": 15.1515,
    "recall": 23.8095,
    "f-score": 18.5185
  },
  "clean_eval": {
    "f-score": 55.47945205479452,
    "precision": 63.28125,
    "recall": 49.390243902439025,
    "tp": 81,
    "fp": 47,
    "fn": 83
  },
  "jaccard": [
    0.7375415282392026
  ],
  "braycurtis": [
    0.6222222222222222
  ],
  "dice": [
    0.5842105263157895
  ],
  "cosinus": [
    0.4996537487932339
  ]
}