{
  "voc_eval_res": {
    "precision": 38.2979,
    "recall": 50.0,
    "f-score": 43.3735
  },
  "KL_res": {
    "KL divergence": 2.6290183807428615,
    "Euclidean Dist.": 0.19219471582861705,
    "WER": 0.8958333333333334,
    "CER": 0.5647058823529412,
    "Cosine Dist.": 0.37834174026553313
  },
  "occ_eval_res": {
    "precision": 39.6552,
    "recall": 47.9167,
    "f-score": 43.3962
  },
  "clean_eval": {
    "f-score": 21.48997134670487,
    "precision": 21.367521367521366,
    "recall": 21.613832853025936,
    "tp": 75,
    "fp": 276,
    "fn": 272
  },
  "jaccard": [
    0.6189473684210526
  ],
  "braycurtis": [
    0.4694589877835951
  ],
  "dice": [
    0.4481707317073171
  ],
  "cosinus": [
    0.3404911080768559
  ]
}