{
  "voc_eval_res": {
    "precision": 29.6296,
    "recall": 66.6667,
    "f-score": 41.0256
  },
  "KL_res": {
    "KL divergence": 1.5909453908436204,
    "Euclidean Dist.": 0.27339513155720907,
    "WER": 1.4,
    "CER": 1.0952380952380953,
    "Cosine Dist.": 0.21291652100880276
  },
  "occ_eval_res": {
    "precision": 40.0,
    "recall": 70.0,
    "f-score": 50.9091
  },
  "clean_eval": {
    "f-score": 29.714285714285715,
    "precision": 40.310077519379846,
    "recall": 23.52941176470588,
    "tp": 52,
    "fp": 77,
    "fn": 169
  },
  "jaccard": [
    0.6066176470588235
  ],
  "braycurtis": [
    0.4186046511627907
  ],
  "dice": [
    0.43535620052770446
  ],
  "cosinus": [
    0.2022713383534267
  ]
}