{
  "voc_eval_res": {
    "precision": 55.0,
    "recall": 40.7407,
    "f-score": 46.8085
  },
  "KL_res": {
    "KL divergence": 3.1610449065443333,
    "Euclidean Dist.": 0.21718347553575224,
    "WER": 0.7,
    "CER": 0.3780487804878049,
    "Cosine Dist.": 0.2935742425495995
  },
  "occ_eval_res": {
    "precision": 56.5217,
    "recall": 43.3333,
    "f-score": 49.0566
  },
  "clean_eval": {
    "f-score": 33.0532212885154,
    "precision": 27.570093457943923,
    "recall": 41.25874125874126,
    "tp": 59,
    "fp": 155,
    "fn": 84
  },
  "jaccard": [
    0.5
  ],
  "braycurtis": [
    0.32894736842105265
  ],
  "dice": [
    0.3333333333333333
  ],
  "cosinus": [
    0.1841296843607606
  ]
}