{
  "voc_eval_res": {
    "precision": 50.0,
    "recall": 37.5,
    "f-score": 42.8571
  },
  "KL_res": {
    "KL divergence": 3.512308342109896,
    "Euclidean Dist.": 0.36748688580286426,
    "WER": 0.5555555555555556,
    "CER": 0.2978723404255319,
    "Cosine Dist.": 0.24853085069782066
  },
  "occ_eval_res": {
    "precision": 57.1429,
    "recall": 44.4444,
    "f-score": 50.0
  },
  "clean_eval": {
    "f-score": 62.500000000000014,
    "precision": 55.55555555555556,
    "recall": 71.42857142857143,
    "tp": 30,
    "fp": 24,
    "fn": 12
  },
  "jaccard": [
    0.5257731958762887
  ],
  "braycurtis": [
    0.3111111111111111
  ],
  "dice": [
    0.35664335664335667
  ],
  "cosinus": [
    0.20875690353025045
  ]
}