{
  "voc_eval_res": {
    "precision": 60.0,
    "recall": 42.8571,
    "f-score": 50.0
  },
  "KL_res": {
    "KL divergence": 3.460662982343541,
    "Euclidean Dist.": 0.3010186786529354,
    "WER": 0.6428571428571429,
    "CER": 0.6875,
    "Cosine Dist.": 0.3291796067500633
  },
  "occ_eval_res": {
    "precision": 60.0,
    "recall": 42.8571,
    "f-score": 50.0
  },
  "clean_eval": {
    "f-score": 54.36893203883495,
    "precision": 47.45762711864407,
    "recall": 63.63636363636363,
    "tp": 28,
    "fp": 31,
    "fn": 16
  },
  "jaccard": [
    0.5989847715736041
  ],
  "braycurtis": [
    0.4430379746835443
  ],
  "dice": [
    0.427536231884058
  ],
  "cosinus": [
    0.3691233800436733
  ]
}