{
  "voc_eval_res": {
    "precision": 40.0,
    "recall": 78.2609,
    "f-score": 52.9412
  },
  "KL_res": {
    "KL divergence": 1.6614505549807244,
    "Euclidean Dist.": 0.2338999815923227,
    "WER": 1.6,
    "CER": 1.13013698630137,
    "Cosine Dist.": 0.35582687389689827
  },
  "occ_eval_res": {
    "precision": 32.8125,
    "recall": 70.0,
    "f-score": 44.6809
  },
  "clean_eval": {
    "f-score": 21.62162162162162,
    "precision": 28.82882882882883,
    "recall": 17.2972972972973,
    "tp": 64,
    "fp": 158,
    "fn": 306
  },
  "jaccard": [
    0.5578406169665809
  ],
  "braycurtis": [
    0.47334754797441364
  ],
  "dice": [
    0.3868092691622103
  ],
  "cosinus": [
    0.31820971952525845
  ]
}