{
  "voc_eval_res": {
    "precision": 50.0,
    "recall": 33.3333,
    "f-score": 40.0
  },
  "KL_res": {
    "KL divergence": 4.227472809140783,
    "Euclidean Dist.": 0.3694314440281643,
    "WER": 0.7142857142857143,
    "CER": 0.47761194029850745,
    "Cosine Dist.": 0.42264973081037427
  },
  "occ_eval_res": {
    "precision": 50.0,
    "recall": 28.5714,
    "f-score": 36.3636
  },
  "clean_eval": {
    "f-score": 60.16260162601627,
    "precision": 63.793103448275865,
    "recall": 56.92307692307692,
    "tp": 37,
    "fp": 21,
    "fn": 28
  },
  "jaccard": [
    0.5826771653543307
  ],
  "braycurtis": [
    0.4485981308411215
  ],
  "dice": [
    0.4111111111111111
  ],
  "cosinus": [
    0.32167135060403196
  ]
}