{
  "voc_eval_res": {
    "precision": 62.5,
    "recall": 41.6667,
    "f-score": 50.0
  },
  "KL_res": {
    "KL divergence": 2.9287550623509073,
    "Euclidean Dist.": 0.3179373895493724,
    "WER": 0.6428571428571429,
    "CER": 0.5223880597014925,
    "Cosine Dist.": 0.2789633163255535
  },
  "occ_eval_res": {
    "precision": 62.5,
    "recall": 35.7143,
    "f-score": 45.4545
  },
  "clean_eval": {
    "f-score": 48.0,
    "precision": 34.78260869565217,
    "recall": 77.41935483870968,
    "tp": 24,
    "fp": 45,
    "fn": 7
  },
  "jaccard": [
    0.6068376068376068
  ],
  "braycurtis": [
    0.42
  ],
  "dice": [
    0.43558282208588955
  ],
  "cosinus": [
    0.24754220515873682
  ]
}