{
  "voc_eval_res": {
    "precision": 23.3333,
    "recall": 77.7778,
    "f-score": 35.8974
  },
  "KL_res": {
    "KL divergence": 1.2071738918777501,
    "Euclidean Dist.": 0.3582940852716867,
    "WER": 2.0,
    "CER": 2.1578947368421053,
    "Cosine Dist.": 0.19821627426272703
  },
  "occ_eval_res": {
    "precision": 32.4324,
    "recall": 85.7143,
    "f-score": 47.0588
  },
  "clean_eval": {
    "f-score": 25.925925925925924,
    "precision": 41.584158415841586,
    "recall": 18.83408071748879,
    "tp": 42,
    "fp": 59,
    "fn": 181
  },
  "jaccard": [
    0.6526717557251909
  ],
  "braycurtis": [
    0.5331125827814569
  ],
  "dice": [
    0.48441926345609065
  ],
  "cosinus": [
    0.2383683936479979
  ]
}