{
  "voc_eval_res": {
    "precision": 26.6667,
    "recall": 50.0,
    "f-score": 34.7826
  },
  "KL_res": {
    "KL divergence": 1.5541400865779618,
    "Euclidean Dist.": 0.344500722673317,
    "WER": 0.8125,
    "CER": 0.55,
    "Cosine Dist.": 0.16033994167898413
  },
  "occ_eval_res": {
    "precision": 42.1053,
    "recall": 50.0,
    "f-score": 45.7143
  },
  "clean_eval": {
    "f-score": 58.128078817733986,
    "precision": 55.660377358490564,
    "recall": 60.824742268041234,
    "tp": 59,
    "fp": 47,
    "fn": 38
  },
  "jaccard": [
    0.7037037037037037
  ],
  "braycurtis": [
    0.44907407407407407
  ],
  "dice": [
    0.5428571428571428
  ],
  "cosinus": [
    0.18936852944771387
  ]
}