{
  "voc_eval_res": {
    "precision": 33.3333,
    "recall": 66.6667,
    "f-score": 44.4444
  },
  "KL_res": {
    "KL divergence": 1.0245716608890596,
    "Euclidean Dist.": 0.2859897261385278,
    "WER": 0.6666666666666666,
    "CER": 0.38095238095238093,
    "Cosine Dist.": 0.08085496998194219
  },
  "occ_eval_res": {
    "precision": 55.5556,
    "recall": 83.3333,
    "f-score": 66.6667
  },
  "clean_eval": {
    "f-score": 62.365591397849464,
    "precision": 72.5,
    "recall": 54.71698113207547,
    "tp": 58,
    "fp": 22,
    "fn": 48
  },
  "jaccard": [
    0.4701492537313433
  ],
  "braycurtis": [
    0.19487179487179487
  ],
  "dice": [
    0.3073170731707317
  ],
  "cosinus": [
    0.07355838777933621
  ]
}