{
  "voc_eval_res": {
    "precision": 29.0323,
    "recall": 43.9024,
    "f-score": 34.9515
  },
  "KL_res": {
    "KL divergence": 2.871496489016502,
    "Euclidean Dist.": 0.1931201378934769,
    "WER": 1.2203389830508475,
    "CER": 0.7787878787878788,
    "Cosine Dist.": 0.4210069197944475
  },
  "occ_eval_res": {
    "precision": 32.0,
    "recall": 40.678,
    "f-score": 35.8209
  },
  "clean_eval": {
    "f-score": 12.09068010075567,
    "precision": 12.371134020618557,
    "recall": 11.822660098522167,
    "tp": 48,
    "fp": 340,
    "fn": 358
  },
  "jaccard": [
    0.6474820143884892
  ],
  "braycurtis": [
    0.45667125171939477
  ],
  "dice": [
    0.4787234042553192
  ],
  "cosinus": [
    0.25391490713610876
  ]
}