{
  "voc_eval_res": {
    "precision": 25.9259,
    "recall": 24.1379,
    "f-score": 25.0
  },
  "KL_res": {
    "KL divergence": 4.396134385857163,
    "Euclidean Dist.": 0.18490803145277926,
    "WER": 0.8666666666666667,
    "CER": 0.49776785714285715,
    "Cosine Dist.": 0.599174405726389
  },
  "occ_eval_res": {
    "precision": 25.3968,
    "recall": 21.3333,
    "f-score": 23.1884
  },
  "clean_eval": {
    "f-score": 22.573363431151243,
    "precision": 21.09704641350211,
    "recall": 24.271844660194176,
    "tp": 100,
    "fp": 374,
    "fn": 312
  },
  "jaccard": [
    0.5716535433070866
  ],
  "braycurtis": [
    0.39588100686498856
  ],
  "dice": [
    0.4002205071664829
  ],
  "cosinus": [
    0.19943886429129065
  ]
}