{
  "voc_eval_res": {
    "precision": 13.7931,
    "recall": 36.3636,
    "f-score": 20.0
  },
  "KL_res": {
    "KL divergence": 2.3086721010359375,
    "Euclidean Dist.": 0.33390993527498736,
    "WER": 1.4736842105263157,
    "CER": 1.0598290598290598,
    "Cosine Dist.": 0.20725737716164838
  },
  "occ_eval_res": {
    "precision": 28.9474,
    "recall": 57.8947,
    "f-score": 38.5965
  },
  "clean_eval": {
    "f-score": 25.468164794007492,
    "precision": 28.8135593220339,
    "recall": 22.818791946308725,
    "tp": 34,
    "fp": 84,
    "fn": 115
  },
  "jaccard": [
    0.717391304347826
  ],
  "braycurtis": [
    0.46706586826347307
  ],
  "dice": [
    0.559322033898305
  ],
  "cosinus": [
    0.24286486470736002
  ]
}