{
  "voc_eval_res": {
    "precision": 41.6667,
    "recall": 48.7805,
    "f-score": 44.9438
  },
  "KL_res": {
    "KL divergence": 2.479653927070734,
    "Euclidean Dist.": 0.17953684120220742,
    "WER": 0.8225806451612904,
    "CER": 0.6713780918727915,
    "Cosine Dist.": 0.2957670951394872
  },
  "occ_eval_res": {
    "precision": 47.4576,
    "recall": 45.1613,
    "f-score": 46.281
  },
  "clean_eval": {
    "f-score": 12.324929971988796,
    "precision": 11.398963730569948,
    "recall": 13.414634146341465,
    "tp": 44,
    "fp": 342,
    "fn": 284
  },
  "jaccard": [
    0.6254980079681275
  ],
  "braycurtis": [
    0.45980707395498394
  ],
  "dice": [
    0.45507246376811594
  ],
  "cosinus": [
    0.33387925962024334
  ]
}