{
  "voc_eval_res": {
    "precision": 45.0,
    "recall": 34.6154,
    "f-score": 39.1304
  },
  "KL_res": {
    "KL divergence": 4.203989322886342,
    "Euclidean Dist.": 0.24598821939603663,
    "WER": 0.75,
    "CER": 0.4251497005988024,
    "Cosine Dist.": 0.4779866884908327
  },
  "occ_eval_res": {
    "precision": 45.0,
    "recall": 32.1429,
    "f-score": 37.5
  },
  "clean_eval": {
    "f-score": 57.14285714285715,
    "precision": 47.97047970479705,
    "recall": 70.65217391304348,
    "tp": 130,
    "fp": 141,
    "fn": 54
  },
  "jaccard": [
    0.5974025974025974
  ],
  "braycurtis": [
    0.42586750788643535
  ],
  "dice": [
    0.42592592592592593
  ],
  "cosinus": [
    0.2757529190656035
  ]
}