{
  "voc_eval_res": {
    "precision": 50.0,
    "recall": 39.3939,
    "f-score": 44.0678
  },
  "KL_res": {
    "KL divergence": 2.543995233451203,
    "Euclidean Dist.": 0.20419853318841497,
    "WER": 0.6296296296296297,
    "CER": 0.4925373134328358,
    "Cosine Dist.": 0.213431769586645
  },
  "occ_eval_res": {
    "precision": 60.0,
    "recall": 38.8889,
    "f-score": 47.191
  },
  "clean_eval": {
    "f-score": 40.77669902912621,
    "precision": 36.206896551724135,
    "recall": 46.666666666666664,
    "tp": 105,
    "fp": 185,
    "fn": 120
  },
  "jaccard": [
    0.5952380952380952
  ],
  "braycurtis": [
    0.4738219895287958
  ],
  "dice": [
    0.423728813559322
  ],
  "cosinus": [
    0.347652664084661
  ]
}