{
  "voc_eval_res": {
    "precision": 62.5,
    "recall": 68.9655,
    "f-score": 65.5738
  },
  "KL_res": {
    "KL divergence": 1.1994383145314664,
    "Euclidean Dist.": 0.14851715950584737,
    "WER": 0.46153846153846156,
    "CER": 0.4182692307692308,
    "Cosine Dist.": 0.0940668408616756
  },
  "occ_eval_res": {
    "precision": 71.4286,
    "recall": 67.3077,
    "f-score": 69.3069
  },
  "clean_eval": {
    "f-score": 45.43889845094664,
    "precision": 47.31182795698925,
    "recall": 43.70860927152318,
    "tp": 132,
    "fp": 147,
    "fn": 170
  },
  "jaccard": [
    0.42727272727272725
  ],
  "braycurtis": [
    0.2891304347826087
  ],
  "dice": [
    0.27167630057803466
  ],
  "cosinus": [
    0.17889928956124157
  ]
}