{
  "voc_eval_res": {
    "precision": 33.3333,
    "recall": 18.1818,
    "f-score": 23.5294
  },
  "KL_res": {
    "KL divergence": 6.244027556946734,
    "Euclidean Dist.": 0.45656118707028376,
    "WER": 0.9090909090909091,
    "CER": 0.725,
    "Cosine Dist.": 0.6077677297236319
  },
  "occ_eval_res": {
    "precision": 33.3333,
    "recall": 18.1818,
    "f-score": 23.5294
  },
  "clean_eval": {
    "f-score": 59.79381443298969,
    "precision": 64.44444444444444,
    "recall": 55.769230769230774,
    "tp": 29,
    "fp": 16,
    "fn": 23
  },
  "jaccard": [
    0.8144329896907216
  ],
  "braycurtis": [
    0.6984126984126984
  ],
  "dice": [
    0.6869565217391305
  ],
  "cosinus": [
    0.5729510324697026
  ]
}