{
  "voc_eval_res": {
    "precision": 44.1176,
    "recall": 53.5714,
    "f-score": 48.3871
  },
  "KL_res": {
    "KL divergence": 3.083373401978788,
    "Euclidean Dist.": 0.26913236781360705,
    "WER": 0.8863636363636364,
    "CER": 0.7028571428571428,
    "Cosine Dist.": 0.4861880753572957
  },
  "occ_eval_res": {
    "precision": 40.0,
    "recall": 45.4545,
    "f-score": 42.5532
  },
  "clean_eval": {
    "f-score": 16.352201257861633,
    "precision": 19.11764705882353,
    "recall": 14.285714285714285,
    "tp": 39,
    "fp": 165,
    "fn": 234
  },
  "jaccard": [
    0.675603217158177
  ],
  "braycurtis": [
    0.5916473317865429
  ],
  "dice": [
    0.5101214574898786
  ],
  "cosinus": [
    0.5870774480781638
  ]
}