{
  "voc_eval_res": {
    "precision": 9.7222,
    "recall": 28.0,
    "f-score": 14.433
  },
  "KL_res": {
    "KL divergence": 4.838106011574813,
    "Euclidean Dist.": 0.24077917524478032,
    "WER": 2.4516129032258065,
    "CER": 1.7878787878787878,
    "Cosine Dist.": 0.6310879944857126
  },
  "occ_eval_res": {
    "precision": 10.8434,
    "recall": 29.0323,
    "f-score": 15.7895
  },
  "clean_eval": {
    "f-score": 16.446402349486053,
    "precision": 28.000000000000004,
    "recall": 11.642411642411643,
    "tp": 56,
    "fp": 144,
    "fn": 425
  },
  "jaccard": [
    0.7425569176882661
  ],
  "braycurtis": [
    0.6180327868852459
  ],
  "dice": [
    0.5905292479108635
  ],
  "cosinus": [
    0.33678788149769445
  ]
}