{
  "voc_eval_res": {
    "precision": 32.1429,
    "recall": 64.2857,
    "f-score": 42.8571
  },
  "KL_res": {
    "KL divergence": 2.345495836665491,
    "Euclidean Dist.": 0.3077361874482711,
    "WER": 0.9545454545454546,
    "CER": 0.9716981132075472,
    "Cosine Dist.": 0.3697465083367456
  },
  "occ_eval_res": {
    "precision": 36.6667,
    "recall": 50.0,
    "f-score": 42.3077
  },
  "clean_eval": {
    "f-score": 44.8051948051948,
    "precision": 60.0,
    "recall": 35.751295336787564,
    "tp": 69,
    "fp": 46,
    "fn": 124
  },
  "jaccard": [
    0.6875
  ],
  "braycurtis": [
    0.5301587301587302
  ],
  "dice": [
    0.5238095238095238
  ],
  "cosinus": [
    0.3699521793536089
  ]
}