{
  "voc_eval_res": {
    "precision": 50.0,
    "recall": 30.0,
    "f-score": 37.5
  },
  "KL_res": {
    "KL divergence": 4.154176018378472,
    "Euclidean Dist.": 0.38917724840965445,
    "WER": 0.6363636363636364,
    "CER": 0.3508771929824561,
    "Cosine Dist.": 0.2891813466890891
  },
  "occ_eval_res": {
    "precision": 57.1429,
    "recall": 36.3636,
    "f-score": 44.4444
  },
  "clean_eval": {
    "f-score": 59.999999999999986,
    "precision": 53.73134328358209,
    "recall": 67.9245283018868,
    "tp": 36,
    "fp": 31,
    "fn": 17
  },
  "jaccard": [
    0.5636363636363636
  ],
  "braycurtis": [
    0.3469387755102041
  ],
  "dice": [
    0.3924050632911392
  ],
  "cosinus": [
    0.22977930118176193
  ]
}