{
  "voc_eval_res": {
    "precision": 28.5714,
    "recall": 22.2222,
    "f-score": 25.0
  },
  "KL_res": {
    "KL divergence": 3.131216590620098,
    "Euclidean Dist.": 0.23164120592640358,
    "WER": 0.7741935483870968,
    "CER": 0.5921787709497207,
    "Cosine Dist.": 0.17070611523850288
  },
  "occ_eval_res": {
    "precision": 50.0,
    "recall": 32.2581,
    "f-score": 39.2157
  },
  "clean_eval": {
    "f-score": 53.287197231833915,
    "precision": 45.562130177514796,
    "recall": 64.16666666666667,
    "tp": 77,
    "fp": 92,
    "fn": 43
  },
  "jaccard": [
    0.7063197026022305
  ],
  "braycurtis": [
    0.44761904761904764
  ],
  "dice": [
    0.5459770114942529
  ],
  "cosinus": [
    0.16259811643951505
  ]
}