{
  "voc_eval_res": {
    "precision": 46.1538,
    "recall": 64.2857,
    "f-score": 53.7313
  },
  "KL_res": {
    "KL divergence": 1.2801241689228355,
    "Euclidean Dist.": 0.1663890080608743,
    "WER": 0.5918367346938775,
    "CER": 0.5792349726775956,
    "Cosine Dist.": 0.09820818728347436
  },
  "occ_eval_res": {
    "precision": 58.4906,
    "recall": 63.2653,
    "f-score": 60.7843
  },
  "clean_eval": {
    "f-score": 40.86021505376344,
    "precision": 43.0188679245283,
    "recall": 38.907849829351534,
    "tp": 114,
    "fp": 151,
    "fn": 179
  },
  "jaccard": [
    0.580110497237569
  ],
  "braycurtis": [
    0.3870967741935484
  ],
  "dice": [
    0.4085603112840467
  ],
  "cosinus": [
    0.20065637485403842
  ]
}