{
  "voc_eval_res": {
    "precision": 42.1053,
    "recall": 50.0,
    "f-score": 45.7143
  },
  "KL_res": {
    "KL divergence": 2.114124397685151,
    "Euclidean Dist.": 0.22570060252405844,
    "WER": 0.6666666666666666,
    "CER": 0.325,
    "Cosine Dist.": 0.2121614028416643
  },
  "occ_eval_res": {
    "precision": 50.0,
    "recall": 52.381,
    "f-score": 51.1628
  },
  "clean_eval": {
    "f-score": 56.66666666666668,
    "precision": 51.204819277108435,
    "recall": 63.43283582089553,
    "tp": 85,
    "fp": 81,
    "fn": 49
  },
  "jaccard": [
    0.3852813852813853
  ],
  "braycurtis": [
    0.22085889570552147
  ],
  "dice": [
    0.2386058981233244
  ],
  "cosinus": [
    0.07987904896765241
  ]
}