{
  "voc_eval_res": {
    "precision": 71.4286,
    "recall": 38.4615,
    "f-score": 50.0
  },
  "KL_res": {
    "KL divergence": 3.416573279531235,
    "Euclidean Dist.": 0.343489001101274,
    "WER": 0.5714285714285714,
    "CER": 0.4305555555555556,
    "Cosine Dist.": 0.23019964108049906
  },
  "occ_eval_res": {
    "precision": 75.0,
    "recall": 42.8571,
    "f-score": 54.5455
  },
  "clean_eval": {
    "f-score": 36.03603603603604,
    "precision": 25.0,
    "recall": 64.51612903225806,
    "tp": 20,
    "fp": 60,
    "fn": 11
  },
  "jaccard": [
    0.5396825396825397
  ],
  "braycurtis": [
    0.32432432432432434
  ],
  "dice": [
    0.3695652173913043
  ],
  "cosinus": [
    0.20632920935275134
  ]
}