{
  "voc_eval_res": {
    "precision": 34.375,
    "recall": 61.1111,
    "f-score": 44.0
  },
  "KL_res": {
    "KL divergence": 2.572640460352199,
    "Euclidean Dist.": 0.2760724296168631,
    "WER": 1.2083333333333333,
    "CER": 1.1894736842105262,
    "Cosine Dist.": 0.4181426345482877
  },
  "occ_eval_res": {
    "precision": 34.2857,
    "recall": 50.0,
    "f-score": 40.678
  },
  "clean_eval": {
    "f-score": 56.97329376854601,
    "precision": 64.0,
    "recall": 51.33689839572193,
    "tp": 96,
    "fp": 54,
    "fn": 91
  },
  "jaccard": [
    0.6942857142857143
  ],
  "braycurtis": [
    0.5714285714285714
  ],
  "dice": [
    0.5317286652078774
  ],
  "cosinus": [
    0.4638897330742806
  ]
}