{
  "voc_eval_res": {
    "precision": 55.5556,
    "recall": 50.0,
    "f-score": 52.6316
  },
  "KL_res": {
    "KL divergence": 2.2193662963393663,
    "Euclidean Dist.": 0.20836212773609758,
    "WER": 0.5806451612903226,
    "CER": 0.5074626865671642,
    "Cosine Dist.": 0.15614698431070795
  },
  "occ_eval_res": {
    "precision": 64.0,
    "recall": 51.6129,
    "f-score": 57.1429
  },
  "clean_eval": {
    "f-score": 66.28895184135979,
    "precision": 65.73033707865169,
    "recall": 66.85714285714286,
    "tp": 117,
    "fp": 61,
    "fn": 58
  },
  "jaccard": [
    0.6062992125984252
  ],
  "braycurtis": [
    0.47244094488188976
  ],
  "dice": [
    0.4350282485875706
  ],
  "cosinus": [
    0.3186058102451581
  ]
}