{
  "voc_eval_res": {
    "precision": 27.7778,
    "recall": 25.0,
    "f-score": 26.3158
  },
  "KL_res": {
    "KL divergence": 4.021600697892733,
    "Euclidean Dist.": 0.2453061997221343,
    "WER": 0.8695652173913043,
    "CER": 0.6310679611650486,
    "Cosine Dist.": 0.3166697251856285
  },
  "occ_eval_res": {
    "precision": 36.3636,
    "recall": 34.7826,
    "f-score": 35.5556
  },
  "clean_eval": {
    "f-score": 64.82213438735178,
    "precision": 67.76859504132231,
    "recall": 62.121212121212125,
    "tp": 82,
    "fp": 39,
    "fn": 50
  },
  "jaccard": [
    0.7307692307692307
  ],
  "braycurtis": [
    0.5572916666666666
  ],
  "dice": [
    0.5757575757575758
  ],
  "cosinus": [
    0.36522234704103407
  ]
}