{
  "voc_eval_res": {
    "precision": 68.75,
    "recall": 64.7059,
    "f-score": 66.6667
  },
  "KL_res": {
    "KL divergence": 1.7017352991907988,
    "Euclidean Dist.": 0.1900489065169766,
    "WER": 0.6111111111111112,
    "CER": 0.48484848484848486,
    "Cosine Dist.": 0.16408599236285515
  },
  "occ_eval_res": {
    "precision": 70.5882,
    "recall": 66.6667,
    "f-score": 68.5714
  },
  "clean_eval": {
    "f-score": 57.46268656716418,
    "precision": 60.15625,
    "recall": 55.00000000000001,
    "tp": 77,
    "fp": 51,
    "fn": 63
  },
  "jaccard": [
    0.41711229946524064
  ],
  "braycurtis": [
    0.27461139896373055
  ],
  "dice": [
    0.2635135135135135
  ],
  "cosinus": [
    0.17721106998583047
  ]
}