{
  "voc_eval_res": {
    "precision": 30.303,
    "recall": 52.6316,
    "f-score": 38.4615
  },
  "KL_res": {
    "KL divergence": 2.5102596658390253,
    "Euclidean Dist.": 0.22059231324089393,
    "WER": 0.8717948717948718,
    "CER": 0.8846153846153846,
    "Cosine Dist.": 0.18442758075035182
  },
  "occ_eval_res": {
    "precision": 46.6667,
    "recall": 53.8462,
    "f-score": 50.0
  },
  "clean_eval": {
    "f-score": 33.46938775510205,
    "precision": 38.67924528301887,
    "recall": 29.496402877697843,
    "tp": 82,
    "fp": 130,
    "fn": 196
  },
  "jaccard": [
    0.7361963190184049
  ],
  "braycurtis": [
    0.5698005698005698
  ],
  "dice": [
    0.5825242718446602
  ],
  "cosinus": [
    0.44947489927253703
  ]
}