{
  "voc_eval_res": {
    "precision": 53.4884,
    "recall": 60.5263,
    "f-score": 56.7901
  },
  "KL_res": {
    "KL divergence": 1.8167751134044516,
    "Euclidean Dist.": 0.16086461014526943,
    "WER": 0.6031746031746031,
    "CER": 0.5615384615384615,
    "Cosine Dist.": 0.1427096260626376
  },
  "occ_eval_res": {
    "precision": 63.7931,
    "recall": 58.7302,
    "f-score": 61.157
  },
  "clean_eval": {
    "f-score": 40.18691588785046,
    "precision": 41.883116883116884,
    "recall": 38.622754491017965,
    "tp": 129,
    "fp": 179,
    "fn": 205
  },
  "jaccard": [
    0.4888392857142857
  ],
  "braycurtis": [
    0.3730834752981261
  ],
  "dice": [
    0.32348596750369274
  ],
  "cosinus": [
    0.289852640437792
  ]
}