{
  "voc_eval_res": {
    "precision": 33.3333,
    "recall": 50.0,
    "f-score": 40.0
  },
  "KL_res": {
    "KL divergence": 2.7525951368481874,
    "Euclidean Dist.": 0.3785040371283363,
    "WER": 0.8571428571428571,
    "CER": 0.5348837209302325,
    "Cosine Dist.": 0.2697032566597787
  },
  "occ_eval_res": {
    "precision": 40.0,
    "recall": 57.1429,
    "f-score": 47.0588
  },
  "clean_eval": {
    "f-score": 57.14285714285715,
    "precision": 66.66666666666666,
    "recall": 50.0,
    "tp": 28,
    "fp": 14,
    "fn": 28
  },
  "jaccard": [
    0.5803571428571429
  ],
  "braycurtis": [
    0.3469387755102041
  ],
  "dice": [
    0.4088050314465409
  ],
  "cosinus": [
    0.24202523441907864
  ]
}