{
  "voc_eval_res": {
    "precision": 50.0,
    "recall": 54.5455,
    "f-score": 52.1739
  },
  "KL_res": {
    "KL divergence": 2.213287355722354,
    "Euclidean Dist.": 0.2773500981126146,
    "WER": 0.6153846153846154,
    "CER": 0.3194444444444444,
    "Cosine Dist.": 0.24190195642109658
  },
  "occ_eval_res": {
    "precision": 53.8462,
    "recall": 53.8462,
    "f-score": 53.8462
  },
  "clean_eval": {
    "f-score": 50.39370078740157,
    "precision": 55.172413793103445,
    "recall": 46.3768115942029,
    "tp": 32,
    "fp": 26,
    "fn": 37
  },
  "jaccard": [
    0.4057971014492754
  ],
  "braycurtis": [
    0.2462686567164179
  ],
  "dice": [
    0.2545454545454545
  ],
  "cosinus": [
    0.15622415775416276
  ]
}