{
  "voc_eval_res": {
    "precision": 28.5714,
    "recall": 50.0,
    "f-score": 36.3636
  },
  "KL_res": {
    "KL divergence": 3.5940085963242674,
    "Euclidean Dist.": 0.5224549585117069,
    "WER": 1.5,
    "CER": 1.5,
    "Cosine Dist.": 0.45566894604818264
  },
  "occ_eval_res": {
    "precision": 28.5714,
    "recall": 50.0,
    "f-score": 36.3636
  },
  "clean_eval": {
    "f-score": 60.0,
    "precision": 75.0,
    "recall": 50.0,
    "tp": 21,
    "fp": 7,
    "fn": 21
  },
  "jaccard": [
    0.7878787878787878
  ],
  "braycurtis": [
    0.6585365853658537
  ],
  "dice": [
    0.65
  ],
  "cosinus": [
    0.5991221183984913
  ]
}