{
  "voc_eval_res": {
    "precision": 41.3793,
    "recall": 70.5882,
    "f-score": 52.1739
  },
  "KL_res": {
    "KL divergence": 1.4540491784118055,
    "Euclidean Dist.": 0.23626528913082545,
    "WER": 1.0,
    "CER": 1.021505376344086,
    "Cosine Dist.": 0.2657769017856476
  },
  "occ_eval_res": {
    "precision": 43.75,
    "recall": 66.6667,
    "f-score": 52.8302
  },
  "clean_eval": {
    "f-score": 32.73657289002557,
    "precision": 36.7816091954023,
    "recall": 29.493087557603687,
    "tp": 64,
    "fp": 110,
    "fn": 153
  },
  "jaccard": [
    0.5787545787545788
  ],
  "braycurtis": [
    0.43223443223443225
  ],
  "dice": [
    0.4072164948453608
  ],
  "cosinus": [
    0.26707409403986127
  ]
}