{
  "voc_eval_res": {
    "precision": 62.5,
    "recall": 55.5556,
    "f-score": 58.8235
  },
  "KL_res": {
    "KL divergence": 2.2641755934855268,
    "Euclidean Dist.": 0.2810913475705226,
    "WER": 0.4,
    "CER": 0.1568627450980392,
    "Cosine Dist.": 0.1792173183318767
  },
  "occ_eval_res": {
    "precision": 66.6667,
    "recall": 60.0,
    "f-score": 63.1579
  },
  "clean_eval": {
    "f-score": 51.376146788990816,
    "precision": 42.42424242424242,
    "recall": 65.11627906976744,
    "tp": 28,
    "fp": 38,
    "fn": 15
  },
  "jaccard": [
    0.41
  ],
  "braycurtis": [
    0.21428571428571427
  ],
  "dice": [
    0.2578616352201258
  ],
  "cosinus": [
    0.14187230328955647
  ]
}