{
  "voc_eval_res": {
    "precision": 45.7143,
    "recall": 69.5652,
    "f-score": 55.1724
  },
  "KL_res": {
    "KL divergence": 1.5938668598021941,
    "Euclidean Dist.": 0.20235349953858028,
    "WER": 0.88,
    "CER": 0.7402597402597403,
    "Cosine Dist.": 0.29411764705882393
  },
  "occ_eval_res": {
    "precision": 45.7143,
    "recall": 64.0,
    "f-score": 53.3333
  },
  "clean_eval": {
    "f-score": 29.450549450549453,
    "precision": 35.26315789473684,
    "recall": 25.28301886792453,
    "tp": 67,
    "fp": 123,
    "fn": 198
  },
  "jaccard": [
    0.49586776859504134
  ],
  "braycurtis": [
    0.3756476683937824
  ],
  "dice": [
    0.32967032967032966
  ],
  "cosinus": [
    0.23214745997697306
  ]
}