{
  "voc_eval_res": {
    "precision": 46.1538,
    "recall": 36.3636,
    "f-score": 40.678
  },
  "KL_res": {
    "KL divergence": 4.530036984218122,
    "Euclidean Dist.": 0.24928617111791032,
    "WER": 0.8809523809523809,
    "CER": 0.5504587155963303,
    "Cosine Dist.": 0.5849713216803553
  },
  "occ_eval_res": {
    "precision": 46.1538,
    "recall": 28.5714,
    "f-score": 35.2941
  },
  "clean_eval": {
    "f-score": 38.30570902394106,
    "precision": 33.5483870967742,
    "recall": 44.63519313304721,
    "tp": 104,
    "fp": 206,
    "fn": 129
  },
  "jaccard": [
    0.6020942408376964
  ],
  "braycurtis": [
    0.4397163120567376
  ],
  "dice": [
    0.4307116104868914
  ],
  "cosinus": [
    0.2927957688355656
  ]
}