{
  "voc_eval_res": {
    "precision": 44.1176,
    "recall": 57.6923,
    "f-score": 50.0
  },
  "KL_res": {
    "KL divergence": 1.8593033997865955,
    "Euclidean Dist.": 0.19113959005932707,
    "WER": 0.6744186046511628,
    "CER": 0.5846994535519126,
    "Cosine Dist.": 0.17383377899437202
  },
  "occ_eval_res": {
    "precision": 52.0,
    "recall": 60.4651,
    "f-score": 55.914
  },
  "clean_eval": {
    "f-score": 23.400936037441497,
    "precision": 26.690391459074732,
    "recall": 20.833333333333336,
    "tp": 75,
    "fp": 206,
    "fn": 285
  },
  "jaccard": [
    0.5941644562334217
  ],
  "braycurtis": [
    0.4230769230769231
  ],
  "dice": [
    0.4226415094339623
  ],
  "cosinus": [
    0.27930763827832383
  ]
}