{
  "voc_eval_res": {
    "precision": 54.5455,
    "recall": 66.6667,
    "f-score": 60.0
  },
  "KL_res": {
    "KL divergence": 1.7712952047127657,
    "Euclidean Dist.": 0.3097586370436513,
    "WER": 0.6,
    "CER": 0.2549019607843137,
    "Cosine Dist.": 0.25904142636505156
  },
  "occ_eval_res": {
    "precision": 54.5455,
    "recall": 60.0,
    "f-score": 57.1429
  },
  "clean_eval": {
    "f-score": 77.27272727272727,
    "precision": 77.27272727272727,
    "recall": 77.27272727272727,
    "tp": 51,
    "fp": 15,
    "fn": 15
  },
  "jaccard": [
    0.4818181818181818
  ],
  "braycurtis": [
    0.28431372549019607
  ],
  "dice": [
    0.31736526946107785
  ],
  "cosinus": [
    0.19545955401482062
  ]
}