{
  "voc_eval_res": {
    "precision": 52.381,
    "recall": 55.0,
    "f-score": 53.6585
  },
  "KL_res": {
    "KL divergence": 2.6293862742925,
    "Euclidean Dist.": 0.2762597409041796,
    "WER": 0.8333333333333334,
    "CER": 0.5679012345679012,
    "Cosine Dist.": 0.41942428521546593
  },
  "occ_eval_res": {
    "precision": 43.3333,
    "recall": 54.1667,
    "f-score": 48.1481
  },
  "clean_eval": {
    "f-score": 58.18181818181819,
    "precision": 68.96551724137932,
    "recall": 50.314465408805034,
    "tp": 80,
    "fp": 36,
    "fn": 79
  },
  "jaccard": [
    0.541871921182266
  ],
  "braycurtis": [
    0.43434343434343436
  ],
  "dice": [
    0.3716216216216216
  ],
  "cosinus": [
    0.4565814042235299
  ]
}