{
  "voc_eval_res": {
    "precision": 75.8621,
    "recall": 50.0,
    "f-score": 60.274
  },
  "KL_res": {
    "KL divergence": 2.132192062466045,
    "Euclidean Dist.": 0.19923220876623307,
    "WER": 0.5797101449275363,
    "CER": 0.5227272727272727,
    "Cosine Dist.": 0.20993429282366005
  },
  "occ_eval_res": {
    "precision": 77.5,
    "recall": 44.9275,
    "f-score": 56.8807
  },
  "clean_eval": {
    "f-score": 26.252158894645945,
    "precision": 21.839080459770116,
    "recall": 32.900432900432904,
    "tp": 76,
    "fp": 272,
    "fn": 155
  },
  "jaccard": [
    0.5797872340425532
  ],
  "braycurtis": [
    0.45073375262054505
  ],
  "dice": [
    0.40823970037453183
  ],
  "cosinus": [
    0.29154702790206255
  ]
}