{
  "voc_eval_res": {
    "precision": 63.6364,
    "recall": 58.3333,
    "f-score": 60.8696
  },
  "KL_res": {
    "KL divergence": 2.4739979080720786,
    "Euclidean Dist.": 0.2895259325923111,
    "WER": 0.5,
    "CER": 0.3880597014925373,
    "Cosine Dist.": 0.28730335490020176
  },
  "occ_eval_res": {
    "precision": 63.6364,
    "recall": 50.0,
    "f-score": 56.0
  },
  "clean_eval": {
    "f-score": 57.599999999999994,
    "precision": 62.06896551724138,
    "recall": 53.73134328358209,
    "tp": 36,
    "fp": 22,
    "fn": 31
  },
  "jaccard": [
    0.4715447154471545
  ],
  "braycurtis": [
    0.35714285714285715
  ],
  "dice": [
    0.30851063829787234
  ],
  "cosinus": [
    0.27425653814572215
  ]
}